horizon,episode_id,step,actual,prediction
t+1,80,0,0.3171028196811676,0.2898699862500361
t+1,80,1,0.3385449051856994,0.3336361316296884
t+1,80,2,0.3787165880203247,0.3514447069898686
t+1,80,3,0.3115369975566864,0.3858342646753733
t+1,80,4,0.3487873673439026,0.3273492567225489
t+1,80,5,0.3506577908992767,0.36118982861631505
t+1,80,6,0.3575319349765777,0.3604623765517615
t+1,80,7,0.3468916714191437,0.3679517512229163
t+1,80,8,0.385602742433548,0.3580751027884769
t+1,80,9,0.3897936344146728,0.3943176283876777
t+1,80,10,0.3964115083217621,0.3964302347331362
t+1,80,11,0.4004085063934326,0.40264433004995664
t+1,80,12,0.3966313004493713,0.4052536732843799
t+1,80,13,0.3335061371326446,0.39892832071205353
t+1,80,14,0.4165720045566559,0.34724638898879534
t+1,80,15,0.4682942628860473,0.41826183908304665
t+1,80,16,0.3528449535369873,0.46337733674024173
t+1,80,17,0.4917473495006561,0.36263177716478956
t+1,80,18,0.4012103080749511,0.4845704015834265
t+1,80,19,0.4175938367843628,0.4070435572973238
t+1,80,20,0.4985604286193847,0.4191715879275134
t+1,80,21,0.4636311829090118,0.49031587748309957
t+1,80,22,0.4481066763401031,0.4605967006660417
t+1,80,23,0.424977570772171,0.44673576332506054
t+1,80,24,0.4475413858890533,0.42500258524075973
t+1,80,25,0.5175599455833435,0.4472671519077125
t+1,80,26,0.4909065961837768,0.5280615809360989
t+1,80,27,0.4881808161735534,0.48494287868497676
t+1,80,28,0.4335328638553619,0.48089755107786447
t+1,80,29,0.4903588891029358,0.4319758297108769
t+1,80,30,0.4254919588565826,0.48387442751880383
t+1,80,31,0.5102866888046265,0.4268464140505434
t+1,80,32,0.4839149713516235,0.521968508981852
t+1,80,33,0.5029402375221252,0.47887415276884243
t+1,80,34,0.512796938419342,0.5157534996797999
t+1,80,35,0.3941155970096588,0.5244015911192561
t+1,80,36,0.4693592190742492,0.3971990960311217
t+1,80,37,0.4558360874652862,0.4661186567701269
t+1,80,38,0.4529505968093872,0.45362208281609545
t+1,80,39,0.4297763407230377,0.45191135345357525
t+1,80,40,0.472412645816803,0.4294581008687522
t+1,80,41,0.4224380254745483,0.4679073004756191
t+1,80,42,0.4629472196102142,0.42443120448450866
t+1,80,43,0.4144075512886047,0.4590643634443146
t+1,80,44,0.4001414179801941,0.4154648772446869
t+1,80,45,0.3926469087600708,0.40443883920536045
t+1,80,46,0.3771015107631683,0.39853375494318427
t+1,80,47,0.4169935882091522,0.3829053825930206
t+1,80,48,0.4413856863975525,0.42024306475648104
t+1,80,49,0.4449680149555206,0.4418029897314023
t+1,80,50,0.4027701318264007,0.44496855767518917
t+1,80,51,0.3839549720287323,0.40569552462659925
t+1,80,52,0.4844058752059936,0.3912355508953038
t+1,80,53,0.3982817828655243,0.478046785725719
t+1,80,54,0.4445187747478485,0.4027761551915628
t+1,80,55,0.4610751867294311,0.4429695706239798
t+1,80,56,0.3934034705162048,0.45839700140952927
t+1,80,57,0.4062438309192657,0.3944515675498972
t+1,80,58,0.4063456952571869,0.4082752808478231
t+1,80,59,0.391896516084671,0.41046989970109676
t+1,80,60,0.3801545798778534,0.39747360291424466
t+1,80,61,0.4229834675788879,0.38644170402476863
t+1,80,62,0.4507084786891937,0.4234843318882435
t+1,80,63,0.4818951785564422,0.44801038278792793
t+1,80,64,0.3972775936126709,0.4770457330693194
t+1,80,65,0.4018971920013428,0.40057490182711075
t+1,80,66,0.3847483694553375,0.407963213030148
t+1,80,67,0.3558823466300964,0.39152317875446785
t+1,80,68,0.4513172209262848,0.365512435952159
t+1,80,69,0.421793133020401,0.45006034684699425
t+1,80,70,0.4674232006072998,0.4247809487400966
t+1,80,71,0.4610809087753296,0.46533600164808353
t+1,80,72,0.4380103349685669,0.4565505286957052
t+1,80,73,0.4338244795799255,0.43655175951689584
t+1,80,74,0.4122577011585235,0.43205207255531997
t+1,80,75,0.4593054056167602,0.414005588622221
t+1,80,76,0.477059006690979,0.45633287295656993
t+1,80,77,0.4589422047138214,0.4723380079584383
t+1,80,78,0.3923071026802063,0.4561226300397252
t+1,80,79,0.5032588839530945,0.39629281421660245
t+1,80,80,0.414623886346817,0.5157903827528579
t+1,80,81,0.4858629405498504,0.4157904650575457
t+1,80,82,0.4631775319576263,0.47960126761152083
t+1,80,83,0.4569431245326996,0.45867152222429813
t+1,80,84,0.5104680061340332,0.45504379573373155
t+1,80,85,0.524974524974823,0.5226223778919161
t+1,80,86,0.483148992061615,0.53454289355087
t+1,80,87,0.5369921326637268,0.4768754514264012
t+1,80,88,0.5286455750465393,0.5461472974643968
t+1,80,89,0.4715863764286041,0.5382268926884592
t+1,80,90,0.5410142540931702,0.46598360255757526
t+1,80,91,0.5112188458442688,0.5495117415424465
t+1,80,92,0.4506185352802276,0.5229294433180065
t+1,80,93,0.5060477256774902,0.4495430493362586
t+1,80,94,0.5421308875083923,0.5175020985745136
t+1,80,95,0.4628670811653137,0.5504193046988081
t+1,80,96,0.552092432975769,0.4588286136743363
t+1,80,97,0.5595763325691223,0.5595856763560489
t+1,80,98,0.5709052085876465,0.5663233736437301
t+1,80,99,0.5555046200752258,0.5765937911193932
t+1,80,100,0.575937807559967,0.5625910928126967
t+1,80,101,0.556587815284729,0.5811942333303296
t+1,80,102,0.5270010232925415,0.5637208694914196
t+1,80,103,0.542506992816925,0.5368871175827715
t+1,80,104,0.5567138195037842,0.5510985260643306
t+1,80,105,0.5288419723510742,0.5637051727453721
t+1,80,106,0.6168461441993713,0.5386675518989712
t+1,80,107,0.5671969056129456,0.6182045578684429
t+1,80,108,0.6513944268226624,0.5732502615187985
t+1,80,109,0.6409000754356384,0.6501760725038647
t+1,80,110,0.6194189190864563,0.6405853381724698
t+1,80,111,0.6453680992126465,0.620954821502248
t+1,80,112,0.6014326214790344,0.644577175995969
t+1,80,113,0.6252598762512207,0.603909041963259
t+1,80,114,0.7242890000343323,0.6263563297847126
t+1,80,115,0.665152907371521,0.7208403612743971
t+1,80,116,0.6687352061271667,0.6635191528147639
t+1,80,117,0.6671935319900513,0.6657844937779507
t+1,80,118,0.7151774168014526,0.6665306857353637
t+1,80,119,0.6916579604148865,0.7122784539279757
t+1,80,120,0.7592792510986328,0.6885024755215216
t+1,80,121,0.6917210817337036,0.7474055100665276
t+1,80,122,0.7586626410484314,0.6875759980113454
t+1,80,123,0.6905692219734192,0.7483313900486493
t+1,80,124,0.7104007601737976,0.6867947256092213
t+1,80,125,0.692376434803009,0.702147788082257
t+1,80,126,0.731756329536438,0.6878916268260679
t+1,80,127,0.761786699295044,0.7230396679311653
t+1,80,128,0.6861721277236938,0.746898326911663
t+1,80,129,0.7051014304161072,0.6822055061599847
t+1,80,130,0.7187251448631287,0.7006307533325893
t+1,80,131,0.7834344506263733,0.7154288811459694
t+1,80,132,0.7458070516586304,0.7691432862890669
t+1,80,133,0.7124349474906921,0.7370285436279996
t+1,80,134,0.7387815117835999,0.7082180922987911
t+1,80,135,0.7940657138824463,0.7363583641676532
t+1,80,136,0.748999297618866,0.7817858822236881
t+1,80,137,0.6986368298530579,0.7405638128309127
t+1,80,138,0.7785913944244385,0.6928743610012362
t+1,80,139,0.7102235555648804,0.7639370250872825
t+1,80,140,0.7760928869247437,0.7061573241809419
t+1,80,141,0.7427788376808167,0.7616270918171572
t+1,80,142,0.7793301939964294,0.7385750103960236
t+1,80,143,0.7127025127410889,0.7712619459830722
t+1,80,144,0.7330275774002075,0.706984366081601
t+1,80,145,0.7343423366546631,0.7273441800114169
t+1,80,146,0.7894472479820251,0.729127792169651
t+1,80,147,0.680394172668457,0.7766917689334701
t+1,80,148,0.666904091835022,0.6774062190645087
t+1,80,149,0.6274845004081726,0.6645365365167528
t+1,80,150,0.740326464176178,0.6290507674437967
t+1,80,151,0.6531727313995361,0.7325675762208415
t+1,80,152,0.6930930018424988,0.6513688452558501
t+1,80,153,0.6998132467269897,0.688238292043183
t+1,80,154,0.6873787641525269,0.6960215315939208
t+1,80,155,0.682712197303772,0.6830146799845186
t+1,80,156,0.6490781307220459,0.6787493979643332
t+1,80,157,0.6612881422042847,0.648293250762508
t+1,80,158,0.6271708011627197,0.6614119942542007
t+1,80,159,0.6779552698135376,0.6266814679644015
t+1,80,160,0.6266112923622131,0.675275069180371
t+1,80,161,0.5781399607658386,0.6276845700232508
t+1,80,162,0.5658770799636841,0.5831113910685161
t+1,80,163,0.6704471111297607,0.5719652879833181
t+1,80,164,0.6711633205413818,0.6677676442705663
t+1,80,165,0.6624687910079956,0.6674812862197909
t+1,80,166,0.6493512392044067,0.6601332748876713
t+1,80,167,0.6716522574424744,0.6472244740238474
t+1,80,168,0.6714874505996704,0.670168223816892
t+1,80,169,0.5956723690032959,0.6701323368917399
t+1,80,170,0.5986768007278442,0.5993694651848587
t+1,80,171,0.6296046376228333,0.6024679068434334
t+1,80,172,0.5719877481460571,0.6299891131042417
t+1,80,173,0.602706789970398,0.577536830834478
t+1,80,174,0.6503602862358093,0.6057906972389737
t+1,80,175,0.5905218720436096,0.6489785984995725
t+1,80,176,0.5992658138275146,0.5943725843630596
t+1,80,177,0.5878226161003113,0.6028570101846478
t+1,80,178,0.6519365906715393,0.591839623602448
t+1,80,179,0.6213003993034363,0.6508937659098766
t+1,80,180,0.6021318435668945,0.622983178184076
t+1,80,181,0.5868434309959412,0.6052973701618525
t+1,80,182,0.5694077014923096,0.5905096504152821
t+1,80,183,0.6812834143638611,0.5751192859254561
t+1,80,184,0.6001794934272766,0.6774169894224878
t+1,80,185,0.5899714231491089,0.6033421094894154
t+1,80,186,0.5563488006591797,0.5943358471765341
t+1,80,187,0.6599628925323486,0.5633513161859078
t+1,80,188,0.6238842010498047,0.6588780022912716
t+1,80,189,0.579551637172699,0.6250259588828159
t+1,80,190,0.7080273032188416,0.5845952338331337
t+1,80,191,0.6502078175544739,0.7024828477321324
t+1,80,192,0.6505934000015259,0.6476893855705256
t+1,80,193,0.6444270014762878,0.6495535795504706
t+1,80,194,0.715853750705719,0.6436397922940841
t+1,80,195,0.6446459889411926,0.7113368114442449
t+1,80,196,0.6596695780754089,0.6440144334335486
t+1,80,197,0.6503384709358215,0.6583885124783426
t+1,80,198,0.6194455027580261,0.6497884817371685
t+1,80,199,0.6757854223251343,0.6208344639155786
t+1,80,200,0.6080115437507629,0.6744651536946157
t+1,80,201,0.5964303016662598,0.6104924257513977
t+1,80,202,0.7300138473510742,0.5990558339785167
t+1,80,203,0.6039259433746338,0.7252192528089624
t+1,80,204,0.688601553440094,0.6069680319776457
t+1,80,205,0.7088619470596313,0.6881935829334745
t+1,80,206,0.6050713658332825,0.7054664305557091
t+1,80,207,0.6995569467544556,0.6075293605827747
t+1,80,208,0.7353962659835815,0.6934960498148225
t+1,80,209,0.712040901184082,0.7281628791285343
t+1,80,210,0.695899248123169,0.7082679418096672
t+1,80,211,0.7058555483818054,0.690312002109171
t+1,80,212,0.7097556591033936,0.7004685829028514
t+1,80,213,0.7032714486122131,0.7064545932836862
t+1,80,214,0.69525146484375,0.6990131278560925
t+1,80,215,0.7384157776832581,0.6913060773532236
t+1,80,216,0.7118659615516663,0.7330518707839506
t+1,80,217,0.7134431600570679,0.7045182649123093
t+1,80,218,0.6880297064781189,0.7100614449248293
t+1,80,219,0.6693724989891052,0.6861388566115671
t+1,80,220,0.6764248013496399,0.6684652391485857
t+1,80,221,0.6969202160835266,0.6747943483177004
t+1,80,222,0.7519798874855042,0.6929852376597132
t+1,80,223,0.7280279397964478,0.7425876424927487
t+1,80,224,0.7065251469612122,0.7238866813096564
t+1,80,225,0.7122395038604736,0.7015414205732023
t+1,80,226,0.6208182573318481,0.7069696638529174
t+1,80,227,0.7141546607017517,0.6215027864869231
t+1,80,228,0.6923844218254089,0.7092305333312413
t+1,80,229,0.6620033383369446,0.6923176436733172
t+1,80,230,0.7078515291213989,0.6600774210651896
t+1,80,231,0.6852664947509766,0.7024414518830128
t+1,80,232,0.6604700684547424,0.6822104109173891
t+1,80,233,0.668019711971283,0.6595151658789667
t+1,80,234,0.6218715310096741,0.6661623725936788
t+1,80,235,0.6340373754501343,0.6245296962961672
t+1,80,236,0.6432082653045654,0.6352660990384246
t+1,80,237,0.6723996996879578,0.6420525605516797
t+1,80,238,0.7282674312591553,0.6696045120175941
t+1,80,239,0.6087733507156372,0.7192133321718938
t+1,80,240,0.5980424880981445,0.6114440027768778
t+1,80,241,0.6325616836547852,0.6010391541181926
t+1,80,242,0.6424719095230103,0.6325395163845923
t+1,80,243,0.588450014591217,0.6429256870457084
t+1,80,244,0.583957850933075,0.592187959333955
t+1,80,245,0.5885170698165894,0.5885069452814876
t+1,80,246,0.614035964012146,0.5926136827088105
t+1,80,247,0.6108145713806152,0.6155789054801631
t+1,80,248,0.5856207609176636,0.6134701638874015
t+1,80,249,0.5485867261886597,0.5898227553621243
t+1,80,250,0.5657709240913391,0.5563284002107505
t+1,80,251,0.5467250347137451,0.5717907346586302
t+1,80,252,0.5661910772323608,0.5547920706615213
t+1,80,253,0.5521540641784668,0.5721715013427782
t+1,80,254,0.5136118531227112,0.5593791374499995
t+1,80,255,0.5002930164337158,0.5252063876748211
t+1,80,256,0.5285137295722961,0.5124580716678082
t+1,80,257,0.5777941346168518,0.5379865794243257
t+1,80,258,0.4575885832309723,0.5826766986477934
t+1,80,259,0.4964232742786407,0.45675471378759286
t+1,80,260,0.5110048055648804,0.49062875538959916
t+1,80,261,0.5063185095787048,0.5226350153814205
t+1,80,262,0.4814864099025726,0.5178470706561746
t+1,80,263,0.524294912815094,0.4752006746846385
t+1,80,264,0.5005678534507751,0.5348698732066137
t+1,80,265,0.5348376035690308,0.5128406318850851
t+1,80,266,0.4634305238723755,0.5440794895903496
t+1,80,267,0.4803971350193023,0.46063183509111033
t+1,80,268,0.5708527565002441,0.4749560995076831
t+1,80,269,0.5253925323486328,0.5763434172229628
t+1,80,270,0.4626824855804443,0.5346194068293812
t+1,80,271,0.4819422364234924,0.4600764803641611
t+1,80,272,0.4844219982624054,0.4767052850798083
t+1,80,273,0.4640385806560516,0.4778509254874167
t+1,80,274,0.5306750535964966,0.45893542377817725
t+1,80,275,0.4967930316925049,0.5401566106252016
t+1,80,276,0.4528326094150543,0.48920744028917423
t+1,80,277,0.5032440423965454,0.45046420059367326
t+1,80,278,0.5941148400306702,0.5159282002636795
t+1,80,279,0.507093608379364,0.5978008659664966
t+1,80,280,0.5449522137641907,0.519107687178748
t+1,80,281,0.4635290503501892,0.5529858584628184
t+1,80,282,0.4604954123497009,0.4592482582856893
t+1,80,283,0.5169584155082703,0.4576628645990701
t+1,80,284,0.5599142909049988,0.5277958128892075
t+1,80,285,0.5901612043380737,0.5663803495581485
t+1,80,286,0.5541990399360657,0.5941638238254078
t+1,80,287,0.5473104119300842,0.5612821534665172
t+1,80,288,0.4697040021419525,0.5551634584090801
t+1,80,289,0.547893762588501,0.4643950285329584
t+1,81,0,0.292133629322052,0.2911469581169336
t+1,81,1,0.350722074508667,0.3075070782161797
t+1,81,2,0.313109278678894,0.3624183861934024
t+1,81,3,0.3392404913902282,0.325674833859315
t+1,81,4,0.3279796540737152,0.35130736286070063
t+1,81,5,0.2862894833087921,0.34527075874875335
t+1,81,6,0.3283544480800628,0.30659910986053585
t+1,81,7,0.2991610467433929,0.3403618355477827
t+1,81,8,0.2998490631580353,0.31847714698452045
t+1,81,9,0.3154588937759399,0.3205440822806064
t+1,81,10,0.2596100866794586,0.32997817484584513
t+1,81,11,0.3557368218898773,0.28352644339080585
t+1,81,12,0.2915495932102203,0.36242964246747145
t+1,81,13,0.3511067926883697,0.30788122638456417
t+1,81,14,0.3219606876373291,0.3644008435239982
t+1,81,15,0.3719346821308136,0.3386905945286224
t+1,81,16,0.2963701486587524,0.38129842241368533
t+1,81,17,0.30974280834198,0.3154322555127639
t+1,81,18,0.3336946070194244,0.3265985664275537
t+1,81,19,0.2458582073450088,0.34791900526179365
t+1,81,20,0.3533734083175659,0.2700570443639681
t+1,81,21,0.3796586096286773,0.36262952365551265
t+1,81,22,0.3664734959602356,0.387266467962499
t+1,81,23,0.3548137247562408,0.37626915004061184
t+1,81,24,0.3246763348579407,0.3680916225311557
t+1,81,25,0.3760676085948944,0.3386631742138123
t+1,81,26,0.3702336549758911,0.38220896697901136
t+1,81,27,0.3478513956069946,0.3791459819498843
t+1,81,28,0.3357807397842407,0.3577051006355302
t+1,81,29,0.3244563937187195,0.3487282596250265
t+1,81,30,0.295600414276123,0.33766616287571805
t+1,81,31,0.3831401467323303,0.3150414481220778
t+1,81,32,0.2657869458198547,0.38611320843748004
t+1,81,33,0.3304618895053863,0.2935494138127527
t+1,81,34,0.3508006334304809,0.34688009797313624
t+1,81,35,0.376794695854187,0.3600881086668058
t+1,81,36,0.4100293517112732,0.3845135519055131
t+1,81,37,0.3848303258419037,0.4098163493468943
t+1,81,38,0.3415735960006714,0.39102604766319227
t+1,81,39,0.378993958234787,0.35259776531571047
t+1,81,40,0.3111057877540588,0.3872785243879539
t+1,81,41,0.4070814549922943,0.32721388678096597
t+1,81,42,0.3533483147621155,0.4102655722097548
t+1,81,43,0.3370544612407684,0.3646918563698394
t+1,81,44,0.3401000201702118,0.34656239891305274
t+1,81,45,0.3621710836887359,0.35178022453175534
t+1,81,46,0.3524441421031952,0.3684226632390969
t+1,81,47,0.4482336044311523,0.36553659715374826
t+1,81,48,0.3448690772056579,0.4468251633006578
t+1,81,49,0.3730905652046203,0.3574625711158592
t+1,81,50,0.3749021291732788,0.3812218704727332
t+1,81,51,0.3769107162952423,0.38282421336771666
t+1,81,52,0.3798918128013611,0.383145636536734
t+1,81,53,0.3631698787212372,0.38867054768656434
t+1,81,54,0.3617157340049743,0.3702068605283083
t+1,81,55,0.3541153073310852,0.37025111294297364
t+1,81,56,0.3344120681285858,0.3620911459584364
t+1,81,57,0.3963340818881988,0.3451988788754826
t+1,81,58,0.4255472123622894,0.3997350756791404
t+1,81,59,0.3744909167289734,0.42517391490463236
t+1,81,60,0.3764359056949615,0.384557425969313
t+1,81,61,0.3874936997890472,0.38292154974365433
t+1,81,62,0.3851379156112671,0.39317292094876105
t+1,81,63,0.3538002669811249,0.391871767298203
t+1,81,64,0.4547919332981109,0.364369350464852
t+1,81,65,0.425471156835556,0.45071644433950614
t+1,81,66,0.3884560167789459,0.4283360837602866
t+1,81,67,0.4272093176841736,0.3949997002105529
t+1,81,68,0.4051076769828796,0.4262090168606049
t+1,81,69,0.4169133603572845,0.40759627746399124
t+1,81,70,0.4411679208278656,0.4175329134532789
t+1,81,71,0.4661530256271362,0.4402214523853914
t+1,81,72,0.4906343817710876,0.4625820090788222
t+1,81,73,0.5020410418510437,0.4836710434132669
t+1,81,74,0.4389678537845611,0.5133826576042961
t+1,81,75,0.4357987642288208,0.43797011433027705
t+1,81,76,0.4627426266670227,0.43641049503616935
t+1,81,77,0.4700844287872314,0.4580568718198305
t+1,81,78,0.4466111361980438,0.46682848146346473
t+1,81,79,0.4576982855796814,0.4416852365684687
t+1,81,80,0.5153804421424866,0.4542963573189658
t+1,81,81,0.5522761344909668,0.5261862082593154
t+1,81,82,0.4951763153076172,0.5597519964226916
t+1,81,83,0.4891018867492676,0.4884701028587508
t+1,81,84,0.5109132528305054,0.4828583282411622
t+1,81,85,0.4954085946083069,0.5214690468609162
t+1,81,86,0.530428409576416,0.4884450252078222
t+1,81,87,0.5648112297058105,0.5397339967583334
t+1,81,88,0.5574988722801208,0.5710760255481772
t+1,81,89,0.6141123175621033,0.5645143493115854
t+1,81,90,0.5869335532188416,0.616343950504034
t+1,81,91,0.6093905568122864,0.5911417973204158
t+1,81,92,0.5983434319496155,0.6115130442556106
t+1,81,93,0.6606450080871582,0.6018987370201679
t+1,81,94,0.5828563570976257,0.6589617722609185
t+1,81,95,0.625995397567749,0.5875790969637654
t+1,81,96,0.6064115166664124,0.6263017178611271
t+1,81,97,0.6871136426925659,0.6087137075431819
t+1,81,98,0.6984414458274841,0.6848569222539945
t+1,81,99,0.6608489155769348,0.6922901847739344
t+1,81,100,0.7468450665473938,0.6587179552195489
t+1,81,101,0.6879669427871704,0.7414353275432999
t+1,81,102,0.6591275930404663,0.6851019037925608
t+1,81,103,0.7064635157585144,0.6587095287059678
t+1,81,104,0.7372283935546875,0.703481290457949
t+1,81,105,0.7242910265922546,0.7320493763703251
t+1,81,106,0.8191897869110107,0.719262671607349
t+1,81,107,0.7767675518989563,0.8040041266133958
t+1,81,108,0.8138890266418457,0.7665034563933004
t+1,81,109,0.8078061938285828,0.7990527858008257
t+1,81,110,0.7058576345443726,0.797136412642399
t+1,81,111,0.7567703127861023,0.7019717689849133
t+1,81,112,0.6792202591896057,0.7503899250657342
t+1,81,113,0.7564374804496765,0.6774985651312496
t+1,81,114,0.8220800757408142,0.743071930872393
t+1,81,115,0.7572038173675537,0.803848508458705
t+1,81,116,0.7678008675575256,0.7446277743760917
t+1,81,117,0.8046013712882996,0.753540978250772
t+1,81,118,0.8236053586006165,0.788780133269567
t+1,81,119,0.7862279415130615,0.8023884309699844
t+1,81,120,0.7922059297561646,0.7744395427956451
t+1,81,121,0.8317657113075256,0.7777889013821839
t+1,81,122,0.8144845366477966,0.8136644738594229
t+1,81,123,0.7976115345954895,0.7990429016215783
t+1,81,124,0.8204814195632935,0.7835822180132131
t+1,81,125,0.8138946890830994,0.8066074251467211
t+1,81,126,0.8217812776565552,0.7990418114765606
t+1,81,127,0.8844319581985474,0.8069733965226664
t+1,81,128,0.8051031827926636,0.8726824629076573
t+1,81,129,0.7981600165367126,0.7913618967957001
t+1,81,130,0.8676549196243286,0.7871864098579342
t+1,81,131,0.7944526076316833,0.8566061374363588
t+1,81,132,0.8801574110984802,0.7806285095233664
t+1,81,133,0.813793957233429,0.8657909596874139
t+1,81,134,0.8236103057861328,0.8003175946544472
t+1,81,135,0.8469284772872925,0.814404813914438
t+1,81,136,0.8637117147445679,0.8308130410402379
t+1,81,137,0.8559114933013916,0.8462079128988002
t+1,81,138,0.8134025931358337,0.8382622588669338
t+1,81,139,0.806956946849823,0.8024208243117217
t+1,81,140,0.8309255242347717,0.7941581182804291
t+1,81,141,0.822184145450592,0.8172851351988322
t+1,81,142,0.7934128642082214,0.8024947773452538
t+1,81,143,0.8284077048301697,0.7799012478060763
t+1,81,144,0.8466830253601074,0.8099506586029571
t+1,81,145,0.8152928948402405,0.8365003583751894
t+1,81,146,0.8615065813064575,0.8019911535591108
t+1,81,147,0.8181616067886353,0.847745697999176
t+1,81,148,0.7951251864433289,0.8027245289028606
t+1,81,149,0.80061936378479,0.7827685584606193
t+1,81,150,0.7738112211227417,0.7845360288808767
t+1,81,151,0.7534091472625732,0.7620536666487178
t+1,81,152,0.8020768165588379,0.7408708764337315
t+1,81,153,0.7512518763542175,0.7900816713122042
t+1,81,154,0.7641369104385376,0.7417619573559896
t+1,81,155,0.768982470035553,0.7518925536737329
t+1,81,156,0.7808986306190491,0.7561739935902223
t+1,81,157,0.7787874341011047,0.7698767798541847
t+1,81,158,0.7597059011459351,0.7693087990477909
t+1,81,159,0.6853318214416504,0.7484130764245802
t+1,81,160,0.7407980561256409,0.6820729227693606
t+1,81,161,0.7159911394119263,0.7339657395611875
t+1,81,162,0.7343721985816956,0.7099905054198307
t+1,81,163,0.7681506276130676,0.7300774894186345
t+1,81,164,0.7568802833557129,0.7542683247587526
t+1,81,165,0.7317736744880676,0.7459815247439588
t+1,81,166,0.7372280359268188,0.7241266344608276
t+1,81,167,0.6630293726921082,0.7304634693384188
t+1,81,168,0.7176921367645264,0.6606429980505927
t+1,81,169,0.7286456227302551,0.7103634302459814
t+1,81,170,0.6781728863716125,0.7232481444694732
t+1,81,171,0.7133594155311584,0.6775975488592104
t+1,81,172,0.6823645830154419,0.7072327517526676
t+1,81,173,0.7274426221847534,0.679456103533681
t+1,81,174,0.7281839847564697,0.7212266001522238
t+1,81,175,0.667878270149231,0.7238990121376851
t+1,81,176,0.735253632068634,0.6660873566620799
t+1,81,177,0.6751093864440918,0.7280620482172221
t+1,81,178,0.751900851726532,0.6723911284702249
t+1,81,179,0.6607617735862732,0.7423483112654978
t+1,81,180,0.6786953210830688,0.6586680618558108
t+1,81,181,0.6826875805854797,0.6745507796277398
t+1,81,182,0.647973358631134,0.6800063773444072
t+1,81,183,0.6131486892700195,0.6472551687513003
t+1,81,184,0.6450930237770081,0.6152087194161145
t+1,81,185,0.7106585502624512,0.6460330282407395
t+1,81,186,0.6614065170288086,0.7055492492749789
t+1,81,187,0.6617488861083984,0.6607469608355062
t+1,81,188,0.726772665977478,0.6600987733491908
t+1,81,189,0.691676139831543,0.7218478635029937
t+1,81,190,0.6999061107635498,0.6878908219489387
t+1,81,191,0.7061717510223389,0.6948762422830095
t+1,81,192,0.645976185798645,0.7035936050426127
t+1,81,193,0.6835605502128601,0.6455037564013982
t+1,81,194,0.6860611438751221,0.6786998702434102
t+1,81,195,0.6769844889640808,0.6833823782363176
t+1,81,196,0.6461458206176758,0.6738495087376505
t+1,81,197,0.7025894522666931,0.6453856897844504
t+1,81,198,0.6303460597991943,0.6983976819207144
t+1,81,199,0.6576911211013794,0.6302032164041488
t+1,81,200,0.6642996072769165,0.6556374023233661
t+1,81,201,0.6803621649742126,0.6624313009798907
t+1,81,202,0.7263876795768738,0.677580812614437
t+1,81,203,0.7570784687995911,0.7164698075593031
t+1,81,204,0.7614825367927551,0.7461294784743221
t+1,81,205,0.7314711809158325,0.7506808014955222
t+1,81,206,0.7206136584281921,0.7241797622613556
t+1,81,207,0.6253201961517334,0.7169554813889643
t+1,81,208,0.7484118938446045,0.6273929369372984
t+1,81,209,0.8024934530258179,0.7417826697343736
t+1,81,210,0.7277992963790894,0.7891048655177859
t+1,81,211,0.7214361429214478,0.7202582431738122
t+1,81,212,0.7388058304786682,0.7159883055741465
t+1,81,213,0.7407541275024414,0.7326488226681396
t+1,81,214,0.7206531763076782,0.734847779306961
t+1,81,215,0.7032900452613831,0.7138808912650495
t+1,81,216,0.7292273044586182,0.6999477977645227
t+1,81,217,0.66848224401474,0.7222882967768506
t+1,81,218,0.650264322757721,0.6663750028755555
t+1,81,219,0.7631513476371765,0.6497000599621553
t+1,81,220,0.6985610127449036,0.7495966079772329
t+1,81,221,0.7384238243103027,0.6925779342489936
t+1,81,222,0.7662391662597656,0.7295957514862175
t+1,81,223,0.7526865005493164,0.7520003887327982
t+1,81,224,0.6884375810623169,0.7390942148681319
t+1,81,225,0.7166809439659119,0.6859672228696755
t+1,81,226,0.661686897277832,0.7115717172933341
t+1,81,227,0.6957025527954102,0.6601116701506415
t+1,81,228,0.7325143814086914,0.6938823652906105
t+1,81,229,0.6932471990585327,0.726044650631837
t+1,81,230,0.5882360339164734,0.6897267095561226
t+1,81,231,0.604837954044342,0.5923190578577745
t+1,81,232,0.6508719325065613,0.6067175911410109
t+1,81,233,0.7205908298492432,0.6504370702525438
t+1,81,234,0.6756088137626648,0.7155292643267293
t+1,81,235,0.6680223941802979,0.672673136218029
t+1,81,236,0.6111904382705688,0.6635361523288437
t+1,81,237,0.6562921404838562,0.6133150604666708
t+1,81,238,0.5652129650115967,0.656147867679718
t+1,81,239,0.6502578854560852,0.5712956011331428
t+1,81,240,0.6728039979934692,0.6483503030171842
t+1,81,241,0.5959540009498596,0.6705699238623573
t+1,81,242,0.6553801894187927,0.5992493042826398
t+1,81,243,0.5849204659461975,0.6552935971757545
t+1,81,244,0.6078157424926758,0.5892805152466781
t+1,81,245,0.5903077125549316,0.6108898773489094
t+1,81,246,0.5906428694725037,0.5938286791117607
t+1,81,247,0.6329941749572754,0.5945576406327785
t+1,81,248,0.6025052070617676,0.6339079254454457
t+1,81,249,0.5399900674819946,0.6052001248386953
t+1,81,250,0.4589372277259826,0.5484316576490474
t+1,81,251,0.5789996385574341,0.4538441737024941
t+1,81,252,0.5663756132125854,0.5837589846765912
t+1,81,253,0.5373921394348145,0.5723460664924377
t+1,81,254,0.5040422677993774,0.5454673484954282
t+1,81,255,0.5715377926826477,0.5158560696907708
t+1,81,256,0.4451057612895965,0.5770398050617513
t+1,81,257,0.4723342359066009,0.44370029636023556
t+1,81,258,0.4406733810901642,0.46834546937977367
t+1,81,259,0.4972913265228271,0.43795082512039557
t+1,81,260,0.4603715538978576,0.48900081675451684
t+1,81,261,0.5431140661239624,0.4567646104689157
t+1,81,262,0.4624957144260406,0.5509387123771006
t+1,81,263,0.446303129196167,0.4592392151749005
t+1,81,264,0.4676433801651001,0.44410832285884494
t+1,81,265,0.4150671362876892,0.46265617215767973
t+1,81,266,0.3960182964801788,0.41435534902572185
t+1,81,267,0.4461148381233215,0.40167964080724045
t+1,81,268,0.4038886427879333,0.44327851159465126
t+1,81,269,0.4489640891551971,0.4079136512191157
t+1,81,270,0.4205141961574554,0.4475212895787338
t+1,81,271,0.4070592224597931,0.4231416924629759
t+1,81,272,0.3997671604156494,0.408105768801977
t+1,81,273,0.3889397978782654,0.407357394966946
t+1,81,274,0.4010179936885834,0.39425635147325844
t+1,81,275,0.3678517043590545,0.404454809982264
t+1,81,276,0.3084422945976257,0.37418986240251834
t+1,81,277,0.3750998973846435,0.3254906371322825
t+1,81,278,0.3518784046173095,0.3827820797110552
t+1,81,279,0.3156361877918243,0.36058010469450613
t+1,81,280,0.3871869444847107,0.32987697835540597
t+1,81,281,0.3427927196025848,0.39288708911038417
t+1,81,282,0.2914580404758453,0.3512374631332845
t+1,81,283,0.346563458442688,0.3129855827661594
t+1,81,284,0.3223986029624939,0.3560717176339435
t+1,81,285,0.2834892570972442,0.33747394227875366
t+1,81,286,0.3511872887611389,0.3032520972844236
t+1,81,287,0.300894021987915,0.3637372098003111
t+1,81,288,0.3603908121585846,0.3133015667168978
t+1,81,289,0.3015971779823303,0.367039366185661
t+1,82,0,0.2848216295242309,0.3127046968354631
t+1,82,1,0.2668632268905639,0.3071749154210158
t+1,82,2,0.2649541199207306,0.29021980079648774
t+1,82,3,0.335611492395401,0.2885482274908472
t+1,82,4,0.3293169140815735,0.3488563557452177
t+1,82,5,0.2729434669017792,0.34304480801389936
t+1,82,6,0.347798228263855,0.2939219772906093
t+1,82,7,0.2934401333332062,0.3586382832966495
t+1,82,8,0.3511495590209961,0.31317064899013547
t+1,82,9,0.2704777717590332,0.3601877091065826
t+1,82,10,0.322970300912857,0.29435214352516126
t+1,82,11,0.2489617317914962,0.3363658085534637
t+1,82,12,0.3202316761016845,0.27244822020203985
t+1,82,13,0.354662537574768,0.33420466477342536
t+1,82,14,0.3186731934547424,0.36355176049833837
t+1,82,15,0.2968898415565491,0.3339110631908609
t+1,82,16,0.3597766458988189,0.31737133034242615
t+1,82,17,0.3642047941684723,0.3712850065395059
t+1,82,18,0.3497386276721954,0.3731663059443127
t+1,82,19,0.3815306425094604,0.3629638736451379
t+1,82,20,0.341632604598999,0.3868952577024918
t+1,82,21,0.3282309770584106,0.35587753276010675
t+1,82,22,0.3597843647003174,0.3407610500480472
t+1,82,23,0.3680635988712311,0.3647074249772327
t+1,82,24,0.3194507360458374,0.3770153900439044
t+1,82,25,0.360693871974945,0.33675887886905076
t+1,82,26,0.3492607176303863,0.36778905647729326
t+1,82,27,0.3473277986049652,0.3620615550282879
t+1,82,28,0.3367885947227478,0.3601263759461187
t+1,82,29,0.3748821318149566,0.34860884659224056
t+1,82,30,0.4661603271961212,0.38198603338804665
t+1,82,31,0.4193439483642578,0.46186374018825505
t+1,82,32,0.3812309503555298,0.4207264472036708
t+1,82,33,0.4159336984157562,0.3882395460542175
t+1,82,34,0.5182345509529114,0.4206373567045858
t+1,82,35,0.5035513043403625,0.5286679401217163
t+1,82,36,0.4858568608760834,0.5154851901003616
t+1,82,37,0.5180928111076355,0.4799008878595558
t+1,82,38,0.4950734972953796,0.5290527054440577
t+1,82,39,0.5136616230010986,0.4886515256050702
t+1,82,40,0.557331383228302,0.525060394509959
t+1,82,41,0.5601959824562073,0.5642611694257196
t+1,82,42,0.5321260094642639,0.5669689786960798
t+1,82,43,0.5570881366729736,0.5416128702592218
t+1,82,44,0.5356668829917908,0.5641547344200292
t+1,82,45,0.5453236699104309,0.5446140038602881
t+1,82,46,0.5465646982192993,0.5532653849574742
t+1,82,47,0.595396101474762,0.5545626804537507
t+1,82,48,0.5348877310752869,0.5991983469779604
t+1,82,49,0.5708637237548828,0.5443650562787181
t+1,82,50,0.5480424761772156,0.5766298524483351
t+1,82,51,0.4599903225898742,0.5558252611194908
t+1,82,52,0.5159798860549927,0.4547660915204413
t+1,82,53,0.4658703207969665,0.5276758372829549
t+1,82,54,0.5188630819320679,0.4615799361069193
t+1,82,55,0.5434301495552063,0.5294250974754349
t+1,82,56,0.5325745940208435,0.5514740211801106
t+1,82,57,0.4237171113491058,0.5418974465169406
t+1,82,58,0.4870845675468445,0.4246155262384628
t+1,82,59,0.4512789845466614,0.48124204665915227
t+1,82,60,0.4317769706249237,0.4485276411011575
t+1,82,61,0.4658096134662628,0.43197337115059736
t+1,82,62,0.4562713503837585,0.46217468749563523
t+1,82,63,0.4623600542545318,0.4531461384493769
t+1,82,64,0.471502810716629,0.46055519218619884
t+1,82,65,0.4521884024143219,0.4659314335551287
t+1,82,66,0.4748676717281341,0.45083713546447185
t+1,82,67,0.4283007681369781,0.47008780904763725
t+1,82,68,0.3637863397598266,0.4308228225338524
t+1,82,69,0.4329202175140381,0.37163460169816176
t+1,82,70,0.4329983592033386,0.4345918777504533
t+1,82,71,0.4000159502029419,0.4330555865518398
t+1,82,72,0.4007245004177093,0.4043014105075726
t+1,82,73,0.4022832810878753,0.40438603473975093
t+1,82,74,0.3939917087554931,0.40559690175893054
t+1,82,75,0.4005449116230011,0.3972392201135361
t+1,82,76,0.4213757812976837,0.4049498221217945
t+1,82,77,0.4482718706130981,0.4218670753011566
t+1,82,78,0.421486884355545,0.44708850537370354
t+1,82,79,0.4472002685070038,0.4213307851279706
t+1,82,80,0.5140652656555176,0.44496113131650933
t+1,82,81,0.4135554432868957,0.525665362056231
t+1,82,82,0.4396260380744934,0.41583264372727974
t+1,82,83,0.414443701505661,0.440215057379755
t+1,82,84,0.4241716861724853,0.4167901169815198
t+1,82,85,0.477260023355484,0.42437411601893976
t+1,82,86,0.4840294122695923,0.47212184427491133
t+1,82,87,0.4660637080669403,0.4773156625292032
t+1,82,88,0.4924138784408569,0.4622682552903423
t+1,82,89,0.4640916883945465,0.48510786731336875
t+1,82,90,0.5142229795455933,0.45993985695337986
t+1,82,91,0.4802489280700683,0.5255171171399409
t+1,82,92,0.5004281997680664,0.4741494789846143
t+1,82,93,0.5424574613571167,0.5127364947776037
t+1,82,94,0.5132551789283752,0.5506928716842507
t+1,82,95,0.5372191667556763,0.5244136136468953
t+1,82,96,0.5249147415161133,0.5464041344252412
t+1,82,97,0.5136452317237854,0.5349630431712226
t+1,82,98,0.579384982585907,0.5243108744877054
t+1,82,99,0.5336397886276245,0.5843831447114681
t+1,82,100,0.4941330850124359,0.5432007454656907
t+1,82,101,0.5621449947357178,0.4873616542934771
t+1,82,102,0.5588680505752563,0.5686086558217369
t+1,82,103,0.5594483017921448,0.565637436707356
t+1,82,104,0.6249035000801086,0.5661305150292038
t+1,82,105,0.6369698643684387,0.6269698684718179
t+1,82,106,0.541885495185852,0.6362790807431681
t+1,82,107,0.6536485552787781,0.5500322435230076
t+1,82,108,0.6408970952033997,0.6555791782145985
t+1,82,109,0.6347144842147827,0.6411729339285492
t+1,82,110,0.6503056287765503,0.6354743975066507
t+1,82,111,0.641502857208252,0.6507874878176851
t+1,82,112,0.6594676375389099,0.6413888453845507
t+1,82,113,0.6358645558357239,0.6559784377918965
t+1,82,114,0.6790881752967834,0.6366876743747997
t+1,82,115,0.6899893879890442,0.6745918172164764
t+1,82,116,0.6457458138465881,0.6841909661963459
t+1,82,117,0.6698200106620789,0.6444693375372772
t+1,82,118,0.7257755994796753,0.6652618735336829
t+1,82,119,0.6817879676818848,0.7190268432099659
t+1,82,120,0.6480985283851624,0.6778098365430408
t+1,82,121,0.7543278932571411,0.6467841358953821
t+1,82,122,0.7651447057723999,0.7427978114717586
t+1,82,123,0.7643364071846008,0.7548558578837424
t+1,82,124,0.75982266664505,0.7503416116568362
t+1,82,125,0.8019208908081055,0.7479072752795615
t+1,82,126,0.8051289319992065,0.7899605270102072
t+1,82,127,0.7462950944900513,0.7959084186359716
t+1,82,128,0.7353840470314026,0.737882547450295
t+1,82,129,0.8282168507575989,0.7282281537931705
t+1,82,130,0.7855639457702637,0.8135767049617636
t+1,82,131,0.7685571908950806,0.7676987564016475
t+1,82,132,0.7902222871780396,0.7569289780359513
t+1,82,133,0.7621314525604248,0.7764328797536807
t+1,82,134,0.8095600605010986,0.7496100949293208
t+1,82,135,0.7870433926582336,0.7960691248747626
t+1,82,136,0.8757031559944153,0.7732229379059142
t+1,82,137,0.7926930785179138,0.8643111149321974
t+1,82,138,0.8291352987289429,0.7825119404599045
t+1,82,139,0.8690089583396912,0.819694271437342
t+1,82,140,0.8536616563796997,0.8565484088952153
t+1,82,141,0.835811972618103,0.8377567428824848
t+1,82,142,0.8261030912399292,0.8200908337787386
t+1,82,143,0.8705836534500122,0.8112921309373953
t+1,82,144,0.910753846168518,0.8492495298557006
t+1,82,145,0.8623653054237366,0.8978842177042309
t+1,82,146,0.7798132300376892,0.8515240009938182
t+1,82,147,0.762546181678772,0.7643443623823674
t+1,82,148,0.8126607537269592,0.7558891313264837
t+1,82,149,0.8031636476516724,0.7964964191232491
t+1,82,150,0.8573543429374695,0.785042993853613
t+1,82,151,0.822702169418335,0.8425103295139751
t+1,82,152,0.8019790649414062,0.8092381555490624
t+1,82,153,0.7854520678520203,0.7865779812656134
t+1,82,154,0.7881987690925598,0.7766079532461375
t+1,82,155,0.854619562625885,0.7769987012591754
t+1,82,156,0.8415120840072632,0.8415281583819695
t+1,82,157,0.7840105295181274,0.8257175792127224
t+1,82,158,0.7371453046798706,0.7677121143917771
t+1,82,159,0.7581876516342163,0.7311573660248207
t+1,82,160,0.7589479088783264,0.7444268149166953
t+1,82,161,0.76759934425354,0.7500663615531118
t+1,82,162,0.7427546977996826,0.7524146667633681
t+1,82,163,0.7753448486328125,0.7371539068590728
t+1,82,164,0.7738807201385498,0.7618459064280075
t+1,82,165,0.731211245059967,0.7621053201249466
t+1,82,166,0.6758127212524414,0.7237949437630223
t+1,82,167,0.7388760447502136,0.6728025926860857
t+1,82,168,0.73887699842453,0.731794100319341
t+1,82,169,0.7673901319503784,0.7344905175114557
t+1,82,170,0.7291476726531982,0.7531117573079054
t+1,82,171,0.7395834922790527,0.7224408468511585
t+1,82,172,0.753006637096405,0.7339908900864318
t+1,82,173,0.6853315830230713,0.7411032418980843
t+1,82,174,0.692870557308197,0.6811257868524935
t+1,82,175,0.7500876188278198,0.6902812027782926
t+1,82,176,0.7109822630882263,0.7377759394535738
t+1,82,177,0.7445015907287598,0.7035921510485331
t+1,82,178,0.776049017906189,0.7387706707796442
t+1,82,179,0.6619389653205872,0.766692407568701
t+1,82,180,0.7253049612045288,0.660711078189206
t+1,82,181,0.7415498495101929,0.7208435165719218
t+1,82,182,0.7130081653594971,0.733468410578974
t+1,82,183,0.6655297875404358,0.7096878083615081
t+1,82,184,0.7297919392585754,0.6643586663680523
t+1,82,185,0.6994649767875671,0.7259420437234818
t+1,82,186,0.6831497550010681,0.696711417295155
t+1,82,187,0.6968829035758972,0.6801671524237097
t+1,82,188,0.7014124989509583,0.6942985771976894
t+1,82,189,0.7003494501113892,0.6965620025670697
t+1,82,190,0.6627418994903564,0.6954337714637898
t+1,82,191,0.7161270380020142,0.660683719277619
t+1,82,192,0.7143402099609375,0.7094170006948725
t+1,82,193,0.6889846324920654,0.7048030221953383
t+1,82,194,0.6859473586082458,0.6863684517784246
t+1,82,195,0.6597443222999573,0.6818024326442326
t+1,82,196,0.7508012056350708,0.6601391192676128
t+1,82,197,0.7540010809898376,0.7388274293426357
t+1,82,198,0.7296039462089539,0.7428397176341252
t+1,82,199,0.6236672401428223,0.7231992326217499
t+1,82,200,0.6990535855293274,0.6247518119344534
t+1,82,201,0.7032679319381714,0.6951246014142876
t+1,82,202,0.7276185750961304,0.6985617393747807
t+1,82,203,0.7950713038444519,0.7217216962728173
t+1,82,204,0.7226824760437012,0.7796079247102341
t+1,82,205,0.7370185256004333,0.7171490804240123
t+1,82,206,0.7766286134719849,0.7273741402335144
t+1,82,207,0.7134827375411987,0.7608869481875506
t+1,82,208,0.7343142032623291,0.7092855111583669
t+1,82,209,0.6825927495956421,0.7318546483881009
t+1,82,210,0.7621656656265259,0.6783279286872949
t+1,82,211,0.7076371312141418,0.7497865576688665
t+1,82,212,0.6682195663452148,0.7028946817771979
t+1,82,213,0.7197499871253967,0.6662524285930962
t+1,82,214,0.7724684476852417,0.7171681428001593
t+1,82,215,0.7218143343925476,0.7600463727518493
t+1,82,216,0.7288285493850708,0.7166821261778794
t+1,82,217,0.7228742837905884,0.7202878751280947
t+1,82,218,0.7396791577339172,0.7209871479846182
t+1,82,219,0.757870614528656,0.7336481627118844
t+1,82,220,0.7167501449584961,0.749845407361673
t+1,82,221,0.7360289096832275,0.7113043348577069
t+1,82,222,0.7093631029129028,0.7285440029600757
t+1,82,223,0.6689658164978027,0.7047984473403356
t+1,82,224,0.7661301493644714,0.6657770949795776
t+1,82,225,0.7036031484603882,0.7525662979864
t+1,82,226,0.7058135271072388,0.7016120855398637
t+1,82,227,0.6961233615875244,0.6997915565663895
t+1,82,228,0.6133595705032349,0.6918074989353148
t+1,82,229,0.7304608821868896,0.6150899750325222
t+1,82,230,0.6529166102409363,0.7226781190851393
t+1,82,231,0.6718389391899109,0.6512553443557658
t+1,82,232,0.7217315435409546,0.6695696820887671
t+1,82,233,0.6791121363639832,0.7143317569936564
t+1,82,234,0.7023749351501465,0.6776616455971594
t+1,82,235,0.6835764646530151,0.6978594473602127
t+1,82,236,0.7094873189926147,0.6802511477782365
t+1,82,237,0.6506350040435791,0.7036193731869815
t+1,82,238,0.6999731063842773,0.6500234773037127
t+1,82,239,0.6941651701927185,0.6947421970211762
t+1,82,240,0.5925810933113098,0.6917112224566495
t+1,82,241,0.6811656355857849,0.5962752123264402
t+1,82,242,0.5836540460586548,0.6786701299040633
t+1,82,243,0.5979676842689514,0.5884176068801317
t+1,82,244,0.5777381658554077,0.6011519794633462
t+1,82,245,0.632709801197052,0.582824470053854
t+1,82,246,0.6009684205055237,0.6319941661603022
t+1,82,247,0.5795034170150757,0.603844537005334
t+1,82,248,0.619351327419281,0.5839259524565837
t+1,82,249,0.556404709815979,0.6208213908937996
t+1,82,250,0.5544772148132324,0.5631648783201939
t+1,82,251,0.5362400412559509,0.5614654899221687
t+1,82,252,0.5880546569824219,0.5451900269712656
t+1,82,253,0.5691668391227722,0.5921324713325476
t+1,82,254,0.555862545967102,0.5748443824462743
t+1,82,255,0.5004023313522339,0.562729119588999
t+1,82,256,0.5593470335006714,0.5120583064289868
t+1,82,257,0.5452540516853333,0.5659816205081067
t+1,82,258,0.4678647816181183,0.5535179587369574
t+1,82,259,0.49828040599823,0.4627552525940628
t+1,82,260,0.5033180117607117,0.4907143138397869
t+1,82,261,0.4557408690452575,0.5145137822232382
t+1,82,262,0.4904256463050842,0.45320209893096297
t+1,82,263,0.4941296577453613,0.48445231555693863
t+1,82,264,0.5341489315032959,0.48782823079040494
t+1,82,265,0.465509682893753,0.5430231443644922
t+1,82,266,0.5585695505142212,0.46127129305107917
t+1,82,267,0.5234666466712952,0.5651874032509289
t+1,82,268,0.5275653600692749,0.5342208168385529
t+1,82,269,0.5371105670928955,0.5365379187889258
t+1,82,270,0.4632307589054107,0.5457422495329096
t+1,82,271,0.5284565091133118,0.45943905310934413
t+1,82,272,0.377069354057312,0.5378801016550239
t+1,82,273,0.445965051651001,0.3849453474692501
t+1,82,274,0.4402511417865753,0.44471512523679524
t+1,82,275,0.4958781003952026,0.43948140727533697
t+1,82,276,0.4885634183883667,0.48792289411612166
t+1,82,277,0.40765181183815,0.4815994666696038
t+1,82,278,0.4016739428043365,0.4115916773003754
t+1,82,279,0.4692564010620117,0.4055780978573581
t+1,82,280,0.4362968206405639,0.4641033129391327
t+1,82,281,0.4844339191913605,0.4356609487529385
t+1,82,282,0.4422091841697693,0.4781198980110384
t+1,82,283,0.3793393075466156,0.43945843847455257
t+1,82,284,0.4384151697158813,0.3846814632243878
t+1,82,285,0.411031424999237,0.43643426163582283
t+1,82,286,0.4340680241584778,0.4135542293720765
t+1,82,287,0.4579728245735168,0.43250320162347705
t+1,82,288,0.3728101849555969,0.45422669469609916
t+1,82,289,0.4073675572872162,0.38095751566213093
t+1,83,0,0.2141011953353881,0.25280997808622685
t+1,83,1,0.3031775653362274,0.2436618630168009
t+1,83,2,0.296620100736618,0.32083972106907677
t+1,83,3,0.2827654182910919,0.3186323079221094
t+1,83,4,0.2943331897258758,0.3056938705817397
t+1,83,5,0.2974844872951507,0.3118611223639788
t+1,83,6,0.2682856321334839,0.3140541271291228
t+1,83,7,0.2837407886981964,0.288178840644104
t+1,83,8,0.2821380198001861,0.30498323035149133
t+1,83,9,0.2521823048591614,0.3032669654769372
t+1,83,10,0.2701355814933777,0.27632748554715125
t+1,83,11,0.2783390581607818,0.2891622462665093
t+1,83,12,0.338153600692749,0.29898461118106623
t+1,83,13,0.3190743327140808,0.35184151060032703
t+1,83,14,0.345634400844574,0.33345003255725003
t+1,83,15,0.3272501230239868,0.35889571670433895
t+1,83,16,0.3371279239654541,0.3372669747817247
t+1,83,17,0.3487566709518432,0.35194440173642266
t+1,83,18,0.3356142044067383,0.3597161271441692
t+1,83,19,0.3418281078338623,0.3508731341285281
t+1,83,20,0.3958832919597626,0.3528420390633799
t+1,83,21,0.3338910341262817,0.40011364454075055
t+1,83,22,0.3089453876018524,0.3473221809777753
t+1,83,23,0.3805106282234192,0.3236276466961876
t+1,83,24,0.3417395949363708,0.3892411725676293
t+1,83,25,0.3748475611209869,0.3557203989120082
t+1,83,26,0.2993309497833252,0.3821692921301209
t+1,83,27,0.3251606523990631,0.3165514770096218
t+1,83,28,0.4017748534679413,0.3380277709673579
t+1,83,29,0.3699840903282165,0.4055462500305251
t+1,83,30,0.3358370065689087,0.37676716172891145
t+1,83,31,0.397736132144928,0.3513094761100826
t+1,83,32,0.384008377790451,0.4039755713950057
t+1,83,33,0.3808930516242981,0.39050069682978095
t+1,83,34,0.4550047516822815,0.38631122463981826
t+1,83,35,0.3472491800785064,0.4502099701933246
t+1,83,36,0.4073438346385956,0.3574018507312987
t+1,83,37,0.4371148347854614,0.40876205946155547
t+1,83,38,0.42807537317276,0.43832095375033325
t+1,83,39,0.3845698237419128,0.426416307649012
t+1,83,40,0.4441155791282654,0.39019444372009787
t+1,83,41,0.3650324642658233,0.4430218270528447
t+1,83,42,0.4209828674793243,0.37299261186845595
t+1,83,43,0.4663013219833374,0.4229784165309737
t+1,83,44,0.4565274715423584,0.4621965661938041
t+1,83,45,0.4597087800502777,0.45219595235092613
t+1,83,46,0.4261737167835235,0.45590904055889836
t+1,83,47,0.4010814130306244,0.4268246963124197
t+1,83,48,0.509443461894989,0.40273589708930724
t+1,83,49,0.452875941991806,0.5210694542891763
t+1,83,50,0.4479138255119324,0.4494816976321727
t+1,83,51,0.520778238773346,0.44744215228311196
t+1,83,52,0.518427312374115,0.5315550400765612
t+1,83,53,0.4934939742088318,0.528723807863491
t+1,83,54,0.4767076075077057,0.4873059121857067
t+1,83,55,0.4769559800624847,0.4709723182326862
t+1,83,56,0.5161312818527222,0.4728490982454804
t+1,83,57,0.4929609298706054,0.5271604116596202
t+1,83,58,0.4837125837802887,0.4864293216251431
t+1,83,59,0.5473002791404724,0.47884848986544243
t+1,83,60,0.4931778609752655,0.5551981740089631
t+1,83,61,0.4239921569824219,0.48677958762314544
t+1,83,62,0.5285029411315918,0.4253252757521462
t+1,83,63,0.4691263735294342,0.5382828834876552
t+1,83,64,0.5243264436721802,0.46673289470099194
t+1,83,65,0.4544373750686645,0.534371699582865
t+1,83,66,0.4998330771923065,0.45112537622289844
t+1,83,67,0.5131427049636841,0.4927302254829806
t+1,83,68,0.4979177117347717,0.5247949538655562
t+1,83,69,0.5149680972099304,0.49079204798799153
t+1,83,70,0.499349981546402,0.5254362175361234
t+1,83,71,0.5153278708457947,0.4920043366299521
t+1,83,72,0.57602858543396,0.5255996302043493
t+1,83,73,0.5426833629608154,0.5813285068094489
t+1,83,74,0.5770493745803833,0.5513585060509434
t+1,83,75,0.5081621408462524,0.582217621789397
t+1,83,76,0.5350683927536011,0.5196348188999007
t+1,83,77,0.6213038563728333,0.5448945807660097
t+1,83,78,0.533560574054718,0.6228964009328884
t+1,83,79,0.5497864484786987,0.5431500260583522
t+1,83,80,0.6210193037986755,0.5573873052755918
t+1,83,81,0.5395860075950623,0.6228813607415378
t+1,83,82,0.5321839451789856,0.5482820873111602
t+1,83,83,0.5743036866188049,0.541735180824424
t+1,83,84,0.5676344633102417,0.5797752083429404
t+1,83,85,0.5397980809211731,0.5736776578978587
t+1,83,86,0.5670635104179382,0.5483315998608206
t+1,83,87,0.5480676293373108,0.5731277181274609
t+1,83,88,0.5562673211097717,0.5560164948772036
t+1,83,89,0.5422911047935486,0.5632771499535559
t+1,83,90,0.5631128549575806,0.5506696024866573
t+1,83,91,0.5681319236755371,0.5695268805292709
t+1,83,92,0.5348171591758728,0.5741583008967119
t+1,83,93,0.5600923299789429,0.5438948991999537
t+1,83,94,0.5250846743583679,0.5668051530419806
t+1,83,95,0.5871010422706604,0.5354263743061065
t+1,83,96,0.5747937560081482,0.5915109918952013
t+1,83,97,0.6529722809791565,0.5801343122175835
t+1,83,98,0.5633531808853149,0.6522137760580583
t+1,83,99,0.612234354019165,0.569742859291491
t+1,83,100,0.6055734753608704,0.6145050219484005
t+1,83,101,0.6083823442459106,0.6079966010003578
t+1,83,102,0.5382949709892273,0.6107817342211985
t+1,83,103,0.6538318991661072,0.5472124247773646
t+1,83,104,0.6221299171447754,0.6536888127245262
t+1,83,105,0.5917609333992004,0.624199028425172
t+1,83,106,0.6088245511054993,0.5955066726354775
t+1,83,107,0.6046690940856934,0.6108878163668728
t+1,83,108,0.6220930814743042,0.6072145917384071
t+1,83,109,0.6644494533538818,0.623527170416955
t+1,83,110,0.634650468826294,0.6634279015640786
t+1,83,111,0.6526810526847839,0.6345643374150721
t+1,83,112,0.6958943009376526,0.6507655244391735
t+1,83,113,0.6821489930152893,0.6919967748459245
t+1,83,114,0.6712000370025635,0.6791837947114491
t+1,83,115,0.6768984198570251,0.6695637369132325
t+1,83,116,0.6747236251831055,0.6742191875043564
t+1,83,117,0.6971736550331116,0.6735543105282545
t+1,83,118,0.7204599380493164,0.6928794660852426
t+1,83,119,0.7260798811912537,0.71603447886412
t+1,83,120,0.6488134264945984,0.7209116518331775
t+1,83,121,0.6832020282745361,0.648828555678737
t+1,83,122,0.6896859407424927,0.6809325831041158
t+1,83,123,0.7284564971923828,0.6859826733497137
t+1,83,124,0.7220889329910278,0.7278243822270403
t+1,83,125,0.7550848722457886,0.717894223293675
t+1,83,126,0.7699795365333557,0.7468669147587726
t+1,83,127,0.6973901987075806,0.7578093647811189
t+1,83,128,0.7162885069847107,0.6940961307591574
t+1,83,129,0.7593672275543213,0.7072784195449703
t+1,83,130,0.7823129892349243,0.7468329217979653
t+1,83,131,0.7937425374984741,0.7690672212849918
t+1,83,132,0.695106565952301,0.7797129696451409
t+1,83,133,0.7209279537200928,0.6912508287356378
t+1,83,134,0.7233646512031555,0.7161105941109762
t+1,83,135,0.7258507609367371,0.7181986020221127
t+1,83,136,0.8353650569915771,0.7196142598373522
t+1,83,137,0.7751798629760742,0.8223716430089688
t+1,83,138,0.7601643204689026,0.7619504140749584
t+1,83,139,0.7237518429756165,0.7503733654234246
t+1,83,140,0.8024316430091858,0.7152116603269348
t+1,83,141,0.729516863822937,0.7896388175160634
t+1,83,142,0.7137501835823059,0.7260893149802291
t+1,83,143,0.7175807356834412,0.7072892701812616
t+1,83,144,0.7285674810409546,0.711131007202828
t+1,83,145,0.6759939193725586,0.72410543680488
t+1,83,146,0.7275206446647644,0.6756954840005046
t+1,83,147,0.7106029987335205,0.7260055735807344
t+1,83,148,0.6823193430900574,0.7063409604864364
t+1,83,149,0.7506522536277771,0.6770968368449698
t+1,83,150,0.6094997525215149,0.7377061200786179
t+1,83,151,0.6686477661132812,0.6122974728433943
t+1,83,152,0.6893033385276794,0.6671649947628957
t+1,83,153,0.6825998425483704,0.6864283400713709
t+1,83,154,0.6806365847587585,0.6774756073598298
t+1,83,155,0.6134477853775024,0.6782634763280188
t+1,83,156,0.6318886876106262,0.6147556316064862
t+1,83,157,0.6745889186859131,0.6331222299635203
t+1,83,158,0.65875643491745,0.6705955653590703
t+1,83,159,0.6837878823280334,0.6568556643737383
t+1,83,160,0.6892660856246948,0.6807817597112723
t+1,83,161,0.6768269538879395,0.6874878571167357
t+1,83,162,0.7076432704925537,0.673737556997216
t+1,83,163,0.6960387229919434,0.701682857143723
t+1,83,164,0.6100995540618896,0.6926620647004251
t+1,83,165,0.6549047827720642,0.6128882708318197
t+1,83,166,0.5730913281440735,0.6536284020780306
t+1,83,167,0.5977627635002136,0.5787044636709521
t+1,83,168,0.6222636699676514,0.6004908638375084
t+1,83,169,0.6036070585250854,0.6234353029221832
t+1,83,170,0.5729261636734009,0.6056336920961194
t+1,83,171,0.6044152975082397,0.5783312919453317
t+1,83,172,0.6143606901168823,0.6079311890474022
t+1,83,173,0.5866727828979492,0.6168216129086335
t+1,83,174,0.587147057056427,0.5910678003941917
t+1,83,175,0.6025752425193787,0.5913045587232999
t+1,83,176,0.6106033325195312,0.6053336534154781
t+1,83,177,0.6691328883171082,0.6128866375782616
t+1,83,178,0.5881526470184326,0.6688591425155866
t+1,83,179,0.5897340774536133,0.5919826857228977
t+1,83,180,0.570036768913269,0.5935696050738926
t+1,83,181,0.5935079455375671,0.5757333122813497
t+1,83,182,0.5995336174964905,0.5972093520453287
t+1,83,183,0.7144164443016052,0.6030989462542967
t+1,83,184,0.6558974981307983,0.7078596124760338
t+1,83,185,0.5839918255805969,0.6539159122078614
t+1,83,186,0.6052359342575073,0.588148742510765
t+1,83,187,0.6498817205429077,0.6081900667872989
t+1,83,188,0.5836033225059509,0.6488123127662878
t+1,83,189,0.6490206122398376,0.5880061725173946
t+1,83,190,0.6538680791854858,0.6488612144994745
t+1,83,191,0.6636053323745728,0.6528507933156419
t+1,83,192,0.656600296497345,0.6620202815326763
t+1,83,193,0.6108061075210571,0.6541418642563493
t+1,83,194,0.6454904079437256,0.6130049992980139
t+1,83,195,0.6359360218048096,0.644877237726855
t+1,83,196,0.6135773658752441,0.6348650207642549
t+1,83,197,0.6870871186256409,0.6155345137120115
t+1,83,198,0.6628853678703308,0.6839247606365241
t+1,83,199,0.6645203828811646,0.6602648619673711
t+1,83,200,0.616977870464325,0.6620835584515058
t+1,83,201,0.6898699998855591,0.6195040090164343
t+1,83,202,0.6544792056083679,0.6871835592893961
t+1,83,203,0.6266350746154785,0.653301919883716
t+1,83,204,0.6946264505386353,0.6282809671447899
t+1,83,205,0.6252698302268982,0.6903080383421188
t+1,83,206,0.6502421498298645,0.6258091008883289
t+1,83,207,0.6866668462753296,0.6481785479170654
t+1,83,208,0.7076451182365417,0.6844708284453119
t+1,83,209,0.6455736756324768,0.7033790869468004
t+1,83,210,0.7061132788658142,0.6451178957446234
t+1,83,211,0.7286602258682251,0.6988299405192882
t+1,83,212,0.7351614832878113,0.7235841327172903
t+1,83,213,0.6893840432167053,0.7270002152377645
t+1,83,214,0.6137698292732239,0.686031268012319
t+1,83,215,0.7174543738365173,0.615693168722787
t+1,83,216,0.7193742394447327,0.7107773339918337
t+1,83,217,0.698657214641571,0.7142452748639743
t+1,83,218,0.7212420105934143,0.6942974373659252
t+1,83,219,0.7266510128974915,0.7170135034233469
t+1,83,220,0.6776638627052307,0.7199140979068056
t+1,83,221,0.6503816843032837,0.6730750232741325
t+1,83,222,0.6888995170593262,0.6497106536023752
t+1,83,223,0.6956358551979065,0.6848885296111502
t+1,83,224,0.7559584379196167,0.691941652962634
t+1,83,225,0.6874715685844421,0.740832225815999
t+1,83,226,0.705336332321167,0.683981655335896
t+1,83,227,0.6833245158195496,0.7027763799777031
t+1,83,228,0.6970237493515015,0.6793711992638785
t+1,83,229,0.7254590392112732,0.6917575135430103
t+1,83,230,0.6676826477050781,0.7182741086736926
t+1,83,231,0.6121949553489685,0.6650574281361034
t+1,83,232,0.6120196580886841,0.614185342294362
t+1,83,233,0.6476866602897644,0.6142333591701191
t+1,83,234,0.713353157043457,0.647585388512935
t+1,83,235,0.7131970524787903,0.7065092800026255
t+1,83,236,0.6919280290603638,0.7096496954378935
t+1,83,237,0.6023925542831421,0.6899065443453805
t+1,83,238,0.6709839701652527,0.6053577485625227
t+1,83,239,0.6588706374168396,0.6705373658336947
t+1,83,240,0.617517352104187,0.657715187481069
t+1,83,241,0.6241234540939331,0.6190344700044096
t+1,83,242,0.6063567399978638,0.6253254226543362
t+1,83,243,0.5676238536834717,0.6080187178726004
t+1,83,244,0.6391928791999817,0.573468982152043
t+1,83,245,0.6032111644744873,0.6387315245763411
t+1,83,246,0.644899845123291,0.6063974314708076
t+1,83,247,0.5619661211967468,0.6426026785303256
t+1,83,248,0.543193519115448,0.5683388797692659
t+1,83,249,0.6366094946861267,0.5514307754176704
t+1,83,250,0.601345956325531,0.6362923029657984
t+1,83,251,0.6051770448684692,0.6046696401847403
t+1,83,252,0.5072581171989441,0.6078503206912196
t+1,83,253,0.5207852721214294,0.5183260200370816
t+1,83,254,0.5799077749252319,0.5312706982900174
t+1,83,255,0.5474904775619507,0.5847116330481786
t+1,83,256,0.4997753500938415,0.5551067851442815
t+1,83,257,0.4260937869548797,0.49206507500472807
t+1,83,258,0.4699016213417053,0.4257839055479925
t+1,83,259,0.4649396538734436,0.46544305791197654
t+1,83,260,0.4462313950061798,0.46142669024978483
t+1,83,261,0.4715268313884735,0.44457146377125706
t+1,83,262,0.5067886710166931,0.46813864007567585
t+1,83,263,0.459496408700943,0.5180158532904866
t+1,83,264,0.4188981652259826,0.456440697218102
t+1,83,265,0.4646623730659485,0.4215575346398967
t+1,83,266,0.4301708936691284,0.4612838975037295
t+1,83,267,0.4648493528366089,0.43272412777064967
t+1,83,268,0.4805499315261841,0.46211249607449784
t+1,83,269,0.4064972400665283,0.4757448081055165
t+1,83,270,0.3577718734741211,0.40900103523142795
t+1,83,271,0.4016129970550537,0.3665365588187863
t+1,83,272,0.3847740888595581,0.4040860558453965
t+1,83,273,0.3501970171928406,0.3927432512299586
t+1,83,274,0.4519353806972503,0.3586088639623733
t+1,83,275,0.4194098114967346,0.4499128713303145
t+1,83,276,0.4252746403217315,0.4199084662641202
t+1,83,277,0.3576796948909759,0.4261087639641982
t+1,83,278,0.4096558690071106,0.367364582914675
t+1,83,279,0.3536595106124878,0.4131927136331701
t+1,83,280,0.4047606587409973,0.36310378883516503
t+1,83,281,0.3660492300987243,0.408144617433584
t+1,83,282,0.382187932729721,0.3730087571575746
t+1,83,283,0.3746121525764465,0.38763604108515193
t+1,83,284,0.3861190676689148,0.3817133416498178
t+1,83,285,0.3204519152641296,0.39490025596061623
t+1,83,286,0.3020198047161102,0.33576086832074475
t+1,83,287,0.3290484845638275,0.3204211043285814
t+1,83,288,0.3848394453525543,0.3407110960392901
t+1,83,289,0.3206633031368255,0.3894001433660481
t+1,84,0,0.3090295493602752,0.3274072440783754
t+1,84,1,0.3869508802890777,0.3274025522445854
t+1,84,2,0.3373607397079468,0.3925507150620037
t+1,84,3,0.2597066164016723,0.3544262057362532
t+1,84,4,0.3280855417251587,0.2842928811273313
t+1,84,5,0.3457939028739929,0.3393385018794915
t+1,84,6,0.2919804453849792,0.35855942277647573
t+1,84,7,0.3103758692741394,0.30977954952808573
t+1,84,8,0.3260398805141449,0.32716491138748904
t+1,84,9,0.2590573728084564,0.33856282791834214
t+1,84,10,0.2334595620632171,0.284396321777101
t+1,84,11,0.3371576964855194,0.26574650654125237
t+1,84,12,0.2928961515426636,0.3481969420099369
t+1,84,13,0.3024704158306122,0.3117866630151408
t+1,84,14,0.2635688781738281,0.3202062997861176
t+1,84,15,0.2659800946712494,0.285658013732125
t+1,84,16,0.2782478034496307,0.2884416769344559
t+1,84,17,0.2659871876239776,0.3020702309086979
t+1,84,18,0.2744947671890259,0.28910725895712663
t+1,84,19,0.3354778885841369,0.29880903730512287
t+1,84,20,0.3106091022491455,0.3474545343026355
t+1,84,21,0.3575336635112762,0.3290451601980871
t+1,84,22,0.3582018613815307,0.36839760445145964
t+1,84,23,0.2967589199542999,0.3687564691295565
t+1,84,24,0.3466182053089142,0.31072469179889334
t+1,84,25,0.3211387991905212,0.35854106067242597
t+1,84,26,0.3441083133220672,0.33499607064161463
t+1,84,27,0.2234925627708435,0.3570587158160529
t+1,84,28,0.3030866980552673,0.251486944688026
t+1,84,29,0.3784258663654327,0.31957564169179015
t+1,84,30,0.342093288898468,0.3863753788626868
t+1,84,31,0.3688343167304992,0.3555313234368668
t+1,84,32,0.3916927278041839,0.37877317159851076
t+1,84,33,0.3861893117427826,0.3955947390818436
t+1,84,34,0.3410302102565765,0.39105134350872034
t+1,84,35,0.3491488099098205,0.3506332760417521
t+1,84,36,0.3272924423217773,0.36123904460099826
t+1,84,37,0.3610928952693939,0.3388617472458596
t+1,84,38,0.3351210951805115,0.3703895875022198
t+1,84,39,0.4128882884979248,0.347119792626988
t+1,84,40,0.36161008477211,0.4149410183407417
t+1,84,41,0.4163956940174103,0.36859673822000155
t+1,84,42,0.4052112698554992,0.41840663101711423
t+1,84,43,0.3563973009586334,0.4078906812743858
t+1,84,44,0.2868762910366058,0.36437811453794333
t+1,84,45,0.4160508215427398,0.305539004618416
t+1,84,46,0.2704551517963409,0.4203991864799986
t+1,84,47,0.416361927986145,0.29657684781324484
t+1,84,48,0.2648134529590606,0.4208344498081411
t+1,84,49,0.3461365103721618,0.2867214720473416
t+1,84,50,0.4142807722091675,0.35518903292204995
t+1,84,51,0.4034440219402313,0.41684295788749387
t+1,84,52,0.3234583139419555,0.40772676269990077
t+1,84,53,0.3409254848957062,0.3391619956367774
t+1,84,54,0.3641291260719299,0.3537416710227963
t+1,84,55,0.3645561635494232,0.3717316074856224
t+1,84,56,0.4262700378894806,0.3725550395602232
t+1,84,57,0.3429348170757293,0.42736118951550506
t+1,84,58,0.4423918128013611,0.35575277275953776
t+1,84,59,0.3799946010112762,0.44078652823188924
t+1,84,60,0.4524700343608856,0.3852777567143887
t+1,84,61,0.4166700839996338,0.4497248676679761
t+1,84,62,0.4077500700950622,0.41846855982601233
t+1,84,63,0.3829192817211151,0.41014656517001996
t+1,84,64,0.4465935826301574,0.3891022390518604
t+1,84,65,0.4474513232707977,0.44495233164271236
t+1,84,66,0.4559327661991119,0.44520060293452546
t+1,84,67,0.433184951543808,0.4528374075583914
t+1,84,68,0.4423506259918213,0.43409904818974215
t+1,84,69,0.4216673970222473,0.44155286422887174
t+1,84,70,0.4484405815601349,0.4207106693378557
t+1,84,71,0.3940316140651703,0.44685919128651036
t+1,84,72,0.466292530298233,0.39746693615723666
t+1,84,73,0.4132792055606842,0.46292390640348985
t+1,84,74,0.4621614813804626,0.41408475212470025
t+1,84,75,0.3644017875194549,0.4583253042990374
t+1,84,76,0.4275206923484802,0.373285383259417
t+1,84,77,0.4199583232402801,0.4278496310795782
t+1,84,78,0.5083733201026917,0.4217131062957973
t+1,84,79,0.536750316619873,0.5200735103333058
t+1,84,80,0.4095156788825989,0.5461245048693013
t+1,84,81,0.4617349803447723,0.41102421918347454
t+1,84,82,0.5068368911743164,0.45793406187012764
t+1,84,83,0.4768464267253876,0.5194506583989602
t+1,84,84,0.5474590063095093,0.4718490876451962
t+1,84,85,0.4823782444000244,0.5556254914580622
t+1,84,86,0.532082736492157,0.4767252767919589
t+1,84,87,0.5516109466552734,0.5411334541386172
t+1,84,88,0.4894195795059204,0.5593348073160962
t+1,84,89,0.493786871433258,0.48263846670012006
t+1,84,90,0.5232334733009338,0.48651111895037374
t+1,84,91,0.4954186677932739,0.5334933095932577
t+1,84,92,0.5359028577804565,0.4881412555923392
t+1,84,93,0.5183039307594299,0.5448466300710926
t+1,84,94,0.5445958375930786,0.5290863504561503
t+1,84,95,0.5789815187454224,0.5529319243238358
t+1,84,96,0.5512811541557312,0.5839859545740452
t+1,84,97,0.5150208473205566,0.5586587828959668
t+1,84,98,0.5238779187202454,0.5260636705614128
t+1,84,99,0.5896919369697571,0.5340681400568819
t+1,84,100,0.554177463054657,0.5933325807252288
t+1,84,101,0.6505113244056702,0.5613347510187341
t+1,84,102,0.5575259327888489,0.6507034394756763
t+1,84,103,0.6481321454048157,0.5644205405654532
t+1,84,104,0.7015451192855835,0.6481217673725762
t+1,84,105,0.6309431195259094,0.69782338277622
t+1,84,106,0.6693698167800903,0.6317100068995152
t+1,84,107,0.6680452823638916,0.667876648497172
t+1,84,108,0.6985920071601868,0.6650499391325929
t+1,84,109,0.7575698494911194,0.6949337485515125
t+1,84,110,0.7070069313049316,0.7481717885972784
t+1,84,111,0.7525128722190857,0.7019371307360137
t+1,84,112,0.7711164951324463,0.7442340917207744
t+1,84,113,0.7471515536308289,0.7595679378742606
t+1,84,114,0.775328516960144,0.7407009269175048
t+1,84,115,0.7620783448219299,0.7602470508475256
t+1,84,116,0.7913244962692261,0.7484866266714181
t+1,84,117,0.7965555191040039,0.7754697938041764
t+1,84,118,0.7838990092277527,0.7841416560949566
t+1,84,119,0.8536019325256348,0.7707985088327681
t+1,84,120,0.8602616190910339,0.8377207315578348
t+1,84,121,0.8095176219940186,0.8439748998383848
t+1,84,122,0.922889769077301,0.8001032753630039
t+1,84,123,0.8717756271362305,0.9024004273267224
t+1,84,124,0.8833072781562805,0.8564848634668978
t+1,84,125,0.8900174498558044,0.863149867385113
t+1,84,126,0.9360905289649964,0.8711986810194037
t+1,84,127,0.899025559425354,0.9221755581835994
t+1,84,128,0.8833284974098206,0.8848150049303638
t+1,84,129,0.8777374625205994,0.8670426219292561
t+1,84,130,0.911918878555298,0.8586492656008555
t+1,84,131,0.9563152194023132,0.8990137825325043
t+1,84,132,0.9404596090316772,0.9346161576106247
t+1,84,133,0.957718789577484,0.9263556681509103
t+1,84,134,0.948171854019165,0.9428900737449375
t+1,84,135,1.0,0.9337425633889153
t+1,84,136,0.9657516479492188,0.9732840514031875
t+1,84,137,0.9691392183303832,0.9461468235666289
t+1,84,138,0.9981985092163086,0.9538277384823278
t+1,84,139,0.9977738857269288,0.9720766400705397
t+1,84,140,1.0,0.9812596263771632
t+1,84,141,1.0,0.9833914288594281
t+1,84,142,0.986448049545288,0.977130563082576
t+1,84,143,1.0,0.9652740015240864
t+1,84,144,0.9585955142974854,0.98338855882282
t+1,84,145,1.0,0.9384908981766277
t+1,84,146,0.9909291863441468,0.9833866454650811
t+1,84,147,0.9642682075500488,0.9746952805501397
t+1,84,148,0.9803814888000488,0.9491514491571373
t+1,84,149,0.9697484374046326,0.9636683691340312
t+1,84,150,1.0,0.9543999363814683
t+1,84,151,1.0,0.9800111417872052
t+1,84,152,0.9428313970565796,0.983380905391865
t+1,84,153,1.0,0.928190582380643
t+1,84,154,1.0,0.9814528661578237
t+1,84,155,0.9649089574813844,0.9819334409480299
t+1,84,156,0.9280272126197816,0.9466587381427114
t+1,84,157,0.9766827821731568,0.9144216909159694
t+1,84,158,0.9431031942367554,0.9541998390874937
t+1,84,159,0.9816377758979796,0.9288635198852263
t+1,84,160,0.966306746006012,0.9593240969634922
t+1,84,161,0.977350115776062,0.9466495416993823
t+1,84,162,0.9281340837478638,0.9616713288980022
t+1,84,163,0.9693515300750732,0.9064780627578195
t+1,84,164,1.0,0.9540062809324952
t+1,84,165,0.865571141242981,0.983368468566563
t+1,84,166,0.8497396111488342,0.8479204641906635
t+1,84,167,0.9699724912643432,0.8375160746189986
t+1,84,168,0.9118040800094604,0.9519075195860285
t+1,84,169,0.9732986688613892,0.895411929890797
t+1,84,170,0.9100133180618286,0.9568781648963895
t+1,84,171,0.8452412486076355,0.8937121841319136
t+1,84,172,0.8309721946716309,0.8288873088507024
t+1,84,173,0.8656854629516602,0.8155314650594401
t+1,84,174,0.9307070970535278,0.8510160521341719
t+1,84,175,0.8811399340629578,0.9169719686879392
t+1,84,176,0.8584480881690979,0.869482573535319
t+1,84,177,0.9627841114997864,0.8441674158443142
t+1,84,178,0.8818169236183167,0.9402148816563975
t+1,84,179,0.8841939568519592,0.87012830496924
t+1,84,180,0.8538246750831604,0.8685173375166142
t+1,84,181,0.9177463054656982,0.8391507623621102
t+1,84,182,0.8462536334991455,0.9041575082219098
t+1,84,183,0.8469944596290588,0.829512891592333
t+1,84,184,0.8304295539855957,0.8358247102587409
t+1,84,185,0.805879533290863,0.8176572784746232
t+1,84,186,0.8468602895736694,0.7936344384881264
t+1,84,187,0.782307505607605,0.830700356450982
t+1,84,188,0.8206443786621094,0.7690075843526284
t+1,84,189,0.7746988534927368,0.8018869025270036
t+1,84,190,0.7382451295852661,0.7600602135095471
t+1,84,191,0.7543999552726746,0.7319569138988238
t+1,84,192,0.7448028922080994,0.741329417220949
t+1,84,193,0.8050300478935242,0.7368468504271742
t+1,84,194,0.665279746055603,0.7867126125218775
t+1,84,195,0.7257853150367737,0.6625599068678204
t+1,84,196,0.8009005784988403,0.7237713767242852
t+1,84,197,0.8050910234451294,0.7920656926512158
t+1,84,198,0.7805954813957214,0.792879728938361
t+1,84,199,0.7992739677429199,0.7726551625845292
t+1,84,200,0.7358545660972595,0.7863570807928145
t+1,84,201,0.7324094176292419,0.7289714061082222
t+1,84,202,0.7353204488754272,0.7280133520137846
t+1,84,203,0.7555311322212219,0.7297967932221433
t+1,84,204,0.6947510838508606,0.7478484959026293
t+1,84,205,0.7600277066230774,0.6921480035450419
t+1,84,206,0.810079038143158,0.7486685841997361
t+1,84,207,0.7082661986351013,0.7940446187722204
t+1,84,208,0.7786410450935364,0.7045907788983828
t+1,84,209,0.7894477248191833,0.7669917775391885
t+1,84,210,0.6932916641235352,0.7758862611103158
t+1,84,211,0.7762575745582581,0.6895016851051491
t+1,84,212,0.7599809169769287,0.7607754303427692
t+1,84,213,0.7276799082756042,0.7499139456548248
t+1,84,214,0.7580689191818237,0.7241107834206593
t+1,84,215,0.733849823474884,0.7500386408402793
t+1,84,216,0.7441631555557251,0.7269181033487898
t+1,84,217,0.7666788101196289,0.7392111806463353
t+1,84,218,0.7057327628135681,0.7535271657330057
t+1,84,219,0.7494338154792786,0.7014406696822578
t+1,84,220,0.739557683467865,0.7412929324768966
t+1,84,221,0.7714859843254089,0.7362402624550891
t+1,84,222,0.6755991578102112,0.7584373516746049
t+1,84,223,0.679422914981842,0.6740242530950662
t+1,84,224,0.6842879056930542,0.6774541001853156
t+1,84,225,0.71833735704422,0.6788012263388916
t+1,84,226,0.7368757724761963,0.7144645551761337
t+1,84,227,0.6654563546180725,0.7295090963051613
t+1,84,228,0.6926705241203308,0.6623552233773891
t+1,84,229,0.744115948677063,0.690326163122432
t+1,84,230,0.7182289958000183,0.7373688236633036
t+1,84,231,0.6714566349983215,0.7145282323964697
t+1,84,232,0.6244763731956482,0.6727576114115725
t+1,84,233,0.6652823686599731,0.6256577035905849
t+1,84,234,0.651286780834198,0.662191459665803
t+1,84,235,0.6734586358070374,0.6512011382465364
t+1,84,236,0.7102919816970825,0.6719000520628421
t+1,84,237,0.635079562664032,0.7062890914105089
t+1,84,238,0.6075491905212402,0.635221836562423
t+1,84,239,0.6703881621360779,0.6105060215544521
t+1,84,240,0.6592382788658142,0.6663558636566134
t+1,84,241,0.688072919845581,0.6580534366914493
t+1,84,242,0.610814094543457,0.6845205328928238
t+1,84,243,0.6327936053276062,0.6133217791010832
t+1,84,244,0.5555737614631653,0.633199876722834
t+1,84,245,0.6925021409988403,0.5625970310561383
t+1,84,246,0.5394546985626221,0.690011388662811
t+1,84,247,0.5678358674049377,0.5481457924394404
t+1,84,248,0.519152045249939,0.5736802642290798
t+1,84,249,0.5104865431785583,0.5291985647731733
t+1,84,250,0.5069911479949951,0.5224810528672081
t+1,84,251,0.56072598695755,0.5191714385470484
t+1,84,252,0.5148293375968933,0.567231236775767
t+1,84,253,0.5441178679466248,0.5260740649339944
t+1,84,254,0.5084571242332458,0.552236525779527
t+1,84,255,0.5124368071556091,0.5199185335394745
t+1,84,256,0.4732552170753479,0.5240404841793904
t+1,84,257,0.447010338306427,0.46734328864328056
t+1,84,258,0.4888657629489898,0.4454018160663352
t+1,84,259,0.5214990377426147,0.4821427011691936
t+1,84,260,0.4029371440410614,0.5314285602262312
t+1,84,261,0.4033330976963043,0.40707708973842394
t+1,84,262,0.5017778277397156,0.4070701166212278
t+1,84,263,0.4873807430267334,0.514075648084648
t+1,84,264,0.4627583920955658,0.4821679993945079
t+1,84,265,0.3959965705871582,0.4593591939840563
t+1,84,266,0.4218454658985138,0.3997936111813619
t+1,84,267,0.4285750389099121,0.4224241105571823
t+1,84,268,0.4507934749126434,0.43011903985783867
t+1,84,269,0.4357842206954956,0.4472591962622544
t+1,84,270,0.3459863662719726,0.43464166951573685
t+1,84,271,0.3470467925071716,0.35678015280336506
t+1,84,272,0.3840548694133758,0.35892359545676417
t+1,84,273,0.3751449584960937,0.3915123058690782
t+1,84,274,0.4174605309963226,0.38114696672773524
t+1,84,275,0.4245987236499786,0.41815620215384774
t+1,84,276,0.3936879932880401,0.4259716749317703
t+1,84,277,0.307133287191391,0.3979088139745699
t+1,84,278,0.3425671756267547,0.32291432552996846
t+1,84,279,0.3575423955917358,0.3557098024831188
t+1,84,280,0.3186485767364502,0.36769981281106207
t+1,84,281,0.3585380613803863,0.3317283338075983
t+1,84,282,0.3155615627765655,0.36789221321954746
t+1,84,283,0.3532752096652984,0.33284155666598547
t+1,84,284,0.3710125088691711,0.36299261668017563
t+1,84,285,0.3088224530220032,0.37872904733164287
t+1,84,286,0.3653621971607208,0.32524948455062674
t+1,84,287,0.2631274163722992,0.37503796663569344
t+1,84,288,0.2881471812725067,0.28567567795087306
t+1,84,289,0.3778850138187408,0.30520309399536083
t+1,85,0,0.2408831864595413,0.27862678298158
t+1,85,1,0.3216919898986816,0.2667693975783093
t+1,85,2,0.2893929779529571,0.3360472278625765
t+1,85,3,0.2469449043273925,0.3123719907508996
t+1,85,4,0.3641032874584198,0.2703259030560976
t+1,85,5,0.3479703664779663,0.3737550006754604
t+1,85,6,0.2648462951183319,0.35711233564044303
t+1,85,7,0.3010938167572021,0.28679057311698014
t+1,85,8,0.2866390645503998,0.3163752272603942
t+1,85,9,0.3288427293300628,0.3072107064302053
t+1,85,10,0.2973056137561798,0.34366574303969344
t+1,85,11,0.3019271194934845,0.3162586693835254
t+1,85,12,0.3409030139446258,0.3194395182953734
t+1,85,13,0.3251490890979767,0.35475206501968354
t+1,85,14,0.2967411279678345,0.3398870922199944
t+1,85,15,0.2740500569343567,0.31516641755788705
t+1,85,16,0.3522816896438598,0.29842570355967835
t+1,85,17,0.3376028835773468,0.36260169954949356
t+1,85,18,0.321540892124176,0.35160437134199823
t+1,85,19,0.3641106188297272,0.33751238616422985
t+1,85,20,0.375366061925888,0.37419124774649704
t+1,85,21,0.2990169823169708,0.3822154723917806
t+1,85,22,0.3552393317222595,0.31480865541135994
t+1,85,23,0.2912508845329284,0.3659124819404507
t+1,85,24,0.3588109612464905,0.3085130486713117
t+1,85,25,0.3179858922958374,0.3663285771056842
t+1,85,26,0.3587079346179962,0.3319290486766891
t+1,85,27,0.3591089844703674,0.3676025800297355
t+1,85,28,0.3106456100940704,0.3704618935477258
t+1,85,29,0.3282721042633056,0.32260133599138335
t+1,85,30,0.345074862241745,0.34445395377507926
t+1,85,31,0.3538050055503845,0.3593626474552462
t+1,85,32,0.3493655323982239,0.3634702958729641
t+1,85,33,0.3082545697689056,0.35857200424694585
t+1,85,34,0.2946597635746002,0.3235711605012177
t+1,85,35,0.3626028299331665,0.31032764869981644
t+1,85,36,0.394676148891449,0.3719532485082914
t+1,85,37,0.3770683109760284,0.4027854565919404
t+1,85,38,0.4169071018695831,0.38309200327014786
t+1,85,39,0.3688689172267914,0.4206661579711051
t+1,85,40,0.3858977556228637,0.3768447399009329
t+1,85,41,0.3347688317298889,0.39216939041796656
t+1,85,42,0.4218519628047943,0.34654984946557377
t+1,85,43,0.3530651926994324,0.42438413346308473
t+1,85,44,0.4004373252391815,0.3618644670078989
t+1,85,45,0.4606382250785827,0.40615697442305865
t+1,85,46,0.4181177616119385,0.45640334752127387
t+1,85,47,0.5357157588005066,0.4204261891268867
t+1,85,48,0.4521473348140716,0.5443659059934808
t+1,85,49,0.4577842652797699,0.4504429631966392
t+1,85,50,0.4138117134571075,0.454994651847827
t+1,85,51,0.4810064435005188,0.41425333759927624
t+1,85,52,0.4812136888504028,0.4763584561732479
t+1,85,53,0.5133638381958008,0.4756169313003458
t+1,85,54,0.5272814631462097,0.523754328667288
t+1,85,55,0.4928373098373413,0.5369789214830508
t+1,85,56,0.6077223420143127,0.4858425469882558
t+1,85,57,0.5341193079948425,0.6095583010929221
t+1,85,58,0.6337398886680603,0.5432960916336607
t+1,85,59,0.5579142570495605,0.6341673989683471
t+1,85,60,0.5867737531661987,0.5649681433282299
t+1,85,61,0.6091674566268921,0.5912443114773291
t+1,85,62,0.6088892817497253,0.6113884439117662
t+1,85,63,0.6020387411117554,0.6109397111255952
t+1,85,64,0.5700402855873108,0.6046645251744176
t+1,85,65,0.6179357171058655,0.5757895505032601
t+1,85,66,0.6565617322921753,0.6194073616260066
t+1,85,67,0.6892292499542236,0.6542274670136883
t+1,85,68,0.5753815770149231,0.6858902759318475
t+1,85,69,0.645548403263092,0.5805311514863413
t+1,85,70,0.5536928176879883,0.6456753305847194
t+1,85,71,0.5643821358680725,0.5610798705878709
t+1,85,72,0.5469687581062317,0.5706923132811172
t+1,85,73,0.5818183422088623,0.554785948308322
t+1,85,74,0.5493072271347046,0.5865930214725099
t+1,85,75,0.5040608644485474,0.5570238193509143
t+1,85,76,0.5078914761543274,0.5157753243867602
t+1,85,77,0.5450246930122375,0.519828828630686
t+1,85,78,0.5275543928146362,0.5533548420055115
t+1,85,79,0.5540993809700012,0.5375338800335138
t+1,85,80,0.5127618312835693,0.5612715529414264
t+1,85,81,0.534042239189148,0.5246139650546512
t+1,85,82,0.5903869867324829,0.5426927413556554
t+1,85,83,0.4775853753089905,0.5943388956541262
t+1,85,84,0.483967661857605,0.4711618207705482
t+1,85,85,0.4774039387702942,0.477798009993969
t+1,85,86,0.5553323030471802,0.4721545824625733
t+1,85,87,0.4987315833568573,0.5624675986778698
t+1,85,88,0.5032379627227783,0.49084701699713573
t+1,85,89,0.4735894501209259,0.5152180074726513
t+1,85,90,0.4916554391384125,0.46871570902571835
t+1,85,91,0.5413879156112671,0.48546926632573856
t+1,85,92,0.4636971056461334,0.5500825301481896
t+1,85,93,0.4544464349746704,0.4596926531827325
t+1,85,94,0.5248624086380005,0.4495193762878126
t+1,85,95,0.5952385067939758,0.534696625603308
t+1,85,96,0.5142565369606018,0.599512843308138
t+1,85,97,0.5538788437843323,0.5255415995964472
t+1,85,98,0.5734590888023376,0.5611852941896591
t+1,85,99,0.5692688226699829,0.5789201562999086
t+1,85,100,0.6221858263015747,0.5751133058802815
t+1,85,101,0.5270251631736755,0.6232388324600053
t+1,85,102,0.5787867307662964,0.5370352953539059
t+1,85,103,0.5396316051483154,0.5837088635622959
t+1,85,104,0.5346507430076599,0.548469371926022
t+1,85,105,0.5772222876548767,0.5440662787619499
t+1,85,106,0.6021949052810669,0.5823039880194599
t+1,85,107,0.5927553772926331,0.6045987049557995
t+1,85,108,0.6153526306152344,0.5963141046231789
t+1,85,109,0.6432334780693054,0.6165138516446163
t+1,85,110,0.5997374653816223,0.6432382889519038
t+1,85,111,0.6865419745445251,0.6029311851467715
t+1,85,112,0.6554638147354126,0.684176948146046
t+1,85,113,0.6622887849807739,0.6528877441802794
t+1,85,114,0.6536219716072083,0.659587271795761
t+1,85,115,0.6442446708679199,0.6516162203221584
t+1,85,116,0.7079511284828186,0.6448664841070585
t+1,85,117,0.6519138216972351,0.7045427322594641
t+1,85,118,0.7307555079460144,0.6497746280941087
t+1,85,119,0.7309861183166504,0.7265429758656012
t+1,85,120,0.6696420907974243,0.7234483530420242
t+1,85,121,0.6732867360115051,0.6671873748195927
t+1,85,122,0.6838766932487488,0.6707690748096916
t+1,85,123,0.7355490326881409,0.6807673455087868
t+1,85,124,0.7055885195732117,0.7325413075614453
t+1,85,125,0.7363371253013611,0.702799003451859
t+1,85,126,0.7245942950248718,0.7262623874170002
t+1,85,127,0.7408461570739746,0.7219996411586874
t+1,85,128,0.7096253633499146,0.7344314253663096
t+1,85,129,0.7455824017524719,0.7072143502309015
t+1,85,130,0.7182980179786682,0.736225298790368
t+1,85,131,0.7288074493408203,0.7145186611075217
t+1,85,132,0.7111488580703735,0.7234348769424795
t+1,85,133,0.7163585424423218,0.7044330728451997
t+1,85,134,0.7894689440727234,0.7103550552251507
t+1,85,135,0.7084066271781921,0.7715032700753872
t+1,85,136,0.741349458694458,0.7038371170241745
t+1,85,137,0.6769367456436157,0.7317644990003324
t+1,85,138,0.7424066662788391,0.6739852796260287
t+1,85,139,0.6826867461204529,0.7392100517817257
t+1,85,140,0.7896850109100342,0.6790023184190963
t+1,85,141,0.7454360127449036,0.7731876796089827
t+1,85,142,0.7531178593635559,0.7376789574669333
t+1,85,143,0.7196076512336731,0.7391515377723435
t+1,85,144,0.7577570676803589,0.7147027897150448
t+1,85,145,0.694739043712616,0.7431908514001402
t+1,85,146,0.73568195104599,0.6904679906797473
t+1,85,147,0.7130197882652283,0.7281073240385817
t+1,85,148,0.6604405641555786,0.7115361263359021
t+1,85,149,0.7098009586334229,0.6581925609151859
t+1,85,150,0.667306125164032,0.7046319954528049
t+1,85,151,0.6752563118934631,0.6658102176178172
t+1,85,152,0.692659854888916,0.6726732869492376
t+1,85,153,0.6786961555480957,0.690105975606775
t+1,85,154,0.6516680121421814,0.6762156082650014
t+1,85,155,0.663131833076477,0.6505742926130168
t+1,85,156,0.5541199445724487,0.6620535575088967
t+1,85,157,0.6603580713272095,0.5613349429645613
t+1,85,158,0.6794278025627136,0.6590603017509102
t+1,85,159,0.6288624405860901,0.6771403432435765
t+1,85,160,0.6528914570808411,0.6295374687795368
t+1,85,161,0.6268107295036316,0.6530537726184895
t+1,85,162,0.6562423706054688,0.626562961016784
t+1,85,163,0.61396324634552,0.6554650464006049
t+1,85,164,0.64286208152771,0.6154835590119255
t+1,85,165,0.6385948061943054,0.6429301872683745
t+1,85,166,0.6550321578979492,0.6389967293277639
t+1,85,167,0.646074652671814,0.6544431040877705
t+1,85,168,0.6582053303718567,0.643999468084555
t+1,85,169,0.6078804731369019,0.6563425019380363
t+1,85,170,0.6089959144592285,0.6100208634602311
t+1,85,171,0.604149580001831,0.6108838735435055
t+1,85,172,0.5964552164077759,0.6073350958175279
t+1,85,173,0.5156486630439758,0.600051273584112
t+1,85,174,0.6013097167015076,0.5269391347298895
t+1,85,175,0.5848973989486694,0.6044665159174513
t+1,85,176,0.5946318507194519,0.5895913075514155
t+1,85,177,0.5761880278587341,0.598043143853815
t+1,85,178,0.5730963349342346,0.5815625142092006
t+1,85,179,0.5878621935844421,0.5784774446430402
t+1,85,180,0.5408012866973877,0.5924348578243153
t+1,85,181,0.5182204842567444,0.5487015101921676
t+1,85,182,0.6380488872528076,0.5285144848179664
t+1,85,183,0.5399388074874878,0.6397740636860484
t+1,85,184,0.5572540760040283,0.548530895924791
t+1,85,185,0.5119040608406067,0.5641861695508017
t+1,85,186,0.6367816925048828,0.5233965185997048
t+1,85,187,0.6773067116737366,0.6370668460657789
t+1,85,188,0.6370826363563538,0.6724099466915039
t+1,85,189,0.6324077844619751,0.6387807943639606
t+1,85,190,0.620439350605011,0.632224904861409
t+1,85,191,0.5863428711891174,0.6229188205430302
t+1,85,192,0.6263580322265625,0.5902948354314693
t+1,85,193,0.5698826909065247,0.6261276416838271
t+1,85,194,0.6806033253669739,0.5755528344504919
t+1,85,195,0.600042462348938,0.6801163362770489
t+1,85,196,0.5899943709373474,0.6034791482366382
t+1,85,197,0.6567063331604004,0.593789182820117
t+1,85,198,0.6602951288223267,0.6549449652989362
t+1,85,199,0.6131295561790466,0.6589630706586848
t+1,85,200,0.6203474998474121,0.6153363169971022
t+1,85,201,0.6175327301025391,0.6214099737272003
t+1,85,202,0.6286581754684448,0.6188524429948405
t+1,85,203,0.6697224378585815,0.6292390218936187
t+1,85,204,0.6250464916229248,0.6676460108134062
t+1,85,205,0.6965975165367126,0.6264073265240211
t+1,85,206,0.7035382390022278,0.6916816692177497
t+1,85,207,0.6887638568878174,0.6995735849251169
t+1,85,208,0.6771620512008667,0.6838182084059355
t+1,85,209,0.6029368042945862,0.6749944815851062
t+1,85,210,0.6902325749397278,0.6057143092608788
t+1,85,211,0.6877644062042236,0.6836259733252769
t+1,85,212,0.7121922373771667,0.6838567630734165
t+1,85,213,0.7045737504959106,0.7079169641681814
t+1,85,214,0.6913555860519409,0.7020734011927644
t+1,85,215,0.7155682444572449,0.6899519329861018
t+1,85,216,0.7286565899848938,0.7093832398761939
t+1,85,217,0.6246933341026306,0.7237572599877573
t+1,85,218,0.7899852395057678,0.6256722389130176
t+1,85,219,0.7414621114730835,0.7763789466264178
t+1,85,220,0.6806319952011108,0.7376516682597665
t+1,85,221,0.6845424771308899,0.6792213611706405
t+1,85,222,0.7138336896896362,0.6814186718193663
t+1,85,223,0.7089660167694092,0.7066295505793467
t+1,85,224,0.7709736227989197,0.7052273628300705
t+1,85,225,0.687004029750824,0.7570458709994128
t+1,85,226,0.7003841996192932,0.6851733295007635
t+1,85,227,0.6946234107017517,0.6976805153628527
t+1,85,228,0.7091525197029114,0.6910014448046584
t+1,85,229,0.725053608417511,0.7049171474147274
t+1,85,230,0.6995734572410583,0.7216258216298622
t+1,85,231,0.6663265228271484,0.6955767161122243
t+1,85,232,0.6957055330276489,0.6672980109082897
t+1,85,233,0.6569865345954895,0.693445865581896
t+1,85,234,0.6734269261360168,0.6556765575641644
t+1,85,235,0.6427282094955444,0.6721119156327309
t+1,85,236,0.6444112658500671,0.6436873185620998
t+1,85,237,0.6945911645889282,0.642703463066844
t+1,85,238,0.6683496832847595,0.6899568129103026
t+1,85,239,0.5833709239959717,0.6672640254321105
t+1,85,240,0.6238833069801331,0.5874181157568628
t+1,85,241,0.7042062878608704,0.6248446574279178
t+1,85,242,0.6533228158950806,0.6995424574503771
t+1,85,243,0.6490866541862488,0.6520059313859192
t+1,85,244,0.5950582027435303,0.6481245789191146
t+1,85,245,0.6905631422996521,0.5987330883585832
t+1,85,246,0.6664869785308838,0.6886204940646837
t+1,85,247,0.6326026916503906,0.6645107347237197
t+1,85,248,0.643217146396637,0.633321240976062
t+1,85,249,0.6493759751319885,0.6426564689517865
t+1,85,250,0.6582733988761902,0.6489453231388063
t+1,85,251,0.6451696753501892,0.6558091453655946
t+1,85,252,0.5948621034622192,0.6445289098405487
t+1,85,253,0.6398168802261353,0.5979132502027968
t+1,85,254,0.5818926095962524,0.6409517366982341
t+1,85,255,0.6549302935600281,0.5864686568381242
t+1,85,256,0.5884889364242554,0.6537651373508444
t+1,85,257,0.6182299256324768,0.5923415623439786
t+1,85,258,0.5641838312149048,0.6196094534600534
t+1,85,259,0.5726664662361145,0.5703371468541247
t+1,85,260,0.546334445476532,0.5780810157262224
t+1,85,261,0.5802105069160461,0.5540468964142463
t+1,85,262,0.5430542230606079,0.5846747302101167
t+1,85,263,0.5837442874908447,0.5511714572111632
t+1,85,264,0.5497528910636902,0.588145970317424
t+1,85,265,0.5119702816009521,0.5571297662509367
t+1,85,266,0.5339450836181641,0.5225611142736553
t+1,85,267,0.516599178314209,0.5430748665782051
t+1,85,268,0.4814682602882385,0.5274342782603436
t+1,85,269,0.4857414364814758,0.4767460398744006
t+1,85,270,0.5123878121376038,0.4797491283365714
t+1,85,271,0.4533734321594238,0.5238082957670036
t+1,85,272,0.4641579985618591,0.4499666577143
t+1,85,273,0.4448389112949371,0.45960192032613373
t+1,85,274,0.4776682257652282,0.4426490714225817
t+1,85,275,0.4112662971019745,0.47288666184319106
t+1,85,276,0.456456184387207,0.41309368572641963
t+1,85,277,0.4357622563838959,0.452868089750205
t+1,85,278,0.3421161770820617,0.4340431365921976
t+1,85,279,0.4325590133666992,0.35235737190717464
t+1,85,280,0.4350280463695526,0.43290189277383645
t+1,85,281,0.3323806226253509,0.4346689947032805
t+1,85,282,0.4061061143875122,0.3459988608067586
t+1,85,283,0.3911747634410858,0.4107456799598298
t+1,85,284,0.3670359849929809,0.3995006710693606
t+1,85,285,0.384024828672409,0.37366911127711794
t+1,85,286,0.4043361246585846,0.39087333398040974
t+1,85,287,0.3679437041282654,0.40882611893316406
t+1,85,288,0.3554543852806091,0.3768746675889457
t+1,85,289,0.335071861743927,0.3619099885345066
t+1,86,0,0.248634934425354,0.33494801746891456
t+1,86,1,0.277019739151001,0.2714709370598301
t+1,86,2,0.3259996473789215,0.29942595807037675
t+1,86,3,0.3605213761329651,0.3427604680865193
t+1,86,4,0.2979192435741424,0.36946360200753225
t+1,86,5,0.3358434736728668,0.3141450368947335
t+1,86,6,0.3527739644050598,0.3470322775177339
t+1,86,7,0.30595862865448,0.3658627562225229
t+1,86,8,0.3353493809700012,0.3249983656932794
t+1,86,9,0.3598250150680542,0.3493821194931187
t+1,86,10,0.3736912608146667,0.3688392477339422
t+1,86,11,0.3220770061016083,0.3794647500421589
t+1,86,12,0.2912523448467254,0.3369151302132805
t+1,86,13,0.2651080191135406,0.31397305421550786
t+1,86,14,0.317026138305664,0.28668274725210974
t+1,86,15,0.275516927242279,0.33437794304941504
t+1,86,16,0.3536053299903869,0.2958585350691176
t+1,86,17,0.2802582383155823,0.36657885705523396
t+1,86,18,0.3100194931030273,0.3006667943882403
t+1,86,19,0.304796814918518,0.3271228661813378
t+1,86,20,0.3741020262241363,0.3228220161278802
t+1,86,21,0.3388349711894989,0.3806677479820295
t+1,86,22,0.3520027101039886,0.3526814419244866
t+1,86,23,0.3463060259819031,0.359994157620451
t+1,86,24,0.2923073172569275,0.36261847806173264
t+1,86,25,0.2930857241153717,0.3115588113662071
t+1,86,26,0.4053330421447754,0.31404549558904293
t+1,86,27,0.3368337750434875,0.407662207599863
t+1,86,28,0.3403298854827881,0.35041558681776375
t+1,86,29,0.2963769435882568,0.3522475999449814
t+1,86,30,0.3442853689193725,0.31542578051839154
t+1,86,31,0.3491473793983459,0.3547704390163517
t+1,86,32,0.3407860398292541,0.3595712873837903
t+1,86,33,0.3375900983810425,0.35041665878465045
t+1,86,34,0.3605215847492218,0.35006941298882666
t+1,86,35,0.3566792905330658,0.36920809856021025
t+1,86,36,0.3712740242481231,0.3671712737432218
t+1,86,37,0.3225443065166473,0.3806972826604117
t+1,86,38,0.3109581470489502,0.33462174583875526
t+1,86,39,0.3662992417812347,0.324557764557762
t+1,86,40,0.3657407760620117,0.37697799556876643
t+1,86,41,0.3923577070236206,0.3756066905589929
t+1,86,42,0.371993213891983,0.395991945101736
t+1,86,43,0.3629066348075866,0.3811107324716068
t+1,86,44,0.3058160245418548,0.37199107928644326
t+1,86,45,0.3727141916751861,0.3251250565160439
t+1,86,46,0.2995397448539734,0.3785546306138594
t+1,86,47,0.4353666305541992,0.31466212214753886
t+1,86,48,0.4200557172298431,0.4337623688017392
t+1,86,49,0.437212586402893,0.42150737212872946
t+1,86,50,0.4075237512588501,0.43712507411537427
t+1,86,51,0.3940956592559814,0.410477321038584
t+1,86,52,0.3858923017978668,0.40188793515023
t+1,86,53,0.4311588704586029,0.3939347186423577
t+1,86,54,0.4259069263935089,0.4311318046314729
t+1,86,55,0.451604425907135,0.42596352327857356
t+1,86,56,0.4767382442951202,0.45032792418048817
t+1,86,57,0.4444444179534912,0.4723623888392504
t+1,86,58,0.4874519109725952,0.4419677658396237
t+1,86,59,0.4988664090633392,0.48097210710740196
t+1,86,60,0.4731066823005676,0.4917258430998751
t+1,86,61,0.4988121390342712,0.4700335367744377
t+1,86,62,0.4156916439533233,0.4910910920817044
t+1,86,63,0.4599297940731048,0.4157781151938676
t+1,86,64,0.530219554901123,0.457251990546186
t+1,86,65,0.5989048480987549,0.5395646531140124
t+1,86,66,0.4898914098739624,0.6024784274730214
t+1,86,67,0.4979100525379181,0.48333516036862206
t+1,86,68,0.5180138945579529,0.4909341562718834
t+1,86,69,0.5842896699905396,0.5289519819095594
t+1,86,70,0.547989010810852,0.5886987670574229
t+1,86,71,0.5978419184684753,0.5558690171592026
t+1,86,72,0.6761962175369263,0.6013480993722744
t+1,86,73,0.6778292655944824,0.6744767607318711
t+1,86,74,0.6258755922317505,0.6728650974641001
t+1,86,75,0.6508378982543945,0.6272272641903499
t+1,86,76,0.6535926461219788,0.6513173789749885
t+1,86,77,0.7622716426849365,0.6526083969538256
t+1,86,78,0.7531633377075195,0.7502307754720813
t+1,86,79,0.7328495383262634,0.7396713069309435
t+1,86,80,0.6759456992149353,0.7292862291536614
t+1,86,81,0.697603702545166,0.6733757479931332
t+1,86,82,0.6978572607040405,0.6950730080228278
t+1,86,83,0.7657251954078674,0.6908922221355579
t+1,86,84,0.7842663526535034,0.7536605349731875
t+1,86,85,0.7941957712173462,0.7692310003623453
t+1,86,86,0.7864792346954346,0.7811944286868917
t+1,86,87,0.7682040333747864,0.7739713092766074
t+1,86,88,0.7844245433807373,0.7557407028262324
t+1,86,89,0.8267738819122314,0.7744763788800261
t+1,86,90,0.8098640441894531,0.8099423597001981
t+1,86,91,0.7890095114707947,0.8001925266312976
t+1,86,92,0.7765824198722839,0.7748462346617498
t+1,86,93,0.7690972089767456,0.7651714636010984
t+1,86,94,0.7975433468818665,0.7576962004843246
t+1,86,95,0.8085353374481201,0.783546365152869
t+1,86,96,0.8237535953521729,0.791639236729481
t+1,86,97,0.8615551590919495,0.8068424147796042
t+1,86,98,0.850592315196991,0.8435701401892405
t+1,86,99,0.8006967306137085,0.8396572765870317
t+1,86,100,0.8088565468788147,0.7859604559580088
t+1,86,101,0.7792081236839294,0.7935514035214354
t+1,86,102,0.7563031911849976,0.7681006126791652
t+1,86,103,0.7968184351921082,0.7440181449247346
t+1,86,104,0.7714390754699707,0.7833751277553372
t+1,86,105,0.8188083171844482,0.7601061427029899
t+1,86,106,0.8254382610321045,0.807302522358876
t+1,86,107,0.8231313228607178,0.8078197672508738
t+1,86,108,0.752797544002533,0.8134000820234015
t+1,86,109,0.7959428429603577,0.7403463658557349
t+1,86,110,0.7423591017723083,0.7843410967948893
t+1,86,111,0.7300894260406494,0.7370307371831736
t+1,86,112,0.7821832895278931,0.727205712637406
t+1,86,113,0.8068202137947083,0.7706472944070849
t+1,86,114,0.7658403515815735,0.7943221921593226
t+1,86,115,0.8302331566810608,0.7564074344761353
t+1,86,116,0.8541993498802185,0.8137195564499643
t+1,86,117,0.8448225259780884,0.8382847295690824
t+1,86,118,0.7727307081222534,0.8335043886496907
t+1,86,119,0.8163195848464966,0.763143570277018
t+1,86,120,0.791484534740448,0.802146608775335
t+1,86,121,0.803630530834198,0.7803791143001806
t+1,86,122,0.7653446197509766,0.7918400725668583
t+1,86,123,0.7816731333732605,0.7514935813615108
t+1,86,124,0.878733217716217,0.7636787001438243
t+1,86,125,0.8552166819572449,0.864794101945527
t+1,86,126,0.8340741991996765,0.8347329884787409
t+1,86,127,0.755986213684082,0.8181808035072331
t+1,86,128,0.7840349674224854,0.7415849908048872
t+1,86,129,0.8325924277305603,0.7697028741152862
t+1,86,130,0.7902882695198059,0.8200520320572525
t+1,86,131,0.7629184722900391,0.7759972684202396
t+1,86,132,0.7497597336769104,0.7527537912150456
t+1,86,133,0.8076013922691345,0.741676871080868
t+1,86,134,0.8021759986877441,0.7907401376449422
t+1,86,135,0.7913348078727722,0.789141799990919
t+1,86,136,0.7825229167938232,0.7819780153218897
t+1,86,137,0.8192774653434753,0.7690161258174469
t+1,86,138,0.788878858089447,0.8054641722812269
t+1,86,139,0.7614795565605164,0.773440191928737
t+1,86,140,0.7980819344520569,0.7481288078009573
t+1,86,141,0.7416008114814758,0.7886507194837754
t+1,86,142,0.6990472674369812,0.7343360076687323
t+1,86,143,0.764957845211029,0.6944315688771469
t+1,86,144,0.739187479019165,0.7548815145307557
t+1,86,145,0.766747772693634,0.731717896457551
t+1,86,146,0.6917431950569153,0.7550006530472255
t+1,86,147,0.6631312370300293,0.6889769293228489
t+1,86,148,0.7105582356452942,0.6607551037183323
t+1,86,149,0.7300015091896057,0.7075886336875206
t+1,86,150,0.6793653964996338,0.724710079322252
t+1,86,151,0.7067612409591675,0.6746817987870627
t+1,86,152,0.6816074252128601,0.7010434723488487
t+1,86,153,0.6554076075553894,0.6795520772661585
t+1,86,154,0.6892107129096985,0.6538002829721544
t+1,86,155,0.6588323712348938,0.6837251587304715
t+1,86,156,0.6597440838813782,0.6564077322649776
t+1,86,157,0.679355263710022,0.6612266930054745
t+1,86,158,0.6792317628860474,0.6742856849495595
t+1,86,159,0.6829004287719727,0.6772120406032863
t+1,86,160,0.65656578540802,0.6798322735387006
t+1,86,161,0.6404706835746765,0.655968778996816
t+1,86,162,0.6543090343475342,0.640896712344513
t+1,86,163,0.6303732991218567,0.6526887542464281
t+1,86,164,0.6401992440223694,0.6304064184846155
t+1,86,165,0.5941824913024902,0.6415607523472494
t+1,86,166,0.6044031977653503,0.5982636422365
t+1,86,167,0.6275426149368286,0.607530347403526
t+1,86,168,0.5946868658065796,0.6288096855967977
t+1,86,169,0.592835009098053,0.598497476802734
t+1,86,170,0.5684829354286194,0.5964508279403333
t+1,86,171,0.6476632356643677,0.5743356472896534
t+1,86,172,0.5771461129188538,0.6469812635469161
t+1,86,173,0.6302152276039124,0.582293773037253
t+1,86,174,0.594182550907135,0.6303983822072444
t+1,86,175,0.5810256600379944,0.5982550883989685
t+1,86,176,0.5585874319076538,0.585503611265247
t+1,86,177,0.5821516513824463,0.5653793110193659
t+1,86,178,0.5981432199478149,0.5867205911437436
t+1,86,179,0.5733755826950073,0.6008946282339341
t+1,86,180,0.570289134979248,0.5788806260865768
t+1,86,181,0.6083645820617676,0.5759685974166452
t+1,86,182,0.6585382223129272,0.6109299970648285
t+1,86,183,0.5789494514465332,0.6571518752002771
t+1,86,184,0.5552205443382263,0.5838412285787095
t+1,86,185,0.561810314655304,0.5623677700817794
t+1,86,186,0.6444274187088013,0.5682798704849961
t+1,86,187,0.5609878897666931,0.6439111757036851
t+1,86,188,0.5078450441360474,0.5675246720343412
t+1,86,189,0.5942655801773071,0.5193647449121757
t+1,86,190,0.5536075830459595,0.5979266301362586
t+1,86,191,0.6514474153518677,0.5608511438487371
t+1,86,192,0.6694729924201965,0.6497616184470985
t+1,86,193,0.6002095341682434,0.6690480448760555
t+1,86,194,0.6525466442108154,0.6035960363570381
t+1,86,195,0.6237838268280029,0.6509525269132171
t+1,86,196,0.6862812638282776,0.6259063245985755
t+1,86,197,0.6285315155982971,0.6845254143818557
t+1,86,198,0.6428033709526062,0.6293397426417819
t+1,86,199,0.5800225734710693,0.6428435632840669
t+1,86,200,0.7273865938186646,0.5846670882922352
t+1,86,201,0.7072773575782776,0.7213289055599555
t+1,86,202,0.6567370891571045,0.7020989787538973
t+1,86,203,0.6464520692825317,0.6559855035322272
t+1,86,204,0.6984462141990662,0.646472250693309
t+1,86,205,0.714849054813385,0.6951505221012863
t+1,86,206,0.6238267421722412,0.7115547739307376
t+1,86,207,0.6385817527770996,0.6258704717593437
t+1,86,208,0.6587174534797668,0.6378016616128513
t+1,86,209,0.6084877848625183,0.6582269869513472
t+1,86,210,0.730441689491272,0.6111612065053961
t+1,86,211,0.6214902997016907,0.7250612665111796
t+1,86,212,0.6899097561836243,0.6236291279009076
t+1,86,213,0.7497379779815674,0.6874868344216907
t+1,86,214,0.7417869567871094,0.7464902843492623
t+1,86,215,0.6841238737106323,0.7324798581125657
t+1,86,216,0.7000949382781982,0.6801140209541454
t+1,86,217,0.6966591477394104,0.696072408625254
t+1,86,218,0.7527952194213867,0.6936232651084375
t+1,86,219,0.7406913638114929,0.7416950267842455
t+1,86,220,0.6368454694747925,0.7310859075227214
t+1,86,221,0.732804536819458,0.637092876827553
t+1,86,222,0.781853437423706,0.7259479287490893
t+1,86,223,0.715451717376709,0.770232235099384
t+1,86,224,0.6835325956344604,0.7104353982005673
t+1,86,225,0.7642828822135925,0.679958556325048
t+1,86,226,0.6782864332199097,0.7535054690547851
t+1,86,227,0.7007512450218201,0.6767718007235604
t+1,86,228,0.6858758926391602,0.6947134083179605
t+1,86,229,0.714415967464447,0.6814365939435052
t+1,86,230,0.679938554763794,0.7109604466057072
t+1,86,231,0.7218383550643921,0.6786909424363746
t+1,86,232,0.6959193348884583,0.7142565654158716
t+1,86,233,0.6949188113212585,0.6897289429381628
t+1,86,234,0.6997774839401245,0.694580172225026
t+1,86,235,0.6652465462684631,0.6969563394560875
t+1,86,236,0.6319604516029358,0.6634906448613298
t+1,86,237,0.630885124206543,0.6317746340330044
t+1,86,238,0.6545335054397583,0.6318961133476457
t+1,86,239,0.6262404918670654,0.6527216382444592
t+1,86,240,0.6339855194091797,0.6269290332339363
t+1,86,241,0.604144275188446,0.6360551446056666
t+1,86,242,0.6069496870040894,0.607176169587263
t+1,86,243,0.5736991167068481,0.6097605368133956
t+1,86,244,0.6327283382415771,0.5790388213514316
t+1,86,245,0.5596875548362732,0.633514916293507
t+1,86,246,0.5826773643493652,0.5663052018025861
t+1,86,247,0.6100137233734131,0.5869139486861744
t+1,86,248,0.5635133385658264,0.6117290265629773
t+1,86,249,0.5123588442802429,0.5697260734506622
t+1,86,250,0.5329420566558838,0.523860391654885
t+1,86,251,0.5065218210220337,0.5422210668322084
t+1,86,252,0.5644110441207886,0.5177186324436683
t+1,86,253,0.5100487470626831,0.5705582288661866
t+1,86,254,0.4903767108917236,0.5205722214279945
t+1,86,255,0.4475681185722351,0.4822752389796402
t+1,86,256,0.4819744527339935,0.44590232209142816
t+1,86,257,0.5385992527008057,0.47610685566555805
t+1,86,258,0.512694239616394,0.5470478644479618
t+1,86,259,0.4573507010936737,0.5236337762108146
t+1,86,260,0.5143495798110962,0.4547619168290648
t+1,86,261,0.4902649223804474,0.5253010089355861
t+1,86,262,0.4296135604381561,0.48365033258897483
t+1,86,263,0.3994342386722564,0.4299958611606591
t+1,86,264,0.4391220211982727,0.4026854331763367
t+1,86,265,0.491821676492691,0.4387610464887145
t+1,86,266,0.3909986019134521,0.48286634591883276
t+1,86,267,0.4179359674453735,0.3959019661318155
t+1,86,268,0.4922537505626678,0.4207030857813437
t+1,86,269,0.4502978026866913,0.4859943514106804
t+1,86,270,0.4955378770828247,0.4484556578018458
t+1,86,271,0.4467291831970215,0.4893806548494939
t+1,86,272,0.4751920402050018,0.4444838689380722
t+1,86,273,0.4779287576675415,0.46998381073546913
t+1,86,274,0.3899033367633819,0.4735047153660052
t+1,86,275,0.4942851662635803,0.3954994723278741
t+1,86,276,0.4295566976070404,0.4869407149520939
t+1,86,277,0.4741455614566803,0.4282855776176686
t+1,86,278,0.4435823261737823,0.46913695769567454
t+1,86,279,0.533859372138977,0.4420492119368882
t+1,86,280,0.4194510877132416,0.5432590679095823
t+1,86,281,0.5069314241409302,0.4192974913273169
t+1,86,282,0.4467724859714508,0.5190242971303065
t+1,86,283,0.4381650984287262,0.44503469078840047
t+1,86,284,0.4162781536579132,0.43719005194468746
t+1,86,285,0.4590961635112762,0.41938393813413616
t+1,86,286,0.5098627209663391,0.45606143275856376
t+1,86,287,0.4329353868961334,0.5206735891230396
t+1,86,288,0.5717045068740845,0.4346885143093489
t+1,86,289,0.5419456958770752,0.5771218458413048
t+1,87,0,0.2448954880237579,0.3208441154719756
t+1,87,1,0.2939430773258209,0.2685195023332612
t+1,87,2,0.2976603806018829,0.310320360652347
t+1,87,3,0.3279819190502167,0.3189422512108261
t+1,87,4,0.2943626344203949,0.3410810924213798
t+1,87,5,0.3000553846359253,0.31487950657127906
t+1,87,6,0.28311687707901,0.3189687366642378
t+1,87,7,0.2833133041858673,0.3047498942262641
t+1,87,8,0.331951767206192,0.3033633020997135
t+1,87,9,0.3422831594944,0.34536709115955255
t+1,87,10,0.3781936764717102,0.3512861506615365
t+1,87,11,0.3254862129688263,0.3884598445903826
t+1,87,12,0.3188015520572662,0.3391266872227668
t+1,87,13,0.3417248427867889,0.33266517813950464
t+1,87,14,0.3665553629398346,0.3537433661853832
t+1,87,15,0.3084195256233215,0.3756908255159374
t+1,87,16,0.2298859059810638,0.3268550585578033
t+1,87,17,0.3055950701236725,0.2626649447481707
t+1,87,18,0.310266762971878,0.32151658100210173
t+1,87,19,0.3594435453414917,0.32593187644834776
t+1,87,20,0.3076466619968414,0.3680363483117692
t+1,87,21,0.3333837985992431,0.32418305310343887
t+1,87,22,0.3833883106708526,0.3512279610138648
t+1,87,23,0.3581154942512512,0.3875513317197716
t+1,87,24,0.3201003968715668,0.3702802267261487
t+1,87,25,0.3401918709278106,0.3327230662612856
t+1,87,26,0.3959469795227051,0.3531224295657294
t+1,87,27,0.3421288728713989,0.3982964081709252
t+1,87,28,0.3316528797149658,0.35310157214636373
t+1,87,29,0.2639959156513214,0.34353624139267036
t+1,87,30,0.3115582764148712,0.28435553949559234
t+1,87,31,0.3841984272003174,0.3276224199375158
t+1,87,32,0.316650390625,0.38787258085469667
t+1,87,33,0.3251508474349975,0.3288154057802677
t+1,87,34,0.3834843039512634,0.33801332114115007
t+1,87,35,0.3061220347881317,0.39063567470943117
t+1,87,36,0.3948489129543304,0.32282441555271074
t+1,87,37,0.3439422249794006,0.40030316585627435
t+1,87,38,0.3595163226127624,0.3571466791970831
t+1,87,39,0.3444657623767853,0.36672011447370784
t+1,87,40,0.3882785439491272,0.3558974725897651
t+1,87,41,0.3325140178203583,0.39447706059361365
t+1,87,42,0.3857081532478332,0.34634593175642414
t+1,87,43,0.3193254768848419,0.3919992510374566
t+1,87,44,0.3764709234237671,0.33364360347680305
t+1,87,45,0.40304696559906,0.384218390517008
t+1,87,46,0.36001718044281,0.4052324588252108
t+1,87,47,0.3420250117778778,0.36874796791492676
t+1,87,48,0.3213481903076172,0.3539761687665404
t+1,87,49,0.330182284116745,0.3356983701789915
t+1,87,50,0.362125962972641,0.3427273177427838
t+1,87,51,0.3844985067844391,0.3742079429944248
t+1,87,52,0.3644749820232391,0.3907178829564277
t+1,87,53,0.3361768126487732,0.3738155620924019
t+1,87,54,0.3941081166267395,0.3495599431248426
t+1,87,55,0.3861277997493744,0.40095158815568654
t+1,87,56,0.4047569632530212,0.3901844420263731
t+1,87,57,0.3675073385238647,0.40817853335300974
t+1,87,58,0.485002726316452,0.37605456180772423
t+1,87,59,0.3826108276844024,0.47911161716377515
t+1,87,60,0.4074155390262604,0.387218975224493
t+1,87,61,0.3737773001194,0.4115901654008516
t+1,87,62,0.384647011756897,0.38160681093821874
t+1,87,63,0.419511616230011,0.3928326701084424
t+1,87,64,0.3638695776462555,0.4218104665220094
t+1,87,65,0.3702256679534912,0.372379636211863
t+1,87,66,0.3635642230510711,0.37780984813313745
t+1,87,67,0.4294640719890594,0.37166112726208445
t+1,87,68,0.4379767179489136,0.4293002019101756
t+1,87,69,0.4045454561710357,0.4363849456360974
t+1,87,70,0.4219232201576233,0.405494999794866
t+1,87,71,0.4962257742881775,0.42505278469400987
t+1,87,72,0.4320473372936249,0.4898763273205018
t+1,87,73,0.3978895545005798,0.4324973505402579
t+1,87,74,0.3846292793750763,0.40277752240977077
t+1,87,75,0.4160442948341369,0.3892171834230398
t+1,87,76,0.45734703540802,0.41954176660637643
t+1,87,77,0.5496779680252075,0.4535069360690634
t+1,87,78,0.4063079357147217,0.5574242196034391
t+1,87,79,0.4806245267391205,0.4090143344484233
t+1,87,80,0.47348552942276,0.4750605440749159
t+1,87,81,0.4511522650718689,0.46691303292924036
t+1,87,82,0.4635958075523376,0.4500271227345947
t+1,87,83,0.3952952623367309,0.45938691756731925
t+1,87,84,0.5319974422454834,0.4023417420968344
t+1,87,85,0.4749168753623962,0.5411299282707911
t+1,87,86,0.505628228187561,0.47011383303741844
t+1,87,87,0.4906206727027893,0.5174537654300093
t+1,87,88,0.4978212118148803,0.4836442710867525
t+1,87,89,0.5571582913398743,0.49120503103464336
t+1,87,90,0.4908804893493652,0.5641570622503587
t+1,87,91,0.4974677264690399,0.4846129610060832
t+1,87,92,0.5974487066268921,0.4905893340209018
t+1,87,93,0.6260289549827576,0.6006427406366822
t+1,87,94,0.6022673845291138,0.6266726443099775
t+1,87,95,0.6052372455596924,0.6049653769688789
t+1,87,96,0.5747615098953247,0.6076967378825527
t+1,87,97,0.6170121431350708,0.580160111074858
t+1,87,98,0.6136601567268372,0.6180747385031153
t+1,87,99,0.6547124981880188,0.6160282705547162
t+1,87,100,0.6548869013786316,0.6534157099251882
t+1,87,101,0.6623857617378235,0.6536741789713794
t+1,87,102,0.6753659248352051,0.6616303147162744
t+1,87,103,0.7273417711257935,0.6731880516527529
t+1,87,104,0.77428138256073,0.725516638168709
t+1,87,105,0.761061429977417,0.7618423732130813
t+1,87,106,0.8180955052375793,0.7488608523547695
t+1,87,107,0.8348755240440369,0.8021415915615467
t+1,87,108,0.9110672473907472,0.8219363442596951
t+1,87,109,0.8737924695014954,0.8943876043590709
t+1,87,110,0.8159469962120056,0.8570362006750398
t+1,87,111,0.8735977411270142,0.8004166741521652
t+1,87,112,0.8841712474822998,0.856851175122118
t+1,87,113,0.9369308948516846,0.8650262535149718
t+1,87,114,0.832567572593689,0.9209343841851247
t+1,87,115,0.9228339195251464,0.8191540291201681
t+1,87,116,0.9207190871238708,0.905523922548069
t+1,87,117,0.8416258096694946,0.9058830776634749
t+1,87,118,0.9029605388641356,0.82739292401071
t+1,87,119,0.993720293045044,0.8889459670967568
t+1,87,120,0.9718614220619202,0.9745476632653176
t+1,87,121,0.9731739163398744,0.9551008576165724
t+1,87,122,0.9475151896476746,0.9577085340890149
t+1,87,123,0.9176767468452454,0.9331249212546311
t+1,87,124,0.909143090248108,0.9045368626584861
t+1,87,125,0.9263542890548706,0.8933121355536234
t+1,87,126,0.9083951115608216,0.9084480969170049
t+1,87,127,0.9035621285438538,0.8895588427155586
t+1,87,128,0.962791919708252,0.8861376189182035
t+1,87,129,0.9294797778129578,0.9477552386676198
t+1,87,130,0.920145869255066,0.9118041373579209
t+1,87,131,0.9093374013900756,0.9068957533653427
t+1,87,132,0.9148963093757628,0.8915837970381241
t+1,87,133,0.8496237397193909,0.9018644281605598
t+1,87,134,0.9243268370628356,0.829873933554903
t+1,87,135,0.9444602131843568,0.9089085428617396
t+1,87,136,0.8814473152160645,0.9301856317342827
t+1,87,137,0.8511391282081604,0.8684129430097384
t+1,87,138,0.8287410140037537,0.8388753527104527
t+1,87,139,0.88799649477005,0.8193165279619062
t+1,87,140,0.8845818042755127,0.8760860241083405
t+1,87,141,0.8212671875953674,0.8689215128620588
t+1,87,142,0.9441530704498292,0.8078967341991613
t+1,87,143,0.8594558835029602,0.9298846654391908
t+1,87,144,0.8142420053482056,0.8484124802485389
t+1,87,145,0.8702269792556763,0.7987959348159853
t+1,87,146,0.8625680804252625,0.8539868555751781
t+1,87,147,0.8534908294677734,0.849081579471754
t+1,87,148,0.855247974395752,0.8350342011503411
t+1,87,149,0.8433997631072998,0.8379535735932746
t+1,87,150,0.849311113357544,0.8290343953297903
t+1,87,151,0.8450497388839722,0.8289389276943331
t+1,87,152,0.8681721091270447,0.829657447571616
t+1,87,153,0.8434199094772339,0.8507029076612226
t+1,87,154,0.7864151000976562,0.8278164357230877
t+1,87,155,0.8203524947166443,0.7684516973687099
t+1,87,156,0.8470693826675415,0.8022153171994595
t+1,87,157,0.7400712966918945,0.8343604837405226
t+1,87,158,0.8385833501815796,0.7331017260136332
t+1,87,159,0.830581784248352,0.8278181827448885
t+1,87,160,0.7436777949333191,0.8178251839760203
t+1,87,161,0.7923262715339661,0.7384135768721702
t+1,87,162,0.7749122381210327,0.7823929471478642
t+1,87,163,0.767605721950531,0.7623752275003632
t+1,87,164,0.8015187382698059,0.7589260268936243
t+1,87,165,0.7666628956794739,0.7837819707740701
t+1,87,166,0.704460084438324,0.7575824755273368
t+1,87,167,0.694730281829834,0.7029388823447721
t+1,87,168,0.6812838315963745,0.6913014432805147
t+1,87,169,0.7316664457321167,0.6801382301496993
t+1,87,170,0.6955958008766174,0.723285953986635
t+1,87,171,0.7229042053222656,0.6913764410171676
t+1,87,172,0.7187552452087402,0.7163363610213018
t+1,87,173,0.6652815937995911,0.7142245414723106
t+1,87,174,0.7169031500816345,0.6628040284722244
t+1,87,175,0.7167640924453735,0.7131726137006743
t+1,87,176,0.7082186937332153,0.7127053826209265
t+1,87,177,0.6565176248550415,0.7064803960314129
t+1,87,178,0.6521614193916321,0.6548931345923654
t+1,87,179,0.6372003555297852,0.6503266959288814
t+1,87,180,0.6050757765769958,0.6372176603767653
t+1,87,181,0.6756496429443359,0.6077364773676299
t+1,87,182,0.6693599224090576,0.6706763237144939
t+1,87,183,0.6105232238769531,0.6683732200313661
t+1,87,184,0.6688128113746643,0.6127560662949969
t+1,87,185,0.6599744558334351,0.6686672438593728
t+1,87,186,0.6549052000045776,0.6574163524365354
t+1,87,187,0.6418594717979431,0.6548050194250987
t+1,87,188,0.6749703288078308,0.6430073477766798
t+1,87,189,0.6215955018997192,0.6717651769913494
t+1,87,190,0.6875054240226746,0.6225540250406519
t+1,87,191,0.7090307474136353,0.6851324682701604
t+1,87,192,0.7400676608085632,0.7054778559927695
t+1,87,193,0.6661230325698853,0.7317074130779907
t+1,87,194,0.728961706161499,0.663778017897855
t+1,87,195,0.6448951363563538,0.7224281498953408
t+1,87,196,0.7097075581550598,0.6452171871927888
t+1,87,197,0.6883198022842407,0.7028976429937047
t+1,87,198,0.6130340695381165,0.6846534739714808
t+1,87,199,0.6445316076278687,0.6150361356095738
t+1,87,200,0.6635152697563171,0.6446116910149244
t+1,87,201,0.7016432881355286,0.6610549060148555
t+1,87,202,0.7027105689048767,0.6967617373591126
t+1,87,203,0.6376662850379944,0.6959108977141066
t+1,87,204,0.6751272678375244,0.6385884231597504
t+1,87,205,0.6184521913528442,0.6712831118819795
t+1,87,206,0.6669595241546631,0.6196243781674788
t+1,87,207,0.7016996741294861,0.6658882064289556
t+1,87,208,0.7178798913955688,0.6974137171659192
t+1,87,209,0.6875515580177307,0.7132062992868994
t+1,87,210,0.6850209832191467,0.6836632303315587
t+1,87,211,0.6769314408302307,0.6824027600438011
t+1,87,212,0.7617442607879639,0.6746540032780314
t+1,87,213,0.7253910899162292,0.74917512623247
t+1,87,214,0.7086202502250671,0.7219584746409293
t+1,87,215,0.7445273399353027,0.7057095297614466
t+1,87,216,0.7020488977432251,0.7431332375897436
t+1,87,217,0.7004163861274719,0.6989425680802133
t+1,87,218,0.7278615236282349,0.6972690494017142
t+1,87,219,0.7436776757240295,0.7230138584574521
t+1,87,220,0.6903629899024963,0.7399403659371716
t+1,87,221,0.7365001440048218,0.6905409898561287
t+1,87,222,0.6905316710472107,0.7289777384813297
t+1,87,223,0.6636725664138794,0.6851351985664663
t+1,87,224,0.7402927875518799,0.6593167529887911
t+1,87,225,0.7671977281570435,0.7349900323573894
t+1,87,226,0.7144057750701904,0.7522090491450593
t+1,87,227,0.7076112031936646,0.709629542309724
t+1,87,228,0.6872786283493042,0.7053836161812509
t+1,87,229,0.739473283290863,0.6839364993238511
t+1,87,230,0.7533235549926758,0.7318999603117274
t+1,87,231,0.7648662328720093,0.7432192311557472
t+1,87,232,0.7875154614448547,0.7500624602993757
t+1,87,233,0.72206711769104,0.7762800157098279
t+1,87,234,0.7107770442962646,0.7160295069387432
t+1,87,235,0.6826932430267334,0.7059347297356293
t+1,87,236,0.7209867835044861,0.6802208334013395
t+1,87,237,0.7708433866500854,0.7169307838658515
t+1,87,238,0.7360938787460327,0.7619284649216524
t+1,87,239,0.7192260026931763,0.7280189513861866
t+1,87,240,0.723590075969696,0.7145984384708681
t+1,87,241,0.8124272227287292,0.7183064397597859
t+1,87,242,0.8213626146316528,0.8011224647855804
t+1,87,243,0.7755164504051208,0.8050512031353401
t+1,87,244,0.7821241021156311,0.7651927095831921
t+1,87,245,0.7272466421127319,0.7661371643038182
t+1,87,246,0.7809557318687439,0.7231335335807919
t+1,87,247,0.8375592827796936,0.7676919505245796
t+1,87,248,0.7332650423049927,0.8237373587676547
t+1,87,249,0.6859104633331299,0.7263469795825637
t+1,87,250,0.7342034578323364,0.6818500631582354
t+1,87,251,0.7688375115394592,0.7298350003777532
t+1,87,252,0.7547758221626282,0.7586565245003879
t+1,87,253,0.7557613849639893,0.7426688402483347
t+1,87,254,0.7449775338172913,0.7429488101299259
t+1,87,255,0.7055944204330444,0.7383439785402278
t+1,87,256,0.7548825740814209,0.6998751570411704
t+1,87,257,0.7048630118370056,0.7427640976701524
t+1,87,258,0.6288811564445496,0.6978085207365837
t+1,87,259,0.6375272870063782,0.6297434596836423
t+1,87,260,0.6339720487594604,0.6369574403049622
t+1,87,261,0.597989559173584,0.6344926821467483
t+1,87,262,0.5685742497444153,0.6010078212158835
t+1,87,263,0.6120936870574951,0.5743348429065726
t+1,87,264,0.6116875410079956,0.6139053240271174
t+1,87,265,0.5783732533454895,0.6144169098613121
t+1,87,266,0.6287113428115845,0.5831487185066817
t+1,87,267,0.497973769903183,0.6297213012143678
t+1,87,268,0.5198135375976562,0.4902822963402996
t+1,87,269,0.5008349418640137,0.5298336841378257
t+1,87,270,0.4937756359577179,0.5133603743552568
t+1,87,271,0.4676518738269806,0.4867993249256423
t+1,87,272,0.491869181394577,0.46448460607153763
t+1,87,273,0.3883974552154541,0.4838722042223929
t+1,87,274,0.4065191447734833,0.3941643377887628
t+1,87,275,0.4229570031166076,0.4093661309902135
t+1,87,276,0.4604714810848236,0.4252961769297033
t+1,87,277,0.3862117230892181,0.45660829467366115
t+1,87,278,0.4435701966285705,0.39123318519654765
t+1,87,279,0.3458946347236633,0.44337976486047015
t+1,87,280,0.3485758900642395,0.35596360409528927
t+1,87,281,0.3494308292865753,0.35834752120258806
t+1,87,282,0.3524928689002991,0.3622049563074953
t+1,87,283,0.3531615138053894,0.3622994408848067
t+1,87,284,0.3435284495353699,0.36382844627624306
t+1,87,285,0.3176272511482239,0.3548335317338149
t+1,87,286,0.2782260179519653,0.32944765022114214
t+1,87,287,0.3882230818271637,0.29608538170634324
t+1,87,288,0.3045150339603424,0.3941916145060474
t+1,87,289,0.3405322432518005,0.31943744459740026
t+1,88,0,0.3381139934062958,0.328876972843164
t+1,88,1,0.2795419096946716,0.35181820022757215
t+1,88,2,0.3137282133102417,0.3006833585030316
t+1,88,3,0.3092173635959625,0.3331739832162148
t+1,88,4,0.3574336469173431,0.32756382654424193
t+1,88,5,0.3128551840782165,0.36603129818997193
t+1,88,6,0.3139807283878326,0.3290686146270551
t+1,88,7,0.2701657116413116,0.3250633046748609
t+1,88,8,0.3109394013881683,0.2878878476022378
t+1,88,9,0.2927702963352203,0.3313112038656079
t+1,88,10,0.309912234544754,0.31498981474765786
t+1,88,11,0.2518866956233978,0.3256261514984815
t+1,88,12,0.2983190715312958,0.27502720817155957
t+1,88,13,0.2748298048973083,0.3186201431142397
t+1,88,14,0.2769491076469421,0.2965379945340484
t+1,88,15,0.3642702996730804,0.29521124877408733
t+1,88,16,0.300830066204071,0.3752232300728555
t+1,88,17,0.3458455204963684,0.3202211367482636
t+1,88,18,0.2887968719005584,0.35713965464271313
t+1,88,19,0.3474661409854889,0.3072594104730162
t+1,88,20,0.3044228851795196,0.35953396144500477
t+1,88,21,0.3632989823818207,0.3219168069513762
t+1,88,22,0.2958746552467346,0.37280572074104246
t+1,88,23,0.3292193114757538,0.3143966999859422
t+1,88,24,0.3202848732471466,0.34346180134161586
t+1,88,25,0.3183548748493194,0.3350519862006979
t+1,88,26,0.3012196123600006,0.33580138459915954
t+1,88,27,0.3916284143924713,0.3193854280796903
t+1,88,28,0.2789929211139679,0.39515859076645987
t+1,88,29,0.2823235988616943,0.29954342114354726
t+1,88,30,0.3277861773967743,0.3027843627790019
t+1,88,31,0.4277009963989258,0.33799701605749455
t+1,88,32,0.3439624011516571,0.4286610536868031
t+1,88,33,0.2946401536464691,0.3530151275499462
t+1,88,34,0.3090036511421203,0.3150939989141676
t+1,88,35,0.3905602097511291,0.32706435312336307
t+1,88,36,0.3811069130897522,0.39553974438030576
t+1,88,37,0.3250910937786102,0.3860932471196336
t+1,88,38,0.3524442017078399,0.3406087676343033
t+1,88,39,0.3686197698116302,0.3615498098155633
t+1,88,40,0.3649483919143677,0.37749169849808234
t+1,88,41,0.3264477849006653,0.3735820992131733
t+1,88,42,0.3390043079853058,0.3388940735142743
t+1,88,43,0.3247013986110687,0.35405911446029537
t+1,88,44,0.4074958860874176,0.3421208197580013
t+1,88,45,0.3484004139900207,0.4108062981192999
t+1,88,46,0.4104997217655182,0.3579373734800149
t+1,88,47,0.4331614971160888,0.4165527042323316
t+1,88,48,0.3462800085544586,0.4308928751726632
t+1,88,49,0.3871840834617615,0.3558020004364418
t+1,88,50,0.4098749160766601,0.3956604487676062
t+1,88,51,0.4407648146152496,0.4117192715631032
t+1,88,52,0.355860561132431,0.4401533442624585
t+1,88,53,0.4240525662899017,0.3666634084926893
t+1,88,54,0.3928934931755066,0.42507532113402835
t+1,88,55,0.3834470808506012,0.3993140234452158
t+1,88,56,0.3809274733066559,0.38998068234192246
t+1,88,57,0.4103789329528808,0.3887614802000151
t+1,88,58,0.3935901522636413,0.4138740096019156
t+1,88,59,0.4342819154262543,0.3985983489325504
t+1,88,60,0.4267738163471222,0.43146950249124305
t+1,88,61,0.4341093003749847,0.42597384947283656
t+1,88,62,0.4348243176937103,0.4346356936087537
t+1,88,63,0.3900955021381378,0.43483926039578435
t+1,88,64,0.452510803937912,0.39432534887374165
t+1,88,65,0.4896075129508972,0.4498820053448863
t+1,88,66,0.4160341620445251,0.48341296134698575
t+1,88,67,0.4238146543502807,0.41723689436569533
t+1,88,68,0.4565561413764953,0.42640926876322677
t+1,88,69,0.4539748430252075,0.4535166333400647
t+1,88,70,0.4688004553318023,0.4509487463395451
t+1,88,71,0.4501497447490692,0.46473994594724666
t+1,88,72,0.5021970868110657,0.44863975927874
t+1,88,73,0.4693878889083862,0.5139427046878808
t+1,88,74,0.4869114458560943,0.4637860692579797
t+1,88,75,0.4790868163108825,0.481243981384408
t+1,88,76,0.475820779800415,0.4734899352755104
t+1,88,77,0.5192129611968994,0.47083597469873484
t+1,88,78,0.4993561804294586,0.5302249441203548
t+1,88,79,0.4776076078414917,0.49258159148713215
t+1,88,80,0.5110929012298584,0.47128244613327
t+1,88,81,0.4999082386493683,0.5225296790158751
t+1,88,82,0.5615758299827576,0.4927831417041562
t+1,88,83,0.4882280230522156,0.5681993970395607
t+1,88,84,0.6041656732559204,0.48215805327053995
t+1,88,85,0.6167363524436951,0.6066056992848802
t+1,88,86,0.5457130074501038,0.6193318577467175
t+1,88,87,0.5488865375518799,0.5538151619306905
t+1,88,88,0.6347429156303406,0.55650646482061
t+1,88,89,0.6192281246185303,0.6357528425355505
t+1,88,90,0.6374151110649109,0.62176405979384
t+1,88,91,0.62694251537323,0.6368565511294132
t+1,88,92,0.5975233912467957,0.6277105804579676
t+1,88,93,0.6586430072784424,0.6007828154251386
t+1,88,94,0.6932969093322754,0.6593061197853298
t+1,88,95,0.6740955114364624,0.6911813988563733
t+1,88,96,0.6580333709716797,0.671416556309275
t+1,88,97,0.6981067657470703,0.6572857947423341
t+1,88,98,0.6415689587593079,0.6937574767232146
t+1,88,99,0.6348363757133484,0.6412920298404888
t+1,88,100,0.7480152249336243,0.6359837369578304
t+1,88,101,0.7202575206756592,0.7384761631952097
t+1,88,102,0.7123278379440308,0.7174102311839259
t+1,88,103,0.6876357197761536,0.7083114503707526
t+1,88,104,0.8006429672241211,0.6846573743340881
t+1,88,105,0.7186873555183411,0.784339957523669
t+1,88,106,0.7594048976898193,0.7126930680641301
t+1,88,107,0.7866585850715637,0.7473204919659492
t+1,88,108,0.7670018672943115,0.7755919330664618
t+1,88,109,0.7935315370559692,0.7519174074952847
t+1,88,110,0.7826980352401733,0.7777659080855475
t+1,88,111,0.8293567299842834,0.7660697253056017
t+1,88,112,0.8540548086166382,0.8155414588301323
t+1,88,113,0.8645039200782776,0.8346322738498069
t+1,88,114,0.7903720736503601,0.8466397553602298
t+1,88,115,0.8820411562919617,0.7765896215079056
t+1,88,116,0.8254144191741943,0.8682973184535279
t+1,88,117,0.8125585317611694,0.8095182619914851
t+1,88,118,0.8202688097953796,0.8016397229666845
t+1,88,119,0.8573377132415771,0.8050001480699908
t+1,88,120,0.8516344428062439,0.8444663717717771
t+1,88,121,0.8965106010437012,0.8412670784723408
t+1,88,122,0.8492864370346069,0.8813241080013655
t+1,88,123,0.8446882963180542,0.8324054400813259
t+1,88,124,0.8288132548332214,0.8333706345557282
t+1,88,125,0.8943718671798706,0.8164779508046197
t+1,88,126,0.8741525411605835,0.8756435940255107
t+1,88,127,0.8941689133644104,0.8628350888973111
t+1,88,128,0.8539901971817017,0.8820110681844512
t+1,88,129,0.8220217823982239,0.8371168742761441
t+1,88,130,0.890483558177948,0.80804942988837
t+1,88,131,0.882888913154602,0.8716306611793853
t+1,88,132,0.8426167964935303,0.8638093171195915
t+1,88,133,0.834376871585846,0.8243165611645843
t+1,88,134,0.8698809742927551,0.8247208128888763
t+1,88,135,0.8442493081092834,0.8563720988335431
t+1,88,136,0.8403299450874329,0.8242829815297206
t+1,88,137,0.8367244601249695,0.8270678858492694
t+1,88,138,0.8458755612373352,0.8248600275678771
t+1,88,139,0.9114205837249756,0.8301345462251265
t+1,88,140,0.7403547167778015,0.8900903022640734
t+1,88,141,0.7900892496109009,0.7359052549767774
t+1,88,142,0.7583097219467163,0.7740568990481277
t+1,88,143,0.7259368896484375,0.7479811714050333
t+1,88,144,0.7684255242347717,0.7221821128108036
t+1,88,145,0.7951711416244507,0.7534139400364461
t+1,88,146,0.8287652134895325,0.7833243836606087
t+1,88,147,0.7940407991409302,0.8149510867463428
t+1,88,148,0.7748407125473022,0.7812437187137999
t+1,88,149,0.7812936902046204,0.7639487104714501
t+1,88,150,0.7688899040222168,0.7702554154769676
t+1,88,151,0.7542094588279724,0.7560927528265451
t+1,88,152,0.6967291831970215,0.7432876290686131
t+1,88,153,0.7788940072059631,0.6936046415733793
t+1,88,154,0.7556827068328857,0.7634915671875042
t+1,88,155,0.7188272476196289,0.7427595517390043
t+1,88,156,0.7055841088294983,0.7122627340476017
t+1,88,157,0.7037162184715271,0.7019854136933634
t+1,88,158,0.7899514436721802,0.6993243610192652
t+1,88,159,0.6814395189285278,0.7746609940716065
t+1,88,160,0.7262850403785706,0.6790021846862497
t+1,88,161,0.6682650446891785,0.7190976628236002
t+1,88,162,0.7261251211166382,0.6647404674691468
t+1,88,163,0.7259972095489502,0.724125490414824
t+1,88,164,0.7354121804237366,0.7232897022325201
t+1,88,165,0.7677851319313049,0.7295410453714736
t+1,88,166,0.8208716511726379,0.7588698171735461
t+1,88,167,0.6988290548324585,0.8049504459045613
t+1,88,168,0.750382125377655,0.6940587407598031
t+1,88,169,0.7094194889068604,0.7355909770728052
t+1,88,170,0.7478249669075012,0.7058614424500634
t+1,88,171,0.7364296913146973,0.7424879841391407
t+1,88,172,0.7537845969200134,0.7312395154154544
t+1,88,173,0.7228512763977051,0.7420344319689716
t+1,88,174,0.7098322510719299,0.7175099122946061
t+1,88,175,0.7473145127296448,0.7043159787573874
t+1,88,176,0.7479267716407776,0.7397835221815356
t+1,88,177,0.758696436882019,0.7429828877631146
t+1,88,178,0.7343263626098633,0.7468087296443002
t+1,88,179,0.7314236164093018,0.7311446065236776
t+1,88,180,0.7829441428184509,0.7248983530453986
t+1,88,181,0.7269622683525085,0.7729864310684575
t+1,88,182,0.7288929224014282,0.7223900244056539
t+1,88,183,0.7404109835624695,0.7231023946995305
t+1,88,184,0.7877248525619507,0.734168228141505
t+1,88,185,0.6741795539855957,0.7760299918962802
t+1,88,186,0.822478175163269,0.6697133345008831
t+1,88,187,0.7527247071266174,0.8132704108052411
t+1,88,188,0.7451948523521423,0.7410351332049903
t+1,88,189,0.7680323123931885,0.7372118861365808
t+1,88,190,0.8065763711929321,0.7611050073299928
t+1,88,191,0.7211914658546448,0.7897387400101186
t+1,88,192,0.7682017087936401,0.7161269479077105
t+1,88,193,0.7765950560569763,0.7578886253199728
t+1,88,194,0.7657887935638428,0.7625089516510651
t+1,88,195,0.7309952974319458,0.7516121299616871
t+1,88,196,0.8000232577323914,0.7246712620461429
t+1,88,197,0.7446891665458679,0.7891450064650546
t+1,88,198,0.8190533518791199,0.733552662749513
t+1,88,199,0.8115118145942688,0.8032260767429026
t+1,88,200,0.8008923530578613,0.7926514545184178
t+1,88,201,0.7650337815284729,0.7904866573513928
t+1,88,202,0.8529762625694275,0.7531251428663324
t+1,88,203,0.8544607758522034,0.8415176196028133
t+1,88,204,0.8040764331817627,0.8426134933169667
t+1,88,205,0.8263921737670898,0.788210241787014
t+1,88,206,0.7919126152992249,0.8094766681557735
t+1,88,207,0.9140647053718568,0.7779366318232597
t+1,88,208,0.8716835379600525,0.897517922875165
t+1,88,209,0.8228288888931274,0.8597120751352824
t+1,88,210,0.8822479844093323,0.8038775258119355
t+1,88,211,0.8759953379631042,0.8666470044362903
t+1,88,212,0.8739148378372192,0.8638306386022387
t+1,88,213,0.926441490650177,0.862183058883595
t+1,88,214,0.8518128991127014,0.9068458263542615
t+1,88,215,0.9434012174606324,0.833726522878672
t+1,88,216,0.9009365439414978,0.9290945145250171
t+1,88,217,0.85053950548172,0.8809713284732887
t+1,88,218,0.8870605230331421,0.8388606400221029
t+1,88,219,0.9119828343391418,0.8676258138547517
t+1,88,220,0.9037299752235411,0.893227763270531
t+1,88,221,0.904483437538147,0.883206951116067
t+1,88,222,0.9214460253715516,0.8895480274856222
t+1,88,223,0.9190593361854552,0.8997664720313185
t+1,88,224,0.930171549320221,0.9006701581288098
t+1,88,225,0.8365898132324219,0.9135811658022391
t+1,88,226,0.920320451259613,0.8162276338644435
t+1,88,227,0.8288136124610901,0.9018573803212746
t+1,88,228,0.8650314807891846,0.8058634734398089
t+1,88,229,0.8536861538887024,0.8483516904301106
t+1,88,230,0.8580129146575928,0.8418499190342545
t+1,88,231,0.8377968668937683,0.8407842877253303
t+1,88,232,0.8362931609153748,0.821560400984017
t+1,88,233,0.7746585011482239,0.8222565080155037
t+1,88,234,0.7762242555618286,0.7613740778984653
t+1,88,235,0.7945230603218079,0.7602549322602105
t+1,88,236,0.7483413219451904,0.7793238292709337
t+1,88,237,0.8047579526901245,0.7416902264849218
t+1,88,238,0.8088982701301575,0.7954480441834841
t+1,88,239,0.6977772116661072,0.8002102671414233
t+1,88,240,0.6908046007156372,0.6928768965527035
t+1,88,241,0.7248032093048096,0.6873176972347402
t+1,88,242,0.7331238389015198,0.7197855646752469
t+1,88,243,0.6868233680725098,0.725849961294874
t+1,88,244,0.7375882267951965,0.6814769380476313
t+1,88,245,0.6653951406478882,0.7322514252557356
t+1,88,246,0.6393049955368042,0.6635067143752178
t+1,88,247,0.6397806406021118,0.6395737116330826
t+1,88,248,0.7242358922958374,0.6395133300215539
t+1,88,249,0.6838956475257874,0.7196038445279275
t+1,88,250,0.6601722240447998,0.6801362305539139
t+1,88,251,0.6368701457977295,0.6580614041912716
t+1,88,252,0.5602496266365051,0.6366871869475094
t+1,88,253,0.597139835357666,0.566855683662687
t+1,88,254,0.6239756345748901,0.600566644876666
t+1,88,255,0.5482529401779175,0.6249155298666035
t+1,88,256,0.5615292191505432,0.5558576225007863
t+1,88,257,0.589634120464325,0.5679624331585749
t+1,88,258,0.5709750652313232,0.5940088315908922
t+1,88,259,0.5846440196037292,0.5765791999882226
t+1,88,260,0.5274378657341003,0.5890787496077458
t+1,88,261,0.5009592771530151,0.5374615556381301
t+1,88,262,0.4677206575870514,0.513762430457221
t+1,88,263,0.5237006545066833,0.46197616326047636
t+1,88,264,0.4593853950500488,0.5332952681597843
t+1,88,265,0.4750494360923767,0.4551739565397858
t+1,88,266,0.479797214269638,0.46857104549442613
t+1,88,267,0.402620404958725,0.4735722844209759
t+1,88,268,0.4501453042030334,0.40553320460225206
t+1,88,269,0.3982775807380676,0.44679806655187326
t+1,88,270,0.4352617263793945,0.4014602345835978
t+1,88,271,0.3890201449394226,0.43359742984537053
t+1,88,272,0.4850392937660217,0.3929682314681592
t+1,88,273,0.45130455493927,0.4775276528937735
t+1,88,274,0.4111283421516418,0.4506064788058599
t+1,88,275,0.4248022735118866,0.4136511724440801
t+1,88,276,0.3717250227928161,0.42491346023208604
t+1,88,277,0.4349928498268127,0.38065069792257444
t+1,88,278,0.4058353304862976,0.4360767279842263
t+1,88,279,0.3765545487403869,0.40857591424199474
t+1,88,280,0.3894103765487671,0.38240124023335215
t+1,88,281,0.3769910633563995,0.3956385586499237
t+1,88,282,0.4112568199634552,0.38362076198317996
t+1,88,283,0.3395996689796448,0.4130784966605793
t+1,88,284,0.3506714403629303,0.35160656088421377
t+1,88,285,0.313457578420639,0.3654201018576577
t+1,88,286,0.3293068706989288,0.3273844653305988
t+1,88,287,0.3598877787590027,0.34328729988767553
t+1,88,288,0.3584938645362854,0.3713498548031839
t+1,88,289,0.3256481289863586,0.36898773288876563
t+1,89,0,0.5173516869544983,0.46096121413491703
t+1,89,1,0.4596565663814544,0.5284732032756487
t+1,89,2,0.4734630584716797,0.456718341642432
t+1,89,3,0.5649706125259399,0.4694936496593607
t+1,89,4,0.5359925031661987,0.5713008339842016
t+1,89,5,0.4997884631156921,0.5453946919267953
t+1,89,6,0.5457741618156433,0.49224508777689974
t+1,89,7,0.5219637751579285,0.5540311980105286
t+1,89,8,0.5348378419876099,0.5318088798508157
t+1,89,9,0.5533967018127441,0.5434966494347551
t+1,89,10,0.5013695955276489,0.5607327228360233
t+1,89,11,0.5047959089279175,0.5133169607701522
t+1,89,12,0.557978630065918,0.5174353624439267
t+1,89,13,0.6585337519645691,0.5649797348864207
t+1,89,14,0.6181333661079407,0.6571020273301647
t+1,89,15,0.5610552430152893,0.6208160379365838
t+1,89,16,0.4963817894458771,0.567762541652018
t+1,89,17,0.6614317297935486,0.4893863491147053
t+1,89,18,0.581047534942627,0.6609320674294002
t+1,89,19,0.6074022054672241,0.5860687837921434
t+1,89,20,0.5975863337516785,0.6108150968432011
t+1,89,21,0.6190319061279297,0.6007275007541897
t+1,89,22,0.5923175811767578,0.6203263042871288
t+1,89,23,0.6627614498138428,0.5960301663295874
t+1,89,24,0.5818564295768738,0.6625955818246653
t+1,89,25,0.6081933975219727,0.586693488351803
t+1,89,26,0.6478139758110046,0.6106821946916072
t+1,89,27,0.6607283353805542,0.6495544321099086
t+1,89,28,0.6905794143676758,0.6604811183196361
t+1,89,29,0.6859312653541565,0.686616652061194
t+1,89,30,0.6435625553131104,0.6843579850553032
t+1,89,31,0.5840051770210266,0.6439653416125637
t+1,89,32,0.6234689354896545,0.5883505108409783
t+1,89,33,0.6207093596458435,0.6250549142649405
t+1,89,34,0.6335659027099609,0.6225788394937538
t+1,89,35,0.6258072853088379,0.6350202528468525
t+1,89,36,0.6242300868034363,0.6270667812113426
t+1,89,37,0.6208466291427612,0.6260796043682928
t+1,89,38,0.6635500192642212,0.6229494008487136
t+1,89,39,0.6151850819587708,0.661350862227993
t+1,89,40,0.6666314005851746,0.6167636323840996
t+1,89,41,0.6241188645362854,0.6667561106299587
t+1,89,42,0.6124555468559265,0.6253156575274377
t+1,89,43,0.6133094429969788,0.6145512709283453
t+1,89,44,0.6100300550460815,0.6151140397883033
t+1,89,45,0.5555875301361084,0.6126385518611623
t+1,89,46,0.6032789349555969,0.5626774483548151
t+1,89,47,0.5588657855987549,0.6067781212781699
t+1,89,48,0.5687575340270996,0.5657734061948925
t+1,89,49,0.5764322876930237,0.5747064521962219
t+1,89,50,0.605235755443573,0.5817704337871511
t+1,89,51,0.5456379652023315,0.6077831775456201
t+1,89,52,0.5393498539924622,0.553250648672624
t+1,89,53,0.504368245601654,0.5480963834308261
t+1,89,54,0.5710849761962891,0.5162099739858246
t+1,89,55,0.5414122343063354,0.5768337134779756
t+1,89,56,0.540399432182312,0.5498022948407715
t+1,89,57,0.4976798892021179,0.5489602037619203
t+1,89,58,0.5574619174003601,0.49081174556980667
t+1,89,59,0.5452919602394104,0.5643799059453405
t+1,89,60,0.5210224986076355,0.5532877167575592
t+1,89,61,0.4695324301719665,0.5316689621738463
t+1,89,62,0.5054733753204346,0.4636132254708563
t+1,89,63,0.4831050634384155,0.5171394775553401
t+1,89,64,0.4453241229057312,0.4772192420214658
t+1,89,65,0.4500083029270172,0.44355036481804144
t+1,89,66,0.5152446627616882,0.44699515928822586
t+1,89,67,0.4629761874675751,0.5277213626786202
t+1,89,68,0.4327050447463989,0.459629915817967
t+1,89,69,0.4811520576477051,0.43352613127744916
t+1,89,70,0.5056476593017578,0.47563772477769223
t+1,89,71,0.5180650353431702,0.5181412301688586
t+1,89,72,0.433536946773529,0.5293571724049837
t+1,89,73,0.4637669920921325,0.4345518131754407
t+1,89,74,0.5002316236495972,0.4598856376051241
t+1,89,75,0.4695537686347961,0.5121469199093658
t+1,89,76,0.4852746427059173,0.46520025736763304
t+1,89,77,0.4276746213436126,0.47872298207951236
t+1,89,78,0.4305620193481445,0.426014122801035
t+1,89,79,0.5500364303588867,0.4307215866583298
t+1,89,80,0.4943324327468872,0.5577949272593656
t+1,89,81,0.4803087413311004,0.4876378406956107
t+1,89,82,0.4811297357082367,0.4744937824570149
t+1,89,83,0.4611040949821472,0.47634587690302693
t+1,89,84,0.4632285833358764,0.45793702607808695
t+1,89,85,0.4248166680335998,0.45894069931158105
t+1,89,86,0.4783324897289276,0.42526305325905533
t+1,89,87,0.4899715483188629,0.47203302328402663
t+1,89,88,0.5066750645637512,0.483801328219175
t+1,89,89,0.4935775697231293,0.5187219372886414
t+1,89,90,0.5079112648963928,0.48647910214175283
t+1,89,91,0.5282500386238098,0.5204627597533682
t+1,89,92,0.5406867861747742,0.5382287854140752
t+1,89,93,0.5772194266319275,0.5496400875036411
t+1,89,94,0.5460566878318787,0.5824090347531572
t+1,89,95,0.5072203874588013,0.5538069884436454
t+1,89,96,0.5239423513412476,0.5191426014854301
t+1,89,97,0.4974733293056488,0.5335857398238968
t+1,89,98,0.5238020420074463,0.48932211329727926
t+1,89,99,0.5372034311294556,0.5341810302153844
t+1,89,100,0.6028382778167725,0.5457754510441928
t+1,89,101,0.5592384338378906,0.605223765077069
t+1,89,102,0.5865081548690796,0.5659887585106231
t+1,89,103,0.5455599427223206,0.5908404669088952
t+1,89,104,0.5782608389854431,0.5537031382503188
t+1,89,105,0.5383691191673279,0.5833501530897882
t+1,89,106,0.6138153076171875,0.5468375014504487
t+1,89,107,0.6605030298233032,0.6150788372080427
t+1,89,108,0.6373170614242554,0.6592417182976257
t+1,89,109,0.6101292371749878,0.6371516585432646
t+1,89,110,0.6040449142456055,0.6120154770069631
t+1,89,111,0.6415092349052429,0.6070796741151981
t+1,89,112,0.6525812149047852,0.6419887982056991
t+1,89,113,0.7339010834693909,0.6505768735200276
t+1,89,114,0.5988684892654419,0.7296823947201961
t+1,89,115,0.6308344602584839,0.6016442617169628
t+1,89,116,0.6721748113632202,0.6321122100239513
t+1,89,117,0.6599100828170776,0.6699892315795046
t+1,89,118,0.7250273823738098,0.657843866498299
t+1,89,119,0.6642565727233887,0.7174525681338899
t+1,89,120,0.6840301156044006,0.6622491516194856
t+1,89,121,0.6609455943107605,0.6780084045110052
t+1,89,122,0.7464350461959839,0.6591042858558618
t+1,89,123,0.7519509792327881,0.7376140494720178
t+1,89,124,0.7265868782997131,0.737892471745187
t+1,89,125,0.7311601042747498,0.7226310662029501
t+1,89,126,0.7778970003128052,0.7248906570649677
t+1,89,127,0.7111362218856812,0.764485958019514
t+1,89,128,0.7119879722595215,0.7087979649790029
t+1,89,129,0.7952515482902527,0.7107388917317321
t+1,89,130,0.769855260848999,0.7821404749413347
t+1,89,131,0.7184503674507141,0.7565552286414741
t+1,89,132,0.7828415632247925,0.7163601723637454
t+1,89,133,0.710887610912323,0.7688339250776388
t+1,89,134,0.7063195705413818,0.7062952506819263
t+1,89,135,0.7375053763389587,0.7009683239800067
t+1,89,136,0.7642602324485779,0.7315139853371018
t+1,89,137,0.7055830955505371,0.7542314344533179
t+1,89,138,0.6707783937454224,0.7030930187555197
t+1,89,139,0.8103830814361572,0.6686813142497995
t+1,89,140,0.7585166096687317,0.7995537179050703
t+1,89,141,0.7384516000747681,0.7441047693874039
t+1,89,142,0.7130770087242126,0.7310426134366831
t+1,89,143,0.7350602149963379,0.7091342733229469
t+1,89,144,0.7407417297363281,0.7292340596586596
t+1,89,145,0.6620668172836304,0.7349022413031281
t+1,89,146,0.7088906168937683,0.6619378901790859
t+1,89,147,0.7237987518310547,0.7045930792794034
t+1,89,148,0.671690821647644,0.7182372470221621
t+1,89,149,0.7446560263633728,0.6708135313532276
t+1,89,150,0.698110044002533,0.7377476542257753
t+1,89,151,0.6876136064529419,0.6931197921044827
t+1,89,152,0.7127096652984619,0.6858139695082632
t+1,89,153,0.65153968334198,0.7082915557627026
t+1,89,154,0.6341022849082947,0.650169786678996
t+1,89,155,0.7521938681602478,0.634253767898717
t+1,89,156,0.716770350933075,0.7409871245438394
t+1,89,157,0.651128888130188,0.7130656914177671
t+1,89,158,0.6056134104728699,0.6504596353054743
t+1,89,159,0.6637197732925415,0.6074354440851532
t+1,89,160,0.6169131398200989,0.6618280162888655
t+1,89,161,0.5924158096313477,0.6185595396470035
t+1,89,162,0.642462432384491,0.5960166311561699
t+1,89,163,0.5382953882217407,0.6409311999610956
t+1,89,164,0.6119303703308105,0.546949124452632
t+1,89,165,0.5988707542419434,0.6141122428845054
t+1,89,166,0.6755095720291138,0.6017482798158637
t+1,89,167,0.5954223871231079,0.6730145365109417
t+1,89,168,0.6445056200027466,0.5985995112665274
t+1,89,169,0.5973941087722778,0.6434709027023607
t+1,89,170,0.5956493616104126,0.6004474838018669
t+1,89,171,0.5919643640518188,0.5989036751742678
t+1,89,172,0.6197093725204468,0.5957482854605013
t+1,89,173,0.6308521032333374,0.6216469334855406
t+1,89,174,0.6006010174751282,0.6315614786549407
t+1,89,175,0.6107159852981567,0.6032620387086444
t+1,89,176,0.5668038725852966,0.6132446643731612
t+1,89,177,0.614543616771698,0.5728273482642701
t+1,89,178,0.5510438680648804,0.6157752326098623
t+1,89,179,0.6221006512641907,0.558682448033547
t+1,89,180,0.5721461176872253,0.6233393863083195
t+1,89,181,0.6122934222221375,0.5777304113714188
t+1,89,182,0.6154146790504456,0.6145332296008083
t+1,89,183,0.609362006187439,0.6176748446349805
t+1,89,184,0.5907938480377197,0.6113991269612362
t+1,89,185,0.6146032214164734,0.5950714166024629
t+1,89,186,0.6251978874206543,0.6166477680439199
t+1,89,187,0.6336222290992737,0.6264970725147856
t+1,89,188,0.5956703424453735,0.6332510358697766
t+1,89,189,0.6346299052238464,0.5994177332529105
t+1,89,190,0.5946206450462341,0.6343928004052206
t+1,89,191,0.6124820709228516,0.59785462939542
t+1,89,192,0.6484387516975403,0.615171457789066
t+1,89,193,0.6386327147483826,0.647394804248581
t+1,89,194,0.643302857875824,0.6393316349864697
t+1,89,195,0.6435179710388184,0.6420916980801522
t+1,89,196,0.6279289126396179,0.6429824017820294
t+1,89,197,0.6967033743858337,0.62878870393643
t+1,89,198,0.6344754695892334,0.6930997776501296
t+1,89,199,0.6918045282363892,0.6343980972416762
t+1,89,200,0.648907482624054,0.6884211332421064
t+1,89,201,0.6431070566177368,0.6475363035531548
t+1,89,202,0.6551094055175781,0.6418209494185898
t+1,89,203,0.7387296557426453,0.6543801842595179
t+1,89,204,0.6640247106552124,0.7341261969349872
t+1,89,205,0.6875035166740417,0.6622845372805343
t+1,89,206,0.7355799674987793,0.6818580261418269
t+1,89,207,0.6957533955574036,0.7304126231263087
t+1,89,208,0.6746392250061035,0.6891678358286253
t+1,89,209,0.6755228638648987,0.673266051001911
t+1,89,210,0.7317195534706116,0.6723731174039679
t+1,89,211,0.6939501166343689,0.7231105118505774
t+1,89,212,0.6924976706504822,0.6902511463886534
t+1,89,213,0.6972729563713074,0.6883433198501482
t+1,89,214,0.7095788717269897,0.6931721705944498
t+1,89,215,0.7107401490211487,0.7029234416488646
t+1,89,216,0.6878702044487,0.7062417349651141
t+1,89,217,0.6656911373138428,0.6853108177166498
t+1,89,218,0.7452793121337891,0.6624664107892626
t+1,89,219,0.7567055821418762,0.7400566886621398
t+1,89,220,0.691582202911377,0.7474642543577303
t+1,89,221,0.7031157612800598,0.6874940407960178
t+1,89,222,0.7135738730430603,0.6967189637624626
t+1,89,223,0.6676656603813171,0.7088621252977331
t+1,89,224,0.6908913850784302,0.6658452732379458
t+1,89,225,0.6837692856788635,0.6871341465513789
t+1,89,226,0.7239206433296204,0.6788586175114197
t+1,89,227,0.6921550631523132,0.7163379062931644
t+1,89,228,0.667910099029541,0.6897049150754756
t+1,89,229,0.6272876858711243,0.6649251857070263
t+1,89,230,0.695351779460907,0.6289993917319842
t+1,89,231,0.6694112420082092,0.6915277731215164
t+1,89,232,0.5893073081970215,0.6651332928683856
t+1,89,233,0.6549808979034424,0.5932135558912137
t+1,89,234,0.6773619651794434,0.6535333744675912
t+1,89,235,0.7049885392189026,0.6764001450196194
t+1,89,236,0.6803512573242188,0.6996495126742615
t+1,89,237,0.6439197659492493,0.6751081306725327
t+1,89,238,0.6851246953010559,0.6454107664120186
t+1,89,239,0.6006383299827576,0.6824721164716842
t+1,89,240,0.6728043556213379,0.6031145480589318
t+1,89,241,0.672329306602478,0.6698532608275038
t+1,89,242,0.6428269743919373,0.6710827733637823
t+1,89,243,0.5656420588493347,0.642909547005789
t+1,89,244,0.4954441785812378,0.5716833055788604
t+1,89,245,0.6535609364509583,0.4887853864709243
t+1,89,246,0.5804906487464905,0.6533996634627338
t+1,89,247,0.5617439150810242,0.5851130650898131
t+1,89,248,0.5655233263969421,0.5681438282008117
t+1,89,249,0.5856894850730896,0.5715783772868728
t+1,89,250,0.4845431745052337,0.5899073253978676
t+1,89,251,0.5701554417610168,0.47949147628841726
t+1,89,252,0.5612998008728027,0.5757672584068396
t+1,89,253,0.5514215230941772,0.5677017526425842
t+1,89,254,0.5428999066352844,0.5588446301578878
t+1,89,255,0.4472806453704834,0.5513057247395274
t+1,89,256,0.491934210062027,0.4460354640241196
t+1,89,257,0.5396852493286133,0.48451147703610953
t+1,89,258,0.4901108741760254,0.5483701674605468
t+1,89,259,0.53181391954422,0.4845064009958529
t+1,89,260,0.4942116439342499,0.5411235350950491
t+1,89,261,0.4605900347232818,0.4864199587570247
t+1,89,262,0.5105072855949402,0.4562682974659164
t+1,89,263,0.4903048574924469,0.521886334938874
t+1,89,264,0.5056160092353821,0.4845910817427299
t+1,89,265,0.4768159389495849,0.5176653446676536
t+1,89,266,0.3890278041362762,0.4728158603015867
t+1,89,267,0.4254825413227081,0.3974531910239317
t+1,89,268,0.3731625080108642,0.42553220528538255
t+1,89,269,0.3675399124622345,0.3808639844382852
t+1,89,270,0.4584473669528961,0.3767536798121314
t+1,89,271,0.4118552207946777,0.4538475837687496
t+1,89,272,0.3900935351848602,0.4148098814675312
t+1,89,273,0.3909298479557037,0.3962500764422178
t+1,89,274,0.4575400054454803,0.3969883593216733
t+1,89,275,0.4256947040557861,0.45301762004582496
t+1,89,276,0.4209008812904358,0.42540730260206905
t+1,89,277,0.4184050559997558,0.4214078326279155
t+1,89,278,0.3688554167747497,0.4190028564043863
t+1,89,279,0.3164815306663513,0.3776881587312383
t+1,89,280,0.3081099390983581,0.33145035605830403
t+1,89,281,0.3964378237724304,0.32633096844102616
t+1,89,282,0.4027194678783417,0.40147678210267446
t+1,89,283,0.3526457548141479,0.4043521204589447
t+1,89,284,0.3518548309803009,0.362903626567771
t+1,89,285,0.3413726091384887,0.36526576397583094
t+1,89,286,0.3355242013931274,0.35737454944931263
t+1,89,287,0.3580395877361297,0.34952341785415786
t+1,89,288,0.3060476183891296,0.367673533368
t+1,89,289,0.3745434880256653,0.3219441493411528
t+1,90,0,0.3130016326904297,0.33107759491290234
t+1,90,1,0.2476247102022171,0.3319884843102517
t+1,90,2,0.3008928000926971,0.2751393627687332
t+1,90,3,0.3469280898571014,0.3217494088210816
t+1,90,4,0.2637799680233001,0.3573879399297196
t+1,90,5,0.3314352929592132,0.2878519159976035
t+1,90,6,0.2763629555702209,0.34104076704387104
t+1,90,7,0.2711656093597412,0.2940598874800836
t+1,90,8,0.3399376273155212,0.29495368424690704
t+1,90,9,0.2498106807470321,0.35117314564945246
t+1,90,10,0.2910193502902984,0.2763354462769019
t+1,90,11,0.3611792027950287,0.3089261835073671
t+1,90,12,0.2995355129241943,0.3707162473027347
t+1,90,13,0.2493032664060592,0.3196805852159203
t+1,90,14,0.2799752056598663,0.27274744353540326
t+1,90,15,0.3204881250858307,0.2994752720676187
t+1,90,16,0.3663811981678009,0.33551036090803377
t+1,90,17,0.2728736996650696,0.3739981188853047
t+1,90,18,0.3309935629367828,0.2928800200107438
t+1,90,19,0.338823527097702,0.34528771326120433
t+1,90,20,0.383003830909729,0.3541735623051819
t+1,90,21,0.3597946166992187,0.3898220503637577
t+1,90,22,0.3392016291618347,0.3692544358936919
t+1,90,23,0.3366544842720032,0.35400064218294175
t+1,90,24,0.3816987872123718,0.34748487786308707
t+1,90,25,0.3649412095546722,0.38845916918427525
t+1,90,26,0.3537609279155731,0.3735900793069005
t+1,90,27,0.3472160100936889,0.3632024071403244
t+1,90,28,0.3998047709465027,0.358824531423206
t+1,90,29,0.3716340363025665,0.4034244442861968
t+1,90,30,0.365989625453949,0.37931071297645774
t+1,90,31,0.4288908839225769,0.3749554653342258
t+1,90,32,0.4236489832401275,0.42897012555737857
t+1,90,33,0.3896980285644531,0.4262964948917351
t+1,90,34,0.4495064616203308,0.3939978730121921
t+1,90,35,0.4756557941436767,0.4459328047142425
t+1,90,36,0.4587243795394897,0.47240368648617614
t+1,90,37,0.5033104419708252,0.45714064258528875
t+1,90,38,0.417276918888092,0.5152645091093895
t+1,90,39,0.5485016703605652,0.4175638963484208
t+1,90,40,0.4906663000583648,0.5563806444698227
t+1,90,41,0.5296807885169983,0.4843047947521139
t+1,90,42,0.4848453104496002,0.5396007438385964
t+1,90,43,0.4723291099071502,0.4792507554162835
t+1,90,44,0.5486615300178528,0.46813635010861887
t+1,90,45,0.5411527156829834,0.5565739347144083
t+1,90,46,0.5631936192512512,0.5498372668335725
t+1,90,47,0.5039225816726685,0.5696567642359953
t+1,90,48,0.5836449265480042,0.5164172056535434
t+1,90,49,0.5818460583686829,0.5882820358297866
t+1,90,50,0.5502853393554688,0.5863018319094562
t+1,90,51,0.5651896595954895,0.5580786732538152
t+1,90,52,0.6056126952171326,0.5714508223780104
t+1,90,53,0.5769334435462952,0.6092972034986088
t+1,90,54,0.5531193614006042,0.5822664947905013
t+1,90,55,0.6085405945777893,0.5603460428262388
t+1,90,56,0.5486969351768494,0.6114539289918126
t+1,90,57,0.5149018168449402,0.5563982932388426
t+1,90,58,0.6433016657829285,0.5256078448239552
t+1,90,59,0.5356877446174622,0.6440446883230997
t+1,90,60,0.604463517665863,0.5445864051449784
t+1,90,61,0.5883385539054871,0.6068097728094048
t+1,90,62,0.5205448865890503,0.5924701467769719
t+1,90,63,0.5811213254928589,0.530943119064405
t+1,90,64,0.5459907054901123,0.5860574689503244
t+1,90,65,0.5397809743881226,0.5540663900935636
t+1,90,66,0.5045042634010315,0.5480029227198857
t+1,90,67,0.5554024577140808,0.5164545228735569
t+1,90,68,0.5643861293792725,0.5624870790687762
t+1,90,69,0.4815575778484344,0.5707081495272994
t+1,90,70,0.5737772583961487,0.47637089878151234
t+1,90,71,0.5393644571304321,0.5792756460620335
t+1,90,72,0.4327236413955688,0.5480351095916272
t+1,90,73,0.4228107929229736,0.43339268032200173
t+1,90,74,0.5092533826828003,0.42237506712325407
t+1,90,75,0.5019035935401917,0.5214259648894637
t+1,90,76,0.5204012393951416,0.514785525567862
t+1,90,77,0.5050848722457886,0.5311433263111629
t+1,90,78,0.5654336810112,0.5170361386503393
t+1,90,79,0.5037232637405396,0.5716507402955464
t+1,90,80,0.527433454990387,0.5153289471514774
t+1,90,81,0.581237256526947,0.5369682145682229
t+1,90,82,0.5495600700378418,0.5858010977142809
t+1,90,83,0.5452976226806641,0.5571780706592133
t+1,90,84,0.5735050439834595,0.5533562592066259
t+1,90,85,0.5894805788993835,0.5790426825075455
t+1,90,86,0.600303590297699,0.5937574919703335
t+1,90,87,0.5872182250022888,0.6036672428308474
t+1,90,88,0.628265380859375,0.5913285103584521
t+1,90,89,0.6470828652381897,0.6287087083750618
t+1,90,90,0.6411404013633728,0.6469826361973857
t+1,90,91,0.69374018907547,0.6403163434316861
t+1,90,92,0.6572863459587097,0.6914560012017862
t+1,90,93,0.6628108024597168,0.6548591312257723
t+1,90,94,0.7102925777435303,0.6631169056018354
t+1,90,95,0.6534723043441772,0.7075523424415623
t+1,90,96,0.7145607471466064,0.6522834983527758
t+1,90,97,0.7186945080757141,0.7090690749943204
t+1,90,98,0.7180063724517822,0.7152614366813063
t+1,90,99,0.7974584102630615,0.7166498324331899
t+1,90,100,0.7634199857711792,0.7870663205331929
t+1,90,101,0.7445045113563538,0.7501783721591185
t+1,90,102,0.7542939782142639,0.7384484386589824
t+1,90,103,0.7633641362190247,0.7444617457458832
t+1,90,104,0.8071306347846985,0.7542981713981807
t+1,90,105,0.8034021854400635,0.7927461649572325
t+1,90,106,0.7696965336799622,0.7882078677711545
t+1,90,107,0.7573744058609009,0.7600583498585508
t+1,90,108,0.7986889481544495,0.7452195347075826
t+1,90,109,0.7295043468475342,0.7866716739863947
t+1,90,110,0.8228309154510498,0.7239213134550412
t+1,90,111,0.7877600789070129,0.808256586654192
t+1,90,112,0.769694447517395,0.7756395636359421
t+1,90,113,0.8024245500564575,0.7566500664493212
t+1,90,114,0.7944349050521851,0.7883433881473518
t+1,90,115,0.7366538643836975,0.7811364184970698
t+1,90,116,0.8648456931114197,0.7305516723830516
t+1,90,117,0.745818555355072,0.8486163232475604
t+1,90,118,0.7582469582557678,0.7378545870032025
t+1,90,119,0.8483989238739014,0.7466610162456214
t+1,90,120,0.8260440826416016,0.8356578958613915
t+1,90,121,0.7869054079055786,0.8147265403784697
t+1,90,122,0.7797289490699768,0.774336695436133
t+1,90,123,0.8090881705284119,0.7699971309559825
t+1,90,124,0.8541859984397888,0.7945557732071334
t+1,90,125,0.7814792990684509,0.8357029981777542
t+1,90,126,0.8614181876182556,0.7675761806200139
t+1,90,127,0.7972004413604736,0.8463682493573854
t+1,90,128,0.9001105427742004,0.7831949975152153
t+1,90,129,0.9037732481956482,0.887702559992822
t+1,90,130,0.935633420944214,0.8912107060030106
t+1,90,131,0.8822789788246155,0.9159894213369579
t+1,90,132,0.8605706691741943,0.8646442446018746
t+1,90,133,0.8119955658912659,0.8462172392172744
t+1,90,134,0.8381684422492981,0.7972609036612217
t+1,90,135,0.8457880020141602,0.8162536409079345
t+1,90,136,0.828576922416687,0.829433466660529
t+1,90,137,0.8650622367858887,0.8156589524962855
t+1,90,138,0.8053702116012573,0.8521221253633939
t+1,90,139,0.7948145270347595,0.7924007917058427
t+1,90,140,0.8137438297271729,0.7822308772834536
t+1,90,141,0.8362837433815002,0.8027428189396879
t+1,90,142,0.8234157562255859,0.826540070009505
t+1,90,143,0.8580568432807922,0.8127800345751058
t+1,90,144,0.8126979470252991,0.8461002376323539
t+1,90,145,0.8344330787658691,0.8039405304362105
t+1,90,146,0.7454129457473755,0.8220781516431835
t+1,90,147,0.8069086074829102,0.7392515976426788
t+1,90,148,0.7785924673080444,0.7900867832935216
t+1,90,149,0.7716875076293945,0.7660574067972099
t+1,90,150,0.8132472634315491,0.7550309476843547
t+1,90,151,0.7720576524734497,0.8006125375725365
t+1,90,152,0.7578611373901367,0.7610994502013438
t+1,90,153,0.7363089323043823,0.7458418699111208
t+1,90,154,0.7234805226325989,0.7303849149163911
t+1,90,155,0.724012553691864,0.7163557436268372
t+1,90,156,0.6928666830062866,0.7182514161738913
t+1,90,157,0.7577572464942932,0.6895863214186132
t+1,90,158,0.6334019303321838,0.7476620120067184
t+1,90,159,0.724119246006012,0.6331553162721886
t+1,90,160,0.6810029149055481,0.7176411500777019
t+1,90,161,0.6499387621879578,0.6757683961623432
t+1,90,162,0.6591612696647644,0.648135786736983
t+1,90,163,0.6368424296379089,0.6575349852184358
t+1,90,164,0.6628153324127197,0.6364272428474383
t+1,90,165,0.6047764420509338,0.6597998383939117
t+1,90,166,0.6630814671516418,0.6073891698558099
t+1,90,167,0.6350459456443787,0.6630838012152491
t+1,90,168,0.6146682500839233,0.6354912066034215
t+1,90,169,0.6118284463882446,0.6163926366923983
t+1,90,170,0.5962011218070984,0.6139621713965492
t+1,90,171,0.6422713398933411,0.5992292949884872
t+1,90,172,0.6220099329948425,0.6427219594341772
t+1,90,173,0.6231095194816589,0.6236429644420343
t+1,90,174,0.6679365038871765,0.6249121689983949
t+1,90,175,0.6390184164047241,0.6661420450423156
t+1,90,176,0.584955632686615,0.6398702337976988
t+1,90,177,0.599650502204895,0.5895104876869426
t+1,90,178,0.6481404304504395,0.6032118348068943
t+1,90,179,0.6612107157707214,0.6477810539414203
t+1,90,180,0.5953702926635742,0.6580116001234582
t+1,90,181,0.5708991885185242,0.5987430273228643
t+1,90,182,0.6209592223167419,0.5766303173730669
t+1,90,183,0.5334637761116028,0.6224798740686585
t+1,90,184,0.6074930429458618,0.5425816010757826
t+1,90,185,0.6222169995307922,0.6106473927601641
t+1,90,186,0.5982764363288879,0.623503489466542
t+1,90,187,0.5136949419975281,0.601191674572658
t+1,90,188,0.5992039442062378,0.5251184632787295
t+1,90,189,0.6698620915412903,0.6019509348942117
t+1,90,190,0.6059436798095703,0.6688342936444489
t+1,90,191,0.6484359502792358,0.6090652821059567
t+1,90,192,0.549525797367096,0.6479484162645756
t+1,90,193,0.599639356136322,0.556973973463196
t+1,90,194,0.637165367603302,0.6024924287071839
t+1,90,195,0.6252025961875916,0.6358101841493143
t+1,90,196,0.641601026058197,0.6254235294118544
t+1,90,197,0.6566566824913025,0.6417374525193004
t+1,90,198,0.6021835207939148,0.6556110217758672
t+1,90,199,0.6743676662445068,0.6052862983892161
t+1,90,200,0.6656115055084229,0.6713245037580771
t+1,90,201,0.657647967338562,0.6644181571023436
t+1,90,202,0.711037278175354,0.6572398098301966
t+1,90,203,0.6951557993888855,0.7045880005861156
t+1,90,204,0.6589398384094238,0.6899302569532063
t+1,90,205,0.6664129495620728,0.6561459905081565
t+1,90,206,0.7094324827194214,0.6626829825826962
t+1,90,207,0.6796600818634033,0.7056781357616402
t+1,90,208,0.6616643667221069,0.6760377049721483
t+1,90,209,0.740674614906311,0.6589292489480628
t+1,90,210,0.6859596967697144,0.7355559218222955
t+1,90,211,0.6951183676719666,0.681262198610233
t+1,90,212,0.6628149151802063,0.6898884471183714
t+1,90,213,0.7054175138473511,0.6609464467021459
t+1,90,214,0.6122881174087524,0.7034873166638659
t+1,90,215,0.7140551805496216,0.6145493320391149
t+1,90,216,0.7339272499084473,0.7089847526990193
t+1,90,217,0.7178616523742676,0.7266143226673853
t+1,90,218,0.713875949382782,0.7109791453681592
t+1,90,219,0.7077434062957764,0.707661507314175
t+1,90,220,0.6785898208618164,0.7050412654680576
t+1,90,221,0.671263575553894,0.6750460789707213
t+1,90,222,0.6443526744842529,0.6684600522285891
t+1,90,223,0.6400606632232666,0.6431041202036635
t+1,90,224,0.7399051785469055,0.6394594121753869
t+1,90,225,0.6681760549545288,0.7324964986262169
t+1,90,226,0.7293381094932556,0.6658567601024814
t+1,90,227,0.7325164079666138,0.7242012342177847
t+1,90,228,0.7011709809303284,0.7284598711745528
t+1,90,229,0.6666731238365173,0.69615081067878
t+1,90,230,0.6871426105499268,0.6641347596705108
t+1,90,231,0.6932126879692078,0.6819139953885766
t+1,90,232,0.7471657991409302,0.6875616780611116
t+1,90,233,0.6418532729148865,0.7379772323811119
t+1,90,234,0.7047173976898193,0.6399737023814833
t+1,90,235,0.710604190826416,0.7017236426549908
t+1,90,236,0.6462116837501526,0.7069031734238115
t+1,90,237,0.7038144469261169,0.6447771595608264
t+1,90,238,0.6892520785331726,0.6994923772292444
t+1,90,239,0.6610933542251587,0.6856100469917795
t+1,90,240,0.6645122766494751,0.6598725361099695
t+1,90,241,0.6528778672218323,0.6635814658953132
t+1,90,242,0.6682102084159851,0.6509171515374615
t+1,90,243,0.6161827445030212,0.6665583564300391
t+1,90,244,0.5893492698669434,0.6184388446772574
t+1,90,245,0.5773598551750183,0.5933760274333657
t+1,90,246,0.5756586194038391,0.582141877298915
t+1,90,247,0.6254081130027771,0.5808123706457234
t+1,90,248,0.5649414658546448,0.6264308171498958
t+1,90,249,0.5317211747169495,0.5710433817688335
t+1,90,250,0.5069265365600586,0.540829743687792
t+1,90,251,0.5506317615509033,0.5191776501756847
t+1,90,252,0.5617222785949707,0.5581187867786563
t+1,90,253,0.4902506470680237,0.5681603619301343
t+1,90,254,0.5003371834754944,0.4835626536488381
t+1,90,255,0.5229616761207581,0.5132123554246557
t+1,90,256,0.4631811678409576,0.5323490349473894
t+1,90,257,0.5050556063652039,0.4588456845894134
t+1,90,258,0.5613412261009216,0.5173002284686267
t+1,90,259,0.5077394247055054,0.5677454533535498
t+1,90,260,0.5516061186790466,0.5202113769396768
t+1,90,261,0.3975984752178192,0.5587415089564829
t+1,90,262,0.4352316260337829,0.3999343001747617
t+1,90,263,0.4664890170097351,0.43673198187583645
t+1,90,264,0.526466965675354,0.46269903749827357
t+1,90,265,0.4369835555553436,0.536631200385028
t+1,90,266,0.4059149622917175,0.43628992200833355
t+1,90,267,0.4644566774368286,0.40918599482950585
t+1,90,268,0.398272305727005,0.4622086579623416
t+1,90,269,0.41995769739151,0.4036676169821471
t+1,90,270,0.4294015765190124,0.41960564257093713
t+1,90,271,0.440412700176239,0.43039822845839926
t+1,90,272,0.4175698161125183,0.43976615001748653
t+1,90,273,0.4638152420520782,0.41874514048041916
t+1,90,274,0.3587440848350525,0.4616373518247722
t+1,90,275,0.3936045169830322,0.3692214738681457
t+1,90,276,0.4080583155155182,0.3993506644302229
t+1,90,277,0.3964468240737915,0.4064024909060035
t+1,90,278,0.3805849552154541,0.3986943441464966
t+1,90,279,0.3113827705383301,0.38600492877706866
t+1,90,280,0.3418777287006378,0.33087470541398994
t+1,90,281,0.3212239444255829,0.3523897663799132
t+1,90,282,0.3406495451927185,0.3361741837554032
t+1,90,283,0.3356865644454956,0.3520394922488811
t+1,90,284,0.3043745458126068,0.34916170234580907
t+1,90,285,0.2903254926204681,0.32277435992457487
t+1,90,286,0.3258494436740875,0.3110868033628974
t+1,90,287,0.2791979610919952,0.34235782976809015
t+1,90,288,0.3530560433864593,0.30390018471460933
t+1,90,289,0.3771468698978424,0.3592789800117973
t+1,91,0,0.3084191381931305,0.2809078477111312
t+1,91,1,0.2669930160045624,0.32743643545054835
t+1,91,2,0.2632984817028045,0.29033337661143865
t+1,91,3,0.3579925298690796,0.2881002380351726
t+1,91,4,0.3354243636131286,0.3656152713383742
t+1,91,5,0.2743414342403412,0.34995941662166247
t+1,91,6,0.2429990172386169,0.29161776488574265
t+1,91,7,0.3487453162670135,0.26648344699673093
t+1,91,8,0.3505622148513794,0.35732501437506087
t+1,91,9,0.3129207789897918,0.35681870931541676
t+1,91,10,0.2957097291946411,0.3274503419162053
t+1,91,11,0.3550744652748108,0.31456087135028776
t+1,91,12,0.4156660437583923,0.35997596477715194
t+1,91,13,0.3705671727657318,0.41811299187440476
t+1,91,14,0.3167724013328552,0.37945285520121436
t+1,91,15,0.3331742882728576,0.3336073049403179
t+1,91,16,0.2784624993801117,0.34413303556574176
t+1,91,17,0.2220847308635711,0.3022566816008124
t+1,91,18,0.3320984840393066,0.25367431656228695
t+1,91,19,0.3169889152050018,0.3454870487654439
t+1,91,20,0.4100715219974518,0.33187282431585896
t+1,91,21,0.3317900598049164,0.4112397589684886
t+1,91,22,0.3829200863838196,0.3467588340810288
t+1,91,23,0.3756691813468933,0.3889409287458092
t+1,91,24,0.2830285131931305,0.3816454603897692
t+1,91,25,0.3189952075481415,0.3018494567174403
t+1,91,26,0.3250109255313873,0.3320086222550655
t+1,91,27,0.2817829251289367,0.33948766259492774
t+1,91,28,0.3582001030445099,0.30481658812294643
t+1,91,29,0.3407892882823944,0.368291975753652
t+1,91,30,0.3067612946033478,0.3538925602629293
t+1,91,31,0.3511050939559936,0.3228218106379627
t+1,91,32,0.3427651226520538,0.361308266431454
t+1,91,33,0.3642664551734924,0.35071384755874885
t+1,91,34,0.3374345004558563,0.37342752853241273
t+1,91,35,0.3425380289554596,0.3501824980499668
t+1,91,36,0.3559776842594147,0.35370332568280505
t+1,91,37,0.3723601996898651,0.36447138056443684
t+1,91,38,0.3562838435173034,0.38079988662676173
t+1,91,39,0.4141734540462494,0.36820362332016854
t+1,91,40,0.3779486715793609,0.41625790192387346
t+1,91,41,0.3634898662567138,0.3836693263127866
t+1,91,42,0.3469365239143371,0.3707278311618576
t+1,91,43,0.2860951721668243,0.3607330212371152
t+1,91,44,0.3401907980442047,0.3054671393808953
t+1,91,45,0.3841101229190826,0.35335183565258366
t+1,91,46,0.3910218179225921,0.38857920538402524
t+1,91,47,0.4164753556251526,0.3957485400077804
t+1,91,48,0.3731615543365478,0.41945673958600566
t+1,91,49,0.4462390542030334,0.38043746925859007
t+1,91,50,0.3051307797431946,0.44359947765620533
t+1,91,51,0.4180608987808227,0.3202121332493846
t+1,91,52,0.3495247662067413,0.4167987486361333
t+1,91,53,0.4573302268981933,0.36369723972722146
t+1,91,54,0.441006451845169,0.4558920476856838
t+1,91,55,0.3776655793190002,0.439955268369561
t+1,91,56,0.3918103277683258,0.38650756264723474
t+1,91,57,0.4637670218944549,0.3996969546149648
t+1,91,58,0.4393591582775116,0.4602363516398792
t+1,91,59,0.4334784150123596,0.438614101537954
t+1,91,60,0.4130063951015472,0.43393114996015214
t+1,91,61,0.4655123353004455,0.41502663195522455
t+1,91,62,0.4371185004711151,0.46212802277667187
t+1,91,63,0.4431360065937042,0.4395717910771345
t+1,91,64,0.430516242980957,0.44118184069676014
t+1,91,65,0.4790579080581665,0.43054542453443834
t+1,91,66,0.4713597893714905,0.4738529076435098
t+1,91,67,0.457400381565094,0.4662128762133
t+1,91,68,0.4590329527854919,0.45415807732900454
t+1,91,69,0.4871533811092376,0.45574432511341595
t+1,91,70,0.4664484858512878,0.4812931896150585
t+1,91,71,0.5586315989494324,0.4649151257951004
t+1,91,72,0.5395059585571289,0.5655127523721656
t+1,91,73,0.5046220421791077,0.5479944085230373
t+1,91,74,0.5964173674583435,0.516487950007773
t+1,91,75,0.4892167150974273,0.6000752984414782
t+1,91,76,0.5707149505615234,0.48313640101899985
t+1,91,77,0.5632394552230835,0.576376841639905
t+1,91,78,0.5415408611297607,0.5696390018494317
t+1,91,79,0.612461268901825,0.5500260996558962
t+1,91,80,0.5981330275535583,0.6148902098889283
t+1,91,81,0.5922664999961853,0.6014586426666856
t+1,91,82,0.6657041311264038,0.5958667198490862
t+1,91,83,0.616202175617218,0.6662915624462716
t+1,91,84,0.6231120824813843,0.6184392735557047
t+1,91,85,0.6033904552459717,0.6241609717122785
t+1,91,86,0.5875187516212463,0.6071003690552049
t+1,91,87,0.6470299363136292,0.591500562916444
t+1,91,88,0.5876970291137695,0.6465717962694171
t+1,91,89,0.5944302082061768,0.5920136187226909
t+1,91,90,0.6356450915336609,0.5982056996605649
t+1,91,91,0.5637829303741455,0.6358014935720626
t+1,91,92,0.6539939641952515,0.5701394098276948
t+1,91,93,0.6564199924468994,0.6538497629218963
t+1,91,94,0.6742523312568665,0.6555937642810521
t+1,91,95,0.6155137419700623,0.6728936192613996
t+1,91,96,0.6379274129867554,0.6181300182189998
t+1,91,97,0.6163607239723206,0.6384477073100638
t+1,91,98,0.6239795088768005,0.6180015311948348
t+1,91,99,0.7148080468177795,0.6255266423270281
t+1,91,100,0.6878741979598999,0.7071364274324835
t+1,91,101,0.6500042676925659,0.6856978479353247
t+1,91,102,0.6431980133056641,0.6501379600813001
t+1,91,103,0.6787180304527283,0.6428653792250546
t+1,91,104,0.6721157431602478,0.6774180274253315
t+1,91,105,0.6895940899848938,0.6711336421796924
t+1,91,106,0.7139521837234497,0.6882616916247457
t+1,91,107,0.7515538334846497,0.7106440519520832
t+1,91,108,0.7317988872528076,0.7391970517234244
t+1,91,109,0.7652998566627502,0.7249433853984105
t+1,91,110,0.7717673182487488,0.7561234072817263
t+1,91,111,0.7383655309677124,0.7578889937963695
t+1,91,112,0.671288013458252,0.732144242498049
t+1,91,113,0.6609769463539124,0.6676441486982527
t+1,91,114,0.7362765073776245,0.6598855430516304
t+1,91,115,0.8019096255302429,0.7338072211528103
t+1,91,116,0.7867714762687683,0.7899594795797913
t+1,91,117,0.7817285656929016,0.7749529326664456
t+1,91,118,0.74699866771698,0.7718955510714469
t+1,91,119,0.7316478490829468,0.7411586824597235
t+1,91,120,0.754915714263916,0.7249782819068278
t+1,91,121,0.7096195816993713,0.7448181434684678
t+1,91,122,0.7655578851699829,0.7051325661751282
t+1,91,123,0.7808929681777954,0.7561329154511741
t+1,91,124,0.7264884114265442,0.7701421178340476
t+1,91,125,0.824468731880188,0.7232543991019172
t+1,91,126,0.741415798664093,0.8083403819454826
t+1,91,127,0.7967392206192017,0.7355473613494629
t+1,91,128,0.8733353018760681,0.7835347438325297
t+1,91,129,0.7680109739303589,0.8596605425379493
t+1,91,130,0.7768831849098206,0.7476514217233755
t+1,91,131,0.8003349304199219,0.7604894313220274
t+1,91,132,0.7308499813079834,0.7868962682416881
t+1,91,133,0.8124100565910339,0.7251483130933443
t+1,91,134,0.7873653769493103,0.7940863295852381
t+1,91,135,0.7670956254005432,0.7722921869976328
t+1,91,136,0.7746968865394592,0.7530967100297259
t+1,91,137,0.7603226900100708,0.7621992678515594
t+1,91,138,0.761994481086731,0.7481437264541292
t+1,91,139,0.7925463914871216,0.7531873230754147
t+1,91,140,0.7648728489875793,0.7768271655001664
t+1,91,141,0.7849591374397278,0.7545829923784898
t+1,91,142,0.7898789048194885,0.770303622473363
t+1,91,143,0.7447134256362915,0.7810842159462253
t+1,91,144,0.8061725497245789,0.7356168941131077
t+1,91,145,0.7605602741241455,0.7934157161358201
t+1,91,146,0.8144825100898743,0.7457576778260385
t+1,91,147,0.7557141780853271,0.7995705743941208
t+1,91,148,0.7613011598587036,0.7442739745410918
t+1,91,149,0.7724568247795105,0.7509992597311056
t+1,91,150,0.7857146859169006,0.7619358107557533
t+1,91,151,0.7806171774864197,0.7756388246366706
t+1,91,152,0.7936757802963257,0.7681838415859519
t+1,91,153,0.7815924286842346,0.7803904197031133
t+1,91,154,0.7669194936752319,0.7705328394564003
t+1,91,155,0.7486345767974854,0.7542578379141109
t+1,91,156,0.778622031211853,0.7434643751342077
t+1,91,157,0.7346300482749939,0.7677334434228483
t+1,91,158,0.7959188222885132,0.7275055680748433
t+1,91,159,0.7326542735099792,0.7804357584872791
t+1,91,160,0.7494902014732361,0.7273543662183531
t+1,91,161,0.8063985705375671,0.7424231460498056
t+1,91,162,0.7335032820701599,0.7914734588884329
t+1,91,163,0.7558570504188538,0.7283290142845269
t+1,91,164,0.7345919609069824,0.7403752571068147
t+1,91,165,0.7761393785476685,0.7265244368152429
t+1,91,166,0.74997878074646,0.766790514342055
t+1,91,167,0.7865310907363892,0.7457393685330184
t+1,91,168,0.7727410197257996,0.775659695105393
t+1,91,169,0.7632182836532593,0.7596543575871896
t+1,91,170,0.7510420680046082,0.7545361440353251
t+1,91,171,0.7489790916442871,0.7403119932043707
t+1,91,172,0.7610465884208679,0.7403079500256508
t+1,91,173,0.7238667011260986,0.7498686404456293
t+1,91,174,0.7608855366706848,0.7196832802429515
t+1,91,175,0.7539421916007996,0.7512348846928577
t+1,91,176,0.7320656180381775,0.7432243920976552
t+1,91,177,0.7281394004821777,0.7262345603773768
t+1,91,178,0.7403769493103027,0.7231315098926582
t+1,91,179,0.726283848285675,0.7333643225020408
t+1,91,180,0.7022027969360352,0.7185423751407848
t+1,91,181,0.7616451978683472,0.6960799804345891
t+1,91,182,0.7433286905288696,0.7506374266170204
t+1,91,183,0.6997729539871216,0.7376707270746542
t+1,91,184,0.7577304840087891,0.6929687475455937
t+1,91,185,0.7149592638015747,0.7476110499646068
t+1,91,186,0.7144057750701904,0.7121756015440416
t+1,91,187,0.7365458011627197,0.7058606261599825
t+1,91,188,0.682927668094635,0.7324727807460262
t+1,91,189,0.7064433693885803,0.6802217353878385
t+1,91,190,0.7104227542877197,0.7002457844751615
t+1,91,191,0.6858320236206055,0.7082271101973674
t+1,91,192,0.7039591670036316,0.682101529532013
t+1,91,193,0.639439582824707,0.7001311805830843
t+1,91,194,0.6787652969360352,0.6390052100588698
t+1,91,195,0.6547344326972961,0.6739705468922714
t+1,91,196,0.7131778001785278,0.6540404986994512
t+1,91,197,0.7035949230194092,0.7109823737764833
t+1,91,198,0.6017568707466125,0.6967169599447329
t+1,91,199,0.6761091351509094,0.6044447809077801
t+1,91,200,0.7420927286148071,0.6756291378819016
t+1,91,201,0.6153482794761658,0.7382649440044072
t+1,91,202,0.7265154719352722,0.6174835515008301
t+1,91,203,0.6984158754348755,0.723563111982363
t+1,91,204,0.6765236258506775,0.6930535634514545
t+1,91,205,0.7121729254722595,0.6739126844298904
t+1,91,206,0.676689088344574,0.7077426599699873
t+1,91,207,0.6886466145515442,0.6735680663767399
t+1,91,208,0.618514895439148,0.6850817430508858
t+1,91,209,0.712279736995697,0.6200349653921167
t+1,91,210,0.681770920753479,0.7086538638295357
t+1,91,211,0.6947018504142761,0.6791308477032527
t+1,91,212,0.6902788281440735,0.689508288624984
t+1,91,213,0.7701029777526855,0.6868587922005825
t+1,91,214,0.6827535629272461,0.7578412573553129
t+1,91,215,0.7172455787658691,0.6818629424353534
t+1,91,216,0.6589370369911194,0.7153088871968741
t+1,91,217,0.7306041121482849,0.6575901433274457
t+1,91,218,0.7176796197891235,0.7272236700064184
t+1,91,219,0.7124735116958618,0.7126723123818951
t+1,91,220,0.6590946316719055,0.7083350443867906
t+1,91,221,0.6674041748046875,0.6584616848161476
t+1,91,222,0.6633573174476624,0.6654924039475365
t+1,91,223,0.7297236323356628,0.6604535121537359
t+1,91,224,0.7108008861541748,0.723103398107051
t+1,91,225,0.6802922487258911,0.7061278887924768
t+1,91,226,0.6869238615036011,0.6765988616086883
t+1,91,227,0.729046642780304,0.6830706009555816
t+1,91,228,0.7213093042373657,0.7233835901045627
t+1,91,229,0.6882384419441223,0.7182789520960372
t+1,91,230,0.6679533123970032,0.6840016622322483
t+1,91,231,0.6823150515556335,0.6664463723197166
t+1,91,232,0.6303983926773071,0.6785738279481783
t+1,91,233,0.6593920588493347,0.6311614993559715
t+1,91,234,0.6725261807441711,0.6580973644526483
t+1,91,235,0.6426656246185303,0.6687698467797121
t+1,91,236,0.7065532803535461,0.642681222556168
t+1,91,237,0.6421048641204834,0.7009285043656106
t+1,91,238,0.6080282926559448,0.6431033819774971
t+1,91,239,0.6529366970062256,0.6098496549720571
t+1,91,240,0.6091981530189514,0.6500948526145637
t+1,91,241,0.6529942154884338,0.6115398028321027
t+1,91,242,0.6060858964920044,0.651608305219334
t+1,91,243,0.6101440191268921,0.6088274835011185
t+1,91,244,0.624046266078949,0.6128036553886926
t+1,91,245,0.6443890929222107,0.6248584632929118
t+1,91,246,0.5775756239891052,0.644612145583939
t+1,91,247,0.5708217620849609,0.5826870736808972
t+1,91,248,0.5896015167236328,0.5763822076829158
t+1,91,249,0.6180625557899475,0.5937676095724325
t+1,91,250,0.5506580471992493,0.6199359691156393
t+1,91,251,0.5341492295265198,0.5579712971225302
t+1,91,252,0.5155346393585205,0.5430019308593237
t+1,91,253,0.514782190322876,0.5268704133160413
t+1,91,254,0.4641228914260864,0.5266396322624893
t+1,91,255,0.575221836566925,0.46092418050709166
t+1,91,256,0.5187193751335144,0.5802903245360846
t+1,91,257,0.5185852646827698,0.5291524741818254
t+1,91,258,0.5765758752822876,0.5285186046565851
t+1,91,259,0.4993530213832855,0.5817933539856369
t+1,91,260,0.5118337869644165,0.4899433434458086
t+1,91,261,0.4512732625007629,0.5229685147110233
t+1,91,262,0.4687046408653259,0.4474499025561942
t+1,91,263,0.4276250600814819,0.46532095023756564
t+1,91,264,0.4948941171169281,0.4282196089282908
t+1,91,265,0.3745935261249542,0.48835252193067463
t+1,91,266,0.4215854406356811,0.3817140142050086
t+1,91,267,0.4156372547149658,0.4245678248420506
t+1,91,268,0.4236597418785095,0.418668642770169
t+1,91,269,0.4115851521492004,0.42467466718726915
t+1,91,270,0.4145330786705017,0.41389374898523995
t+1,91,271,0.4476468563079834,0.41519447751245975
t+1,91,272,0.4035824239253998,0.44608702941200756
t+1,91,273,0.4745951294898987,0.40888684397965186
t+1,91,274,0.4285796582698822,0.4701440170193232
t+1,91,275,0.3348197042942047,0.4287598760341159
t+1,91,276,0.3637581765651703,0.34917036217828673
t+1,91,277,0.3609562516212463,0.371410502079999
t+1,91,278,0.3255457878112793,0.36981334793553694
t+1,91,279,0.3694737553596496,0.33918871131627815
t+1,91,280,0.3677890598773956,0.37758470243794734
t+1,91,281,0.239094465970993,0.3756548836367235
t+1,91,282,0.2912425994873047,0.27105794599163724
t+1,91,283,0.3792436420917511,0.3106794319443003
t+1,91,284,0.3166014850139618,0.3862383820314668
t+1,91,285,0.3166320025920868,0.3321007297817299
t+1,91,286,0.3425616323947906,0.33295043363779925
t+1,91,287,0.3724188208580017,0.3522546164389226
t+1,91,288,0.3732556402683258,0.3808254025513918
t+1,91,289,0.2920682430267334,0.3809273785111399
t+1,92,0,0.3125549554824829,0.3565229789009691
t+1,92,1,0.330889493227005,0.3290881220329108
t+1,92,2,0.3036400079727173,0.341588970159088
t+1,92,3,0.3026585280895233,0.3218234264730745
t+1,92,4,0.2908272445201874,0.32270176541030715
t+1,92,5,0.329629123210907,0.3133093290512321
t+1,92,6,0.3261440098285675,0.34227862161527894
t+1,92,7,0.3050097227096557,0.34024178586809395
t+1,92,8,0.3620617389678955,0.32100809365819427
t+1,92,9,0.2968601882457733,0.3719488496070858
t+1,92,10,0.3117637932300567,0.3140900246930954
t+1,92,11,0.3266074955463409,0.3227830889851976
t+1,92,12,0.3800522983074188,0.3411732918705125
t+1,92,13,0.3809046745300293,0.38660095731850463
t+1,92,14,0.4091017246246338,0.386340761260536
t+1,92,15,0.3750516772270202,0.4119205452784193
t+1,92,16,0.362455815076828,0.3813104063223092
t+1,92,17,0.4642214775085449,0.36893070717948556
t+1,92,18,0.3854866921901703,0.46246302977423825
t+1,92,19,0.4361954927444458,0.3908336728289359
t+1,92,20,0.4803220629692077,0.4348238390222098
t+1,92,21,0.4985918402671814,0.47531199875132474
t+1,92,22,0.433571308851242,0.491808900036673
t+1,92,23,0.4118295311927795,0.43404927629454576
t+1,92,24,0.4761918187141418,0.41417800616248335
t+1,92,25,0.5045685172080994,0.4703370146158325
t+1,92,26,0.4724557399749756,0.5175516966400475
t+1,92,27,0.4465276300907135,0.4681637678412873
t+1,92,28,0.4976783394813537,0.44492862886061285
t+1,92,29,0.4497480392456054,0.49031819316753117
t+1,92,30,0.5517563819885254,0.44883097277997325
t+1,92,31,0.6052811741828918,0.5592443917809635
t+1,92,32,0.5216898322105408,0.608200852192324
t+1,92,33,0.564958393573761,0.532010474325401
t+1,92,34,0.5213345289230347,0.5712597001751428
t+1,92,35,0.5163261294364929,0.5318305307856946
t+1,92,36,0.5441765785217285,0.5275173151888777
t+1,92,37,0.5395926237106323,0.5521775920692041
t+1,92,38,0.5785166621208191,0.5479954102457072
t+1,92,39,0.5386381149291992,0.5836925906172246
t+1,92,40,0.5952948927879333,0.5472918034556604
t+1,92,41,0.5482496619224548,0.59904464045187
t+1,92,42,0.5079012513160706,0.5561143216316653
t+1,92,43,0.5652777552604675,0.5196183152399091
t+1,92,44,0.5339775085449219,0.5715455741088631
t+1,92,45,0.486946702003479,0.5435893538977707
t+1,92,46,0.4833990633487701,0.4809586467242542
t+1,92,47,0.4482929408550262,0.4781310925344946
t+1,92,48,0.557784914970398,0.4466203044406598
t+1,92,49,0.5171794891357422,0.5647393550958189
t+1,92,50,0.527927577495575,0.5282714493126206
t+1,92,51,0.5057052373886108,0.5379783408902559
t+1,92,52,0.4330076575279236,0.5172954578042507
t+1,92,53,0.4852457344532013,0.4330811178758914
t+1,92,54,0.4663927555084228,0.4794229970388079
t+1,92,55,0.4327657520771026,0.46215949267594514
t+1,92,56,0.491736888885498,0.43256981942518324
t+1,92,57,0.5176200866699219,0.4855745999792609
t+1,92,58,0.5013279318809509,0.5292865730981391
t+1,92,59,0.4590961337089538,0.514988924112115
t+1,92,60,0.4371730983257293,0.4563945753106579
t+1,92,61,0.3615894317626953,0.4352434779343409
t+1,92,62,0.4458281993865967,0.37260543817144864
t+1,92,63,0.4647913575172424,0.4444000283534596
t+1,92,64,0.4747113883495331,0.460928331757608
t+1,92,65,0.4756915271282196,0.47084649346138474
t+1,92,66,0.4794052541255951,0.4697442372995248
t+1,92,67,0.4509225189685821,0.4735025364043835
t+1,92,68,0.4323678910732269,0.4487026152805537
t+1,92,69,0.4459791183471679,0.4338127665005488
t+1,92,70,0.474371463060379,0.44268772933549466
t+1,92,71,0.4794295728206634,0.4692379867852774
t+1,92,72,0.408026248216629,0.4737087187487183
t+1,92,73,0.4146957695484161,0.41107836341442494
t+1,92,74,0.4500536918640136,0.4176888102776768
t+1,92,75,0.4603323638439178,0.44855124132710417
t+1,92,76,0.4595049321651459,0.4574843188912009
t+1,92,77,0.4930683970451355,0.4552290967951406
t+1,92,78,0.4425021409988403,0.48626848566075787
t+1,92,79,0.4149848818778991,0.4412725961108005
t+1,92,80,0.4922561645507812,0.4167791901216479
t+1,92,81,0.5042914152145386,0.4853736375306168
t+1,92,82,0.4354115128517151,0.5171846969324603
t+1,92,83,0.4420303106307983,0.43706239325281504
t+1,92,84,0.5056896209716797,0.44030162157395153
t+1,92,85,0.470805287361145,0.5172496716261294
t+1,92,86,0.4828558266162872,0.4671483857787814
t+1,92,87,0.4199085831642151,0.47806059843068344
t+1,92,88,0.4077431261539459,0.4213385394120591
t+1,92,89,0.4405902028083801,0.4083776362954564
t+1,92,90,0.4832122325897217,0.43776207571718456
t+1,92,91,0.4773344099521637,0.4781025494906259
t+1,92,92,0.5474831461906433,0.4728604902747432
t+1,92,93,0.524526059627533,0.5551602048100825
t+1,92,94,0.4831506609916687,0.5354163712239397
t+1,92,95,0.5599679946899414,0.4786762536443763
t+1,92,96,0.4463838040828705,0.5666962062667384
t+1,92,97,0.5284120440483093,0.44407859135614025
t+1,92,98,0.5477383136749268,0.5385699092740321
t+1,92,99,0.5250158905982971,0.5556531311030694
t+1,92,100,0.4536436796188354,0.53465548664803
t+1,92,101,0.5802217125892639,0.4530804196961874
t+1,92,102,0.5970426201820374,0.5851960583594353
t+1,92,103,0.5679214000701904,0.6005862754198168
t+1,92,104,0.588396430015564,0.5738718538096756
t+1,92,105,0.5564331412315369,0.5925337841891573
t+1,92,106,0.6108783483505249,0.5632918221464678
t+1,92,107,0.5988049507141113,0.6130013031550147
t+1,92,108,0.6422048807144165,0.6022710584314201
t+1,92,109,0.6571477651596069,0.6432345395183837
t+1,92,110,0.5972982048988342,0.6555347125457284
t+1,92,111,0.6413525938987732,0.6009565561341359
t+1,92,112,0.6536284685134888,0.6404887434133902
t+1,92,113,0.651150107383728,0.652311999447202
t+1,92,114,0.5556989908218384,0.649852487728563
t+1,92,115,0.6555888056755066,0.5629249824881648
t+1,92,116,0.6434580683708191,0.6556094212127994
t+1,92,117,0.6846674084663391,0.6426550605256496
t+1,92,118,0.7223020195960999,0.6800419302398348
t+1,92,119,0.6543990969657898,0.7180989203314654
t+1,92,120,0.6564227938652039,0.6532086268941784
t+1,92,121,0.7741261124610901,0.6553677692697636
t+1,92,122,0.7170898914337158,0.7621445191592162
t+1,92,123,0.6808886528015137,0.7118804275875464
t+1,92,124,0.713467001914978,0.6778843158040117
t+1,92,125,0.7499315142631531,0.7070474047469603
t+1,92,126,0.7064972519874573,0.7428662592672989
t+1,92,127,0.6902157664299011,0.7036475961497869
t+1,92,128,0.721052885055542,0.6863267975288383
t+1,92,129,0.7473689317703247,0.7164043640493662
t+1,92,130,0.7361505627632141,0.7388678520948404
t+1,92,131,0.6914896368980408,0.7295013886738798
t+1,92,132,0.7394295930862427,0.6880547835531878
t+1,92,133,0.6653090715408325,0.7329185818309831
t+1,92,134,0.7699266672134399,0.6632010248763452
t+1,92,135,0.7324583530426025,0.7588872155261639
t+1,92,136,0.7530220746994019,0.7260818021862375
t+1,92,137,0.7542858719825745,0.7430263323911999
t+1,92,138,0.7173731923103333,0.7408564991868637
t+1,92,139,0.7295317649841309,0.712127144408109
t+1,92,140,0.7198168039321899,0.7246471288925391
t+1,92,141,0.7401291131973267,0.7145567624171724
t+1,92,142,0.7423326373100281,0.733558486575647
t+1,92,143,0.7369126081466675,0.7354039446037973
t+1,92,144,0.6596702337265015,0.7307650420154129
t+1,92,145,0.7571747899055481,0.6577040942362151
t+1,92,146,0.7831240296363831,0.7473392732740832
t+1,92,147,0.7397933602333069,0.7717399161074828
t+1,92,148,0.6924680471420288,0.7345968223328379
t+1,92,149,0.7124319672584534,0.6882360539602567
t+1,92,150,0.7402715682983398,0.7077099802636715
t+1,92,151,0.6862058043479919,0.732905345359304
t+1,92,152,0.6999684572219849,0.6839606132644442
t+1,92,153,0.6965439319610596,0.6936237746909599
t+1,92,154,0.6728085875511169,0.6938688298769297
t+1,92,155,0.6998183727264404,0.6725684952270968
t+1,92,156,0.6926833987236023,0.6958749807388787
t+1,92,157,0.6806445121765137,0.6889921238975231
t+1,92,158,0.669566810131073,0.6762171608348579
t+1,92,159,0.6783827543258667,0.6675456467869151
t+1,92,160,0.698540449142456,0.6778054210330353
t+1,92,161,0.6500051617622375,0.6951322117732561
t+1,92,162,0.6155052185058594,0.6497985715418483
t+1,92,163,0.6286365985870361,0.6164311350832594
t+1,92,164,0.639382004737854,0.6304573261272044
t+1,92,165,0.6272913217544556,0.6392280200352662
t+1,92,166,0.631189227104187,0.6275429140360255
t+1,92,167,0.5939427614212036,0.6307755571055186
t+1,92,168,0.5742772817611694,0.5975878434623615
t+1,92,169,0.6125847101211548,0.579680184953762
t+1,92,170,0.645533561706543,0.6150761957361549
t+1,92,171,0.6259866952896118,0.6472621695451543
t+1,92,172,0.5973199009895325,0.6268304270327778
t+1,92,173,0.6254288554191589,0.6003055875345755
t+1,92,174,0.6465878486633301,0.6265206134682468
t+1,92,175,0.5935615301132202,0.6467160654445966
t+1,92,176,0.5553452372550964,0.597486793884953
t+1,92,177,0.5808828473091125,0.5623095160269986
t+1,92,178,0.6480839848518372,0.5854628313091574
t+1,92,179,0.6529452204704285,0.6486505037339205
t+1,92,180,0.6066171526908875,0.6511351697630028
t+1,92,181,0.6143375039100647,0.6090507573935035
t+1,92,182,0.5697445273399353,0.6158598336553327
t+1,92,183,0.6166008114814758,0.5755370311314677
t+1,92,184,0.6277559995651245,0.6180232312390428
t+1,92,185,0.580108106136322,0.6280149025452797
t+1,92,186,0.5887923836708069,0.5847405736128785
t+1,92,187,0.6182952523231506,0.5927362201934112
t+1,92,188,0.6377654671669006,0.6199135305903105
t+1,92,189,0.6071164608001709,0.6379682598426655
t+1,92,190,0.5782322287559509,0.6089349524352242
t+1,92,191,0.6260243654251099,0.5831525941650837
t+1,92,192,0.5837519764900208,0.6269811508089409
t+1,92,193,0.6502257585525513,0.5880531736120999
t+1,92,194,0.6119853854179382,0.6485542371536978
t+1,92,195,0.6823462247848511,0.6146037197843437
t+1,92,196,0.7153211832046509,0.6800674488448749
t+1,92,197,0.6464857459068298,0.710007271159306
t+1,92,198,0.6834482550621033,0.646147624286715
t+1,92,199,0.6904686093330383,0.6818751297440493
t+1,92,200,0.6102909445762634,0.6856561019544208
t+1,92,201,0.6711696982383728,0.6124772114266196
t+1,92,202,0.7300640344619751,0.6698054809543158
t+1,92,203,0.720229983329773,0.7239861275006272
t+1,92,204,0.7070738673210144,0.7167707992597362
t+1,92,205,0.6847130060195923,0.7000198035390351
t+1,92,206,0.6752402186393738,0.6817239924223847
t+1,92,207,0.7324406504631042,0.6734612182527726
t+1,92,208,0.6695543527603149,0.7235852457877964
t+1,92,209,0.7272505164146423,0.666790911588719
t+1,92,210,0.7572809457778931,0.7235310891439823
t+1,92,211,0.751184344291687,0.7469509758083758
t+1,92,212,0.7218673229217529,0.7412305136820825
t+1,92,213,0.6638355255126953,0.7174293292210712
t+1,92,214,0.7158007621765137,0.6614443413029013
t+1,92,215,0.7658156752586365,0.7107672151552128
t+1,92,216,0.7479956150054932,0.7529512952600783
t+1,92,217,0.7709173560142517,0.7415904048838838
t+1,92,218,0.7576894164085388,0.7615616890119516
t+1,92,219,0.7209943532943726,0.7460459950119629
t+1,92,220,0.7282865643501282,0.7159172054930182
t+1,92,221,0.7278344631195068,0.7226847905507792
t+1,92,222,0.722107470035553,0.7226249778143307
t+1,92,223,0.7802086472511292,0.716947516992059
t+1,92,224,0.7246715426445007,0.7679713934578004
t+1,92,225,0.7880830764770508,0.7191486542031096
t+1,92,226,0.7403304576873779,0.7783040327492691
t+1,92,227,0.7002586126327515,0.7354117635864564
t+1,92,228,0.7889419794082642,0.69471449458289
t+1,92,229,0.7435036897659302,0.7766364307412
t+1,92,230,0.7552477717399597,0.7360096271163882
t+1,92,231,0.7633656859397888,0.7424957868866259
t+1,92,232,0.7646224498748779,0.7511013405908684
t+1,92,233,0.7464272975921631,0.7547017094255196
t+1,92,234,0.7113569974899292,0.7370988305009774
t+1,92,235,0.7474701404571533,0.7063089532746222
t+1,92,236,0.7646076679229736,0.7418912048134855
t+1,92,237,0.7600948810577393,0.7511467150636114
t+1,92,238,0.818465530872345,0.7502132740295133
t+1,92,239,0.7275264263153076,0.8071309554975205
t+1,92,240,0.7130575180053711,0.7203406346898249
t+1,92,241,0.706713080406189,0.7065617856905555
t+1,92,242,0.6655715107917786,0.7026404606050014
t+1,92,243,0.6709607243537903,0.6642294054838643
t+1,92,244,0.6347637176513672,0.6692187259082514
t+1,92,245,0.6540298461914062,0.6350809810497222
t+1,92,246,0.6353552937507629,0.6521570848799295
t+1,92,247,0.6965526342391968,0.6358558089781585
t+1,92,248,0.6627568602561951,0.6926208107515903
t+1,92,249,0.6190190315246582,0.6606419384453129
t+1,92,250,0.6050046682357788,0.6212962440698487
t+1,92,251,0.6135818958282471,0.6074266879938304
t+1,92,252,0.5919758677482605,0.6154860385215987
t+1,92,253,0.5808786749839783,0.5955910870467701
t+1,92,254,0.5897346138954163,0.585261867518883
t+1,92,255,0.5760746002197266,0.5936086775493157
t+1,92,256,0.5405630469322205,0.581158020829779
t+1,92,257,0.5740175843238831,0.5495342034438623
t+1,92,258,0.4735900461673736,0.5792141445599875
t+1,92,259,0.5115355849266052,0.46845364283160257
t+1,92,260,0.5010155439376831,0.5231121892008654
t+1,92,261,0.4954988956451416,0.5124021402770957
t+1,92,262,0.5248240232467651,0.4885112372952422
t+1,92,263,0.4758586287498474,0.5340585873671029
t+1,92,264,0.4773406982421875,0.47049428611406596
t+1,92,265,0.4527903795242309,0.47279736796645006
t+1,92,266,0.4363897144794464,0.4493214700260812
t+1,92,267,0.4504190981388092,0.436041654432147
t+1,92,268,0.4713031649589538,0.44717366044990703
t+1,92,269,0.4646706581115722,0.46710634116472405
t+1,92,270,0.4731732904911041,0.46150905445757917
t+1,92,271,0.3775933682918548,0.46857333528146283
t+1,92,272,0.4309587180614471,0.3831303394180957
t+1,92,273,0.4142498075962066,0.4329643772461482
t+1,92,274,0.3467016220092773,0.4172683791661723
t+1,92,275,0.3958741426467895,0.3612713308838619
t+1,92,276,0.3713594377040863,0.4035998459061444
t+1,92,277,0.4053693413734436,0.378188348697663
t+1,92,278,0.3528454899787903,0.40621981879451946
t+1,92,279,0.3627774715423584,0.3644923403421623
t+1,92,280,0.3684380948543548,0.3696390154826829
t+1,92,281,0.3965722918510437,0.37666600505362025
t+1,92,282,0.3455111384391784,0.3999206440329321
t+1,92,283,0.3647503554821014,0.3573181184952944
t+1,92,284,0.3239858746528625,0.3729525655424254
t+1,92,285,0.2677780389785766,0.338603495293839
t+1,92,286,0.4107605516910553,0.29272053908544826
t+1,92,287,0.3867579102516174,0.4107550692144186
t+1,92,288,0.3365193009376526,0.39348427249336104
t+1,92,289,0.3157074749469757,0.35039449365758985
t+1,93,0,0.3246715664863586,0.3383446138733903
t+1,93,1,0.3072186112403869,0.34426161393370597
t+1,93,2,0.2695581912994385,0.32239875780672245
t+1,93,3,0.411451518535614,0.2915971018894119
t+1,93,4,0.2849099934101105,0.41165339634963954
t+1,93,5,0.3005172908306122,0.3078674135623626
t+1,93,6,0.3209386169910431,0.3202507296761956
t+1,93,7,0.379187673330307,0.3372653272525936
t+1,93,8,0.387524276971817,0.3864528307741023
t+1,93,9,0.3481588661670685,0.3946239063014675
t+1,93,10,0.3419484496116638,0.3584755670099678
t+1,93,11,0.2633683085441589,0.350738306339282
t+1,93,12,0.350995123386383,0.2891530902891678
t+1,93,13,0.2799334526062011,0.3628848859869089
t+1,93,14,0.3843819200992584,0.3025913799895063
t+1,93,15,0.2589358687400818,0.3910489715742588
t+1,93,16,0.3864648938179016,0.2812387505320179
t+1,93,17,0.3496066927909851,0.3962474320039409
t+1,93,18,0.3758545517921448,0.35951598760837283
t+1,93,19,0.4087136089801788,0.3843249549338362
t+1,93,20,0.3966843783855438,0.40846048512383665
t+1,93,21,0.2749979197978973,0.4012008767364424
t+1,93,22,0.4271882176399231,0.2979604752798586
t+1,93,23,0.417284607887268,0.427603359313308
t+1,93,24,0.3395081758499145,0.4177484217531011
t+1,93,25,0.4412099719047546,0.3552634354797132
t+1,93,26,0.3839943408966064,0.4389346042043744
t+1,93,27,0.3663212060928345,0.39169434602430575
t+1,93,28,0.4227142035961151,0.37788718399757343
t+1,93,29,0.3872527480125427,0.4256322950381782
t+1,93,30,0.3814188539981842,0.3920069393060196
t+1,93,31,0.3814626038074493,0.38698759556364853
t+1,93,32,0.4441110491752624,0.3870257457392357
t+1,93,33,0.4685644209384918,0.4416899993815582
t+1,93,34,0.4493121206760406,0.4641376287027062
t+1,93,35,0.4924190044403076,0.44703374541464114
t+1,93,36,0.3821598887443542,0.4850831382495681
t+1,93,37,0.413445770740509,0.3862296234732667
t+1,93,38,0.4915878772735595,0.41477198130868786
t+1,93,39,0.4328081309795379,0.4854586209800006
t+1,93,40,0.4537620842456817,0.43218495193265916
t+1,93,41,0.5213326215744019,0.4510303927452004
t+1,93,42,0.5279552340507507,0.5316778134969018
t+1,93,43,0.4795304834842682,0.5374400243705288
t+1,93,44,0.4746552407741546,0.4738267135582954
t+1,93,45,0.4728211164474487,0.47011752054798706
t+1,93,46,0.5007501840591431,0.4676587909734105
t+1,93,47,0.5177371501922607,0.5133557322478142
t+1,93,48,0.5239319205284119,0.529035329980025
t+1,93,49,0.462747186422348,0.5347074693926324
t+1,93,50,0.5490244030952454,0.45932900338388394
t+1,93,51,0.4542916119098663,0.5568425936721758
t+1,93,52,0.5233871936798096,0.45125157805557764
t+1,93,53,0.47215336561203,0.5337602574110902
t+1,93,54,0.5478606224060059,0.46694433782117517
t+1,93,55,0.5764244794845581,0.5556556535372645
t+1,93,56,0.5222448110580444,0.5816160988917134
t+1,93,57,0.5838541984558105,0.5324438792423178
t+1,93,58,0.528579831123352,0.5885274297648365
t+1,93,59,0.6128796339035034,0.5376347468559786
t+1,93,60,0.5630875825881958,0.6152407676452812
t+1,93,61,0.6162073612213135,0.5695344665906105
t+1,93,62,0.5193185806274414,0.6190338603804266
t+1,93,63,0.558316707611084,0.5293273679629593
t+1,93,64,0.5583046078681946,0.565200251438148
t+1,93,65,0.5403078198432922,0.5652170725501607
t+1,93,66,0.5609267354011536,0.5490311122288002
t+1,93,67,0.5798018574714661,0.567482186696065
t+1,93,68,0.5989722013473511,0.5847439614351088
t+1,93,69,0.5689849257469177,0.6023485189780056
t+1,93,70,0.5520003437995911,0.5748517639978342
t+1,93,71,0.5267742872238159,0.5595132481066756
t+1,93,72,0.5480390787124634,0.5370905489490387
t+1,93,73,0.5351527333259583,0.5560608178726232
t+1,93,74,0.5651351809501648,0.5444467863343379
t+1,93,75,0.6380947232246399,0.5713834861506248
t+1,93,76,0.5779512524604797,0.6390274521894773
t+1,93,77,0.5903202295303345,0.5830358540256244
t+1,93,78,0.5208715796470642,0.5941982722165033
t+1,93,79,0.5374855995178223,0.5317588858289006
t+1,93,80,0.5398553013801575,0.5464460083978839
t+1,93,81,0.594731330871582,0.5486644698921073
t+1,93,82,0.5205287337303162,0.5981911599604436
t+1,93,83,0.6111792325973511,0.530713372805174
t+1,93,84,0.551971435546875,0.6136051325966002
t+1,93,85,0.5322346687316895,0.5593459369716003
t+1,93,86,0.5335198044776917,0.5417058627133422
t+1,93,87,0.5717525482177734,0.5430020837625733
t+1,93,88,0.5017876029014587,0.5773960531413244
t+1,93,89,0.5408113598823547,0.5145298304660414
t+1,93,90,0.5974142551422119,0.5496208873361705
t+1,93,91,0.534713864326477,0.600793846340459
t+1,93,92,0.5675272345542908,0.5439354400979434
t+1,93,93,0.6013309955596924,0.573498995514324
t+1,93,94,0.5603840351104736,0.6042401939831854
t+1,93,95,0.594107985496521,0.5670238346398349
t+1,93,96,0.6202180981636047,0.597580558238171
t+1,93,97,0.5761403441429138,0.6206561726105945
t+1,93,98,0.6277679204940796,0.5816449133219966
t+1,93,99,0.6164828538894653,0.6283169792519913
t+1,93,100,0.5776507258415222,0.6174246438676907
t+1,93,101,0.620549201965332,0.5828817445894234
t+1,93,102,0.5542584657669067,0.6218729284463249
t+1,93,103,0.561909556388855,0.5615819730612732
t+1,93,104,0.5962015390396118,0.5684060494725027
t+1,93,105,0.6266801357269287,0.5996054748248446
t+1,93,106,0.6346930265426636,0.6273210747921064
t+1,93,107,0.6381461024284363,0.6343748751886068
t+1,93,108,0.6820062398910522,0.6389633187300113
t+1,93,109,0.69412761926651,0.6789273436433871
t+1,93,110,0.6600255966186523,0.6920867146835664
t+1,93,111,0.6710206270217896,0.6593256694893705
t+1,93,112,0.6942763328552246,0.6685777986757108
t+1,93,113,0.6655746102333069,0.6889281192350083
t+1,93,114,0.7511836886405945,0.6630176914905518
t+1,93,115,0.76773601770401,0.7400853566951677
t+1,93,116,0.7666764855384827,0.7514613316239955
t+1,93,117,0.7654839754104614,0.7547384671575247
t+1,93,118,0.8420646786689758,0.7540694535650583
t+1,93,119,0.793950080871582,0.8271920747902753
t+1,93,120,0.8405903577804565,0.7842280126794133
t+1,93,121,0.8867921829223633,0.8233625804477553
t+1,93,122,0.8843991160392761,0.872099283348216
t+1,93,123,0.8884792923927307,0.868765925677675
t+1,93,124,0.9511812925338744,0.875131333765296
t+1,93,125,0.9120988845825196,0.9289400863710343
t+1,93,126,0.9111210107803344,0.8991910150716116
t+1,93,127,0.9408727288246156,0.8905894070490146
t+1,93,128,0.9117013812065125,0.9225951549242895
t+1,93,129,0.9184918403625488,0.8915145158314158
t+1,93,130,0.9453369975090028,0.8994418659522374
t+1,93,131,1.0,0.9285041366970654
t+1,93,132,0.9700133204460144,0.9834000389692524
t+1,93,133,0.9727442860603333,0.9546699704894821
t+1,93,134,0.9975483417510986,0.9500634693007384
t+1,93,135,0.9240598678588868,0.9796118663231319
t+1,93,136,0.9669817090034484,0.9066657594410735
t+1,93,137,0.9424473643302916,0.9508716786478292
t+1,93,138,0.9443143606185912,0.9282552756728663
t+1,93,139,0.8724431395530701,0.9300430168685901
t+1,93,140,0.9116356372833252,0.857440609205056
t+1,93,141,0.9203338027000428,0.8987328442166681
t+1,93,142,0.9182479977607728,0.9058851233725551
t+1,93,143,0.8360729813575745,0.8980266289387977
t+1,93,144,0.9079408049583436,0.8188324574701894
t+1,93,145,0.920019507408142,0.8929111175655661
t+1,93,146,0.9197061061859132,0.8977205224258613
t+1,93,147,0.9032829403877258,0.9001760997872226
t+1,93,148,0.8952059745788574,0.8832334062540819
t+1,93,149,0.9616492390632628,0.8771352687013134
t+1,93,150,0.8679967522621155,0.9426885152623398
t+1,93,151,0.9168244004249572,0.8491986049893027
t+1,93,152,0.8647072911262512,0.9009669822233036
t+1,93,153,0.8388491272926331,0.8521019051880058
t+1,93,154,0.9067066311836244,0.823225144848257
t+1,93,155,0.905709743499756,0.8868093595341864
t+1,93,156,0.8687098026275635,0.8926639128682868
t+1,93,157,0.9084049463272096,0.8535567540662631
t+1,93,158,0.846441388130188,0.8887780635487558
t+1,93,159,0.8531013131141663,0.83251597623457
t+1,93,160,0.897523045539856,0.8352983045315182
t+1,93,161,0.9393246173858644,0.8851929733113713
t+1,93,162,0.9113783836364746,0.9148806324800438
t+1,93,163,0.8657342791557312,0.8888784785815798
t+1,93,164,0.8087684512138367,0.8494069454997253
t+1,93,165,0.7908570766448975,0.7931382706278097
t+1,93,166,0.7806829214096069,0.778493336285316
t+1,93,167,0.8602012395858765,0.7691864060410747
t+1,93,168,0.7881930470466614,0.8464880184462995
t+1,93,169,0.8608314394950867,0.774013840493897
t+1,93,170,0.7578915953636169,0.841187776752829
t+1,93,171,0.7058851718902588,0.7460666073865756
t+1,93,172,0.7490810751914978,0.7017828652081433
t+1,93,173,0.7285450100898743,0.7424397158566588
t+1,93,174,0.649836003780365,0.7229696438997062
t+1,93,175,0.7335176467895508,0.6493474331023745
t+1,93,176,0.663878321647644,0.7240364166492085
t+1,93,177,0.7421642541885376,0.6617380914687151
t+1,93,178,0.6207563877105713,0.734625808918542
t+1,93,179,0.6312210559844971,0.6216166726769805
t+1,93,180,0.6789365410804749,0.6327024813353737
t+1,93,181,0.6573914885520935,0.6760329820603349
t+1,93,182,0.6116635799407959,0.6559961493748475
t+1,93,183,0.6779277920722961,0.6133842928151418
t+1,93,184,0.6455042362213135,0.6734744287453226
t+1,93,185,0.6557747721672058,0.6466853169353911
t+1,93,186,0.6194894313812256,0.6541051816719151
t+1,93,187,0.6269788146018982,0.6211885802132648
t+1,93,188,0.6646344065666199,0.6289589247688394
t+1,93,189,0.5797130465507507,0.6624191952798625
t+1,93,190,0.6049313545227051,0.5847608320198003
t+1,93,191,0.6490410566329956,0.6075062997343775
t+1,93,192,0.6565114855766296,0.6483189721190169
t+1,93,193,0.6084153056144714,0.6549746444931251
t+1,93,194,0.6626339554786682,0.61082027589244
t+1,93,195,0.6323467493057251,0.6607975050549247
t+1,93,196,0.6614627838134766,0.6326122708638827
t+1,93,197,0.630229651927948,0.6600410295385447
t+1,93,198,0.6483802199363708,0.6304609115145581
t+1,93,199,0.7142625451087952,0.6472431036003072
t+1,93,200,0.6178604364395142,0.7081996171511856
t+1,93,201,0.6724156737327576,0.6194445734642563
t+1,93,202,0.6138863563537598,0.6703680174178898
t+1,93,203,0.7107008695602417,0.61537666687892
t+1,93,204,0.6120030879974365,0.7047639242610132
t+1,93,205,0.6883769035339355,0.6138793854242215
t+1,93,206,0.7061772346496582,0.6833310766837034
t+1,93,207,0.6363153457641602,0.7015508731874902
t+1,93,208,0.7054921984672546,0.6365394179645903
t+1,93,209,0.6513168215751648,0.6988924784381133
t+1,93,210,0.6451990008354187,0.6520187314064488
t+1,93,211,0.6671044230461121,0.6428159036003447
t+1,93,212,0.6600446105003357,0.6657916918055828
t+1,93,213,0.7645328044891357,0.6565058156541117
t+1,93,214,0.6712592244148254,0.753751404746941
t+1,93,215,0.6928644180297852,0.6690517135983193
t+1,93,216,0.6986470222473145,0.6872606633662309
t+1,93,217,0.6904273629188538,0.6926599735266179
t+1,93,218,0.6825774312019348,0.6858792300521497
t+1,93,219,0.697942316532135,0.680260043119913
t+1,93,220,0.734121561050415,0.6917216318286724
t+1,93,221,0.7286681532859802,0.7264146582443104
t+1,93,222,0.7717456221580505,0.72140622826677
t+1,93,223,0.7035379409790039,0.7589066518384084
t+1,93,224,0.7818832397460938,0.6984825175962176
t+1,93,225,0.729461133480072,0.7668956375379746
t+1,93,226,0.7279280424118042,0.7212195963851388
t+1,93,227,0.7437655925750732,0.7225267666788739
t+1,93,228,0.7654086947441101,0.7360554627843143
t+1,93,229,0.6786015629768372,0.7536709149399781
t+1,93,230,0.6568789482116699,0.6764332525989305
t+1,93,231,0.6786521077156067,0.6563955451980703
t+1,93,232,0.6756248474121094,0.6783677431142315
t+1,93,233,0.7246851325035095,0.6739159684803687
t+1,93,234,0.6300336718559265,0.7200371637132873
t+1,93,235,0.6600101590156555,0.6314742635134866
t+1,93,236,0.664368748664856,0.65729560185504
t+1,93,237,0.6110183596611023,0.6640027391349883
t+1,93,238,0.6600955128669739,0.6123387099373543
t+1,93,239,0.6462810039520264,0.6593734628394571
t+1,93,240,0.5851793885231018,0.6459189921349892
t+1,93,241,0.6662944555282593,0.5893618868992239
t+1,93,242,0.5598138570785522,0.6644506043737961
t+1,93,243,0.628908097743988,0.5664826909554408
t+1,93,244,0.6159567832946777,0.6292860418232428
t+1,93,245,0.5193287134170532,0.6175497142384481
t+1,93,246,0.6042383313179016,0.5294131904197803
t+1,93,247,0.6026129126548767,0.6063417759765758
t+1,93,248,0.5649780035018921,0.6047551847732557
t+1,93,249,0.5753042697906494,0.5710725683330321
t+1,93,250,0.5542327761650085,0.5805910410805395
t+1,93,251,0.5665407776832581,0.5615576700143539
t+1,93,252,0.534710705280304,0.5724766335563835
t+1,93,253,0.5367404222488403,0.5436120809288257
t+1,93,254,0.4582786560058594,0.5453903123053312
t+1,93,255,0.5092834234237671,0.4568917009819063
t+1,93,256,0.5199764370918274,0.5202353158568442
t+1,93,257,0.4952562749385834,0.5308866526669153
t+1,93,258,0.4656095206737518,0.487220044794333
t+1,93,259,0.4570486843585968,0.46147765029083143
t+1,93,260,0.4696543216705322,0.45437305193758687
t+1,93,261,0.3941805362701416,0.46511370997805984
t+1,93,262,0.4829345643520355,0.39987321870584946
t+1,93,263,0.4362332820892334,0.4756975117625413
t+1,93,264,0.4842546880245209,0.43462452456010325
t+1,93,265,0.4402693212032318,0.47877649367916697
t+1,93,266,0.4705670773983001,0.43688815899441863
t+1,93,267,0.3919701278209686,0.4661374636252649
t+1,93,268,0.4534683525562286,0.39581004045077767
t+1,93,269,0.4315071105957031,0.45042488905524053
t+1,93,270,0.4577511548995971,0.4310897314943104
t+1,93,271,0.3837091326713562,0.45416130037063807
t+1,93,272,0.3850222826004028,0.38680052380818314
t+1,93,273,0.3761337101459503,0.3887835965946814
t+1,93,274,0.4137390255928039,0.38286583299211135
t+1,93,275,0.3430439233779907,0.4158119015469907
t+1,93,276,0.3695440292358398,0.3566216601735362
t+1,93,277,0.3537282645702362,0.3791621936705338
t+1,93,278,0.4146186709403991,0.36503517315561135
t+1,93,279,0.3576532006263733,0.4192522200846235
t+1,93,280,0.3799569010734558,0.3639011239442042
t+1,93,281,0.3051396012306213,0.38585066076497615
t+1,93,282,0.3552770018577575,0.32459595739298536
t+1,93,283,0.4116521179676056,0.3661606746561655
t+1,93,284,0.3017443120479584,0.41410960046807216
t+1,93,285,0.322290688753128,0.32192804330446717
t+1,93,286,0.4201291501522064,0.33496306717905405
t+1,93,287,0.344759464263916,0.42118524592750367
t+1,93,288,0.3846639096736908,0.35859835820764396
t+1,93,289,0.3328503668308258,0.3862530449593812
t+1,94,0,0.2495006024837494,0.3254212244001063
t+1,94,1,0.3548376858234405,0.27432937151705405
t+1,94,2,0.3614366948604584,0.3648810244073621
t+1,94,3,0.3365260362625122,0.3693776057443287
t+1,94,4,0.3030116558074951,0.35016789078995764
t+1,94,5,0.2628867924213409,0.320690933054094
t+1,94,6,0.3672299981117248,0.2864022232156578
t+1,94,7,0.324889063835144,0.37607619836076406
t+1,94,8,0.3256235122680664,0.3388674756834723
t+1,94,9,0.3238775134086609,0.33925107226765405
t+1,94,10,0.3258032202720642,0.3419700975564062
t+1,94,11,0.3088614344596863,0.33940820660458004
t+1,94,12,0.3571118414402008,0.3266787137538531
t+1,94,13,0.265837162733078,0.36826455926567264
t+1,94,14,0.3174513280391693,0.2886488379915204
t+1,94,15,0.2655582726001739,0.3303705267011617
t+1,94,16,0.3067983388900757,0.2893955780089208
t+1,94,17,0.3341214060783386,0.32372437615979277
t+1,94,18,0.3522883951663971,0.3462529105594469
t+1,94,19,0.2751322090625763,0.36401658340611465
t+1,94,20,0.3372905850410461,0.2967975513218075
t+1,94,21,0.2683822214603424,0.3498171019692137
t+1,94,22,0.3476073741912842,0.29218586848018263
t+1,94,23,0.3580464720726013,0.3586941732054678
t+1,94,24,0.3303723931312561,0.3670171047488279
t+1,94,25,0.3267540633678436,0.3424011259531028
t+1,94,26,0.359754353761673,0.34365952778197717
t+1,94,27,0.3321475386619568,0.3685333299232907
t+1,94,28,0.2857136130332947,0.3455217446926623
t+1,94,29,0.3681200742721557,0.30607190126727296
t+1,94,30,0.3138631582260132,0.3781476955159805
t+1,94,31,0.35507732629776,0.3304876467628227
t+1,94,32,0.357915461063385,0.36460056565166876
t+1,94,33,0.3633271753787994,0.3684943803796355
t+1,94,34,0.3168783783912658,0.37326501822800295
t+1,94,35,0.3915082812309265,0.33258373459718593
t+1,94,36,0.3150481581687927,0.3973438491524419
t+1,94,37,0.3117082715034485,0.33235185046292165
t+1,94,38,0.2886289060115814,0.32914819299913983
t+1,94,39,0.3998647034168243,0.307091992638348
t+1,94,40,0.4228975474834442,0.4031024917489608
t+1,94,41,0.3656392693519592,0.42311320834314636
t+1,94,42,0.3408117592334747,0.3726515337813607
t+1,94,43,0.3909141719341278,0.35216499970051773
t+1,94,44,0.3495940864086151,0.3948856898405911
t+1,94,45,0.3873374164104461,0.3613839330182696
t+1,94,46,0.4124954044818878,0.3934419434954463
t+1,94,47,0.4107820689678192,0.41795319820824606
t+1,94,48,0.3259154260158539,0.41236662995876217
t+1,94,49,0.430097371339798,0.3397354826720298
t+1,94,50,0.3491614162921905,0.4289920304263491
t+1,94,51,0.3607107400894165,0.3614743856577294
t+1,94,52,0.426375538110733,0.36845678803236814
t+1,94,53,0.4356000125408172,0.42669325026480215
t+1,94,54,0.3855431675910949,0.4369700037706535
t+1,94,55,0.4208333194255829,0.3890645296412968
t+1,94,56,0.358949214220047,0.42155856505103384
t+1,94,57,0.4215672612190246,0.3693828952477235
t+1,94,58,0.4082353115081787,0.4230083979349464
t+1,94,59,0.4127233624458313,0.4121443686296364
t+1,94,60,0.4689920842647552,0.41410118418489744
t+1,94,61,0.480623334646225,0.4656635391753868
t+1,94,62,0.404612123966217,0.47563555307925337
t+1,94,63,0.4850811958312988,0.4082208917598247
t+1,94,64,0.4571821093559265,0.47953025384518105
t+1,94,65,0.4724390804767608,0.45455979222126003
t+1,94,66,0.5314887762069702,0.46964451793047085
t+1,94,67,0.5209657549858093,0.5403142659817677
t+1,94,68,0.6066104769706726,0.5315141551309073
t+1,94,69,0.5870649814605713,0.6087817707516858
t+1,94,70,0.5850062370300293,0.5913057452702318
t+1,94,71,0.5612890124320984,0.5891890065341652
t+1,94,72,0.5229538679122925,0.5679428208103234
t+1,94,73,0.5420928597450256,0.5332578123936786
t+1,94,74,0.598616898059845,0.5504801563719571
t+1,94,75,0.5398682951927185,0.602129947599724
t+1,94,76,0.6040031909942627,0.5481842900328293
t+1,94,77,0.5978085994720459,0.607204008178832
t+1,94,78,0.6145445704460144,0.6018596111507923
t+1,94,79,0.5884746313095093,0.6174118139091733
t+1,94,80,0.65518718957901,0.5926812822200022
t+1,94,81,0.6065388321876526,0.6530686628588548
t+1,94,82,0.5961768627166748,0.6092588718227406
t+1,94,83,0.6442025303840637,0.5994999423751802
t+1,94,84,0.6024585366249084,0.642925191578297
t+1,94,85,0.5742575526237488,0.6047729588434854
t+1,94,86,0.5914384722709656,0.5797833339496384
t+1,94,87,0.6072971820831299,0.5952912673116794
t+1,94,88,0.5798770189285278,0.6096648484264551
t+1,94,89,0.6225090026855469,0.5847255893384369
t+1,94,90,0.5547228455543518,0.6244371293766994
t+1,94,91,0.6250126361846924,0.5619436827428126
t+1,94,92,0.6037471890449524,0.6266841277447922
t+1,94,93,0.6406652331352234,0.6066942438264403
t+1,94,94,0.5538895130157471,0.6415611729299325
t+1,94,95,0.5645806193351746,0.56117365518137
t+1,94,96,0.6181133985519409,0.5708587186294398
t+1,94,97,0.6209045648574829,0.6198931961949158
t+1,94,98,0.6626489758491516,0.622759364834306
t+1,94,99,0.5933194756507874,0.6630683849764992
t+1,94,100,0.6464690566062927,0.5973048893299016
t+1,94,101,0.641746997833252,0.6455925441468983
t+1,94,102,0.6443690657615662,0.6414520473852243
t+1,94,103,0.6652278304100037,0.643850050469866
t+1,94,104,0.586304247379303,0.6649330704729163
t+1,94,105,0.6811628341674805,0.5904147816146238
t+1,94,106,0.6688709259033203,0.6785401437673501
t+1,94,107,0.7343367338180542,0.6669541003996543
t+1,94,108,0.6967650651931763,0.7300968371846023
t+1,94,109,0.7025543451309204,0.6923659816534478
t+1,94,110,0.6891078352928162,0.6987542364984904
t+1,94,111,0.7261163592338562,0.6861497309946522
t+1,94,112,0.6741989850997925,0.7223810931149937
t+1,94,113,0.7437682151794434,0.6712532146150649
t+1,94,114,0.7100553512573242,0.7377510893675936
t+1,94,115,0.730129063129425,0.7034534702752552
t+1,94,116,0.7306718826293945,0.7226661541917815
t+1,94,117,0.8010029792785645,0.7259159539037796
t+1,94,118,0.7260934114456177,0.7854441304147688
t+1,94,119,0.7431044578552246,0.7205682476012552
t+1,94,120,0.7574804425239563,0.738902608934591
t+1,94,121,0.8093063831329346,0.748929766044035
t+1,94,122,0.8040898442268372,0.7988194597631022
t+1,94,123,0.7768376469612122,0.786977305412351
t+1,94,124,0.8121075630187988,0.7635043788444038
t+1,94,125,0.8131760954856873,0.7979213516465157
t+1,94,126,0.7842423319816589,0.7994701070042799
t+1,94,127,0.8246368765830994,0.7696542293746469
t+1,94,128,0.8378872871398926,0.8142450465023531
t+1,94,129,0.8811569213867188,0.8187218827676985
t+1,94,130,0.8270338177680969,0.8642923298174577
t+1,94,131,0.8058237433433533,0.8089840973634701
t+1,94,132,0.7982163429260254,0.7904333366107357
t+1,94,133,0.8800639510154724,0.7872368233592758
t+1,94,134,0.8085665702819824,0.8684918927765986
t+1,94,135,0.8133611679077148,0.7932490773266219
t+1,94,136,0.8301153779029846,0.7999091842766394
t+1,94,137,0.8324529528617859,0.8159382232922734
t+1,94,138,0.7808137536048889,0.8181354290933558
t+1,94,139,0.7819151878356934,0.7674240085332654
t+1,94,140,0.8110761642456055,0.7667662404739173
t+1,94,141,0.8386185765266418,0.7942157977973016
t+1,94,142,0.7544658184051514,0.8266562052466373
t+1,94,143,0.7458856701850891,0.7431158976087271
t+1,94,144,0.7886478304862976,0.7392940940260977
t+1,94,145,0.7934194803237915,0.7766885119838524
t+1,94,146,0.7949913144111633,0.7839518536659019
t+1,94,147,0.7625904679298401,0.7795883896785177
t+1,94,148,0.7718669176101685,0.7500227534152443
t+1,94,149,0.7019681334495544,0.7597776253636608
t+1,94,150,0.7091026306152344,0.6983242661845175
t+1,94,151,0.7811046838760376,0.7035085075305857
t+1,94,152,0.6753173470497131,0.7703148842649148
t+1,94,153,0.7397312521934509,0.6717502731406801
t+1,94,154,0.683492124080658,0.7322104005489001
t+1,94,155,0.7219659090042114,0.6786751081916922
t+1,94,156,0.681483268737793,0.7165324324146128
t+1,94,157,0.6351571083068848,0.6799492771221435
t+1,94,158,0.6287434101104736,0.635369315072699
t+1,94,159,0.5878032445907593,0.629146671086657
t+1,94,160,0.6919384002685547,0.5916866018757729
t+1,94,161,0.6835559606552124,0.6890042707248745
t+1,94,162,0.7019528150558472,0.6789891135461774
t+1,94,163,0.6677934527397156,0.6996633727444737
t+1,94,164,0.6881327629089355,0.664881037053279
t+1,94,165,0.6371153593063354,0.6854680954952407
t+1,94,166,0.6777799129486084,0.6373133081252638
t+1,94,167,0.6526976227760315,0.6747317601217763
t+1,94,168,0.6561594605445862,0.6502407276641267
t+1,94,169,0.6003594398498535,0.6539675685290861
t+1,94,170,0.6136775612831116,0.603088344078874
t+1,94,171,0.6434464454650879,0.6152724068253955
t+1,94,172,0.6372256278991699,0.6426788748762735
t+1,94,173,0.6049898266792297,0.6380487983134242
t+1,94,174,0.6416009664535522,0.608198298792796
t+1,94,175,0.6174536347389221,0.6407387647193885
t+1,94,176,0.6393635272979736,0.6202035931189873
t+1,94,177,0.5893934369087219,0.6393646319383265
t+1,94,178,0.6103256344795227,0.5933717075669109
t+1,94,179,0.5847108364105225,0.6128824977129733
t+1,94,180,0.5811426639556885,0.5889521738629337
t+1,94,181,0.618285059928894,0.5858927913331482
t+1,94,182,0.6126119494438171,0.6207383988379798
t+1,94,183,0.6217118501663208,0.6147186081842012
t+1,94,184,0.5967013835906982,0.6232951094976318
t+1,94,185,0.5933943390846252,0.5998070200964184
t+1,94,186,0.5914286375045776,0.5972282523646016
t+1,94,187,0.6382893323898315,0.5950099018434761
t+1,94,188,0.6537161469459534,0.6388567924842249
t+1,94,189,0.5722804665565491,0.653598432830952
t+1,94,190,0.564632773399353,0.5777295025446846
t+1,94,191,0.6382062435150146,0.5708141270080699
t+1,94,192,0.6694722771644592,0.6378828250139484
t+1,94,193,0.6184393167495728,0.6677734389802187
t+1,94,194,0.6243293881416321,0.6197428673234435
t+1,94,195,0.6243403553962708,0.6251640732078706
t+1,94,196,0.5689445734024048,0.6253048569751617
t+1,94,197,0.6620643734931946,0.5747259967340438
t+1,94,198,0.5880023241043091,0.6600563960489647
t+1,94,199,0.5952878594398499,0.5921363678062694
t+1,94,200,0.6292983889579773,0.5986837064648646
t+1,94,201,0.66305011510849,0.6293970913772048
t+1,94,202,0.6636836528778076,0.6622600015544413
t+1,94,203,0.6468260884284973,0.6601126046996039
t+1,94,204,0.6830796003341675,0.6467274209430386
t+1,94,205,0.6993570923805237,0.6796926000945903
t+1,94,206,0.6710405349731445,0.6968893138825416
t+1,94,207,0.6571288108825684,0.6681525517210204
t+1,94,208,0.7116026282310486,0.6552193050384295
t+1,94,209,0.7408216595649719,0.7091595795976684
t+1,94,210,0.6765255331993103,0.7314088647017437
t+1,94,211,0.709041178226471,0.6739087025815652
t+1,94,212,0.7317638993263245,0.7029149379410218
t+1,94,213,0.7186402678489685,0.7253658578934417
t+1,94,214,0.6803514957427979,0.7127166217910463
t+1,94,215,0.6713807582855225,0.6773028361792748
t+1,94,216,0.732474684715271,0.6696344512449723
t+1,94,217,0.6947522163391113,0.7275035886924294
t+1,94,218,0.6966676712036133,0.688110681361992
t+1,94,219,0.6502791047096252,0.6915875954474869
t+1,94,220,0.6777529716491699,0.6506584802327906
t+1,94,221,0.6759297251701355,0.6751552521803957
t+1,94,222,0.6947898268699646,0.6742098067841573
t+1,94,223,0.7091979384422302,0.693748992518061
t+1,94,224,0.7226244807243347,0.7017687425853606
t+1,94,225,0.6599442958831787,0.7179493570217798
t+1,94,226,0.6350038647651672,0.6592455445383307
t+1,94,227,0.7137457132339478,0.6356291460790312
t+1,94,228,0.6964395046234131,0.7068742644161881
t+1,94,229,0.7049262523651123,0.6950105490620709
t+1,94,230,0.6517123579978943,0.6999081414930831
t+1,94,231,0.6865109205245972,0.650542205276075
t+1,94,232,0.7764251232147217,0.6848412788580833
t+1,94,233,0.6516753435134888,0.7639533561468159
t+1,94,234,0.6456475853919983,0.6523317208905383
t+1,94,235,0.6117298007011414,0.6448934975737963
t+1,94,236,0.6391457319259644,0.6130300661711562
t+1,94,237,0.6395143270492554,0.6381204035634844
t+1,94,238,0.6835780143737793,0.6396098991741129
t+1,94,239,0.5792533159255981,0.6789355016882409
t+1,94,240,0.6324260234832764,0.5842398483718719
t+1,94,241,0.5569707155227661,0.6317437128983034
t+1,94,242,0.6686285734176636,0.56389410881944
t+1,94,243,0.7083990573883057,0.6676345570218339
t+1,94,244,0.6503185033798218,0.7053156293935235
t+1,94,245,0.6208716630935669,0.6492520160937765
t+1,94,246,0.6533719897270203,0.6219670801388546
t+1,94,247,0.5913439989089966,0.652145147016396
t+1,94,248,0.5375661253929138,0.5949045015163176
t+1,94,249,0.5666689872741699,0.5463870763497262
t+1,94,250,0.5954222679138184,0.5726125731118833
t+1,94,251,0.5589916110038757,0.5987571467522091
t+1,94,252,0.4995067715644836,0.5656076669450865
t+1,94,253,0.5143627524375916,0.4914654937455857
t+1,94,254,0.5785099267959595,0.5259335424474738
t+1,94,255,0.5559054613113403,0.583358445649583
t+1,94,256,0.5149500966072083,0.5627969654252463
t+1,94,257,0.5207622051239014,0.5251856689069296
t+1,94,258,0.5003244876861572,0.5313922882141581
t+1,94,259,0.5483623147010803,0.5129831339380795
t+1,94,260,0.5501776337623596,0.5561533749407952
t+1,94,261,0.4980067908763885,0.5575383754405021
t+1,94,262,0.4685383439064026,0.49150043339566485
t+1,94,263,0.3685857951641083,0.46591882805277385
t+1,94,264,0.4327739775180816,0.38006980042332134
t+1,94,265,0.4642290771007538,0.4335459448056042
t+1,94,266,0.4647073447704315,0.46123090761951374
t+1,94,267,0.4200955629348755,0.46198761438833313
t+1,94,268,0.368140161037445,0.4224542883036365
t+1,94,269,0.3970993757247925,0.37750148772399167
t+1,94,270,0.4231106340885162,0.4028167306270785
t+1,94,271,0.4061662256717682,0.4243392987858791
t+1,94,272,0.42037433385849,0.4104581482401905
t+1,94,273,0.3692140579223633,0.4206190367879469
t+1,94,274,0.3830534517765045,0.3788752182705862
t+1,94,275,0.3929747939109802,0.3896230255609082
t+1,94,276,0.4200838208198547,0.39708291662119105
t+1,94,277,0.3727080225944519,0.42211501501876103
t+1,94,278,0.3522785604000091,0.37875224494586734
t+1,94,279,0.4200895130634308,0.36305373674749436
t+1,94,280,0.3698069453239441,0.42307793696257934
t+1,94,281,0.2358854264020919,0.3778789986322222
t+1,94,282,0.3184219598770141,0.26429971943627273
t+1,94,283,0.3254613578319549,0.3367045341490332
t+1,94,284,0.3311524987220764,0.34334651140350303
t+1,94,285,0.3275481462478637,0.3423292048214066
t+1,94,286,0.3611052334308624,0.34226454315204957
t+1,94,287,0.2637316286563873,0.36948614794269796
t+1,94,288,0.29224693775177,0.2868726714126215
t+1,94,289,0.3161104619503021,0.31095163265235337
t+1,95,0,0.3876187801361084,0.38425733007094165
t+1,95,1,0.3968368172645569,0.39255833031591203
t+1,95,2,0.4245177209377289,0.402655769399747
t+1,95,3,0.4098235666751861,0.4258503540496676
t+1,95,4,0.3999482989311218,0.41103218011684756
t+1,95,5,0.4484033584594726,0.4057646004673337
t+1,95,6,0.4219630658626556,0.4458577484151689
t+1,95,7,0.3817325830459595,0.4226203082518403
t+1,95,8,0.5243738293647766,0.3846567147200806
t+1,95,9,0.517249345779419,0.5352734905700849
t+1,95,10,0.4284642934799194,0.5278463669765348
t+1,95,11,0.4570837616920471,0.4290600440420383
t+1,95,12,0.4720915257930755,0.45273463321449403
t+1,95,13,0.5111368894577026,0.4668249477263195
t+1,95,14,0.389793187379837,0.5221584873881807
t+1,95,15,0.4545681476593017,0.39545683348728755
t+1,95,16,0.492550790309906,0.45214521671424035
t+1,95,17,0.4257385432720184,0.48674013557734336
t+1,95,18,0.4690454602241516,0.42661683374462367
t+1,95,19,0.482744961977005,0.46458569808836053
t+1,95,20,0.4790563285350799,0.4768458601645667
t+1,95,21,0.459339439868927,0.4737996634555614
t+1,95,22,0.5332358479499817,0.456998500760633
t+1,95,23,0.4762250483036041,0.5431578412356911
t+1,95,24,0.5244836807250977,0.47144630362272516
t+1,95,25,0.4837328493595123,0.5348649007745996
t+1,95,26,0.5015226602554321,0.47916717453260094
t+1,95,27,0.4793672859668731,0.5138612979103745
t+1,95,28,0.5295770764350891,0.47435624880506766
t+1,95,29,0.5035207867622375,0.5389744403976937
t+1,95,30,0.4575080275535583,0.5156666403585699
t+1,95,31,0.5139416456222534,0.45618993429899746
t+1,95,32,0.5795249938964844,0.5261081038053961
t+1,95,33,0.4231183528900146,0.5846882410453946
t+1,95,34,0.478628396987915,0.4230052033052376
t+1,95,35,0.4794642031192779,0.47435488844587265
t+1,95,36,0.4688598811626434,0.47405773588951927
t+1,95,37,0.5047767758369446,0.4646134728333054
t+1,95,38,0.4630218744277954,0.5169284364033216
t+1,95,39,0.4960294961929321,0.46014907486824896
t+1,95,40,0.4857235252857208,0.4894279693129897
t+1,95,41,0.4254644811153412,0.479252134151717
t+1,95,42,0.4184861481189728,0.42665724435819985
t+1,95,43,0.5166766047477722,0.4197863013671844
t+1,95,44,0.4444175064563751,0.5271858671392307
t+1,95,45,0.4516607522964477,0.4440871171760003
t+1,95,46,0.4996614456176758,0.4477585404909233
t+1,95,47,0.4657657444477081,0.4920911985551968
t+1,95,48,0.4178234338760376,0.4624775221465227
t+1,95,49,0.4258229732513428,0.4195119625712622
t+1,95,50,0.4727991223335266,0.42573901922491475
t+1,95,51,0.4809135496616363,0.4692629205218517
t+1,95,52,0.4191026389598846,0.4744193797191571
t+1,95,53,0.4758602678775787,0.42049038577436304
t+1,95,54,0.414368987083435,0.4710903219783728
t+1,95,55,0.4328165352344513,0.4160854316349245
t+1,95,56,0.3796375691890716,0.43305344890550473
t+1,95,57,0.415983110666275,0.3863948601385312
t+1,95,58,0.4404518604278564,0.4178583120243753
t+1,95,59,0.4354696273803711,0.43972965752063675
t+1,95,60,0.4478638768196106,0.4362768794626559
t+1,95,61,0.3963966965675354,0.4459650768908481
t+1,95,62,0.4144994914531708,0.4014644685968672
t+1,95,63,0.418024867773056,0.41619472464940077
t+1,95,64,0.4816659390926361,0.4198400785777267
t+1,95,65,0.3799463510513305,0.47490883152579316
t+1,95,66,0.4130702018737793,0.38666055726663884
t+1,95,67,0.4199655055999756,0.41390277648761736
t+1,95,68,0.5341663956642151,0.4199662194379857
t+1,95,69,0.4478139877319336,0.543701129761188
t+1,95,70,0.4259694814682007,0.44798284531875937
t+1,95,71,0.4313453733921051,0.4275406466382515
t+1,95,72,0.3764570951461792,0.4320200532629236
t+1,95,73,0.4369797110557556,0.38417936623996773
t+1,95,74,0.4807125926017761,0.4367530317025929
t+1,95,75,0.4310132563114166,0.4752376789867007
t+1,95,76,0.4233631491661072,0.4290558075628821
t+1,95,77,0.4316949248313904,0.42600205957636855
t+1,95,78,0.474498450756073,0.4335038644898164
t+1,95,79,0.4699262678623199,0.4694448904487079
t+1,95,80,0.4913670718669891,0.4641667293646355
t+1,95,81,0.4623765051364898,0.484245991462384
t+1,95,82,0.4848329126834869,0.45941914529825423
t+1,95,83,0.4312686324119568,0.47911289156273906
t+1,95,84,0.471184641122818,0.43179247673972554
t+1,95,85,0.4312548637390136,0.4663477239741788
t+1,95,86,0.4525030851364136,0.4310394420232457
t+1,95,87,0.4481165409088135,0.4507238216773903
t+1,95,88,0.4794577360153198,0.4462950505753284
t+1,95,89,0.5263409614562988,0.47466224247407474
t+1,95,90,0.508062481880188,0.5365583056205246
t+1,95,91,0.4594265818595886,0.5202833446193915
t+1,95,92,0.5253834128379822,0.45782531975873886
t+1,95,93,0.5862358212471008,0.5359580282118697
t+1,95,94,0.5623157620429993,0.5908853847010358
t+1,95,95,0.5464099049568176,0.5687918054298362
t+1,95,96,0.5696942210197449,0.5542939734994625
t+1,95,97,0.5769482851028442,0.5755728916146033
t+1,95,98,0.5521798729896545,0.5820902497842046
t+1,95,99,0.5349294543266296,0.5597744458100227
t+1,95,100,0.6267117857933044,0.5443205030256373
t+1,95,101,0.5734302997589111,0.627560136931096
t+1,95,102,0.6127794981002808,0.5789293156734322
t+1,95,103,0.5751216411590576,0.6149484306523274
t+1,95,104,0.6576812863349915,0.5804140036043878
t+1,95,105,0.4843261837959289,0.65767187192889
t+1,95,106,0.5875943899154663,0.47899243606255026
t+1,95,107,0.5005092024803162,0.591650327838352
t+1,95,108,0.6705429553985596,0.5131512431183148
t+1,95,109,0.5990878939628601,0.6684930430377175
t+1,95,110,0.6711542010307312,0.6018840724681459
t+1,95,111,0.6177409887313843,0.6696427930478883
t+1,95,112,0.6193151473999023,0.6190105535933557
t+1,95,113,0.6354990005493164,0.621340604480323
t+1,95,114,0.6476317048072815,0.6361935444205468
t+1,95,115,0.707444429397583,0.6470068830505682
t+1,95,116,0.6464609503746033,0.7043867909002752
t+1,95,117,0.6125636100769043,0.6481900152172657
t+1,95,118,0.6727688908576965,0.6154235395415544
t+1,95,119,0.7582204937934875,0.6713710048343025
t+1,95,120,0.7742676734924316,0.7434252670578811
t+1,95,121,0.7058061361312866,0.7641319372196738
t+1,95,122,0.6637864708900452,0.7008213421242071
t+1,95,123,0.658778190612793,0.6625817815563961
t+1,95,124,0.7216968536376953,0.6579488243665456
t+1,95,125,0.7303288578987122,0.7164865445504589
t+1,95,126,0.694821298122406,0.7257702006531717
t+1,95,127,0.7250260710716248,0.6928635443100282
t+1,95,128,0.768729031085968,0.7165563556422726
t+1,95,129,0.7312725782394409,0.7541592071568289
t+1,95,130,0.7278377413749695,0.7268327776078213
t+1,95,131,0.7619121670722961,0.7218131304154682
t+1,95,132,0.7019034028053284,0.7504989385460924
t+1,95,133,0.7489558458328247,0.6990389330488113
t+1,95,134,0.7561932802200317,0.7395079003494979
t+1,95,135,0.7449004650115967,0.7424032652374194
t+1,95,136,0.7340328097343445,0.73778838311854
t+1,95,137,0.7428838014602661,0.730158458101981
t+1,95,138,0.7812895178794861,0.7372983712300055
t+1,95,139,0.6573084592819214,0.764752710357065
t+1,95,140,0.7738180160522461,0.6570859748519615
t+1,95,141,0.7358691692352295,0.7616070644309538
t+1,95,142,0.7158694863319397,0.7305555634408261
t+1,95,143,0.7398059964179993,0.7102311373324484
t+1,95,144,0.7514142394065857,0.734806087917258
t+1,95,145,0.7594339847564697,0.743162116698729
t+1,95,146,0.709439218044281,0.7483869727555161
t+1,95,147,0.6916817426681519,0.704781605556359
t+1,95,148,0.7185551524162292,0.6868130683095821
t+1,95,149,0.6764060258865356,0.7111692808732522
t+1,95,150,0.7677104473114014,0.6717576940901133
t+1,95,151,0.8347508907318115,0.7567927707815703
t+1,95,152,0.6704164147377014,0.8241658663442172
t+1,95,153,0.7570804953575134,0.6688017624344215
t+1,95,154,0.7196947336196899,0.746391953774506
t+1,95,155,0.6897854208946228,0.7192290287205763
t+1,95,156,0.7215270400047302,0.6860426703745603
t+1,95,157,0.7201254367828369,0.7175123636785927
t+1,95,158,0.6963808536529541,0.7117328364245092
t+1,95,159,0.6602797508239746,0.6932752014896494
t+1,95,160,0.68592768907547,0.6587749310223125
t+1,95,161,0.6396373510360718,0.6820850069232262
t+1,95,162,0.7018667459487915,0.6396301111205974
t+1,95,163,0.6684595346450806,0.6970044820770895
t+1,95,164,0.7153316140174866,0.6652588424805729
t+1,95,165,0.683263897895813,0.7100475200919747
t+1,95,166,0.6763482093811035,0.6800304163909194
t+1,95,167,0.6532427668571472,0.6725531788393887
t+1,95,168,0.7053411602973938,0.6529829052332101
t+1,95,169,0.6970131397247314,0.7012813934351356
t+1,95,170,0.6820983290672302,0.691950550070247
t+1,95,171,0.6956525444984436,0.679342139682304
t+1,95,172,0.7351335883140564,0.6931650650159531
t+1,95,173,0.6998923420906067,0.7292744966262937
t+1,95,174,0.6788058280944824,0.6966735273173663
t+1,95,175,0.7408801317214966,0.6757922679155459
t+1,95,176,0.7312631011009216,0.732079161778218
t+1,95,177,0.6838265061378479,0.7249371221689397
t+1,95,178,0.8369016051292419,0.6802733934700168
t+1,95,179,0.7256131172180176,0.81866672050897
t+1,95,180,0.7487070560455322,0.7197087599385615
t+1,95,181,0.7051204442977905,0.7424910473585083
t+1,95,182,0.7608861327171326,0.7015300995018858
t+1,95,183,0.7486758232116699,0.7486242830658331
t+1,95,184,0.7612264752388,0.741441801637758
t+1,95,185,0.7461246252059937,0.750677333162076
t+1,95,186,0.778500497341156,0.7422847389965618
t+1,95,187,0.7798460125923157,0.7654622862573843
t+1,95,188,0.7824348211288452,0.768856122950025
t+1,95,189,0.7886325120925903,0.7696068225346332
t+1,95,190,0.7706713676452637,0.773906816612098
t+1,95,191,0.7526919841766357,0.7583933515722656
t+1,95,192,0.8017653226852417,0.7370509419989876
t+1,95,193,0.8912610411643982,0.7858169442861193
t+1,95,194,0.848505437374115,0.8733825657893317
t+1,95,195,0.8154551982879639,0.8312925461394277
t+1,95,196,0.7912987470626831,0.8023732860633475
t+1,95,197,0.8298255801200867,0.7753695022143556
t+1,95,198,0.8374653458595276,0.8173667806555739
t+1,95,199,0.8317234516143799,0.8230922025157928
t+1,95,200,0.8722150921821594,0.8162087652865554
t+1,95,201,0.8262931704521179,0.8609080986197689
t+1,95,202,0.7827531099319458,0.8096778201926257
t+1,95,203,0.8520821928977966,0.772543319111024
t+1,95,204,0.7785780429840088,0.8358950876272093
t+1,95,205,0.8255829215049744,0.7645711558135906
t+1,95,206,0.7355042099952698,0.8095902731995767
t+1,95,207,0.8477086424827576,0.7258088954102893
t+1,95,208,0.7821963429450989,0.8324142794952392
t+1,95,209,0.7875400185585022,0.7698460956263765
t+1,95,210,0.794105052947998,0.7765716178906651
t+1,95,211,0.7642098069190979,0.7802287879073588
t+1,95,212,0.8192116618156433,0.7527883976630491
t+1,95,213,0.7956088185310364,0.804486128306172
t+1,95,214,0.7044200301170349,0.7811175952397847
t+1,95,215,0.8345330357551575,0.6980662086620346
t+1,95,216,0.8188014626502991,0.8241950895702683
t+1,95,217,0.781805157661438,0.8040983851797855
t+1,95,218,0.8292192220687866,0.7687510425659542
t+1,95,219,0.7928176522254944,0.8109211192149773
t+1,95,220,0.7437058091163635,0.781794728799175
t+1,95,221,0.7809867858886719,0.7348193050282249
t+1,95,222,0.733482837677002,0.7665487966919662
t+1,95,223,0.7238155603408813,0.7252663384994951
t+1,95,224,0.7320456504821777,0.7181801107953131
t+1,95,225,0.7112875580787659,0.7252448658863608
t+1,95,226,0.7774843573570251,0.7078742124232612
t+1,95,227,0.7226092219352722,0.7656540954493363
t+1,95,228,0.7244285345077515,0.7177576636258034
t+1,95,229,0.7287985682487488,0.7169767282849578
t+1,95,230,0.6976421475410461,0.7195223196724301
t+1,95,231,0.7362532019615173,0.6943784319945243
t+1,95,232,0.6932467818260193,0.7296893957059138
t+1,95,233,0.7288152575492859,0.6922815863999023
t+1,95,234,0.7091369032859802,0.7224371932835452
t+1,95,235,0.6840347647666931,0.7021820122568819
t+1,95,236,0.7019057869911194,0.6806729837941291
t+1,95,237,0.6634451746940613,0.6983348661807154
t+1,95,238,0.7207057476043701,0.6628109740739639
t+1,95,239,0.7052034139633179,0.7154586483189856
t+1,95,240,0.6496315002441406,0.7001536834773846
t+1,95,241,0.7026365995407104,0.6496589890233434
t+1,95,242,0.6792566180229187,0.6979416697349584
t+1,95,243,0.6668760776519775,0.6758883620831133
t+1,95,244,0.7424035668373108,0.6638552882725128
t+1,95,245,0.7113808989524841,0.7371406222853003
t+1,95,246,0.6776948571205139,0.7048608634853859
t+1,95,247,0.6614408493041992,0.6757013168304586
t+1,95,248,0.626747190952301,0.6591166252585379
t+1,95,249,0.6328744292259216,0.6285474760385689
t+1,95,250,0.6448937654495239,0.6325903138880979
t+1,95,251,0.6699206829071045,0.6435681928620298
t+1,95,252,0.6399933099746704,0.6670849380564458
t+1,95,253,0.5810590386390686,0.6404518732769477
t+1,95,254,0.5652497410774231,0.5855847632818297
t+1,95,255,0.5847007036209106,0.5713141067552667
t+1,95,256,0.6050548553466797,0.5890684529124062
t+1,95,257,0.6516940593719482,0.607911894386866
t+1,95,258,0.5282911062240601,0.6507880389634135
t+1,95,259,0.5426739454269409,0.5376211047807796
t+1,95,260,0.5531124472618103,0.5509762736031435
t+1,95,261,0.5755435824394226,0.5603237141870872
t+1,95,262,0.5367017984390259,0.5806337357421242
t+1,95,263,0.5783792734146118,0.5455953302017658
t+1,95,264,0.561007559299469,0.583336311697047
t+1,95,265,0.5425078272819519,0.5674015713722842
t+1,95,266,0.506976842880249,0.5506729175533565
t+1,95,267,0.5394566655158997,0.5177356740124206
t+1,95,268,0.5694281458854675,0.5479311484706568
t+1,95,269,0.5498995780944824,0.5751065622731089
t+1,95,270,0.4711554646492004,0.5575890199963949
t+1,95,271,0.4654280245304107,0.4649000087672639
t+1,95,272,0.5438863039016724,0.4593227508288358
t+1,95,273,0.4972075223922729,0.552009308634853
t+1,95,274,0.4600944221019745,0.4907058944752497
t+1,95,275,0.4671022295951843,0.45766053881561836
t+1,95,276,0.4796115159988403,0.4631282741154436
t+1,95,277,0.5013704299926758,0.47367704503230235
t+1,95,278,0.4484075307846069,0.5130622869984749
t+1,95,279,0.4658257365226745,0.44598671294411607
t+1,95,280,0.4414961636066437,0.4621996151391715
t+1,95,281,0.4198991060256958,0.44058720142523916
t+1,95,282,0.3885195255279541,0.42306847221622823
t+1,95,283,0.4020622968673706,0.39387392690937556
t+1,95,284,0.4519775211811065,0.40537853529476636
t+1,95,285,0.471208393573761,0.45068996346808626
t+1,95,286,0.3584288358688354,0.466176871713678
t+1,95,287,0.3992282152175903,0.3691607299944463
t+1,95,288,0.4440763294696808,0.4033941087688367
t+1,95,289,0.3831159174442291,0.4423487435391581
t+1,96,0,0.3791288137435913,0.35145518238912693
t+1,96,1,0.3560290038585663,0.3874345912680289
t+1,96,2,0.3683467507362366,0.3673227235681215
t+1,96,3,0.3607681095600128,0.3770683917820748
t+1,96,4,0.4410400688648224,0.37013430925675755
t+1,96,5,0.3973099589347839,0.4409918173955052
t+1,96,6,0.4254518151283264,0.40325496960779655
t+1,96,7,0.3651840686798095,0.4277587607677984
t+1,96,8,0.3945688903331756,0.37691500892891455
t+1,96,9,0.45982226729393,0.40102361607318393
t+1,96,10,0.4198861420154571,0.45709149134578947
t+1,96,11,0.4594129920005798,0.4209111011719899
t+1,96,12,0.3762776255607605,0.4566071202762639
t+1,96,13,0.3679085373878479,0.38261773506757507
t+1,96,14,0.4160381853580475,0.3755807383831757
t+1,96,15,0.3659249246120453,0.4177840745094833
t+1,96,16,0.3895350694656372,0.37403233713610423
t+1,96,17,0.406088650226593,0.39522562062696104
t+1,96,18,0.4428378939628601,0.4109838026160677
t+1,96,19,0.3901657462120056,0.44149591331804416
t+1,96,20,0.3717385232448578,0.39520331716479706
t+1,96,21,0.3793553411960602,0.37877127982485687
t+1,96,22,0.4106447994709015,0.3876139832805595
t+1,96,23,0.3779006898403168,0.41431395706255864
t+1,96,24,0.4201188385486603,0.38674469609730056
t+1,96,25,0.3751491010189056,0.4214266670056727
t+1,96,26,0.3514413237571716,0.38180762143601316
t+1,96,27,0.3849468231201172,0.36113921011809663
t+1,96,28,0.4046518504619598,0.39034307891569203
t+1,96,29,0.4265406727790832,0.4091748176779964
t+1,96,30,0.3408563435077667,0.42869922924456183
t+1,96,31,0.3739396929740906,0.3524638285222438
t+1,96,32,0.416374921798706,0.3817794139678105
t+1,96,33,0.402086466550827,0.4195463233457741
t+1,96,34,0.3754579722881317,0.40383885569772043
t+1,96,35,0.3704767227172851,0.38375047457457717
t+1,96,36,0.3941569924354553,0.3795669756327693
t+1,96,37,0.3892119824886322,0.3976130492001469
t+1,96,38,0.3933119177818298,0.39452993915690954
t+1,96,39,0.4484614431858063,0.39818025258884876
t+1,96,40,0.389215886592865,0.4458776580838641
t+1,96,41,0.347771942615509,0.39491911071625063
t+1,96,42,0.3618078529834747,0.3556998284321862
t+1,96,43,0.304910659790039,0.37438750098954576
t+1,96,44,0.379018634557724,0.32347406028530235
t+1,96,45,0.4061999917030334,0.38503424141777925
t+1,96,46,0.3890133798122406,0.41000224166063703
t+1,96,47,0.4159234762191772,0.39181586315386274
t+1,96,48,0.4009312391281128,0.4173203728460418
t+1,96,49,0.3474924266338348,0.40423092437434993
t+1,96,50,0.391784518957138,0.3561621203180359
t+1,96,51,0.4343993365764618,0.3956598726938609
t+1,96,52,0.4101631641387939,0.4344703678574198
t+1,96,53,0.3799947202205658,0.4116340832989318
t+1,96,54,0.3348545730113983,0.38855538507654863
t+1,96,55,0.396548867225647,0.3473768803747254
t+1,96,56,0.3852875530719757,0.401046712826209
t+1,96,57,0.3374497592449188,0.39161268249100845
t+1,96,58,0.3922208249568939,0.34841303679691427
t+1,96,59,0.4053263962268829,0.39833517792765794
t+1,96,60,0.3986923396587372,0.40885987003741325
t+1,96,61,0.3810211718082428,0.4031346333861566
t+1,96,62,0.4028740227222442,0.38619575389330435
t+1,96,63,0.3511945009231567,0.4055979685209809
t+1,96,64,0.4380360841751098,0.3608842742166327
t+1,96,65,0.3869564235210418,0.436722894695178
t+1,96,66,0.3821255266666412,0.39190407288189677
t+1,96,67,0.4667347371578216,0.3873827121250144
t+1,96,68,0.4356235861778259,0.4625639072896766
t+1,96,69,0.4402360618114471,0.43597589575141865
t+1,96,70,0.4117848873138428,0.4380100920783665
t+1,96,71,0.4139135479927063,0.41358520196883597
t+1,96,72,0.3970347940921783,0.41733061047908654
t+1,96,73,0.4589150846004486,0.4029482546592468
t+1,96,74,0.4127244055271148,0.45504771287057805
t+1,96,75,0.4682216942310333,0.41425604592287446
t+1,96,76,0.3992131948471069,0.46539141774214343
t+1,96,77,0.3686195015907287,0.4033993867877119
t+1,96,78,0.4777974784374237,0.37875754348857293
t+1,96,79,0.4411299228668213,0.4723231306379959
t+1,96,80,0.4561434984207153,0.43935778419112526
t+1,96,81,0.4414598345756531,0.45433631347096026
t+1,96,82,0.5157323479652405,0.4389709427435683
t+1,96,83,0.4304796159267425,0.5269925915118912
t+1,96,84,0.4872847199440002,0.43019717289513804
t+1,96,85,0.5204660892486572,0.4813107582521661
t+1,96,86,0.4606816470623016,0.5304081049998906
t+1,96,87,0.4605681896209717,0.4554818452012379
t+1,96,88,0.43172687292099,0.45826031326383493
t+1,96,89,0.4820202589035034,0.43278527783163895
t+1,96,90,0.4588560163974762,0.4770406557078772
t+1,96,91,0.4887974858283996,0.45638473861444073
t+1,96,92,0.4655035734176636,0.48232492853713577
t+1,96,93,0.5330556631088257,0.4615411689074378
t+1,96,94,0.4674069881439209,0.5419115082028012
t+1,96,95,0.5297778248786926,0.46346676051635377
t+1,96,96,0.5233626961708069,0.5400624578467349
t+1,96,97,0.5329996943473816,0.5334209535474208
t+1,96,98,0.5076087117195129,0.5427712477769937
t+1,96,99,0.5770987272262573,0.5196797158982751
t+1,96,100,0.620714008808136,0.5822249822787626
t+1,96,101,0.6229552626609802,0.6223952936907315
t+1,96,102,0.511754035949707,0.6230367902228569
t+1,96,103,0.5903624296188354,0.5235757803426578
t+1,96,104,0.5196085572242737,0.5942399174743873
t+1,96,105,0.5627526640892029,0.5299535155629199
t+1,96,106,0.5570393204689026,0.5691868497086925
t+1,96,107,0.5596323609352112,0.5641363635799412
t+1,96,108,0.5986132025718689,0.5662901773828052
t+1,96,109,0.5921474099159241,0.6022810701892558
t+1,96,110,0.6467300057411194,0.5963677720209382
t+1,96,111,0.6273207664489746,0.6452772558238181
t+1,96,112,0.6045811176300049,0.6279670838306136
t+1,96,113,0.6580711603164673,0.6073940742776625
t+1,96,114,0.6461248993873596,0.6569948929782332
t+1,96,115,0.755862295627594,0.6459848681543483
t+1,96,116,0.6894665956497192,0.7463451548825727
t+1,96,117,0.7036200165748596,0.6873038054601924
t+1,96,118,0.6956741809844971,0.700348925998735
t+1,96,119,0.7000607252120972,0.6928015596881257
t+1,96,120,0.7233125567436218,0.6949363048266892
t+1,96,121,0.6730059385299683,0.7199174918023337
t+1,96,122,0.7131189703941345,0.6727856396430284
t+1,96,123,0.7703647613525391,0.709356591521611
t+1,96,124,0.6382931470870972,0.7613557521935203
t+1,96,125,0.7419889569282532,0.6384327052453426
t+1,96,126,0.7196736335754395,0.7343177682667033
t+1,96,127,0.7524746060371399,0.7151230155984739
t+1,96,128,0.6695420145988464,0.7408601118941107
t+1,96,129,0.7254701852798462,0.6687103879379034
t+1,96,130,0.7192549109458923,0.7215798959336178
t+1,96,131,0.7155501246452332,0.7147296119705163
t+1,96,132,0.7701004147529602,0.7127828871225107
t+1,96,133,0.7302318215370178,0.7563262793147535
t+1,96,134,0.7550047039985657,0.7221940572121353
t+1,96,135,0.7301108837127686,0.7450986883565921
t+1,96,136,0.7570294141769409,0.7242765135044895
t+1,96,137,0.7185784578323364,0.744233497009612
t+1,96,138,0.7545444965362549,0.7089891449772061
t+1,96,139,0.7227892279624939,0.7419333629773331
t+1,96,140,0.7440776824951172,0.7169605007409101
t+1,96,141,0.7652822732925415,0.7382118969977054
t+1,96,142,0.6971791982650757,0.7556325165573827
t+1,96,143,0.7415712475776672,0.6935929986217376
t+1,96,144,0.8086178302764893,0.7384141270059201
t+1,96,145,0.6902542114257812,0.79328720364986
t+1,96,146,0.6658042073249817,0.687177762457295
t+1,96,147,0.6525024771690369,0.6637544406676108
t+1,96,148,0.6854822635650635,0.6533831218121215
t+1,96,149,0.6990675926208496,0.681287392668941
t+1,96,150,0.7112603187561035,0.6941464384536621
t+1,96,151,0.7361248731613159,0.7069482020478897
t+1,96,152,0.7365891933441162,0.7279410507191355
t+1,96,153,0.6929845809936523,0.7300760902359216
t+1,96,154,0.690951943397522,0.6926767469683213
t+1,96,155,0.7130659818649292,0.6880943896819489
t+1,96,156,0.6735466122627258,0.7104239360503906
t+1,96,157,0.6748981475830078,0.671335462366811
t+1,96,158,0.6457603573799133,0.6712415344361663
t+1,96,159,0.6949809193611145,0.6460547106556472
t+1,96,160,0.6972025036811829,0.6902448511786344
t+1,96,161,0.7144327759742737,0.6941833314602106
t+1,96,162,0.6179876327514648,0.7118690361112915
t+1,96,163,0.6986950635910034,0.6195971565046645
t+1,96,164,0.6220559477806091,0.6942358284710426
t+1,96,165,0.5666658878326416,0.6235029324946036
t+1,96,166,0.6318556070327759,0.5726756899766478
t+1,96,167,0.6143845915794373,0.6312272693491411
t+1,96,168,0.5894022583961487,0.6159158871325695
t+1,96,169,0.6519274711608887,0.5935516535135027
t+1,96,170,0.6327512860298157,0.6511832052092554
t+1,96,171,0.6534610390663147,0.6331557648230504
t+1,96,172,0.5574979186058044,0.652298568137992
t+1,96,173,0.6063427329063416,0.5644573840176951
t+1,96,174,0.598237931728363,0.6094970193381182
t+1,96,175,0.6058505773544312,0.6010944081877543
t+1,96,176,0.6522606611251831,0.6080850882009592
t+1,96,177,0.6065390110015869,0.6507090470267977
t+1,96,178,0.6065024733543396,0.608936301320958
t+1,96,179,0.553949236869812,0.6090866686959673
t+1,96,180,0.6583881378173828,0.5610743856609421
t+1,96,181,0.600103497505188,0.6559803298304413
t+1,96,182,0.5472254753112793,0.6035879144836522
t+1,96,183,0.570259690284729,0.5551098121033672
t+1,96,184,0.6073437929153442,0.5759449914774619
t+1,96,185,0.6559447646141052,0.6100380057902239
t+1,96,186,0.5624825954437256,0.6530503925288463
t+1,96,187,0.5437207818031311,0.5688586320691681
t+1,96,188,0.6346809267997742,0.5520811731013587
t+1,96,189,0.6512898802757263,0.63513594789045
t+1,96,190,0.6208690404891968,0.6501944324653592
t+1,96,191,0.6171233654022217,0.6231959549675451
t+1,96,192,0.6491707563400269,0.6179112991966144
t+1,96,193,0.5950316190719604,0.6491839044160641
t+1,96,194,0.6282901763916016,0.59882433248171
t+1,96,195,0.6273855566978455,0.6287000674922952
t+1,96,196,0.6575219631195068,0.6285689102211084
t+1,96,197,0.6345076560974121,0.6569223213375164
t+1,96,198,0.6887493133544922,0.6349682367599597
t+1,96,199,0.631507933139801,0.6836764391421438
t+1,96,200,0.7495047450065613,0.6329499445368907
t+1,96,201,0.6340248584747314,0.7405590911017911
t+1,96,202,0.6838678121566772,0.6336019984776746
t+1,96,203,0.6819612979888916,0.6777843363689411
t+1,96,204,0.6698104739189148,0.6799617697948199
t+1,96,205,0.7119765281677246,0.6686556759556145
t+1,96,206,0.67385333776474,0.7070718399623269
t+1,96,207,0.681268572807312,0.6715706270093539
t+1,96,208,0.6870822906494141,0.6768650082364258
t+1,96,209,0.7007076144218445,0.6863451273315349
t+1,96,210,0.6639550924301147,0.6979991098453979
t+1,96,211,0.6675187349319458,0.6645185756935864
t+1,96,212,0.7003066539764404,0.6662894465511396
t+1,96,213,0.6705507040023804,0.6958222594188445
t+1,96,214,0.7098188996315002,0.667580694464979
t+1,96,215,0.6918995976448059,0.704907251856324
t+1,96,216,0.7936023473739624,0.6861030907635024
t+1,96,217,0.7304807901382446,0.7759568449452536
t+1,96,218,0.7333330512046814,0.7243576844025782
t+1,96,219,0.6966711282730103,0.7262519576456764
t+1,96,220,0.6724491715431213,0.6929029672797308
t+1,96,221,0.6895288825035095,0.6707380999298375
t+1,96,222,0.7217519879341125,0.6842253506596715
t+1,96,223,0.6684443354606628,0.7166175670867522
t+1,96,224,0.6822628378868103,0.6663343729635814
t+1,96,225,0.7082154154777527,0.6786626565635169
t+1,96,226,0.720015823841095,0.7027807700674326
t+1,96,227,0.689630389213562,0.7143153021059754
t+1,96,228,0.6983829736709595,0.6845880391095834
t+1,96,229,0.6198907494544983,0.6935907771314247
t+1,96,230,0.6450165510177612,0.6212111857289666
t+1,96,231,0.6213847398757935,0.6452075085254082
t+1,96,232,0.6672523021697998,0.6226980414612787
t+1,96,233,0.6444054841995239,0.6659086992061536
t+1,96,234,0.6189947724342346,0.6437580386154931
t+1,96,235,0.6608121991157532,0.6208683272057083
t+1,96,236,0.6276694536209106,0.6592979489516235
t+1,96,237,0.5896393060684204,0.6269824762442582
t+1,96,238,0.5632802248001099,0.5934557275180927
t+1,96,239,0.676236093044281,0.5695595991209943
t+1,96,240,0.6575303077697754,0.6715181889877119
t+1,96,241,0.6520234942436218,0.6569905619179398
t+1,96,242,0.6122166514396667,0.650816688253822
t+1,96,243,0.6107376217842102,0.6148241430371276
t+1,96,244,0.6277527213096619,0.6128437540587099
t+1,96,245,0.5303844809532166,0.6290689399736408
t+1,96,246,0.5808475613594055,0.5397322672881657
t+1,96,247,0.5681518316268921,0.5853650474772087
t+1,96,248,0.5448055863380432,0.5739645931246665
t+1,96,249,0.5733972191810608,0.5529727783526271
t+1,96,250,0.5957764983177185,0.5788526152673381
t+1,96,251,0.5898151397705078,0.5987023056297881
t+1,96,252,0.51971834897995,0.5942106687272627
t+1,96,253,0.5814660787582397,0.5296124541556808
t+1,96,254,0.5065479278564453,0.5862287517312139
t+1,96,255,0.4576235115528106,0.5191576866944649
t+1,96,256,0.5040618181228638,0.45370478721253976
t+1,96,257,0.5605735778808594,0.5167455962570584
t+1,96,258,0.5118532180786133,0.5670551445911235
t+1,96,259,0.4972338378429413,0.5229294188702809
t+1,96,260,0.5303787589073181,0.48977069265460393
t+1,96,261,0.4690512716770172,0.539865091955876
t+1,96,262,0.4648602902889251,0.4640406183650062
t+1,96,263,0.4243594706058502,0.46079995115447175
t+1,96,264,0.4520924389362335,0.4243717684258213
t+1,96,265,0.4830300211906433,0.45068621808612
t+1,96,266,0.4027772545814514,0.4766868882131261
t+1,96,267,0.4725358784198761,0.4069294882336886
t+1,96,268,0.3954587280750274,0.4674945590235647
t+1,96,269,0.4141933023929596,0.40137110312468566
t+1,96,270,0.4115831553936004,0.41422249744422873
t+1,96,271,0.390343427658081,0.41439961266538866
t+1,96,272,0.3810839653015136,0.3949276346188292
t+1,96,273,0.3664051592350006,0.3897092230419972
t+1,96,274,0.3586024641990661,0.37465170950285237
t+1,96,275,0.3883101940155029,0.366587042646542
t+1,96,276,0.3668795824050903,0.38959343657608786
t+1,96,277,0.3389793634414673,0.37441277540077533
t+1,96,278,0.3545420467853546,0.3523133381076547
t+1,96,279,0.3719404339790344,0.36226020683343346
t+1,96,280,0.3521953225135803,0.3793437341521855
t+1,96,281,0.3224129676818847,0.36274309386868814
t+1,96,282,0.3811310231685638,0.33829404330044843
t+1,96,283,0.3390376567840576,0.38689568083406406
t+1,96,284,0.2838951349258423,0.35285841136817064
t+1,96,285,0.3510253429412842,0.3057857480222852
t+1,96,286,0.3456419706344604,0.35886564998164944
t+1,96,287,0.2962798178195953,0.356217166577557
t+1,96,288,0.3138699233531952,0.314202405672379
t+1,96,289,0.3574512600898742,0.32913616068782775
t+1,97,0,0.2519592344760895,0.2957130924058166
t+1,97,1,0.2963059842586517,0.2782170738798865
t+1,97,2,0.2734748125076294,0.3142019729094163
t+1,97,3,0.3229557871818542,0.2921363215723952
t+1,97,4,0.3433119654655456,0.3379652176028102
t+1,97,5,0.302786111831665,0.3534393584183798
t+1,97,6,0.2297942191362381,0.31962186245565594
t+1,97,7,0.2502695024013519,0.2588888102727016
t+1,97,8,0.3143091797828674,0.2767373408628364
t+1,97,9,0.3618155121803283,0.3259115017186409
t+1,97,10,0.3132060766220093,0.3733027262002784
t+1,97,11,0.3119121789932251,0.32909444601261895
t+1,97,12,0.3640396893024444,0.32963154429796465
t+1,97,13,0.3321896195411682,0.37058124154720734
t+1,97,14,0.3333155214786529,0.344542763740671
t+1,97,15,0.3109931647777557,0.3488705228628703
t+1,97,16,0.3525279760360718,0.3226451505994393
t+1,97,17,0.366970807313919,0.3649338408421563
t+1,97,18,0.3014475107192993,0.3753984901951861
t+1,97,19,0.3426007926464081,0.318427679407106
t+1,97,20,0.3402551114559173,0.3552494894625293
t+1,97,21,0.300916463136673,0.352189075045788
t+1,97,22,0.2952424883842468,0.31970789271012584
t+1,97,23,0.3336263597011566,0.31264765841931774
t+1,97,24,0.3181400597095489,0.34606373309730143
t+1,97,25,0.3272171914577484,0.33315849734327846
t+1,97,26,0.3422469794750213,0.33985662217755597
t+1,97,27,0.3612353801727295,0.3544387134345838
t+1,97,28,0.2439923137426376,0.37165163205741475
t+1,97,29,0.3530980050563812,0.26663046503117804
t+1,97,30,0.3232917189598083,0.36635784223453394
t+1,97,31,0.3333374857902527,0.3355629449278564
t+1,97,32,0.3462713658809662,0.3440073192041203
t+1,97,33,0.3240068554878235,0.35701859321606677
t+1,97,34,0.3655286133289337,0.33832922498649065
t+1,97,35,0.3210331797599792,0.37718953755392126
t+1,97,36,0.3599691689014435,0.3357020846228974
t+1,97,37,0.3565320968627929,0.3716612036841324
t+1,97,38,0.3016510903835296,0.3663480736953676
t+1,97,39,0.3827581405639648,0.3194617850492911
t+1,97,40,0.3272883594036102,0.38998901475103814
t+1,97,41,0.3335063457489013,0.3399054937503419
t+1,97,42,0.3471446931362152,0.3449164655066792
t+1,97,43,0.363042265176773,0.360192223308261
t+1,97,44,0.4037226438522339,0.3721112665199906
t+1,97,45,0.3793257176876068,0.40512895508994
t+1,97,46,0.3766826689243316,0.3840760835133285
t+1,97,47,0.3845118284225464,0.3850283334267761
t+1,97,48,0.3282665610313415,0.3943243315159538
t+1,97,49,0.3371396660804748,0.3428606053130509
t+1,97,50,0.4039525687694549,0.3504116692395675
t+1,97,51,0.3722348511219024,0.4085348812355345
t+1,97,52,0.3792891502380371,0.3817410540781883
t+1,97,53,0.4117506742477417,0.3858839014537476
t+1,97,54,0.4362683594226837,0.41390946827347097
t+1,97,55,0.3397703468799591,0.4357094625307425
t+1,97,56,0.387939304113388,0.3539674979753859
t+1,97,57,0.3601416051387787,0.3912257039158639
t+1,97,58,0.4061368405818939,0.37156555477855874
t+1,97,59,0.3841311931610107,0.40905590046558027
t+1,97,60,0.4192311763763428,0.3889845580914749
t+1,97,61,0.3841533362865448,0.4214031344827257
t+1,97,62,0.3905334770679474,0.3876032918371065
t+1,97,63,0.3838010430335998,0.39452594873966046
t+1,97,64,0.4037986695766449,0.38968625603926416
t+1,97,65,0.3919692933559418,0.4066038030456662
t+1,97,66,0.4131175279617309,0.3956200660711065
t+1,97,67,0.3807815909385681,0.4159595401931114
t+1,97,68,0.4502957761287689,0.3849572467284462
t+1,97,69,0.4227578639984131,0.44902624137999847
t+1,97,70,0.4325988888740539,0.42468854714145926
t+1,97,71,0.4379720389842987,0.4307968507039677
t+1,97,72,0.4514719843864441,0.4393249089147138
t+1,97,73,0.4115940034389496,0.4500686072106282
t+1,97,74,0.4418926239013672,0.4159539095575555
t+1,97,75,0.4984909892082214,0.43882625837102235
t+1,97,76,0.4334169328212738,0.4915204528425203
t+1,97,77,0.4579548239707947,0.43371475720122776
t+1,97,78,0.4340005815029144,0.4555936066165323
t+1,97,79,0.4469972252845764,0.4332201550155158
t+1,97,80,0.4199404716491699,0.4449086331119485
t+1,97,81,0.4322001039981842,0.4231369033147073
t+1,97,82,0.4755271673202514,0.43218479275772803
t+1,97,83,0.5224902033805847,0.47155397776333396
t+1,97,84,0.4789866209030151,0.5327345700963833
t+1,97,85,0.4360318183898926,0.47415051316038404
t+1,97,86,0.4635855555534363,0.4337580482664367
t+1,97,87,0.4998995661735534,0.4587018502036552
t+1,97,88,0.4786294102668762,0.4919078601808687
t+1,97,89,0.4628373980522156,0.47315993166080283
t+1,97,90,0.4877966344356537,0.4597101468141984
t+1,97,91,0.5130640864372253,0.4815938974438432
t+1,97,92,0.5124402046203613,0.5237283097723395
t+1,97,93,0.5581064820289612,0.5238518307615005
t+1,97,94,0.575951099395752,0.5649657861806008
t+1,97,95,0.6088359951972961,0.5811750718287488
t+1,97,96,0.5889184474945068,0.6112497382369716
t+1,97,97,0.5390264987945557,0.5928566361641944
t+1,97,98,0.5607776641845703,0.5476469818215741
t+1,97,99,0.6041308045387268,0.567339610808127
t+1,97,100,0.609178364276886,0.6067774382646625
t+1,97,101,0.6197247505187988,0.6115083354273941
t+1,97,102,0.6289528012275696,0.6213644383562916
t+1,97,103,0.5020486116409302,0.6288228285602443
t+1,97,104,0.6186594367027283,0.5151662802812851
t+1,97,105,0.6140580177307129,0.6209220264638355
t+1,97,106,0.5960038900375366,0.6163877836997756
t+1,97,107,0.6245052814483643,0.5996999978386407
t+1,97,108,0.5968737602233887,0.6260019751506001
t+1,97,109,0.5946517586708069,0.5999290793289958
t+1,97,110,0.6425197720527649,0.5981252998168862
t+1,97,111,0.5901207327842712,0.6417205036549078
t+1,97,112,0.6573327779769897,0.5936768574400709
t+1,97,113,0.6581162214279175,0.6563153898146334
t+1,97,114,0.688221275806427,0.6557974500580712
t+1,97,115,0.6720920205116272,0.682866939995219
t+1,97,116,0.6375203132629395,0.6686080702225626
t+1,97,117,0.7365031242370605,0.6373292866722696
t+1,97,118,0.6662959456443787,0.7351593340751718
t+1,97,119,0.6961278915405273,0.6656926280548358
t+1,97,120,0.6745209693908691,0.6938039611509893
t+1,97,121,0.708134651184082,0.6712977100057409
t+1,97,122,0.7383592128753662,0.703123201140019
t+1,97,123,0.7277300357818604,0.7296314179989215
t+1,97,124,0.7375231981277466,0.720278026138414
t+1,97,125,0.6448088884353638,0.7302033124018737
t+1,97,126,0.7860755324363708,0.6434337357440805
t+1,97,127,0.7334197163581848,0.7757586772940771
t+1,97,128,0.745583176612854,0.725486041159178
t+1,97,129,0.8070142865180969,0.734626752175264
t+1,97,130,0.6747047305107117,0.7958295906719549
t+1,97,131,0.742059051990509,0.6727936855652306
t+1,97,132,0.7619298696517944,0.7341805030703104
t+1,97,133,0.7436699867248535,0.7507326276757902
t+1,97,134,0.7473816871643066,0.7336822605549338
t+1,97,135,0.8024333119392395,0.7398848760719946
t+1,97,136,0.6937392950057983,0.7883305211809015
t+1,97,137,0.8466776609420776,0.6889868438633705
t+1,97,138,0.7440027594566345,0.8308879862763452
t+1,97,139,0.7763617634773254,0.7389370468334044
t+1,97,140,0.734934389591217,0.764685411167474
t+1,97,141,0.7716816067695618,0.7308142018455857
t+1,97,142,0.806876540184021,0.7580089692105157
t+1,97,143,0.7461366057395935,0.7956867049373002
t+1,97,144,0.7891677618026733,0.7387247292139082
t+1,97,145,0.7004277110099792,0.7724600766632336
t+1,97,146,0.7015472650527954,0.6974985450594833
t+1,97,147,0.7655442953109741,0.6968773762257576
t+1,97,148,0.8495509624481201,0.7547634742421322
t+1,97,149,0.7377217411994934,0.833257975904282
t+1,97,150,0.7210580110549927,0.7311276752545398
t+1,97,151,0.7290616035461426,0.7141405125192353
t+1,97,152,0.7023833394050598,0.7223797139474707
t+1,97,153,0.772807240486145,0.6982501084726301
t+1,97,154,0.6893957853317261,0.7608809909308554
t+1,97,155,0.8005481362342834,0.6855471245972778
t+1,97,156,0.7501811981201172,0.7839427246066043
t+1,97,157,0.7324636578559875,0.7378806651728788
t+1,97,158,0.7820594906806946,0.7284772926471131
t+1,97,159,0.6938431262969971,0.7697658472487611
t+1,97,160,0.7810184955596924,0.6886315020462984
t+1,97,161,0.7718573212623596,0.7707035137059324
t+1,97,162,0.7204087972640991,0.7611308156350617
t+1,97,163,0.8004406690597534,0.7157725749308569
t+1,97,164,0.6918164491653442,0.7814893945862538
t+1,97,165,0.7079468965530396,0.6905736766038794
t+1,97,166,0.7318915128707886,0.7025913135674381
t+1,97,167,0.6903805136680603,0.7277464167308403
t+1,97,168,0.8436362147331238,0.6849115762573249
t+1,97,169,0.7925236821174622,0.8264624099047374
t+1,97,170,0.7518668174743652,0.7798010731242176
t+1,97,171,0.7620856165885925,0.7412890636457734
t+1,97,172,0.6700423955917358,0.7495311971246558
t+1,97,173,0.7177200317382812,0.6662238826683786
t+1,97,174,0.704410195350647,0.7124144384284108
t+1,97,175,0.6510962247848511,0.6999491696087654
t+1,97,176,0.7007716298103333,0.6503168756873104
t+1,97,177,0.6773188710212708,0.6962851924415036
t+1,97,178,0.6989867091178894,0.6731774417540725
t+1,97,179,0.7847142815589905,0.6950837925726503
t+1,97,180,0.6627028584480286,0.7705271888339534
t+1,97,181,0.711593747138977,0.6591410135671865
t+1,97,182,0.7277868390083313,0.7073904499686967
t+1,97,183,0.7203888893127441,0.7208146223227264
t+1,97,184,0.7676937580108643,0.7147010633846198
t+1,97,185,0.6757211685180664,0.7565200962714245
t+1,97,186,0.7311608791351318,0.6731913533794478
t+1,97,187,0.75642329454422,0.7246489474120884
t+1,97,188,0.6822155117988586,0.745956356060675
t+1,97,189,0.7008649706840515,0.6798229043435136
t+1,97,190,0.7382549047470093,0.6968104134707672
t+1,97,191,0.6851025819778442,0.7340770820813224
t+1,97,192,0.7227553725242615,0.6826296904409825
t+1,97,193,0.7184408903121948,0.7174028290833723
t+1,97,194,0.7321375608444214,0.7145919578818393
t+1,97,195,0.7420316934585571,0.7279504629762523
t+1,97,196,0.7467273473739624,0.7335058023912355
t+1,97,197,0.6929988861083984,0.7382139161790767
t+1,97,198,0.7049446702003479,0.6878255479700782
t+1,97,199,0.6531329154968262,0.6994895622613845
t+1,97,200,0.7634146213531494,0.652948184193742
t+1,97,201,0.6975274085998535,0.7513962914776366
t+1,97,202,0.6951733231544495,0.6928310043860398
t+1,97,203,0.7278262376785278,0.6921109607257847
t+1,97,204,0.7545203566551208,0.722454158476307
t+1,97,205,0.790539562702179,0.7426875592958091
t+1,97,206,0.6842795014381409,0.7786567393081175
t+1,97,207,0.7496922612190247,0.680661599469375
t+1,97,208,0.7376833558082581,0.7415428645384802
t+1,97,209,0.6975736021995544,0.7304618361673997
t+1,97,210,0.6968421936035156,0.6924250532203006
t+1,97,211,0.7278618812561035,0.6939463663318581
t+1,97,212,0.7533484101295471,0.7237425694442257
t+1,97,213,0.6923345923423767,0.7424252917772483
t+1,97,214,0.7252259850502014,0.6884746519514067
t+1,97,215,0.7200977206230164,0.7191397321342754
t+1,97,216,0.7498475909233093,0.7169788957239573
t+1,97,217,0.7138345241546631,0.7414728244136684
t+1,97,218,0.6631834506988525,0.7089436542311462
t+1,97,219,0.7737390398979187,0.6595374470688045
t+1,97,220,0.757041871547699,0.7579900347702146
t+1,97,221,0.7348988652229309,0.7503331124182757
t+1,97,222,0.7228065729141235,0.7284448805536773
t+1,97,223,0.7874475717544556,0.7149740408502704
t+1,97,224,0.7319516539573669,0.774007503298349
t+1,97,225,0.6625758409500122,0.7268226367030481
t+1,97,226,0.6526052951812744,0.6612553955867319
t+1,97,227,0.7073284387588501,0.6507810790639605
t+1,97,228,0.7360735535621643,0.7040135149244224
t+1,97,229,0.6601088047027588,0.7278203806103729
t+1,97,230,0.6788966059684753,0.6603434822174048
t+1,97,231,0.6535307765007019,0.678851908111604
t+1,97,232,0.682296633720398,0.6525996456376782
t+1,97,233,0.6678760647773743,0.6807660303007613
t+1,97,234,0.6436439156532288,0.6648893755339451
t+1,97,235,0.6669417023658752,0.6431475506983055
t+1,97,236,0.6440983414649963,0.6677651141207266
t+1,97,237,0.6761545538902283,0.6447024713872501
t+1,97,238,0.6078945994377136,0.6724321457313448
t+1,97,239,0.6347536444664001,0.6099199729077239
t+1,97,240,0.6574151515960693,0.635076530601698
t+1,97,241,0.6849278807640076,0.6561663774052734
t+1,97,242,0.6356636881828308,0.6808247364579513
t+1,97,243,0.6660596132278442,0.6370059385410004
t+1,97,244,0.61516934633255,0.6638961626334904
t+1,97,245,0.463775098323822,0.6177235388561043
t+1,97,246,0.5907142162322998,0.4607344576374196
t+1,97,247,0.6275177597999573,0.5945082410818716
t+1,97,248,0.6096348166465759,0.6275999892098313
t+1,97,249,0.5732287168502808,0.6128245257509032
t+1,97,250,0.5001904368400574,0.5786317133734769
t+1,97,251,0.5351134538650513,0.513084845093231
t+1,97,252,0.4879767596721649,0.5442412127335938
t+1,97,253,0.5032883882522583,0.48092086414106244
t+1,97,254,0.5845337510108948,0.5147655753445155
t+1,97,255,0.4798104763031006,0.5884804308946134
t+1,97,256,0.5108422040939331,0.4739710089336639
t+1,97,257,0.5159651041030884,0.5215376364596676
t+1,97,258,0.5083356499671936,0.5259534818040619
t+1,97,259,0.500489354133606,0.5196798182403226
t+1,97,260,0.4732385575771332,0.5136995789573453
t+1,97,261,0.4207465946674347,0.46823612718178187
t+1,97,262,0.403998464345932,0.42351512262535
t+1,97,263,0.4818935692310333,0.4076609768823016
t+1,97,264,0.4263339638710022,0.4746512472126225
t+1,97,265,0.4635081887245178,0.42813848134169047
t+1,97,266,0.415725976228714,0.4598051375458466
t+1,97,267,0.4113725125789642,0.41693366441996466
t+1,97,268,0.4621129930019378,0.4150639640729944
t+1,97,269,0.4006384909152984,0.4590049885018043
t+1,97,270,0.4167140424251556,0.40357584758312115
t+1,97,271,0.4239511787891388,0.4165054770468466
t+1,97,272,0.4176854193210602,0.42399688796895046
t+1,97,273,0.4107857644557953,0.41998821199984976
t+1,97,274,0.3334346413612366,0.4094270732162675
t+1,97,275,0.403422087430954,0.34821375337010596
t+1,97,276,0.366811603307724,0.40677874599152014
t+1,97,277,0.3674441277980804,0.3736950180447566
t+1,97,278,0.3674739301204681,0.3777534355912325
t+1,97,279,0.3432473540306091,0.37646855179764255
t+1,97,280,0.2690850794315338,0.35385409742407475
t+1,97,281,0.3633090555667877,0.29287879347950974
t+1,97,282,0.3354794681072235,0.37479537302845944
t+1,97,283,0.3491747379302978,0.34771181152500474
t+1,97,284,0.3689718246459961,0.3595930652297299
t+1,97,285,0.3127134442329407,0.3775685021950803
t+1,97,286,0.3500805795192718,0.33146523930470106
t+1,97,287,0.3551312685012817,0.35968014420956224
t+1,97,288,0.3270505368709564,0.3639395821187817
t+1,97,289,0.3289807438850403,0.34498138336330963
t+1,98,0,0.4736390113830566,0.3694762976051523
t+1,98,1,0.3788112103939056,0.4688454840255232
t+1,98,2,0.516171932220459,0.3859191752856931
t+1,98,3,0.3804955184459686,0.5272487681866178
t+1,98,4,0.4629805088043213,0.38700379684567643
t+1,98,5,0.4264709651470184,0.4604827132803527
t+1,98,6,0.4156748354434967,0.4280483255917596
t+1,98,7,0.4420420825481415,0.41796155254331424
t+1,98,8,0.3805055916309356,0.43997743339287976
t+1,98,9,0.5253375172615051,0.3876197341786134
t+1,98,10,0.5055944323539734,0.5356908761549829
t+1,98,11,0.4805147349834442,0.5178234223477982
t+1,98,12,0.476109892129898,0.475306521651736
t+1,98,13,0.5534148216247559,0.47017585635690173
t+1,98,14,0.4397242963314056,0.5608714540515687
t+1,98,15,0.5229984521865845,0.4378758157191864
t+1,98,16,0.4872120320796966,0.532797556923025
t+1,98,17,0.4867848753929138,0.48148230328429226
t+1,98,18,0.4874393045902252,0.47997680508371693
t+1,98,19,0.4712285101413727,0.4826254199647657
t+1,98,20,0.4606994092464447,0.46727781922407235
t+1,98,21,0.4733313024044037,0.4592473030812382
t+1,98,22,0.4262847900390625,0.4699652639787184
t+1,98,23,0.4961898922920227,0.4293993500569172
t+1,98,24,0.5077304244041443,0.48890337557719066
t+1,98,25,0.5257107615470886,0.5194177943189371
t+1,98,26,0.4829608201980591,0.53488620984467
t+1,98,27,0.4640228450298309,0.476128452341002
t+1,98,28,0.472743809223175,0.4610521408941924
t+1,98,29,0.4223733246326446,0.46689206144357887
t+1,98,30,0.4882501065731048,0.42548837524418726
t+1,98,31,0.4765442311763763,0.4812968161052743
t+1,98,32,0.4589785635471344,0.47104142397725235
t+1,98,33,0.4148363471031189,0.45666659125095405
t+1,98,34,0.428359717130661,0.41735400061522165
t+1,98,35,0.4447622299194336,0.43030235211673323
t+1,98,36,0.4915724396705627,0.4422764145969581
t+1,98,37,0.4715999960899353,0.48504159144859516
t+1,98,38,0.4293586909770965,0.467180156276595
t+1,98,39,0.4811665713787079,0.4292332821668333
t+1,98,40,0.4503794908523559,0.47623473617829765
t+1,98,41,0.4391627311706543,0.449760527826277
t+1,98,42,0.4529400765895843,0.4385935844890693
t+1,98,43,0.5119304656982422,0.4516506671352219
t+1,98,44,0.5116751194000244,0.523790129814247
t+1,98,45,0.5705364346504211,0.5231491387271073
t+1,98,46,0.5299270153045654,0.5761640758344669
t+1,98,47,0.5340457558631897,0.5395853345513291
t+1,98,48,0.4827328622341156,0.543000782045667
t+1,98,49,0.5019895434379578,0.47635314442071824
t+1,98,50,0.4942253530025482,0.5146788219891413
t+1,98,51,0.5433468222618103,0.4880390275462413
t+1,98,52,0.50873863697052,0.5518049522901528
t+1,98,53,0.5535591244697571,0.5206146786954022
t+1,98,54,0.4458649158477783,0.560863758632267
t+1,98,55,0.5388414263725281,0.4454933635251369
t+1,98,56,0.5875481963157654,0.5477776067456219
t+1,98,57,0.5719628930091858,0.591782233761405
t+1,98,58,0.5245214700698853,0.5775291429432636
t+1,98,59,0.5802670121192932,0.5344652177698412
t+1,98,60,0.5184736251831055,0.585260673135037
t+1,98,61,0.559737503528595,0.528707212433066
t+1,98,62,0.4730138480663299,0.5665094514380671
t+1,98,63,0.5470907092094421,0.46791850137600627
t+1,98,64,0.4612188935279846,0.554866800749729
t+1,98,65,0.4539452791213989,0.45610963281276046
t+1,98,66,0.5129055976867676,0.4515392314969897
t+1,98,67,0.5531477928161621,0.5240091928459565
t+1,98,68,0.4842354357242584,0.5605016456610104
t+1,98,69,0.453937828540802,0.4795708435704173
t+1,98,70,0.5019807815551758,0.45177406612216453
t+1,98,71,0.4296365082263946,0.5145118352988115
t+1,98,72,0.5201123356819153,0.42631053547344017
t+1,98,73,0.5253587961196899,0.5301950056496018
t+1,98,74,0.4527624249458313,0.5362161519800133
t+1,98,75,0.4829888939857483,0.450222722159754
t+1,98,76,0.5229490399360657,0.4757451277069156
t+1,98,77,0.4389472901821136,0.5337590465518373
t+1,98,78,0.4479747116565704,0.43989839096733346
t+1,98,79,0.491432636976242,0.4463058347627633
t+1,98,80,0.4670443832874298,0.4844687942060914
t+1,98,81,0.4521136283874511,0.4627221452442262
t+1,98,82,0.4584217965602875,0.45025664699851603
t+1,98,83,0.5126170516014099,0.45576979134878276
t+1,98,84,0.4537525475025177,0.5236156867737718
t+1,98,85,0.5547951459884644,0.45159409849395593
t+1,98,86,0.4974526762962341,0.5619695967641023
t+1,98,87,0.4588685035705566,0.4898354215942688
t+1,98,88,0.4320845305919647,0.4547577371849048
t+1,98,89,0.4608370065689087,0.4310467034966951
t+1,98,90,0.4816646873950958,0.45711676454076244
t+1,98,91,0.5026698708534241,0.47571073782519624
t+1,98,92,0.5378788709640503,0.5132560421940784
t+1,98,93,0.4834473729133606,0.5467881581881073
t+1,98,94,0.4700516164302826,0.47677902924182747
t+1,98,95,0.5448175072669983,0.465315331342182
t+1,98,96,0.5405008792877197,0.5530856196205344
t+1,98,97,0.5159720182418823,0.5487988380084223
t+1,98,98,0.5196834206581116,0.5271395072845989
t+1,98,99,0.5176867842674255,0.52977770943704
t+1,98,100,0.6284042000770569,0.5285234849358003
t+1,98,101,0.5099387168884277,0.6300900045128374
t+1,98,102,0.5222236514091492,0.5216485057002166
t+1,98,103,0.5894520282745361,0.5324748805474595
t+1,98,104,0.4844835698604584,0.5931140379621556
t+1,98,105,0.6064448952674866,0.4779785600305574
t+1,98,106,0.5692882537841797,0.6092421186767791
t+1,98,107,0.607763946056366,0.5751192934054197
t+1,98,108,0.6325076818466187,0.6108777407490942
t+1,98,109,0.6191918849945068,0.6334416757437785
t+1,98,110,0.6552001237869263,0.6202067081471265
t+1,98,111,0.632358729839325,0.6540519023603758
t+1,98,112,0.6057285666465759,0.632479323486745
t+1,98,113,0.5566733479499817,0.6076275444822701
t+1,98,114,0.6795437335968018,0.5637047814528122
t+1,98,115,0.7249428033828735,0.6765280566681718
t+1,98,116,0.6634782552719116,0.720213170426073
t+1,98,117,0.6588120460510254,0.6619749278919275
t+1,98,118,0.6130203008651733,0.6573617760055351
t+1,98,119,0.755459725856781,0.6155802376997742
t+1,98,120,0.6998289823532104,0.7453294611583222
t+1,98,121,0.7119983434677124,0.6954700785496225
t+1,98,122,0.6784924864768982,0.7050551178140287
t+1,98,123,0.7429600358009338,0.6758055321757647
t+1,98,124,0.6952356696128845,0.7352145811709101
t+1,98,125,0.740587592124939,0.6931094234598402
t+1,98,126,0.7091513872146606,0.7291363616261974
t+1,98,127,0.6914148926734924,0.7034165214291966
t+1,98,128,0.7818991541862488,0.6881296542776524
t+1,98,129,0.7028915286064148,0.7698846891911887
t+1,98,130,0.7719087600708008,0.6985893262891104
t+1,98,131,0.7807868123054504,0.7591464458333116
t+1,98,132,0.7376362085342407,0.7681225751368979
t+1,98,133,0.7339840531349182,0.7293436360463673
t+1,98,134,0.7593420147895813,0.7263716310772551
t+1,98,135,0.7469087243080139,0.747020016271876
t+1,98,136,0.7680423855781555,0.7382375306654586
t+1,98,137,0.7418798208236694,0.7541941740053723
t+1,98,138,0.7860676646232605,0.7349894276660053
t+1,98,139,0.7625696063041687,0.7750052847682211
t+1,98,140,0.7433796525001526,0.7526368971483258
t+1,98,141,0.7098017334938049,0.7377584892915567
t+1,98,142,0.7547472715377808,0.7044799273183463
t+1,98,143,0.7416882514953613,0.741486578862034
t+1,98,144,0.7512046098709106,0.7318705485043028
t+1,98,145,0.7624855041503906,0.7437885853838686
t+1,98,146,0.7724108695983887,0.7553954505273025
t+1,98,147,0.7523325085639954,0.763273678288204
t+1,98,148,0.7414045333862305,0.7429913726273365
t+1,98,149,0.7219128012657166,0.7331709866094467
t+1,98,150,0.7385384440422058,0.7138814493810233
t+1,98,151,0.6814117431640625,0.7322674303553293
t+1,98,152,0.7778367400169373,0.6798872773134675
t+1,98,153,0.726490318775177,0.7625193774877341
t+1,98,154,0.6882385015487671,0.721618340281677
t+1,98,155,0.6715608239173889,0.6859855347744476
t+1,98,156,0.7363566160202026,0.6710398185285649
t+1,98,157,0.7495898008346558,0.7302365419276552
t+1,98,158,0.7795451283454895,0.7425184679325937
t+1,98,159,0.7420428395271301,0.7707390360752973
t+1,98,160,0.8016734719276428,0.7370804339623622
t+1,98,161,0.7554928660392761,0.7881213048143071
t+1,98,162,0.8266294598579407,0.7478522734280079
t+1,98,163,0.7499259114265442,0.808869203777536
t+1,98,164,0.7977199554443359,0.7454875139672589
t+1,98,165,0.7949168682098389,0.7872521072769156
t+1,98,166,0.7812827825546265,0.7772097563877276
t+1,98,167,0.7826758623123169,0.766635970357796
t+1,98,168,0.7585078477859497,0.7710573248611244
t+1,98,169,0.7242783904075623,0.7442842725368337
t+1,98,170,0.7722223401069641,0.719013241450922
t+1,98,171,0.7942418456077576,0.7612359534482755
t+1,98,172,0.7198044657707214,0.7814091415006501
t+1,98,173,0.750629186630249,0.7160582562503895
t+1,98,174,0.7498219609260559,0.7366338500414287
t+1,98,175,0.7708017826080322,0.7429224074949372
t+1,98,176,0.8117174506187439,0.7562500265839293
t+1,98,177,0.7539085149765015,0.7983260989315365
t+1,98,178,0.7925355434417725,0.7404709018082831
t+1,98,179,0.7865269780158997,0.7808114835532763
t+1,98,180,0.7575436234474182,0.7707377348962241
t+1,98,181,0.7968611121177673,0.7429608978372538
t+1,98,182,0.7227457165718079,0.7776915890323205
t+1,98,183,0.7348630428314209,0.7161801326300444
t+1,98,184,0.7980238795280457,0.7278835710840482
t+1,98,185,0.7008748054504395,0.7864889204650455
t+1,98,186,0.7145453095436096,0.6966727806270829
t+1,98,187,0.7468096613883972,0.7094658051705975
t+1,98,188,0.7401921153068542,0.7405134263795334
t+1,98,189,0.7142598032951355,0.7347362950661048
t+1,98,190,0.7031517028808594,0.7082066662285418
t+1,98,191,0.6592960953712463,0.6992305446008811
t+1,98,192,0.7432756423950195,0.6577354491206379
t+1,98,193,0.6719423532485962,0.7358343647678486
t+1,98,194,0.6835258603096008,0.670649700935828
t+1,98,195,0.6926563382148743,0.6807692438304044
t+1,98,196,0.6871032118797302,0.6890713072311053
t+1,98,197,0.7137114405632019,0.6844818697660547
t+1,98,198,0.7138339281082153,0.7080250089834077
t+1,98,199,0.6827421188354492,0.7074772087998319
t+1,98,200,0.6694730520248413,0.6788651450908251
t+1,98,201,0.6697919368743896,0.6669558056363031
t+1,98,202,0.7110186219215393,0.6672473159697894
t+1,98,203,0.7155635952949524,0.7073212463689411
t+1,98,204,0.6648595333099365,0.710057692944125
t+1,98,205,0.6684927344322205,0.6632743563863027
t+1,98,206,0.7094082832336426,0.6651341264864508
t+1,98,207,0.7268223762512207,0.706135600477223
t+1,98,208,0.6495248079299927,0.7191869682239528
t+1,98,209,0.7790272235870361,0.6475282719778418
t+1,98,210,0.6817408800125122,0.7659309256110252
t+1,98,211,0.6943850517272949,0.676127160333054
t+1,98,212,0.6832714080810547,0.6905095478881592
t+1,98,213,0.6721374988555908,0.6792058751795605
t+1,98,214,0.681108832359314,0.6696245203126796
t+1,98,215,0.7692126631736755,0.6785146736585654
t+1,98,216,0.7292567491531372,0.7597230891832988
t+1,98,217,0.7201287746429443,0.7239530567740273
t+1,98,218,0.7439188957214355,0.713740801702741
t+1,98,219,0.7138600945472717,0.7379891794995496
t+1,98,220,0.727994441986084,0.7117691644007504
t+1,98,221,0.6675564646720886,0.7222330811314588
t+1,98,222,0.6808457374572754,0.665860127154289
t+1,98,223,0.6668577790260315,0.6796760556344923
t+1,98,224,0.7094470262527466,0.6638577623389571
t+1,98,225,0.6560508012771606,0.7037539461843481
t+1,98,226,0.7141962051391602,0.6549249248055898
t+1,98,227,0.6780372262001038,0.7124106143786605
t+1,98,228,0.7230591177940369,0.6766637172856617
t+1,98,229,0.6700477600097656,0.7136225781783333
t+1,98,230,0.6617251038551331,0.6676880365879425
t+1,98,231,0.6639087200164795,0.6589633659447438
t+1,98,232,0.6792045831680298,0.6627002251301201
t+1,98,233,0.6406064629554749,0.6785083995974791
t+1,98,234,0.6096593141555786,0.6406177662753253
t+1,98,235,0.6526637077331543,0.6124637745122206
t+1,98,236,0.620964527130127,0.6532559395007643
t+1,98,237,0.6374190449714661,0.6236137360910003
t+1,98,238,0.6541830897331238,0.6380853714019072
t+1,98,239,0.6107735633850098,0.6528966793226201
t+1,98,240,0.6099767088890076,0.61257520594829
t+1,98,241,0.6239323019981384,0.6116523247499243
t+1,98,242,0.6847800612449646,0.6240379139689067
t+1,98,243,0.5371139645576477,0.6809540383057365
t+1,98,244,0.5697590112686157,0.5458008456141872
t+1,98,245,0.5666037797927856,0.5754472226093578
t+1,98,246,0.5861017107963562,0.572547071586528
t+1,98,247,0.5581086874008179,0.5899315860380497
t+1,98,248,0.6157258749008179,0.5647389745152056
t+1,98,249,0.5696588754653931,0.6171663649205914
t+1,98,250,0.5806643962860107,0.5752864730768158
t+1,98,251,0.538384199142456,0.5851787230346471
t+1,98,252,0.5989879965782166,0.5467408715149696
t+1,98,253,0.6319746971130371,0.6022625940120815
t+1,98,254,0.4877690076828003,0.6326631438748267
t+1,98,255,0.5115979909896851,0.4813269190763211
t+1,98,256,0.521579921245575,0.5233486221320609
t+1,98,257,0.452767014503479,0.5321269057067057
t+1,98,258,0.512201726436615,0.44918401343897246
t+1,98,259,0.4720625579357147,0.5233033897970505
t+1,98,260,0.523227334022522,0.46840945686541163
t+1,98,261,0.4357999563217163,0.5334631389532798
t+1,98,262,0.4610878527164459,0.4353771728957345
t+1,98,263,0.4330941438674927,0.4571774305951284
t+1,98,264,0.4067510962486267,0.4325193696860708
t+1,98,265,0.4475959241390228,0.4108069474087519
t+1,98,266,0.4688661694526672,0.4466957359815588
t+1,98,267,0.398899644613266,0.46439909016371
t+1,98,268,0.366223931312561,0.40422240163152506
t+1,98,269,0.4041619002819061,0.3755943128763186
t+1,98,270,0.4461075067520141,0.4070886654820237
t+1,98,271,0.4075385928153991,0.44445101795595127
t+1,98,272,0.3816253244876861,0.41184523303771864
t+1,98,273,0.4156859219074249,0.3849138198134696
t+1,98,274,0.3966563940048218,0.41788100151680524
t+1,98,275,0.4627545177936554,0.40056085780468964
t+1,98,276,0.4271025061607361,0.46002269297242915
t+1,98,277,0.3367102444171905,0.4289595490695397
t+1,98,278,0.4118764698505401,0.3470392204047686
t+1,98,279,0.317676693201065,0.4143144323154661
t+1,98,280,0.4182767570018768,0.33469298862444347
t+1,98,281,0.3744233846664428,0.42001948891154145
t+1,98,282,0.3327618837356567,0.38386472041120373
t+1,98,283,0.3725249171257019,0.34582014885064183
t+1,98,284,0.3027822375297546,0.3796463839557305
t+1,98,285,0.3785594403743744,0.3196414498241614
t+1,98,286,0.3737797737121582,0.38727876509635645
t+1,98,287,0.3114427924156189,0.38160511367961075
t+1,98,288,0.3550772964954376,0.3281157408940237
t+1,98,289,0.3229065835475921,0.36528290179926737
t+1,99,0,0.5068700909614563,0.40689562991006
t+1,99,1,0.4452753961086273,0.5194304681913717
t+1,99,2,0.4285410940647125,0.44409588501781133
t+1,99,3,0.4289696812629699,0.42913634849275545
t+1,99,4,0.4254032075405121,0.43207354838361783
t+1,99,5,0.456011027097702,0.42694649124993567
t+1,99,6,0.4872322082519531,0.45332737138584156
t+1,99,7,0.4323075711727142,0.4815957582168084
t+1,99,8,0.4344507157802582,0.43161874998436245
t+1,99,9,0.471279501914978,0.4326823571713446
t+1,99,10,0.4523752927780151,0.4666085909338538
t+1,99,11,0.4934735596179962,0.4505581802041203
t+1,99,12,0.3969652354717254,0.48701218784266237
t+1,99,13,0.4875061810016632,0.40127294374592937
t+1,99,14,0.4462868869304657,0.48114973937363764
t+1,99,15,0.4334726631641388,0.44433192754238754
t+1,99,16,0.3785217702388763,0.43338686416466654
t+1,99,17,0.4525811970233917,0.38709083254927296
t+1,99,18,0.4527609050273895,0.45023862650793317
t+1,99,19,0.4816277325153351,0.4494071219246705
t+1,99,20,0.4848707318305969,0.4753771321675606
t+1,99,21,0.4202027320861816,0.4783216959481283
t+1,99,22,0.5122648477554321,0.4231045938252759
t+1,99,23,0.4060324728488922,0.5236444264586485
t+1,99,24,0.4400457441806793,0.40864473631123466
t+1,99,25,0.3950598835945129,0.438294826754302
t+1,99,26,0.3617792427539825,0.39937373703929413
t+1,99,27,0.4076639115810394,0.3710083118934444
t+1,99,28,0.4297774732112884,0.4094073587071242
t+1,99,29,0.4561933577060699,0.42961904515842003
t+1,99,30,0.3943213224411011,0.45202590376920687
t+1,99,31,0.4307110607624054,0.39965275171263603
t+1,99,32,0.4389752447605133,0.4307515699199657
t+1,99,33,0.4132052063941955,0.43746002116748833
t+1,99,34,0.4103221297264099,0.4162368368711668
t+1,99,35,0.3596886694431305,0.4138456148453186
t+1,99,36,0.4258232712745666,0.36733152435683153
t+1,99,37,0.3847809731960296,0.427443286721876
t+1,99,38,0.3779942095279693,0.390783014697927
t+1,99,39,0.4424033164978027,0.38536559423302497
t+1,99,40,0.4514256715774536,0.44149221439250785
t+1,99,41,0.3856963217258453,0.44880352434702264
t+1,99,42,0.3447031080722809,0.3911970001957619
t+1,99,43,0.4574782848358154,0.35780940937198197
t+1,99,44,0.4313910007476806,0.45258864991208414
t+1,99,45,0.3785613775253296,0.4317912817700831
t+1,99,46,0.3974676728248596,0.3831825485715071
t+1,99,47,0.4302020072937011,0.40242903865680435
t+1,99,48,0.4536812007427215,0.4298333024223159
t+1,99,49,0.3932814002037048,0.452056579833194
t+1,99,50,0.3979149162769317,0.400799541764038
t+1,99,51,0.3958125114440918,0.4011601050285548
t+1,99,52,0.3943336308002472,0.39908587312453386
t+1,99,53,0.422461450099945,0.40058573030777656
t+1,99,54,0.4025402367115021,0.42522802336083887
t+1,99,55,0.4482655227184295,0.40907649341693375
t+1,99,56,0.4063190817832947,0.44710390098783603
t+1,99,57,0.469307005405426,0.40764248506842293
t+1,99,58,0.3644441068172455,0.4656295238899285
t+1,99,59,0.4269549548625946,0.3755560735389277
t+1,99,60,0.4393332004547119,0.4294943040918602
t+1,99,61,0.4000812172889709,0.4372006589463174
t+1,99,62,0.4146108031272888,0.40272867970295745
t+1,99,63,0.3806372582912445,0.41562973355738214
t+1,99,64,0.4101079404354095,0.38788756796384216
t+1,99,65,0.3158904910087585,0.4125998737490836
t+1,99,66,0.4235090613365173,0.33306121372559977
t+1,99,67,0.4576030969619751,0.426453119119965
t+1,99,68,0.4634507894515991,0.45268002204154567
t+1,99,69,0.4115446507930755,0.4591570897649269
t+1,99,70,0.4522956609725952,0.4116748456561484
t+1,99,71,0.4380531907081604,0.447815449060105
t+1,99,72,0.4694962203502655,0.4375730813297895
t+1,99,73,0.4983924031257629,0.4643077247002135
t+1,99,74,0.4800027012825012,0.49077278888107045
t+1,99,75,0.4734677672386169,0.475256002418087
t+1,99,76,0.516348659992218,0.46851846313190854
t+1,99,77,0.4171941876411438,0.5277128146428797
t+1,99,78,0.5396168828010559,0.41712515455864346
t+1,99,79,0.5137578248977661,0.5487308959351651
t+1,99,80,0.4836399555206299,0.5260689408633347
t+1,99,81,0.4503381252288818,0.4776852524033754
t+1,99,82,0.5215868949890137,0.44867151386270016
t+1,99,83,0.4851136207580566,0.5322039892560987
t+1,99,84,0.5455212593078613,0.4790110907074628
t+1,99,85,0.5319848656654358,0.5535157487548255
t+1,99,86,0.5588585734367371,0.5411538092848134
t+1,99,87,0.5995990633964539,0.5657164565917291
t+1,99,88,0.6187523007392883,0.6030578686718099
t+1,99,89,0.5986717939376831,0.6204860951129154
t+1,99,90,0.6032177209854126,0.6017912705173641
t+1,99,91,0.591701328754425,0.6066367787282939
t+1,99,92,0.6809089183807373,0.5956148030289989
t+1,99,93,0.6701590418815613,0.6790888282228725
t+1,99,94,0.6971912384033203,0.6675707418555373
t+1,99,95,0.6916425824165344,0.6918922748044114
t+1,99,96,0.6581177711486816,0.6868270768803105
t+1,99,97,0.6658413410186768,0.6569508639548726
t+1,99,98,0.6981238126754761,0.6660713113697375
t+1,99,99,0.6979373693466187,0.6931821488276043
t+1,99,100,0.7026229500770569,0.6940415685137237
t+1,99,101,0.7008880376815796,0.6968440449913847
t+1,99,102,0.6575659513473511,0.6958619248874579
t+1,99,103,0.7190299034118652,0.6547949907628253
t+1,99,104,0.7456193566322327,0.7147167451497575
t+1,99,105,0.7132726311683655,0.7380835845051451
t+1,99,106,0.7188045978546143,0.7091876147059695
t+1,99,107,0.8307624459266663,0.7163783620799278
t+1,99,108,0.8168708682060242,0.8165744371473567
t+1,99,109,0.7091184854507446,0.8049049382375918
t+1,99,110,0.7810574173927307,0.7034026078409914
t+1,99,111,0.6780919432640076,0.766481112660178
t+1,99,112,0.8154520392417908,0.6755722851765074
t+1,99,113,0.8246258497238159,0.8046683980489073
t+1,99,114,0.7961737513542175,0.8122355244342223
t+1,99,115,0.8993815183639526,0.7822499275679277
t+1,99,116,0.8536235690116882,0.8859059548678054
t+1,99,117,0.7804837226867676,0.8313525154287019
t+1,99,118,0.8553836941719055,0.7683302532414453
t+1,99,119,0.932076334953308,0.8377876185447505
t+1,99,120,0.8246750831604004,0.9134598899691183
t+1,99,121,0.8244259357452393,0.8122754006544096
t+1,99,122,0.8660996556282043,0.8131878337233233
t+1,99,123,0.8588576912879944,0.8547903709337356
t+1,99,124,0.8239790201187134,0.840375863278986
t+1,99,125,0.8305315971374512,0.8118999440498026
t+1,99,126,0.9072688221931458,0.8157521069841189
t+1,99,127,0.8317418694496155,0.8873629412172573
t+1,99,128,0.7919946908950806,0.8201345446355609
t+1,99,129,0.7880150675773621,0.7753225357719957
t+1,99,130,0.7692354917526245,0.772897846770917
t+1,99,131,0.7709078192710876,0.7548496617484686
t+1,99,132,0.8089554309844971,0.7568459328186435
t+1,99,133,0.7665504217147827,0.792262050745239
t+1,99,134,0.867414116859436,0.7534884973145412
t+1,99,135,0.8421656489372253,0.8536929720353197
t+1,99,136,0.7940047383308411,0.8288052236235671
t+1,99,137,0.7514509558677673,0.7758947675346062
t+1,99,138,0.828460693359375,0.7365949674592316
t+1,99,139,0.8094317317008972,0.8120464830340262
t+1,99,140,0.8174357414245605,0.7956732838035454
t+1,99,141,0.8180891275405884,0.8042905143093546
t+1,99,142,0.786771833896637,0.8035034326820335
t+1,99,143,0.7718466520309448,0.7759107967281859
t+1,99,144,0.7454224228858948,0.7602216609481485
t+1,99,145,0.6980093717575073,0.7370639995806044
t+1,99,146,0.7738738059997559,0.6952431684618647
t+1,99,147,0.7728186845779419,0.7581834712167651
t+1,99,148,0.687355101108551,0.7602069414476343
t+1,99,149,0.6804909110069275,0.6829988022616352
t+1,99,150,0.7392265200614929,0.6778773594675452
t+1,99,151,0.7048901319503784,0.7350290111168831
t+1,99,152,0.6778436899185181,0.6999495112050288
t+1,99,153,0.6380543112754822,0.6753040124659755
t+1,99,154,0.6830199360847473,0.638348021000912
t+1,99,155,0.6606274843215942,0.6812552100544927
t+1,99,156,0.6333040595054626,0.6581442074967864
t+1,99,157,0.7088971138000488,0.6339022769957459
t+1,99,158,0.642670214176178,0.7060234907872261
t+1,99,159,0.6467349529266357,0.6424144868287028
t+1,99,160,0.7053689956665039,0.6459600921142381
t+1,99,161,0.6530011296272278,0.6994484803784742
t+1,99,162,0.6517410278320312,0.6522766889017502
t+1,99,163,0.6289222240447998,0.6525573861439606
t+1,99,164,0.6077983379364014,0.6294463822516589
t+1,99,165,0.616686999797821,0.6107123794439847
t+1,99,166,0.6093988418579102,0.6181187301572231
t+1,99,167,0.6316442489624023,0.6121396084109041
t+1,99,168,0.5677979588508606,0.6322197521538077
t+1,99,169,0.5613358616828918,0.5737146623847112
t+1,99,170,0.6176418662071228,0.5678333816720796
t+1,99,171,0.597392201423645,0.6187473734715027
t+1,99,172,0.5952383875846863,0.6007683682814631
t+1,99,173,0.5904342532157898,0.5985298533284752
t+1,99,174,0.6075925827026367,0.5942097461162911
t+1,99,175,0.587557852268219,0.6094711719980969
t+1,99,176,0.6205413937568665,0.5919289338346505
t+1,99,177,0.641588568687439,0.6221024154383404
t+1,99,178,0.5394099354743958,0.6414892702120571
t+1,99,179,0.6237860321998596,0.5478334591885032
t+1,99,180,0.5450835824012756,0.6237047829640926
t+1,99,181,0.562372088432312,0.553156336001466
t+1,99,182,0.4782840013504028,0.5687815105448234
t+1,99,183,0.677160918712616,0.4728543027035427
t+1,99,184,0.5774165391921997,0.6743957532008601
t+1,99,185,0.6507319808006287,0.5825997802163336
t+1,99,186,0.6190319657325745,0.648736450258822
t+1,99,187,0.5925551652908325,0.6204685106655995
t+1,99,188,0.5820781588554382,0.5959951954316338
t+1,99,189,0.6080214977264404,0.586681626471733
t+1,99,190,0.7137178778648376,0.6104164205250703
t+1,99,191,0.6293584108352661,0.7096853196187577
t+1,99,192,0.5854761004447937,0.629460080389415
t+1,99,193,0.6400689482688904,0.5897906838495511
t+1,99,194,0.7015727162361145,0.6411612200530943
t+1,99,195,0.6727657318115234,0.6967035568255603
t+1,99,196,0.6527581214904785,0.6689052812058185
t+1,99,197,0.6394945979118347,0.6532844044121314
t+1,99,198,0.5883110165596008,0.6390515346128212
t+1,99,199,0.6326178312301636,0.5921059932956668
t+1,99,200,0.6496340036392212,0.6338312949103736
t+1,99,201,0.6879106760025024,0.648948679930992
t+1,99,202,0.6571691632270813,0.6837282137395633
t+1,99,203,0.6872302889823914,0.657100503432573
t+1,99,204,0.711810290813446,0.6844576574606939
t+1,99,205,0.6840884685516357,0.7059431002223436
t+1,99,206,0.7221442461013794,0.6774515042031521
t+1,99,207,0.6740842461585999,0.7154301289349152
t+1,99,208,0.6922594308853149,0.6703317402592711
t+1,99,209,0.6951298117637634,0.6902435072835069
t+1,99,210,0.6567512154579163,0.6927848359161517
t+1,99,211,0.6979339122772217,0.6568048039078913
t+1,99,212,0.7538992166519165,0.6920162682896884
t+1,99,213,0.6872395873069763,0.7387550271309928
t+1,99,214,0.7049557566642761,0.6852695397129982
t+1,99,215,0.656211256980896,0.6999496454011633
t+1,99,216,0.6080474257469177,0.6561947120237529
t+1,99,217,0.6766037344932556,0.6106056427814704
t+1,99,218,0.6984132528305054,0.6733555547939383
t+1,99,219,0.750468909740448,0.6955500007164456
t+1,99,220,0.7120658159255981,0.7368538918014035
t+1,99,221,0.737769603729248,0.7064883030838593
t+1,99,222,0.690700113773346,0.7332083065134859
t+1,99,223,0.715548574924469,0.6875169983959616
t+1,99,224,0.7237924337387085,0.7100247044939529
t+1,99,225,0.6808393597602844,0.7204446416381483
t+1,99,226,0.7080712914466858,0.6763290820642054
t+1,99,227,0.6856387257575989,0.7050251283701432
t+1,99,228,0.7261193990707397,0.6830928932542214
t+1,99,229,0.6668145656585693,0.7206655980627678
t+1,99,230,0.6651067137718201,0.6651671359046438
t+1,99,231,0.6413595080375671,0.6635885293883483
t+1,99,232,0.6227565407752991,0.6427519899187426
t+1,99,233,0.6141325831413269,0.6239521603726812
t+1,99,234,0.7549430131912231,0.6158973168573428
t+1,99,235,0.6794644594192505,0.7466281421919428
t+1,99,236,0.6530987024307251,0.6769737548163025
t+1,99,237,0.6557767391204834,0.6523925510302803
t+1,99,238,0.5867668986320496,0.6541578923557433
t+1,99,239,0.643028199672699,0.5905088106152644
t+1,99,240,0.6135520935058594,0.6424922123142766
t+1,99,241,0.6220250725746155,0.6156311428007422
t+1,99,242,0.6816188097000122,0.6230843821538168
t+1,99,243,0.5688322186470032,0.6794765542219291
t+1,99,244,0.5097177028656006,0.574592355288574
t+1,99,245,0.6090282797813416,0.5209469581120449
t+1,99,246,0.580043375492096,0.6112327989110317
t+1,99,247,0.6120970249176025,0.5851804255019962
t+1,99,248,0.525709867477417,0.6139759958392048
t+1,99,249,0.5163512825965881,0.5354939231853493
t+1,99,250,0.5836725234985352,0.5270135412354604
t+1,99,251,0.5349780917167664,0.5879469280123635
t+1,99,252,0.559455156326294,0.5438225960557131
t+1,99,253,0.5466001033782959,0.5661363189172847
t+1,99,254,0.5622321963310242,0.5541752024121996
t+1,99,255,0.4834780097007751,0.5685340132255223
t+1,99,256,0.5460588932037354,0.47692189473639335
t+1,99,257,0.5098129510879517,0.5540481192770289
t+1,99,258,0.43731889128685,0.521081773092454
t+1,99,259,0.5077757239341736,0.43941791804136804
t+1,99,260,0.5727607607841492,0.519991221347289
t+1,99,261,0.4609474241733551,0.5782101343506708
t+1,99,262,0.4665864109992981,0.4576263459785703
t+1,99,263,0.4855824112892151,0.46278715960893474
t+1,99,264,0.4487336277961731,0.4782973398174706
t+1,99,265,0.4599733650684356,0.4469355466773908
t+1,99,266,0.4242542386054992,0.45640168853254276
t+1,99,267,0.4757291674613952,0.4253628496840171
t+1,99,268,0.3961732685565948,0.4701766142737803
t+1,99,269,0.4254208207130432,0.3988291765662621
t+1,99,270,0.3811981379985809,0.42686286217116687
t+1,99,271,0.4034192562103271,0.38960801914239546
t+1,99,272,0.393973559141159,0.40481580456560523
t+1,99,273,0.4344525933265686,0.39949072064049457
t+1,99,274,0.4810823798179626,0.4341613027705587
t+1,99,275,0.3281728029251098,0.474915759617629
t+1,99,276,0.426228791475296,0.3436082822205583
t+1,99,277,0.3924162089824676,0.426960609936161
t+1,99,278,0.377240926027298,0.39791688743595705
t+1,99,279,0.3425644934177398,0.38052534477171207
t+1,99,280,0.3168130218982696,0.3552146895390499
t+1,99,281,0.3692187666893005,0.3314676529966694
t+1,99,282,0.3893482983112335,0.3762747843475294
t+1,99,283,0.3385381698608398,0.3946110864482707
t+1,99,284,0.3731054365634918,0.35192005474766314
t+1,99,285,0.3719497621059418,0.3820707590717263
t+1,99,286,0.3730955123901367,0.3823337102218136
t+1,99,287,0.3515556752681732,0.38121163736939645
t+1,99,288,0.2590629756450653,0.36051932193360614
t+1,99,289,0.3215076923370361,0.28075135584340305
t+5,80,0,0.3487873673439026,0.30229307435591674
t+5,80,1,0.3506577908992767,0.34802054705014246
t+5,80,2,0.3575319349765777,0.3671976782695323
t+5,80,3,0.3468916714191437,0.4035961665561389
t+5,80,4,0.385602742433548,0.34204140010476913
t+5,80,5,0.3897936344146728,0.37630724378975217
t+5,80,6,0.3964115083217621,0.377208890777247
t+5,80,7,0.4004085063934326,0.38374484652461427
t+5,80,8,0.3966313004493713,0.37369453962009136
t+5,80,9,0.3335061371326446,0.4095703404826752
t+5,80,10,0.4165720045566559,0.4128540283634798
t+5,80,11,0.4682942628860473,0.4188549364979196
t+5,80,12,0.3528449535369873,0.42213952746682887
t+5,80,13,0.4917473495006561,0.4177864615775856
t+5,80,14,0.4012103080749511,0.36074400854180433
t+5,80,15,0.4175938367843628,0.4362126448779211
t+5,80,16,0.4985604286193847,0.48357273347714985
t+5,80,17,0.4636311829090118,0.37753597329426447
t+5,80,18,0.4481066763401031,0.5049808828652183
t+5,80,19,0.424977570772171,0.42202329358677676
t+5,80,20,0.4475413858890533,0.43635978115565643
t+5,80,21,0.5175599455833435,0.5108112220190495
t+5,80,22,0.4909065961837768,0.4785122657741619
t+5,80,23,0.4881808161735534,0.4640561072186924
t+5,80,24,0.4335328638553619,0.442364758104074
t+5,80,25,0.4903588891029358,0.4634046720240269
t+5,80,26,0.4254919588565826,0.5493388438572041
t+5,80,27,0.5102866888046265,0.5028365960062268
t+5,80,28,0.4839149713516235,0.5000558559487318
t+5,80,29,0.5029402375221252,0.4493276052131277
t+5,80,30,0.512796938419342,0.5018208088516316
t+5,80,31,0.3941155970096588,0.4420233291382113
t+5,80,32,0.4693592190742492,0.5416005875506836
t+5,80,33,0.4558360874652862,0.49545936168044225
t+5,80,34,0.4529505968093872,0.534488702689745
t+5,80,35,0.4297763407230377,0.5434299365834562
t+5,80,36,0.472412645816803,0.4119419853812844
t+5,80,37,0.4224380254745483,0.48145900557908
t+5,80,38,0.4629472196102142,0.46879007831645786
t+5,80,39,0.4144075512886047,0.4661211206863643
t+5,80,40,0.4001414179801941,0.4442863368789417
t+5,80,41,0.3926469087600708,0.4835159574494846
t+5,80,42,0.3771015107631683,0.43753332558698704
t+5,80,43,0.4169935882091522,0.4744102777474757
t+5,80,44,0.4413856863975525,0.4294192938972936
t+5,80,45,0.4449680149555206,0.41651715034966447
t+5,80,46,0.4027701318264007,0.4096540505875509
t+5,80,47,0.3839549720287323,0.3947418233292202
t+5,80,48,0.4844058752059936,0.43172115020571866
t+5,80,49,0.3982817828655243,0.4539418321155278
t+5,80,50,0.4445187747478485,0.4570696439233068
t+5,80,51,0.4610751867294311,0.4177247930190563
t+5,80,52,0.3934034705162048,0.40082332566164003
t+5,80,53,0.4062438309192657,0.49262692426512733
t+5,80,54,0.4063456952571869,0.4133763055321136
t+5,80,55,0.391896516084671,0.4555664138788269
t+5,80,56,0.3801545798778534,0.4707712864567174
t+5,80,57,0.4229834675788879,0.4074319362137904
t+5,80,58,0.4507084786891937,0.41969209428314097
t+5,80,59,0.4818951785564422,0.4201209226547507
t+5,80,60,0.3972775936126709,0.40664507920086274
t+5,80,61,0.4018971920013428,0.3955404655652925
t+5,80,62,0.3847483694553375,0.4345497896586349
t+5,80,63,0.3558823466300964,0.4599177027174736
t+5,80,64,0.4513172209262848,0.48867326205059597
t+5,80,65,0.421793133020401,0.4103888945671476
t+5,80,66,0.4674232006072998,0.41526737554811155
t+5,80,67,0.4610809087753296,0.39906563571649223
t+5,80,68,0.4380103349685669,0.37228399754596986
t+5,80,69,0.4338244795799255,0.45978776158284357
t+5,80,70,0.4122577011585235,0.43269658390368193
t+5,80,71,0.4593054056167602,0.4744081170198115
t+5,80,72,0.477059006690979,0.4679524233875152
t+5,80,73,0.4589422047138214,0.4465900491857168
t+5,80,74,0.3923071026802063,0.4424152272890998
t+5,80,75,0.5032588839530945,0.42262097373420576
t+5,80,76,0.414623886346817,0.4658897438762342
t+5,80,77,0.4858629405498504,0.48211447528744383
t+5,80,78,0.4631775319576263,0.4652553406140172
t+5,80,79,0.4569431245326996,0.40362455114470613
t+5,80,80,0.5104680061340332,0.5274722182489991
t+5,80,81,0.524974524974823,0.42377527515063496
t+5,80,82,0.483148992061615,0.489387130793459
t+5,80,83,0.5369921326637268,0.4681815955839075
t+5,80,84,0.5286455750465393,0.462574820161979
t+5,80,85,0.4715863764286041,0.5333097257980819
t+5,80,86,0.5410142540931702,0.5467340161586883
t+5,80,87,0.5112188458442688,0.48605830345848317
t+5,80,88,0.4506185352802276,0.5573093369522294
t+5,80,89,0.5060477256774902,0.549580188412607
t+5,80,90,0.5421308875083923,0.47482101341403254
t+5,80,91,0.4628670811653137,0.5606939593884749
t+5,80,92,0.552092432975769,0.5329125467774972
t+5,80,93,0.5595763325691223,0.4553525623467728
t+5,80,94,0.5709052085876465,0.527843174917972
t+5,80,95,0.5555046200752258,0.5611618061277986
t+5,80,96,0.575937807559967,0.46589459900262925
t+5,80,97,0.556587815284729,0.569934848186684
t+5,80,98,0.5270010232925415,0.5767718943431803
t+5,80,99,0.542506992816925,0.5871345841722282
t+5,80,100,0.5567138195037842,0.5727757036981163
t+5,80,101,0.5288419723510742,0.5915754870747069
t+5,80,102,0.6168461441993713,0.573084920409233
t+5,80,103,0.5671969056129456,0.5457868407608044
t+5,80,104,0.6513944268226624,0.5598344531451602
t+5,80,105,0.6409000754356384,0.573055508955526
t+5,80,106,0.6194189190864563,0.5469783327287729
t+5,80,107,0.6453680992126465,0.6283797797681079
t+5,80,108,0.6014326214790344,0.5825781434434046
t+5,80,109,0.6252598762512207,0.6605089873454391
t+5,80,110,0.7242890000343323,0.6505993718693994
t+5,80,111,0.665152907371521,0.6304815450055419
t+5,80,112,0.6687352061271667,0.6543709574488455
t+5,80,113,0.6671935319900513,0.6128077200446911
t+5,80,114,0.7151774168014526,0.6354849175264312
t+5,80,115,0.6916579604148865,0.7294898713740655
t+5,80,116,0.7592792510986328,0.6726726490837299
t+5,80,117,0.6917210817337036,0.6752053015159455
t+5,80,118,0.7586626410484314,0.6749698506399441
t+5,80,119,0.6905692219734192,0.7202978221074252
t+5,80,120,0.7104007601737976,0.6970708901756694
t+5,80,121,0.692376434803009,0.7507835458363484
t+5,80,122,0.731756329536438,0.6962388472756633
t+5,80,123,0.761786699295044,0.7506637821680477
t+5,80,124,0.6861721277236938,0.6950114540456366
t+5,80,125,0.7051014304161072,0.711711392850796
t+5,80,126,0.7187251448631287,0.6960487532182126
t+5,80,127,0.7834344506263733,0.7320173112757901
t+5,80,128,0.7458070516586304,0.7505599072588124
t+5,80,129,0.7124349474906921,0.6898018958028785
t+5,80,130,0.7387815117835999,0.7078605557656331
t+5,80,131,0.7940657138824463,0.7216282962882664
t+5,80,132,0.748999297618866,0.771270393309993
t+5,80,133,0.6986368298530579,0.7447314771966609
t+5,80,134,0.7785913944244385,0.7145209666154125
t+5,80,135,0.7102235555648804,0.7409413809820407
t+5,80,136,0.7760928869247437,0.7819532201406608
t+5,80,137,0.7427788376808167,0.7473854614435559
t+5,80,138,0.7793301939964294,0.6995391460362503
t+5,80,139,0.7127025127410889,0.7652748422122927
t+5,80,140,0.7330275774002075,0.7114991917651454
t+5,80,141,0.7343423366546631,0.7626257864215746
t+5,80,142,0.7894472479820251,0.7427685772274601
t+5,80,143,0.680394172668457,0.7686779820327526
t+5,80,144,0.666904091835022,0.7123633953217958
t+5,80,145,0.6274845004081726,0.7320299955647055
t+5,80,146,0.740326464176178,0.7334012764799122
t+5,80,147,0.6531727313995361,0.7754957363541305
t+5,80,148,0.6930930018424988,0.6817161443514883
t+5,80,149,0.6998132467269897,0.6687035266514504
t+5,80,150,0.6873787641525269,0.6323721170731432
t+5,80,151,0.682712197303772,0.7370793850080247
t+5,80,152,0.6490781307220459,0.655065033189736
t+5,80,153,0.6612881422042847,0.692258352354941
t+5,80,154,0.6271708011627197,0.6992823062463042
t+5,80,155,0.6779552698135376,0.6866311405482538
t+5,80,156,0.6266112923622131,0.6821363170476198
t+5,80,157,0.5781399607658386,0.6509172708409374
t+5,80,158,0.5658770799636841,0.6633563210443643
t+5,80,159,0.6704471111297607,0.6290272346308756
t+5,80,160,0.6711633205413818,0.6776121974979156
t+5,80,161,0.6624687910079956,0.6293776851669395
t+5,80,162,0.6493512392044067,0.5838564263785737
t+5,80,163,0.6716522574424744,0.5721643036112051
t+5,80,164,0.6714874505996704,0.6696141343383953
t+5,80,165,0.5956723690032959,0.6695372016958765
t+5,80,166,0.5986768007278442,0.6616686399512391
t+5,80,167,0.6296046376228333,0.6486913345353857
t+5,80,168,0.5719877481460571,0.6709044656821048
t+5,80,169,0.602706789970398,0.6706646011772713
t+5,80,170,0.6503602862358093,0.5992415788599258
t+5,80,171,0.5905218720436096,0.6022564641076105
t+5,80,172,0.5992658138275146,0.6300836729491193
t+5,80,173,0.5878226161003113,0.5764956783691788
t+5,80,174,0.6519365906715393,0.6051133243645637
t+5,80,175,0.6213003993034363,0.6489287688819406
t+5,80,176,0.6021318435668945,0.5931470124795979
t+5,80,177,0.5868434309959412,0.6016854781792162
t+5,80,178,0.5694077014923096,0.5902145335788429
t+5,80,179,0.6812834143638611,0.6500797647498776
t+5,80,180,0.6001794934272766,0.6215706044504169
t+5,80,181,0.5899714231491089,0.6035086692277395
t+5,80,182,0.5563488006591797,0.5880119741268595
t+5,80,183,0.6599628925323486,0.5721905146587896
t+5,80,184,0.6238842010498047,0.6763579404037189
t+5,80,185,0.579551637172699,0.6008849965456268
t+5,80,186,0.7080273032188416,0.5916930763664074
t+5,80,187,0.6502078175544739,0.5595414210272214
t+5,80,188,0.6505934000015259,0.6565260895699795
t+5,80,189,0.6444270014762878,0.6222842227824356
t+5,80,190,0.715853750705719,0.5811834100043458
t+5,80,191,0.6446459889411926,0.7004494636971761
t+5,80,192,0.6596695780754089,0.6453172575612061
t+5,80,193,0.6503384709358215,0.6465404610950637
t+5,80,194,0.6194455027580261,0.6404623306477869
t+5,80,195,0.6757854223251343,0.7080216333221541
t+5,80,196,0.6080115437507629,0.6404709386660938
t+5,80,197,0.5964303016662598,0.6546856920608212
t+5,80,198,0.7300138473510742,0.6458287307059569
t+5,80,199,0.6039259433746338,0.6164671499539583
t+5,80,200,0.688601553440094,0.6699811988636863
t+5,80,201,0.7088619470596313,0.6056220534064399
t+5,80,202,0.6050713658332825,0.5937185585742507
t+5,80,203,0.6995569467544556,0.7203855303548766
t+5,80,204,0.7353962659835815,0.6015674633197572
t+5,80,205,0.712040901184082,0.6822350117330712
t+5,80,206,0.695899248123169,0.7000915960642116
t+5,80,207,0.7058555483818054,0.6016681107930083
t+5,80,208,0.7097556591033936,0.6891805038557978
t+5,80,209,0.7032714486122131,0.7233668990567488
t+5,80,210,0.69525146484375,0.7023434721833329
t+5,80,211,0.7384157776832581,0.685395110497948
t+5,80,212,0.7118659615516663,0.6950897301953427
t+5,80,213,0.7134431600570679,0.6999058364201725
t+5,80,214,0.6880297064781189,0.6928874569466521
t+5,80,215,0.6693724989891052,0.6850755154066825
t+5,80,216,0.6764248013496399,0.7261907726837408
t+5,80,217,0.6969202160835266,0.6990748217438169
t+5,80,218,0.7519798874855042,0.7026586530005134
t+5,80,219,0.7280279397964478,0.6785878348497373
t+5,80,220,0.7065251469612122,0.6607965649342296
t+5,80,221,0.7122395038604736,0.667091269173355
t+5,80,222,0.6208182573318481,0.6856031562178188
t+5,80,223,0.7141546607017517,0.7288188776746174
t+5,80,224,0.6923844218254089,0.7154793612245658
t+5,80,225,0.6620033383369446,0.6939113112449153
t+5,80,226,0.7078515291213989,0.6991697109737995
t+5,80,227,0.6852664947509766,0.612829439149352
t+5,80,228,0.6604700684547424,0.7009124447899235
t+5,80,229,0.668019711971283,0.6823123194031236
t+5,80,230,0.6218715310096741,0.6513392350184942
t+5,80,231,0.6340373754501343,0.6940163063667077
t+5,80,232,0.6432082653045654,0.67314049336307
t+5,80,233,0.6723996996879578,0.6499829361291901
t+5,80,234,0.7282674312591553,0.6566594493247112
t+5,80,235,0.6087733507156372,0.6142399047074247
t+5,80,236,0.5980424880981445,0.62499222924953
t+5,80,237,0.6325616836547852,0.6321904762077355
t+5,80,238,0.6424719095230103,0.6597406189832413
t+5,80,239,0.588450014591217,0.7106839154580832
t+5,80,240,0.583957850933075,0.600407483990914
t+5,80,241,0.5885170698165894,0.5896649166512374
t+5,80,242,0.614035964012146,0.6216438521987969
t+5,80,243,0.6108145713806152,0.6316459477808181
t+5,80,244,0.5856207609176636,0.5800801751527613
t+5,80,245,0.5485867261886597,0.5763746464445333
t+5,80,246,0.5657709240913391,0.580347526970294
t+5,80,247,0.5467250347137451,0.6035713640503942
t+5,80,248,0.5661910772323608,0.6011795185502563
t+5,80,249,0.5521540641784668,0.5769615456591318
t+5,80,250,0.5136118531227112,0.5423114731323857
t+5,80,251,0.5002930164337158,0.5582156781067382
t+5,80,252,0.5285137295722961,0.5401386549874405
t+5,80,253,0.5777941346168518,0.5583148092247234
t+5,80,254,0.4575885832309723,0.5452089628848933
t+5,80,255,0.4964232742786407,0.509185763839956
t+5,80,256,0.5110048055648804,0.49675313826609885
t+5,80,257,0.5063185095787048,0.5227413654395902
t+5,80,258,0.4814864099025726,0.5682102820255853
t+5,80,259,0.524294912815094,0.43555993755738726
t+5,80,260,0.5005678534507751,0.4709098266328524
t+5,80,261,0.5348376035690308,0.5058469467441455
t+5,80,262,0.4634305238723755,0.5013816448310668
t+5,80,263,0.4803971350193023,0.4565417959906343
t+5,80,264,0.5708527565002441,0.5175645355459647
t+5,80,265,0.5253925323486328,0.49557809696893734
t+5,80,266,0.4626824855804443,0.5270134275892587
t+5,80,267,0.4819422364234924,0.4394486920835911
t+5,80,268,0.4844219982624054,0.45481199234335407
t+5,80,269,0.4640385806560516,0.5598843722181535
t+5,80,270,0.5306750535964966,0.5179050261750984
t+5,80,271,0.4967930316925049,0.438142104288517
t+5,80,272,0.4528326094150543,0.45563600087599837
t+5,80,273,0.5032440423965454,0.45767090520171494
t+5,80,274,0.5941148400306702,0.4385694296857186
t+5,80,275,0.507093608379364,0.5218079799003543
t+5,80,276,0.5449522137641907,0.4686553582015508
t+5,80,277,0.4635290503501892,0.4279906636999211
t+5,80,278,0.4604954123497009,0.49598153701718034
t+5,80,279,0.5169584155082703,0.5804247590923824
t+5,80,280,0.5599142909049988,0.49921799170122255
t+5,80,281,0.5901612043380737,0.5340643718205146
t+5,80,282,0.5541990399360657,0.43694045450676544
t+5,80,283,0.5473104119300842,0.4341539331332772
t+5,80,284,0.4697040021419525,0.5077037091997382
t+5,80,285,0.547893762588501,0.5476852574380452
t+5,80,286,0.4480867385864258,0.5756317736719029
t+5,80,287,0.5239779949188232,0.5417260795946337
t+5,80,288,0.5410581231117249,0.5350727008531376
t+5,80,289,0.5437777042388916,0.44148315234319196
t+5,81,0,0.3279796540737152,0.30458861785704205
t+5,81,1,0.2862894833087921,0.32391077639602606
t+5,81,2,0.3283544480800628,0.37842479716953575
t+5,81,3,0.2991610467433929,0.342747590928403
t+5,81,4,0.2998490631580353,0.36730715317485463
t+5,81,5,0.3154588937759399,0.3579354041037567
t+5,81,6,0.2596100866794586,0.31903434542581505
t+5,81,7,0.3557368218898773,0.35646388571935517
t+5,81,8,0.2915495932102203,0.33066742936623345
t+5,81,9,0.3511067926883697,0.3315725878419594
t+5,81,10,0.3219606876373291,0.34444332124297494
t+5,81,11,0.3719346821308136,0.2939347169449158
t+5,81,12,0.2963701486587524,0.38023354052762215
t+5,81,13,0.30974280834198,0.32173728075225644
t+5,81,14,0.3336946070194244,0.37732444350806943
t+5,81,15,0.2458582073450088,0.3504721804109426
t+5,81,16,0.3533734083175659,0.3956903903084437
t+5,81,17,0.3796586096286773,0.3265086921409347
t+5,81,18,0.3664734959602356,0.33841893770162984
t+5,81,19,0.3548137247562408,0.36026680781145154
t+5,81,20,0.3246763348579407,0.27948701269753345
t+5,81,21,0.3760676085948944,0.3772579521841595
t+5,81,22,0.3702336549758911,0.4015994044178708
t+5,81,23,0.3478513956069946,0.389518151601682
t+5,81,24,0.3357807397842407,0.37924668077588536
t+5,81,25,0.3244563937187195,0.3506765372979297
t+5,81,26,0.295600414276123,0.39718109573322447
t+5,81,27,0.3831401467323303,0.39221396545654763
t+5,81,28,0.2657869458198547,0.37106453684076257
t+5,81,29,0.3304618895053863,0.36030050280196635
t+5,81,30,0.3508006334304809,0.3494506248110974
t+5,81,31,0.376794695854187,0.32366791004503065
t+5,81,32,0.4100293517112732,0.40213005833577986
t+5,81,33,0.3848303258419037,0.2975104451328149
t+5,81,34,0.3415735960006714,0.3554403532476615
t+5,81,35,0.378993958234787,0.37260027856521255
t+5,81,36,0.3111057877540588,0.3966924719526315
t+5,81,37,0.4070814549922943,0.4260911693073048
t+5,81,38,0.3533483147621155,0.40359942180201985
t+5,81,39,0.3370544612407684,0.3636780242419414
t+5,81,40,0.3401000201702118,0.39828712794651355
t+5,81,41,0.3621710836887359,0.33584666987235584
t+5,81,42,0.3524441421031952,0.4232947860383275
t+5,81,43,0.4482336044311523,0.37431365181836035
t+5,81,44,0.3448690772056579,0.358161068691981
t+5,81,45,0.3730905652046203,0.36150912648200145
t+5,81,46,0.3749021291732788,0.3808369050889007
t+5,81,47,0.3769107162952423,0.37330004816168266
t+5,81,48,0.3798918128013611,0.4601990283652079
t+5,81,49,0.3631698787212372,0.3656588431144489
t+5,81,50,0.3617157340049743,0.3910669274312581
t+5,81,51,0.3541153073310852,0.39257085175998097
t+5,81,52,0.3344120681285858,0.39387881451695783
t+5,81,53,0.3963340818881988,0.3972009159082972
t+5,81,54,0.4255472123622894,0.3807270958256374
t+5,81,55,0.3744909167289734,0.37958935233676444
t+5,81,56,0.3764359056949615,0.37205871761188425
t+5,81,57,0.3874936997890472,0.35394514954350764
t+5,81,58,0.3851379156112671,0.41063105930025406
t+5,81,59,0.3538002669811249,0.43726179405119564
t+5,81,60,0.4547919332981109,0.3913114946497547
t+5,81,61,0.425471156835556,0.392064946381398
t+5,81,62,0.3884560167789459,0.40218336651118247
t+5,81,63,0.4272093176841736,0.4000590458335908
t+5,81,64,0.4051076769828796,0.3711982186543378
t+5,81,65,0.4169133603572845,0.4632124187492165
t+5,81,66,0.4411679208278656,0.43676961640892814
t+5,81,67,0.4661530256271362,0.4025178369394668
t+5,81,68,0.4906343817710876,0.43727186905009363
t+5,81,69,0.5020410418510437,0.4169776269910135
t+5,81,70,0.4389678537845611,0.427565046346962
t+5,81,71,0.4357987642288208,0.4499836102917359
t+5,81,72,0.4627426266670227,0.47285607167378996
t+5,81,73,0.4700844287872314,0.4952160695462008
t+5,81,74,0.4466111361980438,0.5273038063124559
t+5,81,75,0.4576982855796814,0.44726557902352854
t+5,81,76,0.5153804421424866,0.44443862545645
t+5,81,77,0.5522761344909668,0.46869872104679355
t+5,81,78,0.4951763153076172,0.4756219874906136
t+5,81,79,0.4891018867492676,0.45311108099757663
t+5,81,80,0.5109132528305054,0.46367672577159763
t+5,81,81,0.4954085946083069,0.5385553665553977
t+5,81,82,0.530428409576416,0.5725108816816061
t+5,81,83,0.5648112297058105,0.49785851289890515
t+5,81,84,0.5574988722801208,0.49208655037833715
t+5,81,85,0.6141123175621033,0.5338217813632848
t+5,81,86,0.5869335532188416,0.497587595261139
t+5,81,87,0.6093905568122864,0.5515877838268252
t+5,81,88,0.5983434319496155,0.5830737916380944
t+5,81,89,0.6606450080871582,0.5760864638603866
t+5,81,90,0.5828563570976257,0.6290827953495531
t+5,81,91,0.625995397567749,0.6032572784483261
t+5,81,92,0.6064115166664124,0.6239057997539359
t+5,81,93,0.6871136426925659,0.6139689445472336
t+5,81,94,0.6984414458274841,0.6716938137411592
t+5,81,95,0.6608489155769348,0.5990883164837688
t+5,81,96,0.7468450665473938,0.6384409910320019
t+5,81,97,0.6879669427871704,0.6202605940668915
t+5,81,98,0.6591275930404663,0.6966436829677916
t+5,81,99,0.7064635157585144,0.7053029662264562
t+5,81,100,0.7372283935546875,0.6706555407388138
t+5,81,101,0.7242910265922546,0.7525796359980692
t+5,81,102,0.8191897869110107,0.6964851987392722
t+5,81,103,0.7767675518989563,0.6695973364105159
t+5,81,104,0.8138890266418457,0.7141465502500696
t+5,81,105,0.8078061938285828,0.7427227552224137
t+5,81,106,0.7058576345443726,0.7300592480323951
t+5,81,107,0.7567703127861023,0.8094716741117781
t+5,81,108,0.6792202591896057,0.7706343734505003
t+5,81,109,0.7564374804496765,0.8041875129717605
t+5,81,110,0.8220800757408142,0.8001762686623701
t+5,81,111,0.7572038173675537,0.7119381659272648
t+5,81,112,0.7678008675575256,0.7526144772212536
t+5,81,113,0.8046013712882996,0.6868742556672517
t+5,81,114,0.8236053586006165,0.7483593954841694
t+5,81,115,0.7862279415130615,0.8095273117943543
t+5,81,116,0.7922059297561646,0.7491961936570685
t+5,81,117,0.8317657113075256,0.7584749125229041
t+5,81,118,0.8144845366477966,0.7932722040732337
t+5,81,119,0.7976115345954895,0.8089267720525709
t+5,81,120,0.8204814195632935,0.7771365192613711
t+5,81,121,0.8138946890830994,0.7814645473717122
t+5,81,122,0.8217812776565552,0.817873950409305
t+5,81,123,0.8844319581985474,0.8022504487941178
t+5,81,124,0.8051031827926636,0.7864253567459996
t+5,81,125,0.7981600165367126,0.8085073796423243
t+5,81,126,0.8676549196243286,0.8014905181105675
t+5,81,127,0.7944526076316833,0.8089963041541504
t+5,81,128,0.8801574110984802,0.8708870077274317
t+5,81,129,0.813793957233429,0.7930384224756006
t+5,81,130,0.8236103057861328,0.7875182018205271
t+5,81,131,0.8469284772872925,0.8545327493309729
t+5,81,132,0.8637117147445679,0.7821954734655014
t+5,81,133,0.8559114933013916,0.8647421484237835
t+5,81,134,0.8134025931358337,0.8007969009824729
t+5,81,135,0.806956946849823,0.8122141636309935
t+5,81,136,0.8309255242347717,0.8312963462273897
t+5,81,137,0.822184145450592,0.8467271796406513
t+5,81,138,0.7934128642082214,0.8389482412641263
t+5,81,139,0.8284077048301697,0.8008434561668004
t+5,81,140,0.8466830253601074,0.7935544102987607
t+5,81,141,0.8152928948402405,0.8161971637498222
t+5,81,142,0.8615065813064575,0.8046419597438047
t+5,81,143,0.8181616067886353,0.7795989441384166
t+5,81,144,0.7951251864433289,0.810959325133212
t+5,81,145,0.80061936378479,0.8324600357099107
t+5,81,146,0.7738112211227417,0.8004321010108754
t+5,81,147,0.7534091472625732,0.8447752928953345
t+5,81,148,0.8020768165588379,0.8018546937092134
t+5,81,149,0.7512518763542175,0.7808816505750473
t+5,81,150,0.7641369104385376,0.7842074902406057
t+5,81,151,0.768982470035553,0.7601971430018042
t+5,81,152,0.7808986306190491,0.7398214670837179
t+5,81,153,0.7787874341011047,0.787162034620491
t+5,81,154,0.7597059011459351,0.7389952470295446
t+5,81,155,0.6853318214416504,0.7499237681142458
t+5,81,156,0.7407980561256409,0.7541831423552601
t+5,81,157,0.7159911394119263,0.766491176492332
t+5,81,158,0.7343721985816956,0.7650642634144234
t+5,81,159,0.7681506276130676,0.7454758001719765
t+5,81,160,0.7568802833557129,0.6844882581984135
t+5,81,161,0.7317736744880676,0.736444295287499
t+5,81,162,0.7372280359268188,0.7125648000997284
t+5,81,163,0.6630293726921082,0.7312282000593459
t+5,81,164,0.7176921367645264,0.7515594971014807
t+5,81,165,0.7286456227302551,0.7419846997099946
t+5,81,166,0.6781728863716125,0.7264288009622921
t+5,81,167,0.7133594155311584,0.7320551058530379
t+5,81,168,0.6823645830154419,0.6618713340762692
t+5,81,169,0.7274426221847534,0.7123847724059862
t+5,81,170,0.7281839847564697,0.7239581608578219
t+5,81,171,0.667878270149231,0.677358964452444
t+5,81,172,0.735253632068634,0.7083419254193916
t+5,81,173,0.6751093864440918,0.679733710983017
t+5,81,174,0.751900851726532,0.7217109915904745
t+5,81,175,0.6607617735862732,0.7233171636805773
t+5,81,176,0.6786953210830688,0.6657471571204053
t+5,81,177,0.6826875805854797,0.7283206263073265
t+5,81,178,0.647973358631134,0.6719487305437574
t+5,81,179,0.6131486892700195,0.735630974379736
t+5,81,180,0.6450930237770081,0.6579264249819687
t+5,81,181,0.7106585502624512,0.6741251210857466
t+5,81,182,0.6614065170288086,0.6787602495574488
t+5,81,183,0.6617488861083984,0.6457564319792066
t+5,81,184,0.726772665977478,0.6130996653138119
t+5,81,185,0.691676139831543,0.6437468676183009
t+5,81,186,0.6999061107635498,0.7040536941840441
t+5,81,187,0.7061717510223389,0.6583759700100059
t+5,81,188,0.645976185798645,0.6579166551887964
t+5,81,189,0.6835605502128601,0.7193803635035652
t+5,81,190,0.6860611438751221,0.6856333552669246
t+5,81,191,0.6769844889640808,0.6928043915964753
t+5,81,192,0.6461458206176758,0.7001489782534599
t+5,81,193,0.7025894522666931,0.6423707664574552
t+5,81,194,0.6303460597991943,0.6764140153239973
t+5,81,195,0.6576911211013794,0.680001673095986
t+5,81,196,0.6642996072769165,0.6706827028473181
t+5,81,197,0.6803621649742126,0.6417061712643743
t+5,81,198,0.7263876795768738,0.6947941948734784
t+5,81,199,0.7570784687995911,0.6261472347504783
t+5,81,200,0.7614825367927551,0.6517598034297292
t+5,81,201,0.7314711809158325,0.6582256463608183
t+5,81,202,0.7206136584281921,0.6732564824008807
t+5,81,203,0.6253201961517334,0.7140838959486498
t+5,81,204,0.7484118938446045,0.7359710658482572
t+5,81,205,0.8024934530258179,0.740164020251653
t+5,81,206,0.7277992963790894,0.7199869987308416
t+5,81,207,0.7214361429214478,0.711225693398459
t+5,81,208,0.7388058304786682,0.6214507823405419
t+5,81,209,0.7407541275024414,0.7363498598884036
t+5,81,210,0.7206531763076782,0.7778450814610812
t+5,81,211,0.7032900452613831,0.7154803658235461
t+5,81,212,0.7292273044586182,0.7102557813704847
t+5,81,213,0.66848224401474,0.7266244320346801
t+5,81,214,0.650264322757721,0.7284934666075082
t+5,81,215,0.7631513476371765,0.7082930054883841
t+5,81,216,0.6985610127449036,0.6931080226098694
t+5,81,217,0.7384238243103027,0.7162467898843968
t+5,81,218,0.7662391662597656,0.6594904394857655
t+5,81,219,0.7526865005493164,0.6424214770205597
t+5,81,220,0.6884375810623169,0.7379934069390972
t+5,81,221,0.7166809439659119,0.6861904004064622
t+5,81,222,0.661686897277832,0.723408587785376
t+5,81,223,0.6957025527954102,0.7401695318811329
t+5,81,224,0.7325143814086914,0.7271611486123822
t+5,81,225,0.6932471990585327,0.6776945848306105
t+5,81,226,0.5882360339164734,0.703589594396768
t+5,81,227,0.604837954044342,0.6517284501561764
t+5,81,228,0.6508719325065613,0.6846834781056346
t+5,81,229,0.7205908298492432,0.7177997244545081
t+5,81,230,0.6756088137626648,0.6809870371007467
t+5,81,231,0.6680223941802979,0.5823961483543145
t+5,81,232,0.6111904382705688,0.5969003546711965
t+5,81,233,0.6562921404838562,0.6408909553042639
t+5,81,234,0.5652129650115967,0.7061578913047105
t+5,81,235,0.6502578854560852,0.6632782636395449
t+5,81,236,0.6728039979934692,0.6546960358886783
t+5,81,237,0.5959540009498596,0.602807366738518
t+5,81,238,0.6553801894187927,0.6456194561191844
t+5,81,239,0.5849204659461975,0.5595788723034629
t+5,81,240,0.6078157424926758,0.6381814115610802
t+5,81,241,0.5903077125549316,0.6600084771432395
t+5,81,242,0.5906428694725037,0.5876935368638437
t+5,81,243,0.6329941749572754,0.6439710484845456
t+5,81,244,0.6025052070617676,0.5772505075360752
t+5,81,245,0.5399900674819946,0.5990399569798673
t+5,81,246,0.4589372277259826,0.5814397449387578
t+5,81,247,0.5789996385574341,0.5821646362574074
t+5,81,248,0.5663756132125854,0.62182638747054
t+5,81,249,0.5373921394348145,0.5926564745703603
t+5,81,250,0.5040422677993774,0.5344709835197182
t+5,81,251,0.5715377926826477,0.4374183489327429
t+5,81,252,0.4451057612895965,0.5702471915178196
t+5,81,253,0.4723342359066009,0.5585972210880013
t+5,81,254,0.4406733810901642,0.5317360536187354
t+5,81,255,0.4972913265228271,0.500384340781768
t+5,81,256,0.4603715538978576,0.562854350290396
t+5,81,257,0.5431140661239624,0.4240716213467863
t+5,81,258,0.4624957144260406,0.44903839196599765
t+5,81,259,0.446303129196167,0.41932732421058216
t+5,81,260,0.4676433801651001,0.4716422801824207
t+5,81,261,0.4150671362876892,0.43741203036899146
t+5,81,262,0.3960182964801788,0.535688205182614
t+5,81,263,0.4461148381233215,0.43914053610133014
t+5,81,264,0.4038886427879333,0.42394253856977393
t+5,81,265,0.4489640891551971,0.443403622228651
t+5,81,266,0.4205141961574554,0.39440340510537714
t+5,81,267,0.4070592224597931,0.3777100158678941
t+5,81,268,0.3997671604156494,0.42301280869876273
t+5,81,269,0.3889397978782654,0.3844409053800332
t+5,81,270,0.4010179936885834,0.42562843888684476
t+5,81,271,0.3678517043590545,0.3995034643872468
t+5,81,272,0.3084422945976257,0.386264594101337
t+5,81,273,0.3750998973846435,0.38076593120873986
t+5,81,274,0.3518784046173095,0.36981399077952815
t+5,81,275,0.3156361877918243,0.3806324367432929
t+5,81,276,0.3871869444847107,0.3497559799046652
t+5,81,277,0.3427927196025848,0.29614096080048485
t+5,81,278,0.2914580404758453,0.3566687254396071
t+5,81,279,0.346563458442688,0.33474179656299485
t+5,81,280,0.3223986029624939,0.30168724561896876
t+5,81,281,0.2834892570972442,0.3671386672852918
t+5,81,282,0.3511872887611389,0.32555482862182517
t+5,81,283,0.300894021987915,0.2803661523307797
t+5,81,284,0.3603908121585846,0.3291191469211153
t+5,81,285,0.3015971779823303,0.3075667332261632
t+5,81,286,0.3651401102542877,0.27177571101593223
t+5,81,287,0.3439356684684753,0.333872342767203
t+5,81,288,0.3311130404472351,0.28583782733795343
t+5,81,289,0.2992819845676422,0.3406869015713846
t+5,82,0,0.3293169140815735,0.3267954538077367
t+5,82,1,0.2729434669017792,0.3190473381030241
t+5,82,2,0.347798228263855,0.3020994519809686
t+5,82,3,0.2934401333332062,0.30019547906312155
t+5,82,4,0.3511495590209961,0.3641908959720632
t+5,82,5,0.2704777717590332,0.35818777024299114
t+5,82,6,0.322970300912857,0.3065280167641813
t+5,82,7,0.2489617317914962,0.3746192716165786
t+5,82,8,0.3202316761016845,0.32534843424990606
t+5,82,9,0.354662537574768,0.3769894654264756
t+5,82,10,0.3186731934547424,0.30443076946925296
t+5,82,11,0.2968898415565491,0.35110543895655905
t+5,82,12,0.3597766458988189,0.2834931575423502
t+5,82,13,0.3642047941684723,0.3483495646851209
t+5,82,14,0.3497386276721954,0.3794933476101292
t+5,82,15,0.3815306425094604,0.3469161374934617
t+5,82,16,0.341632604598999,0.3275847388389171
t+5,82,17,0.3282309770584106,0.3845810986727917
t+5,82,18,0.3597843647003174,0.38793781905164987
t+5,82,19,0.3680635988712311,0.37521471820433716
t+5,82,20,0.3194507360458374,0.40311651291214473
t+5,82,21,0.360693871974945,0.3674910069489464
t+5,82,22,0.3492607176303863,0.3541155272403583
t+5,82,23,0.3473277986049652,0.38185923378702447
t+5,82,24,0.3367885947227478,0.3906431166928535
t+5,82,25,0.3748821318149566,0.3466680575254083
t+5,82,26,0.4661603271961212,0.38283365870751335
t+5,82,27,0.4193439483642578,0.37337492276357565
t+5,82,28,0.3812309503555298,0.3713817698194078
t+5,82,29,0.4159336984157562,0.36094027083621033
t+5,82,30,0.5182345509529114,0.3956718125159191
t+5,82,31,0.5035513043403625,0.4792725965166643
t+5,82,32,0.4858568608760834,0.43606553830900646
t+5,82,33,0.5180928111076355,0.4011895361803435
t+5,82,34,0.4950734972953796,0.4332702083589984
t+5,82,35,0.5136616230010986,0.5485344331588473
t+5,82,36,0.557331383228302,0.5347431579286525
t+5,82,37,0.5601959824562073,0.49655526611684436
t+5,82,38,0.5321260094642639,0.5478557272388723
t+5,82,39,0.5570881366729736,0.5047665709599634
t+5,82,40,0.5356668829917908,0.5434435645661377
t+5,82,41,0.5453236699104309,0.5839928583531109
t+5,82,42,0.5465646982192993,0.5860964152044672
t+5,82,43,0.595396101474762,0.560053213901383
t+5,82,44,0.5348877310752869,0.5829559772441224
t+5,82,45,0.5708637237548828,0.5630975828138127
t+5,82,46,0.5480424761772156,0.5720069993634332
t+5,82,47,0.4599903225898742,0.5728478054436618
t+5,82,48,0.5159798860549927,0.6183369286849608
t+5,82,49,0.4658703207969665,0.561539445843012
t+5,82,50,0.5188630819320679,0.5950042193620558
t+5,82,51,0.5434301495552063,0.5736609438837135
t+5,82,52,0.5325745940208435,0.4699940444449462
t+5,82,53,0.4237171113491058,0.5434579360358858
t+5,82,54,0.4870845675468445,0.47534833770181956
t+5,82,55,0.4512789845466614,0.5459092724778685
t+5,82,56,0.4317769706249237,0.5686923381235631
t+5,82,57,0.4658096134662628,0.5582824539302509
t+5,82,58,0.4562713503837585,0.43596381534236633
t+5,82,59,0.4623600542545318,0.4942110162331305
t+5,82,60,0.471502810716629,0.4609219511709943
t+5,82,61,0.4521884024143219,0.44294674636661224
t+5,82,62,0.4748676717281341,0.47411358918207225
t+5,82,63,0.4283007681369781,0.4650796012350367
t+5,82,64,0.3637863397598266,0.4708353329843995
t+5,82,65,0.4329202175140381,0.478717449197192
t+5,82,66,0.4329983592033386,0.4610654454949493
t+5,82,67,0.4000159502029419,0.48164925925814794
t+5,82,68,0.4007245004177093,0.43904297571295525
t+5,82,69,0.4022832810878753,0.37914918656638763
t+5,82,70,0.3939917087554931,0.44289604169155156
t+5,82,71,0.4005449116230011,0.44248251395124755
t+5,82,72,0.4213757812976837,0.4121098744958636
t+5,82,73,0.4482718706130981,0.4124718377212497
t+5,82,74,0.421486884355545,0.4137055342222014
t+5,82,75,0.4472002685070038,0.4056745894346075
t+5,82,76,0.5140652656555176,0.4120041416981566
t+5,82,77,0.4135554432868957,0.43064668823424646
t+5,82,78,0.4396260380744934,0.45551164441578634
t+5,82,79,0.414443701505661,0.4302929131894692
t+5,82,80,0.4241716861724853,0.45399597326868296
t+5,82,81,0.477260023355484,0.5372727520354087
t+5,82,82,0.4840294122695923,0.4228577866210038
t+5,82,83,0.4660637080669403,0.44692276066186776
t+5,82,84,0.4924138784408569,0.4233955558923724
t+5,82,85,0.4640916883945465,0.43195712081891574
t+5,82,86,0.5142229795455933,0.48082684171262835
t+5,82,87,0.4802489280700683,0.4868430449216805
t+5,82,88,0.5004281997680664,0.4701995928449476
t+5,82,89,0.5424574613571167,0.4943126615138217
t+5,82,90,0.5132551789283752,0.4679808985180988
t+5,82,91,0.5372191667556763,0.5358553327896101
t+5,82,92,0.5249147415161133,0.48256842366821734
t+5,82,93,0.5136452317237854,0.5227886295854591
t+5,82,94,0.579384982585907,0.5616412996794286
t+5,82,95,0.5336397886276245,0.5343450491007812
t+5,82,96,0.4941330850124359,0.5562165060176276
t+5,82,97,0.5621449947357178,0.5448202180513314
t+5,82,98,0.5588680505752563,0.5342701052236001
t+5,82,99,0.5594483017921448,0.5951921694915877
t+5,82,100,0.6249035000801086,0.5522827204704115
t+5,82,101,0.6369698643684387,0.494028543690323
t+5,82,102,0.541885495185852,0.5788531217055983
t+5,82,103,0.6536485552787781,0.5754687574566595
t+5,82,104,0.6408970952033997,0.5759977883945037
t+5,82,105,0.6347144842147827,0.6373271968048135
t+5,82,106,0.6503056287765503,0.6470591126859705
t+5,82,107,0.641502857208252,0.5591303013164958
t+5,82,108,0.6594676375389099,0.6649878433500981
t+5,82,109,0.6358645558357239,0.6511752804616902
t+5,82,110,0.6790881752967834,0.6452531936097141
t+5,82,111,0.6899893879890442,0.6602676885570798
t+5,82,112,0.6457458138465881,0.6510221824987646
t+5,82,113,0.6698200106620789,0.6663547751752702
t+5,82,114,0.7257755994796753,0.6458049812356831
t+5,82,115,0.6817879676818848,0.6847514772619119
t+5,82,116,0.6480985283851624,0.6945260683449617
t+5,82,117,0.7543278932571411,0.6536166999864824
t+5,82,118,0.7651447057723999,0.6751117856502828
t+5,82,119,0.7643364071846008,0.7285121891716646
t+5,82,120,0.75982266664505,0.6869225183766334
t+5,82,121,0.8019208908081055,0.6552868940365203
t+5,82,122,0.8051289319992065,0.7459921011883027
t+5,82,123,0.7462950944900513,0.7569749905176553
t+5,82,124,0.7353840470314026,0.7541327999239087
t+5,82,125,0.8282168507575989,0.7506561287613669
t+5,82,126,0.7855639457702637,0.7913072993845568
t+5,82,127,0.7685571908950806,0.795603258850675
t+5,82,128,0.7902222871780396,0.7461911407069004
t+5,82,129,0.7621314525604248,0.7360722189384127
t+5,82,130,0.8095600605010986,0.8148358213690368
t+5,82,131,0.7870433926582336,0.7717065013519664
t+5,82,132,0.8757031559944153,0.758175383556014
t+5,82,133,0.7926930785179138,0.7779506563173965
t+5,82,134,0.8291352987289429,0.7511611658505957
t+5,82,135,0.8690089583396912,0.7965294493039405
t+5,82,136,0.8536616563796997,0.7743752789264462
t+5,82,137,0.835811972618103,0.8611956523953691
t+5,82,138,0.8261030912399292,0.7813494606158468
t+5,82,139,0.8705836534500122,0.8168070450910326
t+5,82,140,0.910753846168518,0.8537504035349883
t+5,82,141,0.8623653054237366,0.8371218689193125
t+5,82,142,0.7798132300376892,0.8197692695664861
t+5,82,143,0.762546181678772,0.8106455527858449
t+5,82,144,0.8126607537269592,0.8504690068776587
t+5,82,145,0.8031636476516724,0.8930951017452126
t+5,82,146,0.8573543429374695,0.847142402337627
t+5,82,147,0.822702169418335,0.7647836463596351
t+5,82,148,0.8019790649414062,0.7523581007282192
t+5,82,149,0.7854520678520203,0.7960084066471955
t+5,82,150,0.7881987690925598,0.7856731087290126
t+5,82,151,0.854619562625885,0.8396129393205947
t+5,82,152,0.8415120840072632,0.8065775339619865
t+5,82,153,0.7840105295181274,0.785387998235951
t+5,82,154,0.7371453046798706,0.7724705688463702
t+5,82,155,0.7581876516342163,0.7737940206277545
t+5,82,156,0.7589479088783264,0.8370057620821849
t+5,82,157,0.76759934425354,0.8228766282759191
t+5,82,158,0.7427546977996826,0.7667025077334332
t+5,82,159,0.7753448486328125,0.7336553395899622
t+5,82,160,0.7738807201385498,0.7425681924829977
t+5,82,161,0.731211245059967,0.7456670191796888
t+5,82,162,0.6758127212524414,0.7506756160740945
t+5,82,163,0.7388760447502136,0.7386806929405588
t+5,82,164,0.73887699842453,0.7587434544974436
t+5,82,165,0.7673901319503784,0.7580368920807278
t+5,82,166,0.7291476726531982,0.7260043915491671
t+5,82,167,0.7395834922790527,0.6742022640723012
t+5,82,168,0.753006637096405,0.7333322787755471
t+5,82,169,0.6853315830230713,0.7346049218987851
t+5,82,170,0.692870557308197,0.7496672232716782
t+5,82,171,0.7500876188278198,0.7235827024344633
t+5,82,172,0.7109822630882263,0.7341764859296377
t+5,82,173,0.7445015907287598,0.7364324638395566
t+5,82,174,0.776049017906189,0.6817088190182848
t+5,82,175,0.6619389653205872,0.6898723812127657
t+5,82,176,0.7253049612045288,0.7329059926393907
t+5,82,177,0.7415498495101929,0.704523836740768
t+5,82,178,0.7130081653594971,0.7379329629128074
t+5,82,179,0.6655297875404358,0.7591451814099771
t+5,82,180,0.7297919392585754,0.6596414631531456
t+5,82,181,0.6994649767875671,0.719470904357611
t+5,82,182,0.6831497550010681,0.7331881667165017
t+5,82,183,0.6968829035758972,0.7078142972756436
t+5,82,184,0.7014124989509583,0.6625676451740583
t+5,82,185,0.7003494501113892,0.7235302739270122
t+5,82,186,0.6627418994903564,0.6944668190111515
t+5,82,187,0.7161270380020142,0.6782405238754272
t+5,82,188,0.7143402099609375,0.6917297787205743
t+5,82,189,0.6889846324920654,0.694695981877828
t+5,82,190,0.6859473586082458,0.693461431402455
t+5,82,191,0.6597443222999573,0.6581564327284521
t+5,82,192,0.7508012056350708,0.7075530439677069
t+5,82,193,0.7540010809898376,0.704084001694524
t+5,82,194,0.7296039462089539,0.6830534418102858
t+5,82,195,0.6236672401428223,0.6790221979164738
t+5,82,196,0.6990535855293274,0.6560036627008816
t+5,82,197,0.7032679319381714,0.7304486192227594
t+5,82,198,0.7276185750961304,0.7338228868620958
t+5,82,199,0.7950713038444519,0.719753563932906
t+5,82,200,0.7226824760437012,0.6202814655930878
t+5,82,201,0.7370185256004333,0.6910167841879649
t+5,82,202,0.7766286134719849,0.6945311480270138
t+5,82,203,0.7134827375411987,0.7174600332811922
t+5,82,204,0.7343142032623291,0.7705713219354784
t+5,82,205,0.6825927495956421,0.7125324150830771
t+5,82,206,0.7621656656265259,0.7241392561697442
t+5,82,207,0.7076371312141418,0.7520420096416621
t+5,82,208,0.6682195663452148,0.7038291177931957
t+5,82,209,0.7197499871253967,0.7248639238692793
t+5,82,210,0.7724684476852417,0.6732856910284045
t+5,82,211,0.7218143343925476,0.7390655438378301
t+5,82,212,0.7288285493850708,0.6971917678020366
t+5,82,213,0.7228742837905884,0.660112227238374
t+5,82,214,0.7396791577339172,0.7098663892602213
t+5,82,215,0.757870614528656,0.7484145650413189
t+5,82,216,0.7167501449584961,0.7101628062309396
t+5,82,217,0.7360289096832275,0.7149945020379445
t+5,82,218,0.7093631029129028,0.7126462838324348
t+5,82,219,0.6689658164978027,0.726589929466494
t+5,82,220,0.7661301493644714,0.7357155534620046
t+5,82,221,0.7036031484603882,0.7042637031866877
t+5,82,222,0.7058135271072388,0.721789188695088
t+5,82,223,0.6961233615875244,0.6972325188877936
t+5,82,224,0.6133595705032349,0.6583387110961367
t+5,82,225,0.7304608821868896,0.7400918182513443
t+5,82,226,0.6529166102409363,0.6925944105946271
t+5,82,227,0.6718389391899109,0.6923144641425186
t+5,82,228,0.7217315435409546,0.6836546356139596
t+5,82,229,0.6791121363639832,0.6059020925057705
t+5,82,230,0.7023749351501465,0.7149354095466796
t+5,82,231,0.6835764646530151,0.6424000348581635
t+5,82,232,0.7094873189926147,0.6604658115141686
t+5,82,233,0.6506350040435791,0.7061506770464475
t+5,82,234,0.6999731063842773,0.6677683699940723
t+5,82,235,0.6941651701927185,0.6885395572616627
t+5,82,236,0.5925810933113098,0.6706927690061711
t+5,82,237,0.6811656355857849,0.6944068940495298
t+5,82,238,0.5836540460586548,0.6397467868617666
t+5,82,239,0.5979676842689514,0.6851512732242527
t+5,82,240,0.5777381658554077,0.6809176912737861
t+5,82,241,0.632709801197052,0.5848418272759252
t+5,82,242,0.6009684205055237,0.6678793846487862
t+5,82,243,0.5795034170150757,0.5767273334252608
t+5,82,244,0.619351327419281,0.5893260391272023
t+5,82,245,0.556404709815979,0.5706504743764245
t+5,82,246,0.5544772148132324,0.6206375067875409
t+5,82,247,0.5362400412559509,0.591591911862997
t+5,82,248,0.5880546569824219,0.5707464351599124
t+5,82,249,0.5691668391227722,0.6085330926682174
t+5,82,250,0.555862545967102,0.5500259501964323
t+5,82,251,0.5004023313522339,0.5479104806934098
t+5,82,252,0.5593470335006714,0.5306058653054782
t+5,82,253,0.5452540516853333,0.5787306090101307
t+5,82,254,0.4678647816181183,0.5607400738679672
t+5,82,255,0.49828040599823,0.548562401433469
t+5,82,256,0.5033180117607117,0.4968501772599771
t+5,82,257,0.4557408690452575,0.551210653692239
t+5,82,258,0.4904256463050842,0.53779337752511
t+5,82,259,0.4941296577453613,0.4445477932029235
t+5,82,260,0.5341489315032959,0.47257792764166096
t+5,82,261,0.465509682893753,0.4987664097326187
t+5,82,262,0.5585695505142212,0.4330757484990558
t+5,82,263,0.5234666466712952,0.46488917597940377
t+5,82,264,0.5275653600692749,0.46814151411922666
t+5,82,265,0.5371105670928955,0.5267188693703108
t+5,82,266,0.4632307589054107,0.4413468124178874
t+5,82,267,0.5284565091133118,0.5491957025944887
t+5,82,268,0.377069354057312,0.5161483021359092
t+5,82,269,0.445965051651001,0.5201106692357974
t+5,82,270,0.4402511417865753,0.5286555015473565
t+5,82,271,0.4958781003952026,0.43847962500976606
t+5,82,272,0.4885634183883667,0.5203154570418476
t+5,82,273,0.40765181183815,0.3593788603769644
t+5,82,274,0.4016739428043365,0.4222091788967651
t+5,82,275,0.4692564010620117,0.4167639644592387
t+5,82,276,0.4362968206405639,0.46779351293863336
t+5,82,277,0.4844339191913605,0.4608705068305981
t+5,82,278,0.4422091841697693,0.38654899260928416
t+5,82,279,0.3793393075466156,0.38073016262545184
t+5,82,280,0.4384151697158813,0.4425130843286124
t+5,82,281,0.411031424999237,0.4121120395849808
t+5,82,282,0.4340680241584778,0.45627376453137175
t+5,82,283,0.4579728245735168,0.4169616517119667
t+5,82,284,0.3728101849555969,0.3591313857047691
t+5,82,285,0.4073675572872162,0.41321035554202146
t+5,82,286,0.4178164303302765,0.3881448202599656
t+5,82,287,0.3220184445381164,0.4088702228354472
t+5,82,288,0.3965423107147217,0.4308481733959483
t+5,82,289,0.3933300375938415,0.35287398816239984
t+5,83,0,0.2943331897258758,0.26084744769838164
t+5,83,1,0.2974844872951507,0.2539074165807671
t+5,83,2,0.2682856321334839,0.3349500179147667
t+5,83,3,0.2837407886981964,0.3298471946242233
t+5,83,4,0.2821380198001861,0.31678894446984956
t+5,83,5,0.2521823048591614,0.32601601455936924
t+5,83,6,0.2701355814933777,0.3285722237467768
t+5,83,7,0.2783390581607818,0.3015982735515278
t+5,83,8,0.338153600692749,0.3165725861885849
t+5,83,9,0.3190743327140808,0.31485393909848236
t+5,83,10,0.345634400844574,0.28708594299897916
t+5,83,11,0.3272501230239868,0.3024616417248418
t+5,83,12,0.3371279239654541,0.3106140363988669
t+5,83,13,0.3487566709518432,0.36530205773852453
t+5,83,14,0.3356142044067383,0.34720651217108267
t+5,83,15,0.3418281078338623,0.371966241954496
t+5,83,16,0.3958832919597626,0.3534152937237511
t+5,83,17,0.3338910341262817,0.3640112941233128
t+5,83,18,0.3089453876018524,0.3738168837423256
t+5,83,19,0.3805106282234192,0.36238204916366773
t+5,83,20,0.3417395949363708,0.36693219505564006
t+5,83,21,0.3748475611209869,0.41627921757690906
t+5,83,22,0.2993309497833252,0.3597526071806482
t+5,83,23,0.3251606523990631,0.3362288744958212
t+5,83,24,0.4017748534679413,0.4023768832638024
t+5,83,25,0.3699840903282165,0.36688392901514816
t+5,83,26,0.3358370065689087,0.39633057481473977
t+5,83,27,0.397736132144928,0.3271916122730181
t+5,83,28,0.384008377790451,0.35033947061003967
t+5,83,29,0.3808930516242981,0.42047645682833523
t+5,83,30,0.4550047516822815,0.3909400591978201
t+5,83,31,0.3472491800785064,0.36074953776526153
t+5,83,32,0.4073438346385956,0.4167752772914676
t+5,83,33,0.4371148347854614,0.40368943719188183
t+5,83,34,0.42807537317276,0.40030335374901266
t+5,83,35,0.3845698237419128,0.4680576348276803
t+5,83,36,0.4441155791282654,0.3693053939766638
t+5,83,37,0.3650324642658233,0.4239239795617639
t+5,83,38,0.4209828674793243,0.4518276523234873
t+5,83,39,0.4663013219833374,0.4425566381551107
t+5,83,40,0.4565274715423584,0.40289045806736706
t+5,83,41,0.4597087800502777,0.45749440769263205
t+5,83,42,0.4261737167835235,0.38464710068310765
t+5,83,43,0.4010814130306244,0.43600192320964287
t+5,83,44,0.509443461894989,0.47736712467510867
t+5,83,45,0.452875941991806,0.46798238669514347
t+5,83,46,0.4479138255119324,0.47090353099506993
t+5,83,47,0.520778238773346,0.439976876611135
t+5,83,48,0.518427312374115,0.41629697563641305
t+5,83,49,0.4934939742088318,0.5381254086465691
t+5,83,50,0.4767076075077057,0.463903411871437
t+5,83,51,0.4769559800624847,0.45959022806999733
t+5,83,52,0.5161312818527222,0.5480951695172986
t+5,83,53,0.4929609298706054,0.5458664469438056
t+5,83,54,0.4837125837802887,0.5009311142659402
t+5,83,55,0.5473002791404724,0.48516870154727654
t+5,83,56,0.4931778609752655,0.4854218790872726
t+5,83,57,0.4239921569824219,0.5430354923170808
t+5,83,58,0.5285029411315918,0.49978556717721345
t+5,83,59,0.4691263735294342,0.49115580579041634
t+5,83,60,0.5243264436721802,0.5714825079228274
t+5,83,61,0.4544373750686645,0.49951627366808754
t+5,83,62,0.4998330771923065,0.4356821269110852
t+5,83,63,0.5131427049636841,0.5535348504361909
t+5,83,64,0.4979177117347717,0.47706573046727
t+5,83,65,0.5149680972099304,0.5493817476010759
t+5,83,66,0.499349981546402,0.4628469649758334
t+5,83,67,0.5153278708457947,0.5046973392098513
t+5,83,68,0.57602858543396,0.5384936882422253
t+5,83,69,0.5426833629608154,0.5026088132195027
t+5,83,70,0.5770493745803833,0.5399614301330253
t+5,83,71,0.5081621408462524,0.5036119683465072
t+5,83,72,0.5350683927536011,0.539995601261594
t+5,83,73,0.6213038563728333,0.5961745580856669
t+5,83,74,0.533560574054718,0.5647129233455916
t+5,83,75,0.5497864484786987,0.5967073360253754
t+5,83,76,0.6210193037986755,0.5326589517742334
t+5,83,77,0.5395860075950623,0.5570829413269985
t+5,83,78,0.5321839451789856,0.63763308948047
t+5,83,79,0.5743036866188049,0.5555478700945022
t+5,83,80,0.5676344633102417,0.5706700163385481
t+5,83,81,0.5397980809211731,0.6370970229609495
t+5,83,82,0.5670635104179382,0.5607692881103578
t+5,83,83,0.5480676293373108,0.5537091399882882
t+5,83,84,0.5562673211097717,0.5929178581938704
t+5,83,85,0.5422911047935486,0.5866700697738085
t+5,83,86,0.5631128549575806,0.5604115818310967
t+5,83,87,0.5681319236755371,0.5855669774304921
t+5,83,88,0.5348171591758728,0.5675834077234874
t+5,83,89,0.5600923299789429,0.5752788763946558
t+5,83,90,0.5250846743583679,0.5620354318590475
t+5,83,91,0.5871010422706604,0.5812655627957073
t+5,83,92,0.5747937560081482,0.5862496085945516
t+5,83,93,0.6529722809791565,0.5546368104172391
t+5,83,94,0.5633531808853149,0.5778353457963342
t+5,83,95,0.612234354019165,0.5452251640332932
t+5,83,96,0.6055734753608704,0.602948611786126
t+5,83,97,0.6083823442459106,0.5910868923967193
t+5,83,98,0.5382949709892273,0.6641145605504055
t+5,83,99,0.6538318991661072,0.5801372726937085
t+5,83,100,0.6221299171447754,0.6256498797010723
t+5,83,101,0.5917609333992004,0.6188937285961541
t+5,83,102,0.6088245511054993,0.6215658319753609
t+5,83,103,0.6046690940856934,0.5561736798820202
t+5,83,104,0.6220930814743042,0.664420478598372
t+5,83,105,0.6644494533538818,0.6345766198567891
t+5,83,106,0.634650468826294,0.605345690827085
t+5,83,107,0.6526810526847839,0.620904714379476
t+5,83,108,0.6958943009376526,0.6169877981411734
t+5,83,109,0.6821489930152893,0.6333878258133615
t+5,83,110,0.6712000370025635,0.6733212378637596
t+5,83,111,0.6768984198570251,0.6444046239075584
t+5,83,112,0.6747236251831055,0.6608373219659295
t+5,83,113,0.6971736550331116,0.7018888175068975
t+5,83,114,0.7204599380493164,0.6888334879809884
t+5,83,115,0.7260798811912537,0.6787605357847656
t+5,83,116,0.6488134264945984,0.6835457629004607
t+5,83,117,0.6832020282745361,0.6821804523959594
t+5,83,118,0.6896859407424927,0.7021186897778678
t+5,83,119,0.7284564971923828,0.7245985781371233
t+5,83,120,0.7220889329910278,0.7295067047454714
t+5,83,121,0.7550848722457886,0.6569004793044407
t+5,83,122,0.7699795365333557,0.6890125744452634
t+5,83,123,0.6973901987075806,0.6943474423331826
t+5,83,124,0.7162885069847107,0.7336336532853885
t+5,83,125,0.7593672275543213,0.7253595291531367
t+5,83,126,0.7823129892349243,0.7478113734178872
t+5,83,127,0.7937425374984741,0.7600721746695136
t+5,83,128,0.695106565952301,0.7013210348281181
t+5,83,129,0.7209279537200928,0.7164231508556612
t+5,83,130,0.7233646512031555,0.7491021503715404
t+5,83,131,0.7258507609367371,0.7708652283739765
t+5,83,132,0.8353650569915771,0.7814046748198212
t+5,83,133,0.7751798629760742,0.6979750107710782
t+5,83,134,0.7601643204689026,0.7224633577626035
t+5,83,135,0.7237518429756165,0.7244876135639629
t+5,83,136,0.8024316430091858,0.7261696223142722
t+5,83,137,0.729516863822937,0.8214390268756014
t+5,83,138,0.7137501835823059,0.7628400075913574
t+5,83,139,0.7175807356834412,0.7498640528963532
t+5,83,140,0.7285674810409546,0.7222369364299156
t+5,83,141,0.6759939193725586,0.7890144329756278
t+5,83,142,0.7275206446647644,0.7303035142646944
t+5,83,143,0.7106029987335205,0.7131325884680483
t+5,83,144,0.6823193430900574,0.7167204029474555
t+5,83,145,0.7506522536277771,0.7283478041294835
t+5,83,146,0.6094997525215149,0.679360931297859
t+5,83,147,0.6686477661132812,0.7286054405425595
t+5,83,148,0.6893033385276794,0.7104923568413583
t+5,83,149,0.6825998425483704,0.6821058697616424
t+5,83,150,0.6806365847587585,0.7372441704707441
t+5,83,151,0.6134477853775024,0.6153247925879344
t+5,83,152,0.6318886876106262,0.6704955524596165
t+5,83,153,0.6745889186859131,0.6897071498192203
t+5,83,154,0.65875643491745,0.6816484229487801
t+5,83,155,0.6837878823280334,0.6812147399699691
t+5,83,156,0.6892660856246948,0.6171547514354077
t+5,83,157,0.6768269538879395,0.6353723636988132
t+5,83,158,0.7076432704925537,0.6738238932226429
t+5,83,159,0.6960387229919434,0.6594013326076485
t+5,83,160,0.6100995540618896,0.6831275215532198
t+5,83,161,0.6549047827720642,0.6890471455534288
t+5,83,162,0.5730913281440735,0.6759407296063281
t+5,83,163,0.5977627635002136,0.7042766384699239
t+5,83,164,0.6222636699676514,0.6942515141747062
t+5,83,165,0.6036070585250854,0.6137056756833498
t+5,83,166,0.5729261636734009,0.6549079165716177
t+5,83,167,0.6044152975082397,0.5789963035015515
t+5,83,168,0.6143606901168823,0.6005961858493973
t+5,83,169,0.5866727828979492,0.6238531576606869
t+5,83,170,0.587147057056427,0.6055778032965137
t+5,83,171,0.6025752425193787,0.5774700738807095
t+5,83,172,0.6106033325195312,0.6075966700270407
t+5,83,173,0.6691328883171082,0.6164115397587662
t+5,83,174,0.5881526470184326,0.5901879422131807
t+5,83,175,0.5897340774536133,0.5901761353692385
t+5,83,176,0.570036768913269,0.6043254244621721
t+5,83,177,0.5935079455375671,0.6118463010199091
t+5,83,178,0.5995336174964905,0.6676091063721847
t+5,83,179,0.7144164443016052,0.5901378738892653
t+5,83,180,0.6558974981307983,0.5916668513520768
t+5,83,181,0.5839918255805969,0.5733247209058788
t+5,83,182,0.6052359342575073,0.5951207037597447
t+5,83,183,0.6498817205429077,0.6009817020285009
t+5,83,184,0.5836033225059509,0.7072346063698155
t+5,83,185,0.6490206122398376,0.652412792112581
t+5,83,186,0.6538680791854858,0.5850407936424982
t+5,83,187,0.6636053323745728,0.6054903088568505
t+5,83,188,0.656600296497345,0.6466095622726302
t+5,83,189,0.6108061075210571,0.5845584283108476
t+5,83,190,0.6454904079437256,0.6460623430974699
t+5,83,191,0.6359360218048096,0.650100469651719
t+5,83,192,0.6135773658752441,0.6591492022745317
t+5,83,193,0.6870871186256409,0.6515262906316774
t+5,83,194,0.6628853678703308,0.6092855051713046
t+5,83,195,0.6645203828811646,0.6414767806940097
t+5,83,196,0.616977870464325,0.6315071409772792
t+5,83,197,0.6898699998855591,0.6113834976651121
t+5,83,198,0.6544792056083679,0.6802437608547686
t+5,83,199,0.6266350746154785,0.6566709965976399
t+5,83,200,0.6946264505386353,0.6582394981227649
t+5,83,201,0.6252698302268982,0.6146519279624137
t+5,83,202,0.6502421498298645,0.682609736187088
t+5,83,203,0.6866668462753296,0.6486962838196908
t+5,83,204,0.7076451182365417,0.623048889970028
t+5,83,205,0.6455736756324768,0.6858328682673712
t+5,83,206,0.7061132788658142,0.6204973894578656
t+5,83,207,0.7286602258682251,0.6432845057406918
t+5,83,208,0.7351614832878113,0.6788198747914199
t+5,83,209,0.6893840432167053,0.6979422937943824
t+5,83,210,0.6137698292732239,0.6392937857453324
t+5,83,211,0.7174543738365173,0.6944317467765221
t+5,83,212,0.7193742394447327,0.7174911220741897
t+5,83,213,0.698657214641571,0.7220092514246023
t+5,83,214,0.7212420105934143,0.6798434809750771
t+5,83,215,0.7266510128974915,0.6087010628408115
t+5,83,216,0.6776638627052307,0.7050648343996933
t+5,83,217,0.6503816843032837,0.7076292119366374
t+5,83,218,0.6888995170593262,0.6876899235241235
t+5,83,219,0.6956358551979065,0.7096239187630864
t+5,83,220,0.7559584379196167,0.7133695305453265
t+5,83,221,0.6874715685844421,0.6665069499815018
t+5,83,222,0.705336332321167,0.6419899503333383
t+5,83,223,0.6833245158195496,0.6775575256836464
t+5,83,224,0.6970237493515015,0.6841704718215859
t+5,83,225,0.7254590392112732,0.729391968633116
t+5,83,226,0.6676826477050781,0.6759915372225335
t+5,83,227,0.6121949553489685,0.6938012811610805
t+5,83,228,0.6120196580886841,0.6713384538341872
t+5,83,229,0.6476866602897644,0.6838296676380095
t+5,83,230,0.713353157043457,0.7103801265439976
t+5,83,231,0.7131970524787903,0.656321447990325
t+5,83,232,0.6919280290603638,0.6044879053500837
t+5,83,233,0.6023925542831421,0.604356195328133
t+5,83,234,0.6709839701652527,0.6378229822771764
t+5,83,235,0.6588706374168396,0.6979569264516422
t+5,83,236,0.617517352104187,0.6994754816951781
t+5,83,237,0.6241234540939331,0.6794625190920877
t+5,83,238,0.6063567399978638,0.5945607228832823
t+5,83,239,0.5676238536834717,0.6596500701718925
t+5,83,240,0.6391928791999817,0.6471734319286165
t+5,83,241,0.6032111644744873,0.6080002003703114
t+5,83,242,0.644899845123291,0.6141872641485585
t+5,83,243,0.5619661211967468,0.5965061085060716
t+5,83,244,0.543193519115448,0.560960089650585
t+5,83,245,0.6366094946861267,0.6274352597258666
t+5,83,246,0.601345956325531,0.5943563649376298
t+5,83,247,0.6051770448684692,0.6314896802818675
t+5,83,248,0.5072581171989441,0.5551931605411291
t+5,83,249,0.5207852721214294,0.5375253316922654
t+5,83,250,0.5799077749252319,0.6241842716886359
t+5,83,251,0.5474904775619507,0.5918213069281038
t+5,83,252,0.4997753500938415,0.5948802996182958
t+5,83,253,0.4260937869548797,0.5036969965323616
t+5,83,254,0.4699016213417053,0.5160083427784619
t+5,83,255,0.4649396538734436,0.5708803302272676
t+5,83,256,0.4462313950061798,0.5405816671931929
t+5,83,257,0.4715268313884735,0.47443671937725024
t+5,83,258,0.5067886710166931,0.4061997238077499
t+5,83,259,0.459496408700943,0.44654499936405523
t+5,83,260,0.4188981652259826,0.4418691968235576
t+5,83,261,0.4646623730659485,0.42444896719507963
t+5,83,262,0.4301708936691284,0.4477249123082928
t+5,83,263,0.4648493528366089,0.5016669225226956
t+5,83,264,0.4805499315261841,0.4361998597037012
t+5,83,265,0.4064972400665283,0.39893878422373524
t+5,83,266,0.3577718734741211,0.4406759699578267
t+5,83,267,0.4016129970550537,0.409215386854252
t+5,83,268,0.3847740888595581,0.44062579853180867
t+5,83,269,0.3501970171928406,0.4548581150197344
t+5,83,270,0.4519353806972503,0.386391154971495
t+5,83,271,0.4194098114967346,0.3416272622942757
t+5,83,272,0.4252746403217315,0.3814413644480029
t+5,83,273,0.3576796948909759,0.3666968043673039
t+5,83,274,0.4096558690071106,0.33385743641961174
t+5,83,275,0.3536595106124878,0.4275244932293304
t+5,83,276,0.4047606587409973,0.3971982415731449
t+5,83,277,0.3660492300987243,0.4026535298905506
t+5,83,278,0.382187932729721,0.34067825856606865
t+5,83,279,0.3746121525764465,0.3881898946251248
t+5,83,280,0.3861190676689148,0.3364785486623924
t+5,83,281,0.3204519152641296,0.3832091203985944
t+5,83,282,0.3020198047161102,0.3472569425062595
t+5,83,283,0.3290484845638275,0.3620193361484821
t+5,83,284,0.3848394453525543,0.3551027940718627
t+5,83,285,0.3206633031368255,0.36626913757012003
t+5,83,286,0.3469409644603729,0.3056250537677797
t+5,83,287,0.3192771971225738,0.28884483259839605
t+5,83,288,0.3568982183933258,0.3124350141781598
t+5,83,289,0.3107848167419433,0.3633562387314193
t+5,84,0,0.3280855417251587,0.33954549559714314
t+5,84,1,0.3457939028739929,0.3408835085371038
t+5,84,2,0.2919804453849792,0.4111721914587768
t+5,84,3,0.3103758692741394,0.36708732826632645
t+5,84,4,0.3260398805141449,0.29534440521836647
t+5,84,5,0.2590573728084564,0.35630975796969966
t+5,84,6,0.2334595620632171,0.3734082462254841
t+5,84,7,0.3371576964855194,0.32353946417839663
t+5,84,8,0.2928961515426636,0.34058826511063045
t+5,84,9,0.3024704158306122,0.35409213442362775
t+5,84,10,0.2635688781738281,0.2940067544292718
t+5,84,11,0.2659800946712494,0.27163993729142427
t+5,84,12,0.2782478034496307,0.3637688001899772
t+5,84,13,0.2659871876239776,0.3237860464661312
t+5,84,14,0.2744947671890259,0.3323949238602226
t+5,84,15,0.3354778885841369,0.29650836595800345
t+5,84,16,0.3106091022491455,0.29876186264371596
t+5,84,17,0.3575336635112762,0.31069926131646314
t+5,84,18,0.3582018613815307,0.2986537249094889
t+5,84,19,0.2967589199542999,0.3069605980297589
t+5,84,20,0.3466182053089142,0.36116663851697345
t+5,84,21,0.3211387991905212,0.33922984536248435
t+5,84,22,0.3441083133220672,0.38148641447770254
t+5,84,23,0.2234925627708435,0.3818777649394198
t+5,84,24,0.3030866980552673,0.3242492164736382
t+5,84,25,0.3784258663654327,0.3709418807908449
t+5,84,26,0.342093288898468,0.3471161639225126
t+5,84,27,0.3688343167304992,0.36852722172537394
t+5,84,28,0.3916927278041839,0.2580837673104375
t+5,84,29,0.3861893117427826,0.3302323064584119
t+5,84,30,0.3410302102565765,0.39924987432424525
t+5,84,31,0.3491488099098205,0.3661157923696645
t+5,84,32,0.3272924423217773,0.39036513524551625
t+5,84,33,0.3610928952693939,0.4103226017653818
t+5,84,34,0.3351210951805115,0.40518547787378995
t+5,84,35,0.4128882884979248,0.3633985885759953
t+5,84,36,0.36161008477211,0.3716445644057694
t+5,84,37,0.4163956940174103,0.35056755081182345
t+5,84,38,0.4052112698554992,0.3819008052846608
t+5,84,39,0.3563973009586334,0.357818602113907
t+5,84,40,0.2868762910366058,0.4288430011649919
t+5,84,41,0.4160508215427398,0.3812946358771038
t+5,84,42,0.2704551517963409,0.43183185256361456
t+5,84,43,0.416361927986145,0.4212477715071543
t+5,84,44,0.2648134529590606,0.3761334348494276
t+5,84,45,0.3461365103721618,0.31290862777331935
t+5,84,46,0.4142807722091675,0.431395839583394
t+5,84,47,0.4034440219402313,0.29922666951847715
t+5,84,48,0.3234583139419555,0.4313993808673462
t+5,84,49,0.3409254848957062,0.29224404717573355
t+5,84,50,0.3641291260719299,0.36572122386476985
t+5,84,51,0.3645561635494232,0.42852894259430474
t+5,84,52,0.4262700378894806,0.4185264678388037
t+5,84,53,0.3429348170757293,0.3455693859009623
t+5,84,54,0.4423918128013611,0.3611832781810475
t+5,84,55,0.3799946010112762,0.38163080981555014
t+5,84,56,0.4524700343608856,0.38198344061304823
t+5,84,57,0.4166700839996338,0.4385737409110042
t+5,84,58,0.4077500700950622,0.3624568731060471
t+5,84,59,0.3829192817211151,0.45291688824452375
t+5,84,60,0.4465935826301574,0.395289724675339
t+5,84,61,0.4474513232707977,0.46188525033794103
t+5,84,62,0.4559327661991119,0.4288686799229149
t+5,84,63,0.433184951543808,0.42040996903666406
t+5,84,64,0.4423506259918213,0.39765858149662114
t+5,84,65,0.4216673970222473,0.4559149781360317
t+5,84,66,0.4484405815601349,0.45645336103852835
t+5,84,67,0.3940316140651703,0.4641309269846564
t+5,84,68,0.466292530298233,0.4433087552477114
t+5,84,69,0.4132792055606842,0.4514429994178613
t+5,84,70,0.4621614813804626,0.43171787225313435
t+5,84,71,0.3644017875194549,0.4567105905974645
t+5,84,72,0.4275206923484802,0.40623477024262755
t+5,84,73,0.4199583232402801,0.4728563138036228
t+5,84,74,0.5083733201026917,0.4235316704755093
t+5,84,75,0.536750316619873,0.4685972642634123
t+5,84,76,0.4095156788825989,0.3788991152441531
t+5,84,77,0.4617349803447723,0.4364177456715643
t+5,84,78,0.5068368911743164,0.4294255904342028
t+5,84,79,0.4768464267253876,0.5323664889068984
t+5,84,80,0.5474590063095093,0.5582675900718675
t+5,84,81,0.4823782444000244,0.4190179143742061
t+5,84,82,0.532082736492157,0.46709029851368994
t+5,84,83,0.5516109466552734,0.5302829818114059
t+5,84,84,0.4894195795059204,0.4807735457428046
t+5,84,85,0.493786871433258,0.5673407326746271
t+5,84,86,0.5232334733009338,0.485553674999371
t+5,84,87,0.4954186677932739,0.5531626176772121
t+5,84,88,0.5359028577804565,0.5706625088927844
t+5,84,89,0.5183039307594299,0.4915530137006311
t+5,84,90,0.5445958375930786,0.4954333410757881
t+5,84,91,0.5789815187454224,0.5442084030913014
t+5,84,92,0.5512811541557312,0.49663215347605455
t+5,84,93,0.5150208473205566,0.5556569973685784
t+5,84,94,0.5238779187202454,0.5391633309459678
t+5,84,95,0.5896919369697571,0.5632274936293087
t+5,84,96,0.554177463054657,0.5952276316298021
t+5,84,97,0.6505113244056702,0.5694618627260363
t+5,84,98,0.5575259327888489,0.535496923911798
t+5,84,99,0.6481321454048157,0.5435330099587388
t+5,84,100,0.7015451192855835,0.6039656532576072
t+5,84,101,0.6309431195259094,0.57147567436087
t+5,84,102,0.6693698167800903,0.6616986341723835
t+5,84,103,0.6680452823638916,0.574198305186067
t+5,84,104,0.6985920071601868,0.6589034689964517
t+5,84,105,0.7575698494911194,0.7087747471131413
t+5,84,106,0.7070069313049316,0.6421508718518423
t+5,84,107,0.7525128722190857,0.678323007774114
t+5,84,108,0.7711164951324463,0.6759238313987596
t+5,84,109,0.7471515536308289,0.7052949712807006
t+5,84,110,0.775328516960144,0.7521455401439119
t+5,84,111,0.7620783448219299,0.7123932634993954
t+5,84,112,0.7913244962692261,0.747504626673745
t+5,84,113,0.7965555191040039,0.7637105883191442
t+5,84,114,0.7838990092277527,0.750271776524873
t+5,84,115,0.8536019325256348,0.7656918312222974
t+5,84,116,0.8602616190910339,0.7534118095182091
t+5,84,117,0.8095176219940186,0.7805272904178332
t+5,84,118,0.922889769077301,0.787152525154143
t+5,84,119,0.8717756271362305,0.7743788967114307
t+5,84,120,0.8833072781562805,0.8404039193501408
t+5,84,121,0.8900174498558044,0.8464987238355034
t+5,84,122,0.9360905289649964,0.800545727959444
t+5,84,123,0.899025559425354,0.9048101252523963
t+5,84,124,0.8833284974098206,0.8576314464305145
t+5,84,125,0.8777374625205994,0.8663527168068849
t+5,84,126,0.911918878555298,0.8733113951590462
t+5,84,127,0.9563152194023132,0.9199343781438314
t+5,84,128,0.9404596090316772,0.8838419070729373
t+5,84,129,0.957718789577484,0.86754579117529
t+5,84,130,0.948171854019165,0.8606685037339595
t+5,84,131,1.0,0.8964230831753299
t+5,84,132,0.9657516479492188,0.9351450218334745
t+5,84,133,0.9691392183303832,0.9231154151083913
t+5,84,134,0.9981985092163086,0.9392901194739046
t+5,84,135,0.9977738857269288,0.9300961763898277
t+5,84,136,1.0,0.9744763673603765
t+5,84,137,1.0,0.9444154752629522
t+5,84,138,0.986448049545288,0.9494623020277142
t+5,84,139,1.0,0.9725248848706654
t+5,84,140,0.9585955142974854,0.9762435354556336
t+5,84,141,1.0,0.978191317855205
t+5,84,142,0.9909291863441468,0.9752406121810233
t+5,84,143,0.9642682075500488,0.962750175761963
t+5,84,144,0.9803814888000488,0.9777144412485174
t+5,84,145,0.9697484374046326,0.9360084582576722
t+5,84,146,1.0,0.9773965235107256
t+5,84,147,1.0,0.9686531670420534
t+5,84,148,0.9428313970565796,0.9432629114817322
t+5,84,149,1.0,0.9579405804306712
t+5,84,150,1.0,0.9481313488334595
t+5,84,151,0.9649089574813844,0.975098480886477
t+5,84,152,0.9280272126197816,0.9764427702973504
t+5,84,153,0.9766827821731568,0.9219907337064486
t+5,84,154,0.9431031942367554,0.9752658535425477
t+5,84,155,0.9816377758979796,0.9753216444279046
t+5,84,156,0.966306746006012,0.9412002609451671
t+5,84,157,0.977350115776062,0.9075346837873632
t+5,84,158,0.9281340837478638,0.9503516864895093
t+5,84,159,0.9693515300750732,0.9214843112577465
t+5,84,160,1.0,0.9548978519816828
t+5,84,161,0.865571141242981,0.9411234016452581
t+5,84,162,0.8497396111488342,0.9534178814592794
t+5,84,163,0.9699724912643432,0.9030066268563005
t+5,84,164,0.9118040800094604,0.9455303012818286
t+5,84,165,0.9732986688613892,0.9743763050017041
t+5,84,166,0.9100133180618286,0.8438610568912688
t+5,84,167,0.8452412486076355,0.8309557351239037
t+5,84,168,0.8309721946716309,0.9442712842818612
t+5,84,169,0.8656854629516602,0.8886834016248233
t+5,84,170,0.9307070970535278,0.9479055406961233
t+5,84,171,0.8811399340629578,0.8866776962400587
t+5,84,172,0.8584480881690979,0.8238428529156644
t+5,84,173,0.9627841114997864,0.8103030188256517
t+5,84,174,0.8818169236183167,0.8441082762078895
t+5,84,175,0.8841939568519592,0.9072096019087516
t+5,84,176,0.8538246750831604,0.8601414891171453
t+5,84,177,0.9177463054656982,0.836816442092744
t+5,84,178,0.8462536334991455,0.9337115948408177
t+5,84,179,0.8469944596290588,0.8603053001527612
t+5,84,180,0.8304295539855957,0.8605827528510671
t+5,84,181,0.805879533290863,0.8315235622388129
t+5,84,182,0.8468602895736694,0.8936518199386486
t+5,84,183,0.782307505607605,0.8228951950255884
t+5,84,184,0.8206443786621094,0.826108979704442
t+5,84,185,0.7746988534927368,0.8091615653321154
t+5,84,186,0.7382451295852661,0.7854922437009347
t+5,84,187,0.7543999552726746,0.8231254714137923
t+5,84,188,0.7448028922080994,0.7617994407062545
t+5,84,189,0.8050300478935242,0.7961505722173358
t+5,84,190,0.665279746055603,0.753418514268725
t+5,84,191,0.7257853150367737,0.7294952591001805
t+5,84,192,0.8009005784988403,0.7341702088571335
t+5,84,193,0.8050910234451294,0.7346786370220598
t+5,84,194,0.7805954813957214,0.7804154650899949
t+5,84,195,0.7992739677429199,0.6595989037891317
t+5,84,196,0.7358545660972595,0.7188882695165134
t+5,84,197,0.7324094176292419,0.7806089235424749
t+5,84,198,0.7353204488754272,0.7828432683129763
t+5,84,199,0.7555311322212219,0.7610922623785813
t+5,84,200,0.6947510838508606,0.7765424223539141
t+5,84,201,0.7600277066230774,0.7252675578721671
t+5,84,202,0.810079038143158,0.7230870985995096
t+5,84,203,0.7082661986351013,0.7251559256637291
t+5,84,204,0.7786410450935364,0.736161296979939
t+5,84,205,0.7894477248191833,0.6869470166485174
t+5,84,206,0.6932916641235352,0.7383062287228944
t+5,84,207,0.7762575745582581,0.7843755677333063
t+5,84,208,0.7599809169769287,0.6990375268891343
t+5,84,209,0.7276799082756042,0.7557453854506979
t+5,84,210,0.7580689191818237,0.7651097992708529
t+5,84,211,0.733849823474884,0.6838836764420552
t+5,84,212,0.7441631555557251,0.7510201362025685
t+5,84,213,0.7666788101196289,0.7378174233513151
t+5,84,214,0.7057327628135681,0.7170345344638287
t+5,84,215,0.7494338154792786,0.736697419273686
t+5,84,216,0.739557683467865,0.7209126953901505
t+5,84,217,0.7714859843254089,0.731834379474903
t+5,84,218,0.6755991578102112,0.7419450277746259
t+5,84,219,0.679422914981842,0.6944780691967468
t+5,84,220,0.6842879056930542,0.7348102128912739
t+5,84,221,0.71833735704422,0.7275931787024834
t+5,84,222,0.7368757724761963,0.7460330635040956
t+5,84,223,0.6654563546180725,0.6660008788039663
t+5,84,224,0.6926705241203308,0.669342858718906
t+5,84,225,0.744115948677063,0.6718455678880085
t+5,84,226,0.7182289958000183,0.7058831991959104
t+5,84,227,0.6714566349983215,0.7218847629035043
t+5,84,228,0.6244763731956482,0.6543055632202739
t+5,84,229,0.6652823686599731,0.6812659153375215
t+5,84,230,0.651286780834198,0.7287835363025407
t+5,84,231,0.6734586358070374,0.7050801285328495
t+5,84,232,0.7102919816970825,0.6623034201798327
t+5,84,233,0.635079562664032,0.6159462596206655
t+5,84,234,0.6075491905212402,0.6531905298547931
t+5,84,235,0.6703881621360779,0.6412178488567656
t+5,84,236,0.6592382788658142,0.6618577477189773
t+5,84,237,0.688072919845581,0.6962340432840836
t+5,84,238,0.610814094543457,0.6249020544568183
t+5,84,239,0.6327936053276062,0.5996076823463699
t+5,84,240,0.5555737614631653,0.6566790506135712
t+5,84,241,0.6925021409988403,0.6473573287174812
t+5,84,242,0.5394546985626221,0.6740087493689033
t+5,84,243,0.5678358674049377,0.6018328893656472
t+5,84,244,0.519152045249939,0.6218798215703739
t+5,84,245,0.5104865431785583,0.5496053674725807
t+5,84,246,0.5069911479949951,0.6783236559823503
t+5,84,247,0.56072598695755,0.5343384124496523
t+5,84,248,0.5148293375968933,0.5607196900131568
t+5,84,249,0.5441178679466248,0.5153838833676295
t+5,84,250,0.5084571242332458,0.5070985752322837
t+5,84,251,0.5124368071556091,0.5037287812568052
t+5,84,252,0.4732552170753479,0.5532807355023315
t+5,84,253,0.447010338306427,0.5106473915907115
t+5,84,254,0.4888657629489898,0.537603241592332
t+5,84,255,0.5214990377426147,0.5044701398164909
t+5,84,256,0.4029371440410614,0.5079538275637212
t+5,84,257,0.4033330976963043,0.44982329981494934
t+5,84,258,0.5017778277397156,0.4256674917682024
t+5,84,259,0.4873807430267334,0.46402849151322323
t+5,84,260,0.4627583920955658,0.5157990171051652
t+5,84,261,0.3959965705871582,0.38483835038288094
t+5,84,262,0.4218454658985138,0.38495830688704447
t+5,84,263,0.4285750389099121,0.49701556253672396
t+5,84,264,0.4507934749126434,0.4619597209768439
t+5,84,265,0.4357842206954956,0.4390478162499166
t+5,84,266,0.3459863662719726,0.377393014583676
t+5,84,267,0.3470467925071716,0.40094719474572055
t+5,84,268,0.3840548694133758,0.40734456676999475
t+5,84,269,0.3751449584960937,0.42714082797689007
t+5,84,270,0.4174605309963226,0.4132742554814266
t+5,84,271,0.4245987236499786,0.3309901927962791
t+5,84,272,0.3936879932880401,0.3321386008125393
t+5,84,273,0.307133287191391,0.3658865307591101
t+5,84,274,0.3425671756267547,0.35690919004268534
t+5,84,275,0.3575423955917358,0.3955569811676339
t+5,84,276,0.3186485767364502,0.4022898317687532
t+5,84,277,0.3585380613803863,0.37356400006448354
t+5,84,278,0.3155615627765655,0.29436427534764736
t+5,84,279,0.3532752096652984,0.32712755594241755
t+5,84,280,0.3710125088691711,0.34035866839533374
t+5,84,281,0.3088224530220032,0.3040579044953954
t+5,84,282,0.3653621971607208,0.34076859039486684
t+5,84,283,0.2631274163722992,0.30202485994012407
t+5,84,284,0.2881471812725067,0.33555347452186046
t+5,84,285,0.3778850138187408,0.35169134408495095
t+5,84,286,0.3147737979888916,0.2948919459857922
t+5,84,287,0.3013545870780945,0.34653483566059695
t+5,84,288,0.2945723533630371,0.25291387915000274
t+5,84,289,0.3307932019233703,0.27491978525516936
t+5,85,0,0.3641032874584198,0.28671165910042723
t+5,85,1,0.3479703664779663,0.2782864991703903
t+5,85,2,0.2648462951183319,0.35159446773961917
t+5,85,3,0.3010938167572021,0.32326618553812714
t+5,85,4,0.2866390645503998,0.2828062854186569
t+5,85,5,0.3288427293300628,0.3900891175471716
t+5,85,6,0.2973056137561798,0.3744721783798134
t+5,85,7,0.3019271194934845,0.2989504095151265
t+5,85,8,0.3409030139446258,0.3313094274348384
t+5,85,9,0.3251490890979767,0.31897004603958884
t+5,85,10,0.2967411279678345,0.357256318705775
t+5,85,11,0.2740500569343567,0.32831831082542323
t+5,85,12,0.3522816896438598,0.3321291551436385
t+5,85,13,0.3376028835773468,0.3679574090739775
t+5,85,14,0.321540892124176,0.35308726101154647
t+5,85,15,0.3641106188297272,0.3269892476669304
t+5,85,16,0.375366061925888,0.30703213850766875
t+5,85,17,0.2990169823169708,0.3771471038525326
t+5,85,18,0.3552393317222595,0.3640739440708142
t+5,85,19,0.2912508845329284,0.34921971998291607
t+5,85,20,0.3588109612464905,0.38783015447909724
t+5,85,21,0.3179858922958374,0.3974929925027387
t+5,85,22,0.3587079346179962,0.32726144714337396
t+5,85,23,0.3591089844703674,0.37909903934009553
t+5,85,24,0.3106456100940704,0.3199862868965378
t+5,85,25,0.3282721042633056,0.3813169476911866
t+5,85,26,0.345074862241745,0.3441414373049194
t+5,85,27,0.3538050055503845,0.3812740761847725
t+5,85,28,0.3493655323982239,0.3821604854941528
t+5,85,29,0.3082545697689056,0.3360964546100628
t+5,85,30,0.2946597635746002,0.35392880537965
t+5,85,31,0.3626028299331665,0.3691814271509751
t+5,85,32,0.394676148891449,0.3760340897859346
t+5,85,33,0.3770683109760284,0.37153146415540195
t+5,85,34,0.4169071018695831,0.3340121623033245
t+5,85,35,0.3688689172267914,0.3210111716514231
t+5,85,36,0.3858977556228637,0.3836653814444531
t+5,85,37,0.3347688317298889,0.41354762027363984
t+5,85,38,0.4218519628047943,0.3961956119445567
t+5,85,39,0.3530651926994324,0.43318219969688315
t+5,85,40,0.4004373252391815,0.38860946277973274
t+5,85,41,0.4606382250785827,0.40415370502150477
t+5,85,42,0.4181177616119385,0.35694607400252953
t+5,85,43,0.5357157588005066,0.4369390226333963
t+5,85,44,0.4521473348140716,0.37319009647896595
t+5,85,45,0.4577842652797699,0.41713879748825444
t+5,85,46,0.4138117134571075,0.47171028457219766
t+5,85,47,0.4810064435005188,0.43273119101483876
t+5,85,48,0.4812136888504028,0.5627976282490107
t+5,85,49,0.5133638381958008,0.4636657964413776
t+5,85,50,0.5272814631462097,0.4686198222477566
t+5,85,51,0.4928373098373413,0.4276043526569436
t+5,85,52,0.6077223420143127,0.48977202076731813
t+5,85,53,0.5341193079948425,0.48971494380906067
t+5,85,54,0.6337398886680603,0.5410327665365049
t+5,85,55,0.5579142570495605,0.5537312749670474
t+5,85,56,0.5867737531661987,0.4999662598921436
t+5,85,57,0.6091674566268921,0.627467078760252
t+5,85,58,0.6088892817497253,0.5595540803769212
t+5,85,59,0.6020387411117554,0.652110377479516
t+5,85,60,0.5700402855873108,0.580910200706392
t+5,85,61,0.6179357171058655,0.6082076536907955
t+5,85,62,0.6565617322921753,0.62851413626106
t+5,85,63,0.6892292499542236,0.6279126625058755
t+5,85,64,0.5753815770149231,0.6213287903753973
t+5,85,65,0.645548403263092,0.5914730392055185
t+5,85,66,0.5536928176879883,0.6360563510909681
t+5,85,67,0.5643821358680725,0.6715193941966499
t+5,85,68,0.5469687581062317,0.7028262575576597
t+5,85,69,0.5818183422088623,0.5956385644893439
t+5,85,70,0.5493072271347046,0.6618343260799326
t+5,85,71,0.5040608644485474,0.5755031112373742
t+5,85,72,0.5078914761543274,0.5859490819713978
t+5,85,73,0.5450246930122375,0.5692060891779956
t+5,85,74,0.5275543928146362,0.6013580688433325
t+5,85,75,0.5540993809700012,0.5709380404415844
t+5,85,76,0.5127618312835693,0.528859110157185
t+5,85,77,0.534042239189148,0.532230693977676
t+5,85,78,0.5903869867324829,0.5663068499896514
t+5,85,79,0.4775853753089905,0.5500805473410973
t+5,85,80,0.483967661857605,0.574763772009862
t+5,85,81,0.4774039387702942,0.536061783971218
t+5,85,82,0.5553323030471802,0.5558761979126511
t+5,85,83,0.4987315833568573,0.6078050940816749
t+5,85,84,0.5032379627227783,0.4813095759831125
t+5,85,85,0.4735894501209259,0.4871497713019621
t+5,85,86,0.4916554391384125,0.4809492400673854
t+5,85,87,0.5413879156112671,0.5746361315071122
t+5,85,88,0.4636971056461334,0.5003279983711444
t+5,85,89,0.4544464349746704,0.526027254304833
t+5,85,90,0.5248624086380005,0.4767889648482022
t+5,85,91,0.5952385067939758,0.4933485002943657
t+5,85,92,0.5142565369606018,0.5607274543968542
t+5,85,93,0.5538788437843323,0.467155523957548
t+5,85,94,0.5734590888023376,0.45813918076191357
t+5,85,95,0.5692688226699829,0.5451394094081327
t+5,85,96,0.6221858263015747,0.6111643891673788
t+5,85,97,0.5270251631736755,0.5349325865745362
t+5,85,98,0.5787867307662964,0.5714504547617296
t+5,85,99,0.5396316051483154,0.589531765780187
t+5,85,100,0.5346507430076599,0.5854885219970115
t+5,85,101,0.5772222876548767,0.6344343825736102
t+5,85,102,0.6021949052810669,0.545935507250647
t+5,85,103,0.5927553772926331,0.5937349793145971
t+5,85,104,0.6153526306152344,0.55721652494868
t+5,85,105,0.6432334780693054,0.5524335574244245
t+5,85,106,0.5997374653816223,0.591842433576158
t+5,85,107,0.6865419745445251,0.61446480696329
t+5,85,108,0.6554638147354126,0.6058315480029903
t+5,85,109,0.6622887849807739,0.6263850007432228
t+5,85,110,0.6536219716072083,0.6531332166285859
t+5,85,111,0.6442446708679199,0.6121526239635137
t+5,85,112,0.7079511284828186,0.6938037712104528
t+5,85,113,0.6519138216972351,0.6629917699333977
t+5,85,114,0.7307555079460144,0.6694906050680919
t+5,85,115,0.7309861183166504,0.6612322503967328
t+5,85,116,0.6696420907974243,0.6536128348196191
t+5,85,117,0.6732867360115051,0.7132967310118467
t+5,85,118,0.6838766932487488,0.658978567829272
t+5,85,119,0.7355490326881409,0.7347290095737311
t+5,85,120,0.7055885195732117,0.73300814442355
t+5,85,121,0.7363371253013611,0.6757730524011341
t+5,85,122,0.7245942950248718,0.6791530131036043
t+5,85,123,0.7408461570739746,0.6890133360366951
t+5,85,124,0.7096253633499146,0.7392375048188606
t+5,85,125,0.7455824017524719,0.710076103877944
t+5,85,126,0.7182980179786682,0.7359210247641028
t+5,85,127,0.7288074493408203,0.7283492356148853
t+5,85,128,0.7111488580703735,0.741940944949275
t+5,85,129,0.7163585424423218,0.7135841755896721
t+5,85,130,0.7894689440727234,0.7446840791977952
t+5,85,131,0.7084066271781921,0.7209474169972607
t+5,85,132,0.741349458694458,0.7301499307266371
t+5,85,133,0.6769367456436157,0.7120333491879982
t+5,85,134,0.7424066662788391,0.7173578052548997
t+5,85,135,0.6826867461204529,0.7748195644517101
t+5,85,136,0.7896850109100342,0.7100796530766288
t+5,85,137,0.7454360127449036,0.7393286194736504
t+5,85,138,0.7531178593635559,0.679933389590512
t+5,85,139,0.7196076512336731,0.7434142210843823
t+5,85,140,0.7577570676803589,0.6848119590072517
t+5,85,141,0.694739043712616,0.774811039352658
t+5,85,142,0.73568195104599,0.7434807246344295
t+5,85,143,0.7130197882652283,0.7402218706355311
t+5,85,144,0.6604405641555786,0.7195451751946423
t+5,85,145,0.7098009586334229,0.7441100647909031
t+5,85,146,0.667306125164032,0.6953162972741725
t+5,85,147,0.6752563118934631,0.7332870178777166
t+5,85,148,0.692659854888916,0.7143902842775934
t+5,85,149,0.6786961555480957,0.6624189363197489
t+5,85,150,0.6516680121421814,0.7088867790582538
t+5,85,151,0.663131833076477,0.6693302455613981
t+5,85,152,0.5541199445724487,0.6762932609820111
t+5,85,153,0.6603580713272095,0.6931722511554792
t+5,85,154,0.6794278025627136,0.6794090741477805
t+5,85,155,0.6288624405860901,0.6535802816707745
t+5,85,156,0.6528914570808411,0.6647085253169699
t+5,85,157,0.6268107295036316,0.5623175146387293
t+5,85,158,0.6562423706054688,0.661526867122216
t+5,85,159,0.61396324634552,0.6794500509466321
t+5,85,160,0.64286208152771,0.6314668551489422
t+5,85,161,0.6385948061943054,0.6546761462840475
t+5,85,162,0.6550321578979492,0.6283804171190995
t+5,85,163,0.646074652671814,0.657028766662106
t+5,85,164,0.6582053303718567,0.6166008745251907
t+5,85,165,0.6078804731369019,0.6441052464926024
t+5,85,166,0.6089959144592285,0.6399685429938261
t+5,85,167,0.604149580001831,0.6553298387326558
t+5,85,168,0.5964552164077759,0.6453169488663932
t+5,85,169,0.5156486630439758,0.657299696298133
t+5,85,170,0.6013097167015076,0.6100621147002965
t+5,85,171,0.5848973989486694,0.6107975585547638
t+5,85,172,0.5946318507194519,0.6069948743602106
t+5,85,173,0.5761880278587341,0.5994529559592082
t+5,85,174,0.5730963349342346,0.523955135264495
t+5,85,175,0.5878621935844421,0.6036109935476965
t+5,85,176,0.5408012866973877,0.5884681446562666
t+5,85,177,0.5182204842567444,0.5967196524426117
t+5,85,178,0.6380488872528076,0.5801129586372624
t+5,85,179,0.5399388074874878,0.5763558536993741
t+5,85,180,0.5572540760040283,0.5907494547113015
t+5,85,181,0.5119040608406067,0.5465267065598678
t+5,85,182,0.6367816925048828,0.5251544215440231
t+5,85,183,0.6773067116737366,0.6376970763814493
t+5,85,184,0.6370826363563538,0.5448654711883417
t+5,85,185,0.6324077844619751,0.5606483591863365
t+5,85,186,0.620439350605011,0.5186072915080483
t+5,85,187,0.5863428711891174,0.6347657544085066
t+5,85,188,0.6263580322265625,0.67119502098956
t+5,85,189,0.5698826909065247,0.6357776511049437
t+5,85,190,0.6806033253669739,0.629598083425391
t+5,85,191,0.600042462348938,0.6196335022839097
t+5,85,192,0.5899943709373474,0.5863271364694312
t+5,85,193,0.6567063331604004,0.6230351979139533
t+5,85,194,0.6602951288223267,0.5709686819289403
t+5,85,195,0.6131295561790466,0.6759814500380703
t+5,85,196,0.6203474998474121,0.5993055176589023
t+5,85,197,0.6175327301025391,0.5892056127337969
t+5,85,198,0.6286581754684448,0.651297118688317
t+5,85,199,0.6697224378585815,0.6549508805370655
t+5,85,200,0.6250464916229248,0.6106825091866319
t+5,85,201,0.6965975165367126,0.6167825119162306
t+5,85,202,0.7035382390022278,0.6140143221195439
t+5,85,203,0.6887638568878174,0.6243871503306433
t+5,85,204,0.6771620512008667,0.662943761328188
t+5,85,205,0.6029368042945862,0.6210869431170957
t+5,85,206,0.6902325749397278,0.6872576305889586
t+5,85,207,0.6877644062042236,0.694423126586417
t+5,85,208,0.7121922373771667,0.6792514802731235
t+5,85,209,0.7045737504959106,0.6693861787284031
t+5,85,210,0.6913555860519409,0.5993433336570713
t+5,85,211,0.7155682444572449,0.6792438581674899
t+5,85,212,0.7286565899848938,0.6782494471780419
t+5,85,213,0.6246933341026306,0.7017362406004347
t+5,85,214,0.7899852395057678,0.6951519733794607
t+5,85,215,0.7414621114730835,0.6827496453167163
t+5,85,216,0.6806319952011108,0.7034950347892199
t+5,85,217,0.6845424771308899,0.7167907124834344
t+5,85,218,0.7138336896896362,0.618373584024954
t+5,85,219,0.7089660167694092,0.7641825321010625
t+5,85,220,0.7709736227989197,0.7293387963381084
t+5,85,221,0.687004029750824,0.6713358655550876
t+5,85,222,0.7003841996192932,0.6739757914487889
t+5,85,223,0.6946234107017517,0.7001279084179427
t+5,85,224,0.7091525197029114,0.6971492381228477
t+5,85,225,0.725053608417511,0.7446129296602965
t+5,85,226,0.6995734572410583,0.676513731537118
t+5,85,227,0.6663265228271484,0.6888963237310565
t+5,85,228,0.6957055330276489,0.6825895744891264
t+5,85,229,0.6569865345954895,0.6962608694947756
t+5,85,230,0.6734269261360168,0.7120238430897955
t+5,85,231,0.6427282094955444,0.6867332902128241
t+5,85,232,0.6444112658500671,0.6571004342320295
t+5,85,233,0.6945911645889282,0.6836407280428337
t+5,85,234,0.6683496832847595,0.6461694188058186
t+5,85,235,0.5833709239959717,0.6621350155358281
t+5,85,236,0.6238833069801331,0.6333626171006694
t+5,85,237,0.7042062878608704,0.6329977394148654
t+5,85,238,0.6533228158950806,0.6803881536135533
t+5,85,239,0.6490866541862488,0.6566749307064034
t+5,85,240,0.5950582027435303,0.5756736830397717
t+5,85,241,0.6905631422996521,0.6139122793237537
t+5,85,242,0.6664869785308838,0.6891347317412876
t+5,85,243,0.6326026916503906,0.6411308613804877
t+5,85,244,0.643217146396637,0.6370322891412884
t+5,85,245,0.6493759751319885,0.5867476971197633
t+5,85,246,0.6582733988761902,0.6767519612801653
t+5,85,247,0.6451696753501892,0.6530216044767404
t+5,85,248,0.5948621034622192,0.6212919763833266
t+5,85,249,0.6398168802261353,0.6307179176472729
t+5,85,250,0.5818926095962524,0.6367292924037062
t+5,85,251,0.6549302935600281,0.6439910627336419
t+5,85,252,0.5884889364242554,0.6321178448671975
t+5,85,253,0.6182299256324768,0.5845311866951058
t+5,85,254,0.5641838312149048,0.6277737566062148
t+5,85,255,0.5726664662361145,0.5726209279845196
t+5,85,256,0.546334445476532,0.6407573702666661
t+5,85,257,0.5802105069160461,0.5782365028052846
t+5,85,258,0.5430542230606079,0.6059094782622534
t+5,85,259,0.5837442874908447,0.555715525069283
t+5,85,260,0.5497528910636902,0.5633268421495027
t+5,85,261,0.5119702816009521,0.5387132634453273
t+5,85,262,0.5339450836181641,0.5694404756456407
t+5,85,263,0.516599178314209,0.5352600674305239
t+5,85,264,0.4814682602882385,0.5729083601595159
t+5,85,265,0.4857414364814758,0.5412934919854979
t+5,85,266,0.5123878121376038,0.5060131475799682
t+5,85,267,0.4533734321594238,0.5261148903490896
t+5,85,268,0.4641579985618591,0.5099215108939628
t+5,85,269,0.4448389112949371,0.45572017811276294
t+5,85,270,0.4776682257652282,0.4594250908073602
t+5,85,271,0.4112662971019745,0.505537981106601
t+5,85,272,0.456456184387207,0.42911701911235256
t+5,85,273,0.4357622563838959,0.43892030446596414
t+5,85,274,0.3421161770820617,0.4209761499944662
t+5,85,275,0.4325590133666992,0.45122300069631854
t+5,85,276,0.4350280463695526,0.3897945253630657
t+5,85,277,0.3323806226253509,0.43119409744930903
t+5,85,278,0.4061061143875122,0.4118684487123593
t+5,85,279,0.3911747634410858,0.3258889899824232
t+5,85,280,0.3670359849929809,0.4089448392917122
t+5,85,281,0.384024828672409,0.4109712541174307
t+5,85,282,0.4043361246585846,0.3171118328258547
t+5,85,283,0.3679437041282654,0.38445909888661534
t+5,85,284,0.3554543852806091,0.3710903852810181
t+5,85,285,0.335071861743927,0.3476311506568412
t+5,85,286,0.3223547339439392,0.3636402501523256
t+5,85,287,0.3253581821918487,0.3821168140053742
t+5,85,288,0.3326453864574432,0.3486256676803505
t+5,85,289,0.2674401700496673,0.3359408516806973
t+5,86,0,0.2979192435741424,0.3480995989069858
t+5,86,1,0.3358434736728668,0.2847239050574603
t+5,86,2,0.3527739644050598,0.3114798712403415
t+5,86,3,0.30595862865448,0.3562212967527755
t+5,86,4,0.3353493809700012,0.3866587578549102
t+5,86,5,0.3598250150680542,0.32904256396855497
t+5,86,6,0.3736912608146667,0.36351336088479913
t+5,86,7,0.3220770061016083,0.3799595924245453
t+5,86,8,0.2912523448467254,0.3370495679628379
t+5,86,9,0.2651080191135406,0.36337107762520987
t+5,86,10,0.317026138305664,0.38506489642003255
t+5,86,11,0.275516927242279,0.397210317608151
t+5,86,12,0.3536053299903869,0.3505130628985497
t+5,86,13,0.2802582383155823,0.32336973383770434
t+5,86,14,0.3100194931030273,0.297975466651503
t+5,86,15,0.304796814918518,0.34596389672079936
t+5,86,16,0.3741020262241363,0.3071987021459447
t+5,86,17,0.3388349711894989,0.3791291937151537
t+5,86,18,0.3520027101039886,0.31141781275389496
t+5,86,19,0.3463060259819031,0.3385960223512031
t+5,86,20,0.2923073172569275,0.33374145020703183
t+5,86,21,0.2930857241153717,0.39621989300038957
t+5,86,22,0.4053330421447754,0.36456535655085415
t+5,86,23,0.3368337750434875,0.3752914772941963
t+5,86,24,0.3403298854827881,0.3720210922439636
t+5,86,25,0.2963769435882568,0.32142960106983504
t+5,86,26,0.3442853689193725,0.32252292707531444
t+5,86,27,0.3491473793983459,0.42382025779804994
t+5,86,28,0.3407860398292541,0.36163847932490634
t+5,86,29,0.3375900983810425,0.36433316589219633
t+5,86,30,0.3605215847492218,0.32444844386427685
t+5,86,31,0.3566792905330658,0.3673745172517389
t+5,86,32,0.3712740242481231,0.37181850517663606
t+5,86,33,0.3225443065166473,0.3634914286969912
t+5,86,34,0.3109581470489502,0.36109422744422104
t+5,86,35,0.3662992417812347,0.38167033007567336
t+5,86,36,0.3657407760620117,0.3783531093554469
t+5,86,37,0.3923577070236206,0.3917472429532063
t+5,86,38,0.371993213891983,0.3460358250351205
t+5,86,39,0.3629066348075866,0.33528892327745047
t+5,86,40,0.3058160245418548,0.38688981669842964
t+5,86,41,0.3727141916751861,0.38598557258436145
t+5,86,42,0.2995397448539734,0.40945835464006114
t+5,86,43,0.4353666305541992,0.391396152841183
t+5,86,44,0.4200557172298431,0.3826127140788325
t+5,86,45,0.437212586402893,0.33112234115529005
t+5,86,46,0.4075237512588501,0.3907452456091158
t+5,86,47,0.3940956592559814,0.3235936469861368
t+5,86,48,0.3858923017978668,0.4480343005332602
t+5,86,49,0.4311588704586029,0.43405458333053687
t+5,86,50,0.4259069263935089,0.44975920911263473
t+5,86,51,0.451604425907135,0.422230661091781
t+5,86,52,0.4767382442951202,0.4105407974819592
t+5,86,53,0.4444444179534912,0.40269081922470484
t+5,86,54,0.4874519109725952,0.44342906147136757
t+5,86,55,0.4988664090633392,0.4383284327706093
t+5,86,56,0.4731066823005676,0.46211823158036525
t+5,86,57,0.4988121390342712,0.4850303728838895
t+5,86,58,0.4156916439533233,0.4548478882228131
t+5,86,59,0.4599297940731048,0.4945065188783457
t+5,86,60,0.530219554901123,0.5049164465274228
t+5,86,61,0.5989048480987549,0.48116292831313257
t+5,86,62,0.4898914098739624,0.5045381725121642
t+5,86,63,0.4979100525379181,0.4273999561881622
t+5,86,64,0.5180138945579529,0.4684272214469363
t+5,86,65,0.5842896699905396,0.5548910048311474
t+5,86,66,0.547989010810852,0.6188255333692776
t+5,86,67,0.5978419184684753,0.4955022658321742
t+5,86,68,0.6761962175369263,0.5027640500005509
t+5,86,69,0.6778292655944824,0.5428550864394707
t+5,86,70,0.6258755922317505,0.6040390522821814
t+5,86,71,0.6508378982543945,0.570312661479963
t+5,86,72,0.6535926461219788,0.616715822681458
t+5,86,73,0.7622716426849365,0.6902529691577801
t+5,86,74,0.7531633377075195,0.6897234962989289
t+5,86,75,0.7328495383262634,0.6424706023364395
t+5,86,76,0.6759456992149353,0.6663297010553375
t+5,86,77,0.697603702545166,0.6678998406038613
t+5,86,78,0.6978572607040405,0.7604184590697978
t+5,86,79,0.7657251954078674,0.7506542578228869
t+5,86,80,0.7842663526535034,0.7432913788468779
t+5,86,81,0.7941957712173462,0.6882216548927689
t+5,86,82,0.7864792346954346,0.7092547294022435
t+5,86,83,0.7682040333747864,0.7067979587822901
t+5,86,84,0.7844245433807373,0.7628096137794518
t+5,86,85,0.8267738819122314,0.7791534337022934
t+5,86,86,0.8098640441894531,0.789645178227295
t+5,86,87,0.7890095114707947,0.7822500006555076
t+5,86,88,0.7765824198722839,0.764379209401252
t+5,86,89,0.7690972089767456,0.7812235547058647
t+5,86,90,0.7975433468818665,0.8187191301101752
t+5,86,91,0.8085353374481201,0.8056680587009791
t+5,86,92,0.8237535953521729,0.7830851662138525
t+5,86,93,0.8615551590919495,0.7722523549798714
t+5,86,94,0.850592315196991,0.7648372127027976
t+5,86,95,0.8006967306137085,0.7909713073092984
t+5,86,96,0.8088565468788147,0.8000481674961072
t+5,86,97,0.7792081236839294,0.8146431646510689
t+5,86,98,0.7563031911849976,0.8505941085435533
t+5,86,99,0.7968184351921082,0.8431711037779189
t+5,86,100,0.7714390754699707,0.7928718546573991
t+5,86,101,0.8188083171844482,0.8003472175472778
t+5,86,102,0.8254382610321045,0.7735254121889346
t+5,86,103,0.8231313228607178,0.7505312927025132
t+5,86,104,0.752797544002533,0.7891161642723241
t+5,86,105,0.7959428429603577,0.7654009908280781
t+5,86,106,0.7423591017723083,0.8110496573421099
t+5,86,107,0.7300894260406494,0.8143492852251133
t+5,86,108,0.7821832895278931,0.8157757315042377
t+5,86,109,0.8068202137947083,0.7460858027588938
t+5,86,110,0.7658403515815735,0.7882292390908077
t+5,86,111,0.8302331566810608,0.7466796176209032
t+5,86,112,0.8541993498802185,0.7359056546540885
t+5,86,113,0.8448225259780884,0.7744511113488262
t+5,86,114,0.7727307081222534,0.7976903613490306
t+5,86,115,0.8163195848464966,0.7593554719773334
t+5,86,116,0.791484534740448,0.8181043517059983
t+5,86,117,0.803630530834198,0.8414418002990974
t+5,86,118,0.7653446197509766,0.8343997507714611
t+5,86,119,0.7816731333732605,0.7653216448108843
t+5,86,120,0.878733217716217,0.805122863186506
t+5,86,121,0.8552166819572449,0.7824132323276365
t+5,86,122,0.8340741991996765,0.7936808871185485
t+5,86,123,0.755986213684082,0.7553451690972215
t+5,86,124,0.7840349674224854,0.7689661985056516
t+5,86,125,0.8325924277305603,0.8648333849067199
t+5,86,126,0.7902882695198059,0.8388337131129158
t+5,86,127,0.7629184722900391,0.820380818805663
t+5,86,128,0.7497597336769104,0.7451654816085037
t+5,86,129,0.8076013922691345,0.7723083326178076
t+5,86,130,0.8021759986877441,0.8200835253896267
t+5,86,131,0.7913348078727722,0.7780816251380362
t+5,86,132,0.7825229167938232,0.7534528621623666
t+5,86,133,0.8192774653434753,0.7489435789415754
t+5,86,134,0.788878858089447,0.7931363464110704
t+5,86,135,0.7614795565605164,0.7895986462378783
t+5,86,136,0.7980819344520569,0.7807616277628405
t+5,86,137,0.7416008114814758,0.7699869647318837
t+5,86,138,0.6990472674369812,0.8053103441216493
t+5,86,139,0.764957845211029,0.7748731813896225
t+5,86,140,0.739187479019165,0.7491503142759723
t+5,86,141,0.766747772693634,0.7864624119682313
t+5,86,142,0.6917431950569153,0.7400074518743075
t+5,86,143,0.6631312370300293,0.6998053763807649
t+5,86,144,0.7105582356452942,0.7535747379444064
t+5,86,145,0.7300015091896057,0.7370742506042298
t+5,86,146,0.6793653964996338,0.7541397437975067
t+5,86,147,0.7067612409591675,0.6931042281776024
t+5,86,148,0.6816074252128601,0.6651451134518698
t+5,86,149,0.6554076075553894,0.7110114511106973
t+5,86,150,0.6892107129096985,0.7285036874801597
t+5,86,151,0.6588323712348938,0.6792091564777745
t+5,86,152,0.6597440838813782,0.7052936319850288
t+5,86,153,0.679355263710022,0.682671823410951
t+5,86,154,0.6792317628860474,0.6570846206695621
t+5,86,155,0.6829004287719727,0.687767770572318
t+5,86,156,0.65656578540802,0.6596103121583908
t+5,86,157,0.6404706835746765,0.6628836738917917
t+5,86,158,0.6543090343475342,0.6778574514682888
t+5,86,159,0.6303732991218567,0.6794199433838048
t+5,86,160,0.6401992440223694,0.6822218321466541
t+5,86,161,0.5941824913024902,0.6577818613240437
t+5,86,162,0.6044031977653503,0.6424725308053596
t+5,86,163,0.6275426149368286,0.654567526899624
t+5,86,164,0.5946868658065796,0.6318468446362414
t+5,86,165,0.592835009098053,0.6423986499220464
t+5,86,166,0.5684829354286194,0.5988084963040101
t+5,86,167,0.6476632356643677,0.6079820685314369
t+5,86,168,0.5771461129188538,0.629348315043916
t+5,86,169,0.6302152276039124,0.5985227901936533
t+5,86,170,0.594182550907135,0.596206749648446
t+5,86,171,0.5810256600379944,0.5735026853214752
t+5,86,172,0.5585874319076538,0.6472164297678983
t+5,86,173,0.5821516513824463,0.5814139633320423
t+5,86,174,0.5981432199478149,0.6302215748332202
t+5,86,175,0.5733755826950073,0.5973779225679432
t+5,86,176,0.570289134979248,0.5838961537024038
t+5,86,177,0.6083645820617676,0.5632003852154766
t+5,86,178,0.6585382223129272,0.5849971969613875
t+5,86,179,0.5789494514465332,0.5992814088572294
t+5,86,180,0.5552205443382263,0.5769489475594958
t+5,86,181,0.561810314655304,0.5735881830854832
t+5,86,182,0.6444274187088013,0.6090623172755584
t+5,86,183,0.5609878897666931,0.6557213926164831
t+5,86,184,0.5078450441360474,0.5811429676826718
t+5,86,185,0.5942655801773071,0.5587473000048715
t+5,86,186,0.5536075830459595,0.564723093970908
t+5,86,187,0.6514474153518677,0.6417598761873371
t+5,86,188,0.6694729924201965,0.5637218323954434
t+5,86,189,0.6002095341682434,0.5143974386995106
t+5,86,190,0.6525466442108154,0.5945928377755603
t+5,86,191,0.6237838268280029,0.5564162942190894
t+5,86,192,0.6862812638282776,0.6471066055197076
t+5,86,193,0.6285315155982971,0.6654716727260684
t+5,86,194,0.6428033709526062,0.5997368220171277
t+5,86,195,0.5800225734710693,0.647779125041903
t+5,86,196,0.7273865938186646,0.6218669570262356
t+5,86,197,0.7072773575782776,0.6804460739279824
t+5,86,198,0.6567370891571045,0.625228205156118
t+5,86,199,0.6464520692825317,0.6386459208490763
t+5,86,200,0.6984462141990662,0.5793250899777863
t+5,86,201,0.714849054813385,0.7174640676690587
t+5,86,202,0.6238267421722412,0.6981799656578739
t+5,86,203,0.6385817527770996,0.6511987788245694
t+5,86,204,0.6587174534797668,0.6414393249283368
t+5,86,205,0.6084877848625183,0.6901530667313813
t+5,86,206,0.730441689491272,0.7059763823678417
t+5,86,207,0.6214902997016907,0.6201059783976085
t+5,86,208,0.6899097561836243,0.6324546378859646
t+5,86,209,0.7497379779815674,0.65236414929332
t+5,86,210,0.7417869567871094,0.6048640699954535
t+5,86,211,0.6841238737106323,0.7192190291365143
t+5,86,212,0.7000949382781982,0.6170736108083386
t+5,86,213,0.6966591477394104,0.6810605412849468
t+5,86,214,0.7527952194213867,0.7386126296575563
t+5,86,215,0.7406913638114929,0.7275426492388841
t+5,86,216,0.6368454694747925,0.6739890155847809
t+5,86,217,0.732804536819458,0.6894454869435097
t+5,86,218,0.781853437423706,0.6864993878891335
t+5,86,219,0.715451717376709,0.7293555085461163
t+5,86,220,0.6835325956344604,0.7255244253645684
t+5,86,221,0.7642828822135925,0.6294205185860967
t+5,86,222,0.6782864332199097,0.7189841284143773
t+5,86,223,0.7007512450218201,0.7566558848852435
t+5,86,224,0.6858758926391602,0.7027595679871185
t+5,86,225,0.714415967464447,0.6722437687500128
t+5,86,226,0.679938554763794,0.7395662752792695
t+5,86,227,0.7218383550643921,0.6680314101153753
t+5,86,228,0.6959193348884583,0.6871946907492332
t+5,86,229,0.6949188113212585,0.6733924678328466
t+5,86,230,0.6997774839401245,0.7016634009716
t+5,86,231,0.6652465462684631,0.669173087928125
t+5,86,232,0.6319604516029358,0.7063140291563604
t+5,86,233,0.630885124206543,0.6815819447465165
t+5,86,234,0.6545335054397583,0.6838262098985821
t+5,86,235,0.6262404918670654,0.6869706221013666
t+5,86,236,0.6339855194091797,0.6536848706823014
t+5,86,237,0.604144275188446,0.6217127353447796
t+5,86,238,0.6069496870040894,0.6213925592261995
t+5,86,239,0.5736991167068481,0.6426292821797479
t+5,86,240,0.6327283382415771,0.6162067203092103
t+5,86,241,0.5596875548362732,0.6247757273534975
t+5,86,242,0.5826773643493652,0.5957745684068636
t+5,86,243,0.6100137233734131,0.5982306770567631
t+5,86,244,0.5635133385658264,0.5668292099698494
t+5,86,245,0.5123588442802429,0.6219423586337958
t+5,86,246,0.5329420566558838,0.553249166455983
t+5,86,247,0.5065218210220337,0.5741326236546971
t+5,86,248,0.5644110441207886,0.599499019653618
t+5,86,249,0.5100487470626831,0.5567876835876103
t+5,86,250,0.4903767108917236,0.5088448227267203
t+5,86,251,0.4475681185722351,0.5277176159198324
t+5,86,252,0.4819744527339935,0.5031697991838857
t+5,86,253,0.5385992527008057,0.5564488306977884
t+5,86,254,0.512694239616394,0.5061486954283918
t+5,86,255,0.4573507010936737,0.4659878640893421
t+5,86,256,0.5143495798110962,0.4264993342761213
t+5,86,257,0.4902649223804474,0.4579902505590194
t+5,86,258,0.4296135604381561,0.53197471478315
t+5,86,259,0.3994342386722564,0.5077659370990949
t+5,86,260,0.4391220211982727,0.43489608315235034
t+5,86,261,0.491821676492691,0.5089655347455133
t+5,86,262,0.3909986019134521,0.4648604987118887
t+5,86,263,0.4179359674453735,0.40887485582280725
t+5,86,264,0.4922537505626678,0.38083419098485577
t+5,86,265,0.4502978026866913,0.4173677264646063
t+5,86,266,0.4955378770828247,0.4655463092389598
t+5,86,267,0.4467291831970215,0.37277232639515506
t+5,86,268,0.4751920402050018,0.3975786808274325
t+5,86,269,0.4779287576675415,0.4656133159176031
t+5,86,270,0.3899033367633819,0.4268111705576647
t+5,86,271,0.4942851662635803,0.4683346588070671
t+5,86,272,0.4295566976070404,0.42306434064627807
t+5,86,273,0.4741455614566803,0.4491802228741229
t+5,86,274,0.4435823261737823,0.45166304256692974
t+5,86,275,0.533859372138977,0.37063761201206336
t+5,86,276,0.4194510877132416,0.46633494376936946
t+5,86,277,0.5069314241409302,0.40625454872600025
t+5,86,278,0.4467724859714508,0.4474304407911361
t+5,86,279,0.4381650984287262,0.4191206867671229
t+5,86,280,0.4162781536579132,0.5238586220800213
t+5,86,281,0.4590961635112762,0.3962995922856004
t+5,86,282,0.5098627209663391,0.49874821794340196
t+5,86,283,0.4329353868961334,0.42145065334592824
t+5,86,284,0.5717045068740845,0.4133299251381141
t+5,86,285,0.5419456958770752,0.3933914901186672
t+5,86,286,0.5444533228874207,0.4323338159370556
t+5,86,287,0.5191344022750854,0.5007124201882195
t+5,86,288,0.5062992572784424,0.40831627545383015
t+5,86,289,0.5914156436920166,0.5576127170862936
t+5,87,0,0.2943626344203949,0.33698191959647644
t+5,87,1,0.3000553846359253,0.28140371515002016
t+5,87,2,0.28311687707901,0.3257765909501851
t+5,87,3,0.2833133041858673,0.3306184900607557
t+5,87,4,0.331951767206192,0.35689769012498157
t+5,87,5,0.3422831594944,0.3269371557316349
t+5,87,6,0.3781936764717102,0.33171585477849774
t+5,87,7,0.3254862129688263,0.3162555201280612
t+5,87,8,0.3188015520572662,0.31580514363050216
t+5,87,9,0.3417248427867889,0.3599682658551557
t+5,87,10,0.3665553629398346,0.368390023997695
t+5,87,11,0.3084195256233215,0.4026432129022063
t+5,87,12,0.2298859059810638,0.3534100651999645
t+5,87,13,0.3055950701236725,0.3469573214802427
t+5,87,14,0.310266762971878,0.36806701403306524
t+5,87,15,0.3594435453414917,0.3906899463217327
t+5,87,16,0.3076466619968414,0.3379417977507878
t+5,87,17,0.3333837985992431,0.26743971898159885
t+5,87,18,0.3833883106708526,0.33419770346986666
t+5,87,19,0.3581154942512512,0.33840957282448253
t+5,87,20,0.3201003968715668,0.383001933462812
t+5,87,21,0.3401918709278106,0.33585509667830876
t+5,87,22,0.3959469795227051,0.3605217327767733
t+5,87,23,0.3421288728713989,0.40409685388398503
t+5,87,24,0.3316528797149658,0.3820731642321666
t+5,87,25,0.2639959156513214,0.34592990562224585
t+5,87,26,0.3115582764148712,0.3649619872528925
t+5,87,27,0.3841984272003174,0.4149278670045413
t+5,87,28,0.316650390625,0.36593699342461494
t+5,87,29,0.3251508474349975,0.3560749565467735
t+5,87,30,0.3834843039512634,0.2940027257581418
t+5,87,31,0.3061220347881317,0.33785102474356526
t+5,87,32,0.3948489129543304,0.4033133612552685
t+5,87,33,0.3439422249794006,0.3412430428629119
t+5,87,34,0.3595163226127624,0.3493767046886069
t+5,87,35,0.3444657623767853,0.40304299715014685
t+5,87,36,0.3882785439491272,0.3320731897114926
t+5,87,37,0.3325140178203583,0.41305986008237805
t+5,87,38,0.3857081532478332,0.3666946886645531
t+5,87,39,0.3193254768848419,0.3796807061626655
t+5,87,40,0.3764709234237671,0.3663810490511131
t+5,87,41,0.40304696559906,0.40639007647575426
t+5,87,42,0.36001718044281,0.3553841779432614
t+5,87,43,0.3420250117778778,0.4036615821384295
t+5,87,44,0.3213481903076172,0.342668277932121
t+5,87,45,0.330182284116745,0.3949646423460893
t+5,87,46,0.362125962972641,0.4186046347900061
t+5,87,47,0.3844985067844391,0.3792989469198718
t+5,87,48,0.3644749820232391,0.36293781681911835
t+5,87,49,0.3361768126487732,0.3438079665642238
t+5,87,50,0.3941081166267395,0.3515323312016435
t+5,87,51,0.3861277997493744,0.3815657101922246
t+5,87,52,0.4047569632530212,0.40106898374632455
t+5,87,53,0.3675073385238647,0.3827407688571938
t+5,87,54,0.485002726316452,0.356832532648435
t+5,87,55,0.3826108276844024,0.40984320870708735
t+5,87,56,0.4074155390262604,0.4014322501396391
t+5,87,57,0.3737773001194,0.41877067879413643
t+5,87,58,0.384647011756897,0.3846123810903062
t+5,87,59,0.419511616230011,0.4922693525736334
t+5,87,60,0.3638695776462555,0.39759975903616424
t+5,87,61,0.3702256679534912,0.4208261855207698
t+5,87,62,0.3635642230510711,0.38973461266059484
t+5,87,63,0.4294640719890594,0.39996190274300913
t+5,87,64,0.4379767179489136,0.4313462169495107
t+5,87,65,0.4045454561710357,0.3800399999002068
t+5,87,66,0.4219232201576233,0.38566697259312893
t+5,87,67,0.4962257742881775,0.37932222720860875
t+5,87,68,0.4320473372936249,0.43957827607469163
t+5,87,69,0.3978895545005798,0.44716730128227705
t+5,87,70,0.3846292793750763,0.41592265749537205
t+5,87,71,0.4160442948341369,0.4326912949614037
t+5,87,72,0.45734703540802,0.5005893119575479
t+5,87,73,0.5496779680252075,0.44134847684326584
t+5,87,74,0.4063079357147217,0.4099259905611106
t+5,87,75,0.4806245267391205,0.3971291098967188
t+5,87,76,0.47348552942276,0.4264362909326529
t+5,87,77,0.4511522650718689,0.4637522744462484
t+5,87,78,0.4635958075523376,0.5707221124251703
t+5,87,79,0.3952952623367309,0.41657779694818975
t+5,87,80,0.5319974422454834,0.48487869098530323
t+5,87,81,0.4749168753623962,0.47791613708085745
t+5,87,82,0.505628228187561,0.4575914944127996
t+5,87,83,0.4906206727027893,0.4686185427779676
t+5,87,84,0.4978212118148803,0.4064118554974385
t+5,87,85,0.5571582913398743,0.5533752100409488
t+5,87,86,0.4908804893493652,0.4786744608223948
t+5,87,87,0.4974677264690399,0.5285582151458168
t+5,87,88,0.5974487066268921,0.49281898995786905
t+5,87,89,0.6260289549827576,0.49935254477700897
t+5,87,90,0.6022673845291138,0.5757564492103191
t+5,87,91,0.6052372455596924,0.4926250728720792
t+5,87,92,0.5747615098953247,0.4985429728093393
t+5,87,93,0.6170121431350708,0.6126409179625272
t+5,87,94,0.6136601567268372,0.6390576991257171
t+5,87,95,0.6547124981880188,0.616742347755727
t+5,87,96,0.6548869013786316,0.6193771339455667
t+5,87,97,0.6623857617378235,0.5912142623472364
t+5,87,98,0.6753659248352051,0.6297158220015998
t+5,87,99,0.7273417711257935,0.6273277077203475
t+5,87,100,0.77428138256073,0.6651543789604139
t+5,87,101,0.761061429977417,0.6652236026837244
t+5,87,102,0.8180955052375793,0.6727340105123362
t+5,87,103,0.8348755240440369,0.6844088245791119
t+5,87,104,0.9110672473907472,0.735077331404796
t+5,87,105,0.8737924695014954,0.7675977836298006
t+5,87,106,0.8159469962120056,0.7547235800352603
t+5,87,107,0.8735977411270142,0.8080374266801617
t+5,87,108,0.8841712474822998,0.8255878741375564
t+5,87,109,0.9369308948516846,0.8973500553508812
t+5,87,110,0.832567572593689,0.8611137378971857
t+5,87,111,0.9228339195251464,0.8055268622919318
t+5,87,112,0.9207190871238708,0.8606128778906984
t+5,87,113,0.8416258096694946,0.8695633920252923
t+5,87,114,0.9029605388641356,0.9218583260649399
t+5,87,115,0.993720293045044,0.8220167580340413
t+5,87,116,0.9718614220619202,0.907322316036716
t+5,87,117,0.9731739163398744,0.9062545020598286
t+5,87,118,0.9475151896476746,0.8299151332663756
t+5,87,119,0.9176767468452454,0.8891609480619503
t+5,87,120,0.909143090248108,0.9743142330714595
t+5,87,121,0.9263542890548706,0.9541329698637658
t+5,87,122,0.9083951115608216,0.9558239821521108
t+5,87,123,0.9035621285438538,0.9313822329233827
t+5,87,124,0.962791919708252,0.9029848958476345
t+5,87,125,0.9294797778129578,0.8933452078994369
t+5,87,126,0.920145869255066,0.9088661411840637
t+5,87,127,0.9093374013900756,0.8909198888392253
t+5,87,128,0.9148963093757628,0.8867399840667759
t+5,87,129,0.8496237397193909,0.944886002742306
t+5,87,130,0.9243268370628356,0.9113577215279691
t+5,87,131,0.9444602131843568,0.9042089064175375
t+5,87,132,0.8814473152160645,0.8915373655184603
t+5,87,133,0.8511391282081604,0.8989229311020082
t+5,87,134,0.8287410140037537,0.8324936843128579
t+5,87,135,0.88799649477005,0.9066191791229817
t+5,87,136,0.8845818042755127,0.9264246146042252
t+5,87,137,0.8212671875953674,0.8659771884940225
t+5,87,138,0.9441530704498292,0.8368863918942502
t+5,87,139,0.8594558835029602,0.8164339059519355
t+5,87,140,0.8142420053482056,0.8723528888938805
t+5,87,141,0.8702269792556763,0.8671473604097513
t+5,87,142,0.8625680804252625,0.8068183680775871
t+5,87,143,0.8534908294677734,0.9250212271630562
t+5,87,144,0.855247974395752,0.8445527443638742
t+5,87,145,0.8433997631072998,0.7985263368973055
t+5,87,146,0.849311113357544,0.852200325338058
t+5,87,147,0.8450497388839722,0.8459312630310142
t+5,87,148,0.8681721091270447,0.8346359586072287
t+5,87,149,0.8434199094772339,0.8367304072054744
t+5,87,150,0.7864151000976562,0.8264965730411133
t+5,87,151,0.8203524947166443,0.8291999698377988
t+5,87,152,0.8470693826675415,0.8272863162334397
t+5,87,153,0.7400712966918945,0.8485245205966763
t+5,87,154,0.8385833501815796,0.8252906553999203
t+5,87,155,0.830581784248352,0.7686815897341129
t+5,87,156,0.7436777949333191,0.8013988848552642
t+5,87,157,0.7923262715339661,0.829727530415662
t+5,87,158,0.7749122381210327,0.736139762827342
t+5,87,159,0.767605721950531,0.822133760852746
t+5,87,160,0.8015187382698059,0.8132788804103004
t+5,87,161,0.7666628956794739,0.7400719817339397
t+5,87,162,0.704460084438324,0.7773139631164279
t+5,87,163,0.694730281829834,0.7589689400998066
t+5,87,164,0.6812838315963745,0.7536863671616995
t+5,87,165,0.7316664457321167,0.7818874504527789
t+5,87,166,0.6955958008766174,0.7522510931832234
t+5,87,167,0.7229042053222656,0.7030405022908037
t+5,87,168,0.7187552452087402,0.6923100279253667
t+5,87,169,0.6652815937995911,0.6803674470653428
t+5,87,170,0.7169031500816345,0.7252968550354068
t+5,87,171,0.7167640924453735,0.6922237525160785
t+5,87,172,0.7082186937332153,0.7174132704943386
t+5,87,173,0.6565176248550415,0.7143256341617811
t+5,87,174,0.6521614193916321,0.6630796951110141
t+5,87,175,0.6372003555297852,0.7126457864741373
t+5,87,176,0.6050757765769958,0.7121711611475978
t+5,87,177,0.6756496429443359,0.7049885294948542
t+5,87,178,0.6693599224090576,0.654367653708418
t+5,87,179,0.6105232238769531,0.6497704295529578
t+5,87,180,0.6688128113746643,0.6360930838857518
t+5,87,181,0.6599744558334351,0.6059832065405727
t+5,87,182,0.6549052000045776,0.6704671125836779
t+5,87,183,0.6418594717979431,0.6665940372848461
t+5,87,184,0.6749703288078308,0.6106122572380701
t+5,87,185,0.6215955018997192,0.6662679553229895
t+5,87,186,0.6875054240226746,0.6559002331701677
t+5,87,187,0.7090307474136353,0.6523621420052316
t+5,87,188,0.7400676608085632,0.6402391062801777
t+5,87,189,0.6661230325698853,0.6697720904886968
t+5,87,190,0.728961706161499,0.6196879319110319
t+5,87,191,0.6448951363563538,0.682227059932278
t+5,87,192,0.7097075581550598,0.7023858403020089
t+5,87,193,0.6883198022842407,0.7298538605950279
t+5,87,194,0.6130340695381165,0.6608239937922292
t+5,87,195,0.6445316076278687,0.719692262404632
t+5,87,196,0.6635152697563171,0.6413810538593323
t+5,87,197,0.7016432881355286,0.7004324451806306
t+5,87,198,0.7027105689048767,0.681152669910883
t+5,87,199,0.6376662850379944,0.6105607855145573
t+5,87,200,0.6751272678375244,0.6402209916305887
t+5,87,201,0.6184521913528442,0.6570769459057846
t+5,87,202,0.6669595241546631,0.6928444475464581
t+5,87,203,0.7016996741294861,0.6926401843187185
t+5,87,204,0.7178798913955688,0.6334139895940316
t+5,87,205,0.6875515580177307,0.6670010618028561
t+5,87,206,0.6850209832191467,0.6141805230867483
t+5,87,207,0.6769314408302307,0.6603897901125041
t+5,87,208,0.7617442607879639,0.6922878796057539
t+5,87,209,0.7253910899162292,0.707690992109469
t+5,87,210,0.7086202502250671,0.6783692324734253
t+5,87,211,0.7445273399353027,0.6764865033634435
t+5,87,212,0.7020488977432251,0.6686184472271791
t+5,87,213,0.7004163861274719,0.7382414908776367
t+5,87,214,0.7278615236282349,0.7148842387699471
t+5,87,215,0.7436776757240295,0.6987019777649457
t+5,87,216,0.6903629899024963,0.7342184903321199
t+5,87,217,0.7365001440048218,0.6918736338054885
t+5,87,218,0.6905316710472107,0.6901002719250378
t+5,87,219,0.6636725664138794,0.7157282462842721
t+5,87,220,0.7402927875518799,0.7315273999010831
t+5,87,221,0.7671977281570435,0.6817574678171925
t+5,87,222,0.7144057750701904,0.7222282438201043
t+5,87,223,0.7076112031936646,0.6783446382243193
t+5,87,224,0.6872786283493042,0.652380763706216
t+5,87,225,0.739473283290863,0.7266215021970424
t+5,87,226,0.7533235549926758,0.7402429747387055
t+5,87,227,0.7648662328720093,0.70139755740138
t+5,87,228,0.7875154614448547,0.6960437028915396
t+5,87,229,0.72206711769104,0.6754147649170872
t+5,87,230,0.7107770442962646,0.723829159094832
t+5,87,231,0.6826932430267334,0.7284848703932848
t+5,87,232,0.7209867835044861,0.7371189302398811
t+5,87,233,0.7708433866500854,0.7607526874539962
t+5,87,234,0.7360938787460327,0.7070630952938395
t+5,87,235,0.7192260026931763,0.6965553772780804
t+5,87,236,0.723590075969696,0.6703377072205998
t+5,87,237,0.8124272227287292,0.706618020854023
t+5,87,238,0.8213626146316528,0.7449762955398354
t+5,87,239,0.7755164504051208,0.718844436052608
t+5,87,240,0.7821241021156311,0.7041158309315636
t+5,87,241,0.7272466421127319,0.7078486899918068
t+5,87,242,0.7809557318687439,0.7834170913866177
t+5,87,243,0.8375592827796936,0.7894757258918179
t+5,87,244,0.7332650423049927,0.7478389655930282
t+5,87,245,0.6859104633331299,0.7512379238820249
t+5,87,246,0.7342034578323364,0.7112492661156269
t+5,87,247,0.7688375115394592,0.7511555648875003
t+5,87,248,0.7547758221626282,0.8055712893303162
t+5,87,249,0.7557613849639893,0.7151216955252133
t+5,87,250,0.7449775338172913,0.6703245274511098
t+5,87,251,0.7055944204330444,0.717081437539134
t+5,87,252,0.7548825740814209,0.7401688260467345
t+5,87,253,0.7048630118370056,0.7253694764346563
t+5,87,254,0.6288811564445496,0.7258033469945478
t+5,87,255,0.6375272870063782,0.7257197446630964
t+5,87,256,0.6339720487594604,0.6876767738033344
t+5,87,257,0.597989559173584,0.7248334253085913
t+5,87,258,0.5685742497444153,0.6858908598831439
t+5,87,259,0.6120936870574951,0.6159664390750667
t+5,87,260,0.6116875410079956,0.6233292337374127
t+5,87,261,0.5783732533454895,0.6204443921130675
t+5,87,262,0.6287113428115845,0.5863192249380494
t+5,87,263,0.497973769903183,0.5589919402343174
t+5,87,264,0.5198135375976562,0.5991645392782612
t+5,87,265,0.5008349418640137,0.599434194553831
t+5,87,266,0.4937756359577179,0.5673759147473556
t+5,87,267,0.4676518738269806,0.6146461101342431
t+5,87,268,0.491869181394577,0.47101951146006704
t+5,87,269,0.3883974552154541,0.5128115528838957
t+5,87,270,0.4065191447734833,0.49503208071371124
t+5,87,271,0.4229570031166076,0.46667211802924075
t+5,87,272,0.4604714810848236,0.4425489632937269
t+5,87,273,0.3862117230892181,0.4645293610190045
t+5,87,274,0.4435701966285705,0.36941298388408056
t+5,87,275,0.3458946347236633,0.3856986879883599
t+5,87,276,0.3485758900642395,0.40094993451162725
t+5,87,277,0.3494308292865753,0.43492534903602204
t+5,87,278,0.3524928689002991,0.3665198149670861
t+5,87,279,0.3531615138053894,0.41936047391811043
t+5,87,280,0.3435284495353699,0.3292737208010859
t+5,87,281,0.3176272511482239,0.33158058077637564
t+5,87,282,0.2782260179519653,0.33306165061593473
t+5,87,283,0.3882230818271637,0.33499362682392697
t+5,87,284,0.3045150339603424,0.3357052822981225
t+5,87,285,0.3405322432518005,0.32657574202087475
t+5,87,286,0.3103459477424621,0.30192692499273227
t+5,87,287,0.321260392665863,0.2660258827094257
t+5,87,288,0.3510842025279999,0.3670763021482835
t+5,87,289,0.2954766750335693,0.28987334721709623
t+5,88,0,0.3574336469173431,0.3438436194602232
t+5,88,1,0.3128551840782165,0.3671733101707807
t+5,88,2,0.3139807283878326,0.31349676406979876
t+5,88,3,0.2701657116413116,0.34534475658073965
t+5,88,4,0.3109394013881683,0.3405782221166196
t+5,88,5,0.2927702963352203,0.38347481946280076
t+5,88,6,0.309912234544754,0.3430952265138014
t+5,88,7,0.2518866956233978,0.3425102816046802
t+5,88,8,0.2983190715312958,0.3025668445301428
t+5,88,9,0.2748298048973083,0.3420148462823394
t+5,88,10,0.2769491076469421,0.3251387562400453
t+5,88,11,0.3642702996730804,0.3393559653604352
t+5,88,12,0.300830066204071,0.2861742773736246
t+5,88,13,0.3458455204963684,0.32936615099367256
t+5,88,14,0.2887968719005584,0.30727810909365194
t+5,88,15,0.3474661409854889,0.308088933879354
t+5,88,16,0.3044228851795196,0.3888494062795552
t+5,88,17,0.3632989823818207,0.33084898658474354
t+5,88,18,0.2958746552467346,0.37114466092050513
t+5,88,19,0.3292193114757538,0.318802854939179
t+5,88,20,0.3202848732471466,0.3725804440994836
t+5,88,21,0.3183548748493194,0.33307022768350103
t+5,88,22,0.3012196123600006,0.38658952006509867
t+5,88,23,0.3916284143924713,0.32492408633157366
t+5,88,24,0.2789929211139679,0.3552268194713164
t+5,88,25,0.2823235988616943,0.3467256292633623
t+5,88,26,0.3277861773967743,0.345508374766156
t+5,88,27,0.4277009963989258,0.3292694662590445
t+5,88,28,0.3439624011516571,0.41096308258723235
t+5,88,29,0.2946401536464691,0.30851052419968117
t+5,88,30,0.3090036511421203,0.3114963066786563
t+5,88,31,0.3905602097511291,0.35160097861582335
t+5,88,32,0.3811069130897522,0.44386492767720287
t+5,88,33,0.3250910937786102,0.3663513849924645
t+5,88,34,0.3524442017078399,0.32258077471869906
t+5,88,35,0.3686197698116302,0.3353721436027585
t+5,88,36,0.3649483919143677,0.4090405211992388
t+5,88,37,0.3264477849006653,0.39991957206511825
t+5,88,38,0.3390043079853058,0.34944761437124977
t+5,88,39,0.3247013986110687,0.37347736893859274
t+5,88,40,0.4074958860874176,0.3886100590279148
t+5,88,41,0.3484004139900207,0.3849056662417235
t+5,88,42,0.4104997217655182,0.34922162164927345
t+5,88,43,0.4331614971160888,0.3617329979735488
t+5,88,44,0.3462800085544586,0.34867167186615405
t+5,88,45,0.3871840834617615,0.4232400460164078
t+5,88,46,0.4098749160766601,0.3686422990186166
t+5,88,47,0.4407648146152496,0.42639424056377806
t+5,88,48,0.355860561132431,0.4458155372014723
t+5,88,49,0.4240525662899017,0.3661465276260269
t+5,88,50,0.3928934931755066,0.40449776489057676
t+5,88,51,0.3834470808506012,0.42419784459841
t+5,88,52,0.3809274733066559,0.4526848562330221
t+5,88,53,0.4103789329528808,0.37496288543876777
t+5,88,54,0.3935901522636413,0.43694238562468435
t+5,88,55,0.4342819154262543,0.40859059085752264
t+5,88,56,0.4267738163471222,0.3995176695228223
t+5,88,57,0.4341093003749847,0.3973042198530868
t+5,88,58,0.4348243176937103,0.42394443164246776
t+5,88,59,0.3900955021381378,0.40826684997348633
t+5,88,60,0.452510803937912,0.44486078138373353
t+5,88,61,0.4896075129508972,0.43801359298621667
t+5,88,62,0.4160341620445251,0.4450534385165057
t+5,88,63,0.4238146543502807,0.44546544460516535
t+5,88,64,0.4565561413764953,0.4039693142680418
t+5,88,65,0.4539748430252075,0.4613083281464531
t+5,88,66,0.4688004553318023,0.49541980586124323
t+5,88,67,0.4501497447490692,0.4273400966526783
t+5,88,68,0.5021970868110657,0.4348338828073444
t+5,88,69,0.4693878889083862,0.464408483507031
t+5,88,70,0.4869114458560943,0.4618243925898963
t+5,88,71,0.4790868163108825,0.475427002715395
t+5,88,72,0.475820779800415,0.45817093487712485
t+5,88,73,0.5192129611968994,0.5276070440862776
t+5,88,74,0.4993561804294586,0.4752965716191483
t+5,88,75,0.4776076078414917,0.49152084686175795
t+5,88,76,0.5110929012298584,0.4840741659581798
t+5,88,77,0.4999082386493683,0.48092828828596
t+5,88,78,0.5615758299827576,0.5425023144875003
t+5,88,79,0.4882280230522156,0.5023544301790053
t+5,88,80,0.6041656732559204,0.4819764947507765
t+5,88,81,0.6167363524436951,0.5345648758639856
t+5,88,82,0.5457130074501038,0.5023822394352544
t+5,88,83,0.5488865375518799,0.580647284459932
t+5,88,84,0.6347429156303406,0.49128573477043347
t+5,88,85,0.6192281246185303,0.6200009009603967
t+5,88,86,0.6374151110649109,0.6326566885934614
t+5,88,87,0.62694251537323,0.5656435259666268
t+5,88,88,0.5975233912467957,0.5686238808243214
t+5,88,89,0.6586430072784424,0.6487897527886463
t+5,88,90,0.6932969093322754,0.6344523195618538
t+5,88,91,0.6740955114364624,0.6499723808641293
t+5,88,92,0.6580333709716797,0.6403843016905576
t+5,88,93,0.6981067657470703,0.6127926122659375
t+5,88,94,0.6415689587593079,0.6712508898277718
t+5,88,95,0.6348363757133484,0.7032358055295056
t+5,88,96,0.7480152249336243,0.6839648771580835
t+5,88,97,0.7202575206756592,0.6692584230593267
t+5,88,98,0.7123278379440308,0.7061672660141324
t+5,88,99,0.6876357197761536,0.6530296517707351
t+5,88,100,0.8006429672241211,0.6472431406737649
t+5,88,101,0.7186873555183411,0.7515543037802354
t+5,88,102,0.7594048976898193,0.7279589207249348
t+5,88,103,0.7866585850715637,0.7194392784506772
t+5,88,104,0.7670018672943115,0.6957778527673248
t+5,88,105,0.7935315370559692,0.7912538529102496
t+5,88,106,0.7826980352401733,0.7240709413603049
t+5,88,107,0.8293567299842834,0.7530154853594232
t+5,88,108,0.8540548086166382,0.7798167901419949
t+5,88,109,0.8645039200782776,0.7585445261845066
t+5,88,110,0.7903720736503601,0.7838240013171672
t+5,88,111,0.8820411562919617,0.7727096654236135
t+5,88,112,0.8254144191741943,0.8191905752119433
t+5,88,113,0.8125585317611694,0.8402716574479633
t+5,88,114,0.8202688097953796,0.8509697819205655
t+5,88,115,0.8573377132415771,0.7809521184672399
t+5,88,116,0.8516344428062439,0.8695484908454585
t+5,88,117,0.8965106010437012,0.8135744001966553
t+5,88,118,0.8492864370346069,0.8033857041442082
t+5,88,119,0.8446882963180542,0.8085750947633285
t+5,88,120,0.8288132548332214,0.8454445535674149
t+5,88,121,0.8943718671798706,0.8409609463634509
t+5,88,122,0.8741525411605835,0.8819105649462738
t+5,88,123,0.8941689133644104,0.8352754465298418
t+5,88,124,0.8539901971817017,0.8333191943168319
t+5,88,125,0.8220217823982239,0.8173180940840136
t+5,88,126,0.890483558177948,0.8775658644891245
t+5,88,127,0.882888913154602,0.8613177743234847
t+5,88,128,0.8426167964935303,0.8801018222322659
t+5,88,129,0.834376871585846,0.8388824510247278
t+5,88,130,0.8698809742927551,0.809159059095277
t+5,88,131,0.8442493081092834,0.8729538976270576
t+5,88,132,0.8403299450874329,0.8653412115217
t+5,88,133,0.8367244601249695,0.826552782030463
t+5,88,134,0.8458755612373352,0.8225623376186745
t+5,88,135,0.9114205837249756,0.8548929600807534
t+5,88,136,0.7403547167778015,0.8268638059490914
t+5,88,137,0.7900892496109009,0.826114134191596
t+5,88,138,0.7583097219467163,0.8231376125875149
t+5,88,139,0.7259368896484375,0.8299799545465908
t+5,88,140,0.7684255242347717,0.8906363800651316
t+5,88,141,0.7951711416244507,0.7404434183696086
t+5,88,142,0.8287652134895325,0.7752770814414754
t+5,88,143,0.7940407991409302,0.7471533507835063
t+5,88,144,0.7748407125473022,0.7263308952376448
t+5,88,145,0.7812936902046204,0.7542615473570371
t+5,88,146,0.7688899040222168,0.7816546005672703
t+5,88,147,0.7542094588279724,0.8130710441390816
t+5,88,148,0.6967291831970215,0.7797703759354995
t+5,88,149,0.7788940072059631,0.7619512532424139
t+5,88,150,0.7556827068328857,0.7679752105293547
t+5,88,151,0.7188272476196289,0.7548913706825219
t+5,88,152,0.7055841088294983,0.7414389340807377
t+5,88,153,0.7037162184715271,0.6968132144469398
t+5,88,154,0.7899514436721802,0.7628144733313386
t+5,88,155,0.6814395189285278,0.7413573952036937
t+5,88,156,0.7262850403785706,0.7159726855961467
t+5,88,157,0.6682650446891785,0.7045460680351088
t+5,88,158,0.7261251211166382,0.7021172867069924
t+5,88,159,0.7259972095489502,0.7728189508477146
t+5,88,160,0.7354121804237366,0.6811697840132702
t+5,88,161,0.7677851319313049,0.7221168216547803
t+5,88,162,0.8208716511726379,0.6672569320431739
t+5,88,163,0.6988290548324585,0.7244543229307824
t+5,88,164,0.750382125377655,0.7237881871755761
t+5,88,165,0.7094194889068604,0.7310808240263463
t+5,88,166,0.7478249669075012,0.753422964889948
t+5,88,167,0.7364296913146973,0.8012347906720945
t+5,88,168,0.7537845969200134,0.6955432522320706
t+5,88,169,0.7228512763977051,0.7330077752018822
t+5,88,170,0.7098322510719299,0.7062469745014128
t+5,88,171,0.7473145127296448,0.742477470359872
t+5,88,172,0.7479267716407776,0.7313242131364657
t+5,88,173,0.758696436882019,0.7372682699180129
t+5,88,174,0.7343263626098633,0.7177130625678577
t+5,88,175,0.7314236164093018,0.704762629080012
t+5,88,176,0.7829441428184509,0.7400396394485885
t+5,88,177,0.7269622683525085,0.741831421500228
t+5,88,178,0.7288929224014282,0.7411776100483258
t+5,88,179,0.7404109835624695,0.7292432272976057
t+5,88,180,0.7877248525619507,0.7244715593233209
t+5,88,181,0.6741795539855957,0.7652047060346655
t+5,88,182,0.822478175163269,0.7208646656378314
t+5,88,183,0.7527247071266174,0.721927179021017
t+5,88,184,0.7451948523521423,0.7327353285743519
t+5,88,185,0.7680323123931885,0.7683331134380021
t+5,88,186,0.8065763711929321,0.668696524739877
t+5,88,187,0.7211914658546448,0.8028768801050663
t+5,88,188,0.7682017087936401,0.7338927117821188
t+5,88,189,0.7765950560569763,0.735679838001759
t+5,88,190,0.7657887935638428,0.7508737687440492
t+5,88,191,0.7309952974319458,0.7831193360084016
t+5,88,192,0.8000232577323914,0.7133956007435637
t+5,88,193,0.7446891665458679,0.7488346939623284
t+5,88,194,0.8190533518791199,0.7549063999102728
t+5,88,195,0.8115118145942688,0.7442005627489267
t+5,88,196,0.8008923530578613,0.7216273845134827
t+5,88,197,0.7650337815284729,0.7787510024789185
t+5,88,198,0.8529762625694275,0.7321026491195998
t+5,88,199,0.8544607758522034,0.7944461245957568
t+5,88,200,0.8040764331817627,0.7854925236793052
t+5,88,201,0.8263921737670898,0.7791917605347825
t+5,88,202,0.7919126152992249,0.7435187530880021
t+5,88,203,0.9140647053718568,0.8287420588355183
t+5,88,204,0.8716835379600525,0.8298340711245206
t+5,88,205,0.8228288888931274,0.7789523294435314
t+5,88,206,0.8822479844093323,0.7999229408482782
t+5,88,207,0.8759953379631042,0.7677698961756924
t+5,88,208,0.8739148378372192,0.8846146345783774
t+5,88,209,0.926441490650177,0.8456276635445682
t+5,88,210,0.8518128991127014,0.7948477869725297
t+5,88,211,0.9434012174606324,0.853822634823736
t+5,88,212,0.9009365439414978,0.8492276526998493
t+5,88,213,0.85053950548172,0.8472619541078683
t+5,88,214,0.8870605230331421,0.894227701565521
t+5,88,215,0.9119828343391418,0.822566717944054
t+5,88,216,0.9037299752235411,0.9127056978229967
t+5,88,217,0.904483437538147,0.8689182287348234
t+5,88,218,0.9214460253715516,0.8239044160934389
t+5,88,219,0.9190593361854552,0.8554219369070057
t+5,88,220,0.930171549320221,0.879684114624802
t+5,88,221,0.8365898132324219,0.8707286921147845
t+5,88,222,0.920320451259613,0.8738796363076478
t+5,88,223,0.8288136124610901,0.8870164467919632
t+5,88,224,0.8650314807891846,0.8860592721896312
t+5,88,225,0.8536861538887024,0.8974622749374908
t+5,88,226,0.8580129146575928,0.8049814610695682
t+5,88,227,0.8377968668937683,0.886768819381877
t+5,88,228,0.8362931609153748,0.7958710876454351
t+5,88,229,0.7746585011482239,0.8338102971710453
t+5,88,230,0.7762242555618286,0.8249693956036489
t+5,88,231,0.7945230603218079,0.8264409687204167
t+5,88,232,0.7483413219451904,0.8071794820074394
t+5,88,233,0.8047579526901245,0.8066203579540644
t+5,88,234,0.8088982701301575,0.7470923964443476
t+5,88,235,0.6977772116661072,0.7470964673669614
t+5,88,236,0.6908046007156372,0.7650988270520249
t+5,88,237,0.7248032093048096,0.7318329860495935
t+5,88,238,0.7331238389015198,0.7776082210195976
t+5,88,239,0.6868233680725098,0.7817593284385079
t+5,88,240,0.7375882267951965,0.683034619689032
t+5,88,241,0.6653951406478882,0.6768769914256879
t+5,88,242,0.6393049955368042,0.709015945665806
t+5,88,243,0.6397806406021118,0.7157443394429733
t+5,88,244,0.7242358922958374,0.6714094709541737
t+5,88,245,0.6838956475257874,0.7208056388270815
t+5,88,246,0.6601722240447998,0.6521632749152118
t+5,88,247,0.6368701457977295,0.6277548780121828
t+5,88,248,0.5602496266365051,0.6276824210083123
t+5,88,249,0.597139835357666,0.707564215774811
t+5,88,250,0.6239756345748901,0.6685292516091235
t+5,88,251,0.5482529401779175,0.6460925745392715
t+5,88,252,0.5615292191505432,0.6242246449759511
t+5,88,253,0.589634120464325,0.5524040596285485
t+5,88,254,0.5709750652313232,0.5871734734899519
t+5,88,255,0.5846440196037292,0.6117725995827891
t+5,88,256,0.5274378657341003,0.5412296904164529
t+5,88,257,0.5009592771530151,0.5531515431988939
t+5,88,258,0.4677206575870514,0.5800084739146439
t+5,88,259,0.5237006545066833,0.5620939122492397
t+5,88,260,0.4593853950500488,0.5745575641570704
t+5,88,261,0.4750494360923767,0.5209870997541577
t+5,88,262,0.479797214269638,0.49642001966796423
t+5,88,263,0.402620404958725,0.4436902973448992
t+5,88,264,0.4501453042030334,0.5172352085901921
t+5,88,265,0.3982775807380676,0.4357557667600789
t+5,88,266,0.4352617263793945,0.4500113075949561
t+5,88,267,0.3890201449394226,0.45433208853653534
t+5,88,268,0.4850392937660217,0.3831353824660459
t+5,88,269,0.45130455493927,0.4265625305580488
t+5,88,270,0.4111283421516418,0.3787696030788973
t+5,88,271,0.4248022735118866,0.4125180425500762
t+5,88,272,0.3717250227928161,0.3698655242861405
t+5,88,273,0.4349928498268127,0.45817037038542313
t+5,88,274,0.4058353304862976,0.42732013024963894
t+5,88,275,0.3765545487403869,0.38998258172042133
t+5,88,276,0.3894103765487671,0.4022115300595342
t+5,88,277,0.3769910633563995,0.3539540601748756
t+5,88,278,0.4112568199634552,0.4117036461130309
t+5,88,279,0.3395996689796448,0.3843917354657456
t+5,88,280,0.3506714403629303,0.35725419752976206
t+5,88,281,0.313457578420639,0.36937626038880944
t+5,88,282,0.3293068706989288,0.35755365751268664
t+5,88,283,0.3598877787590027,0.3886730731716678
t+5,88,284,0.3584938645362854,0.32319828223527425
t+5,88,285,0.3256481289863586,0.33430501901167026
t+5,88,286,0.3214466571807861,0.29857038616508735
t+5,88,287,0.2982532382011413,0.3135008587653139
t+5,88,288,0.2949633002281189,0.34166604253207783
t+5,88,289,0.276928573846817,0.3399241347592185
t+5,89,0,0.5359925031661987,0.48236366379684786
t+5,89,1,0.4997884631156921,0.5530457284147492
t+5,89,2,0.5457741618156433,0.4779765533397705
t+5,89,3,0.5219637751579285,0.4905993008029178
t+5,89,4,0.5348378419876099,0.5967097594096341
t+5,89,5,0.5533967018127441,0.5695515454516741
t+5,89,6,0.5013695955276489,0.5143466529937228
t+5,89,7,0.5047959089279175,0.5783409903038258
t+5,89,8,0.557978630065918,0.5563402174461908
t+5,89,9,0.6585337519645691,0.5682221615786996
t+5,89,10,0.6181333661079407,0.5851706756367345
t+5,89,11,0.5610552430152893,0.5366941844988653
t+5,89,12,0.4963817894458771,0.5396963674664607
t+5,89,13,0.6614317297935486,0.5887310846859869
t+5,89,14,0.581047534942627,0.6824461547101203
t+5,89,15,0.6074022054672241,0.6453495083998384
t+5,89,16,0.5975863337516785,0.5910484437663879
t+5,89,17,0.6190319061279297,0.5094545330228692
t+5,89,18,0.5923175811767578,0.6852635961727617
t+5,89,19,0.6627614498138428,0.6096244197341066
t+5,89,20,0.5818564295768738,0.6345100186194618
t+5,89,21,0.6081933975219727,0.6240895420917455
t+5,89,22,0.6478139758110046,0.6439660883693863
t+5,89,23,0.6607283353805542,0.6189769993722113
t+5,89,24,0.6905794143676758,0.6858308948181008
t+5,89,25,0.6859312653541565,0.6092169200594769
t+5,89,26,0.6435625553131104,0.6334713101546462
t+5,89,27,0.5840051770210266,0.6719792529085521
t+5,89,28,0.6234689354896545,0.6831532325865501
t+5,89,29,0.6207093596458435,0.709959290229984
t+5,89,30,0.6335659027099609,0.7066641405341036
t+5,89,31,0.6258072853088379,0.666242011266694
t+5,89,32,0.6242300868034363,0.6096036402711232
t+5,89,33,0.6208466291427612,0.6469055802388982
t+5,89,34,0.6635500192642212,0.6442279174515844
t+5,89,35,0.6151850819587708,0.6565020548060345
t+5,89,36,0.6666314005851746,0.6484994738859623
t+5,89,37,0.6241188645362854,0.6472424735445852
t+5,89,38,0.6124555468559265,0.6439252480328002
t+5,89,39,0.6133094429969788,0.6829302785301412
t+5,89,40,0.6100300550460815,0.6374916855142814
t+5,89,41,0.5555875301361084,0.6871095835802234
t+5,89,42,0.6032789349555969,0.6458165841352488
t+5,89,43,0.5588657855987549,0.6347254434437664
t+5,89,44,0.5687575340270996,0.6351668593097716
t+5,89,45,0.5764322876930237,0.6324359398150701
t+5,89,46,0.605235755443573,0.5815291590783792
t+5,89,47,0.5456379652023315,0.6261836419281125
t+5,89,48,0.5393498539924622,0.5838895853082033
t+5,89,49,0.504368245601654,0.5931791977791424
t+5,89,50,0.5710849761962891,0.6003342217461084
t+5,89,51,0.5414122343063354,0.6265734922702694
t+5,89,52,0.540399432182312,0.5716101215578091
t+5,89,53,0.4976798892021179,0.5651605926867292
t+5,89,54,0.5574619174003601,0.5326391852246494
t+5,89,55,0.5452919602394104,0.5944446762079658
t+5,89,56,0.5210224986076355,0.5666944071886627
t+5,89,57,0.4695324301719665,0.5655458060139105
t+5,89,58,0.5054733753204346,0.5041431472933189
t+5,89,59,0.4831050634384155,0.5812050576532641
t+5,89,60,0.4453241229057312,0.5696958376986907
t+5,89,61,0.4500083029270172,0.5469065910827847
t+5,89,62,0.5152446627616882,0.477296595013959
t+5,89,63,0.4629761874675751,0.5322345743647398
t+5,89,64,0.4327050447463989,0.48970589710364937
t+5,89,65,0.4811520576477051,0.45469555245402193
t+5,89,66,0.5056476593017578,0.45872662381401424
t+5,89,67,0.5180650353431702,0.5404809924001929
t+5,89,68,0.433536946773529,0.4705467462958773
t+5,89,69,0.4637669920921325,0.44267908291426405
t+5,89,70,0.5002316236495972,0.4869645954521114
t+5,89,71,0.4695537686347961,0.5311029430235065
t+5,89,72,0.4852746427059173,0.5423763667457593
t+5,89,73,0.4276746213436126,0.44286679128358725
t+5,89,74,0.4305620193481445,0.4702567367756785
t+5,89,75,0.5500364303588867,0.5254637958618962
t+5,89,76,0.4943324327468872,0.47529947262286415
t+5,89,77,0.4803087413311004,0.489609370497785
t+5,89,78,0.4811297357082367,0.43598540994112106
t+5,89,79,0.4611040949821472,0.43893535679266726
t+5,89,80,0.4632285833358764,0.5706733261381023
t+5,89,81,0.4248166680335998,0.49739495559873304
t+5,89,82,0.4783324897289276,0.48424121615878674
t+5,89,83,0.4899715483188629,0.4849487733021268
t+5,89,84,0.5066750645637512,0.46627689116447274
t+5,89,85,0.4935775697231293,0.46794422549214215
t+5,89,86,0.5079112648963928,0.43246018401668423
t+5,89,87,0.5282500386238098,0.4815470946609943
t+5,89,88,0.5406867861747742,0.4922636901509675
t+5,89,89,0.5772194266319275,0.5291992700646356
t+5,89,90,0.5460566878318787,0.4952465877023311
t+5,89,91,0.5072203874588013,0.5299971865079813
t+5,89,92,0.5239423513412476,0.5486340254763613
t+5,89,93,0.4974733293056488,0.5598045362295759
t+5,89,94,0.5238020420074463,0.5939748725201691
t+5,89,95,0.5372034311294556,0.5649760346152168
t+5,89,96,0.6028382778167725,0.5285927534836031
t+5,89,97,0.5592384338378906,0.5440251064785573
t+5,89,98,0.5865081548690796,0.4975627217800749
t+5,89,99,0.5455599427223206,0.5434248591136833
t+5,89,100,0.5782608389854431,0.5558714321057145
t+5,89,101,0.5383691191673279,0.6160557335269767
t+5,89,102,0.6138153076171875,0.5759221702407571
t+5,89,103,0.6605030298233032,0.6011016816764212
t+5,89,104,0.6373170614242554,0.5627618713487832
t+5,89,105,0.6101292371749878,0.5931939345473065
t+5,89,106,0.6040449142456055,0.5560017642857701
t+5,89,107,0.6415092349052429,0.6252348679860104
t+5,89,108,0.6525812149047852,0.6696099323273697
t+5,89,109,0.7339010834693909,0.6473123988344696
t+5,89,110,0.5988684892654419,0.6215888705031608
t+5,89,111,0.6308344602584839,0.6163733370646104
t+5,89,112,0.6721748113632202,0.6514496822846447
t+5,89,113,0.6599100828170776,0.6605208615977806
t+5,89,114,0.7250273823738098,0.7385749891757837
t+5,89,115,0.6642565727233887,0.6101658022431913
t+5,89,116,0.6840301156044006,0.6408495399919344
t+5,89,117,0.6609455943107605,0.6790591684664917
t+5,89,118,0.7464350461959839,0.6669223851519734
t+5,89,119,0.7519509792327881,0.7273342633141623
t+5,89,120,0.7265868782997131,0.6709211815220388
t+5,89,121,0.7311601042747498,0.6877461196310704
t+5,89,122,0.7778970003128052,0.6674540387320067
t+5,89,123,0.7111362218856812,0.7469053653064393
t+5,89,124,0.7119879722595215,0.7420485641831089
t+5,89,125,0.7952515482902527,0.7298643079653941
t+5,89,126,0.769855260848999,0.7329083444476029
t+5,89,127,0.7184503674507141,0.7671295363078631
t+5,89,128,0.7828415632247925,0.7152527889202006
t+5,89,129,0.710887610912323,0.7165286245789867
t+5,89,130,0.7063195705413818,0.7836410492397984
t+5,89,131,0.7375053763389587,0.7587422288247239
t+5,89,132,0.7642602324485779,0.7218651463775871
t+5,89,133,0.7055830955505371,0.7706786397620798
t+5,89,134,0.6707783937454224,0.7128035596669149
t+5,89,135,0.8103830814361572,0.7077615010183408
t+5,89,136,0.7585166096687317,0.7376481224540679
t+5,89,137,0.7384516000747681,0.7540317574417361
t+5,89,138,0.7130770087242126,0.7081802344267996
t+5,89,139,0.7350602149963379,0.6742603998996795
t+5,89,140,0.7407417297363281,0.7978373186788497
t+5,89,141,0.6620668172836304,0.7455629308335942
t+5,89,142,0.7088906168937683,0.7368651750641594
t+5,89,143,0.7237987518310547,0.7138729207476231
t+5,89,144,0.671690821647644,0.7340898146779574
t+5,89,145,0.7446560263633728,0.7394500237814999
t+5,89,146,0.698110044002533,0.6658562006138553
t+5,89,147,0.6876136064529419,0.7089614208246972
t+5,89,148,0.7127096652984619,0.7226355300898999
t+5,89,149,0.65153968334198,0.6743268986378008
t+5,89,150,0.6341022849082947,0.7419003932960316
t+5,89,151,0.7521938681602478,0.6974070147159076
t+5,89,152,0.716770350933075,0.6888480574214394
t+5,89,153,0.651128888130188,0.7116667410965547
t+5,89,154,0.6056134104728699,0.6534262533734568
t+5,89,155,0.6637197732925415,0.6370731360809928
t+5,89,156,0.6169131398200989,0.7386988397724048
t+5,89,157,0.5924158096313477,0.71538257098464
t+5,89,158,0.642462432384491,0.6528595012094747
t+5,89,159,0.5382953882217407,0.6091740869379795
t+5,89,160,0.6119303703308105,0.6641331699124051
t+5,89,161,0.5988707542419434,0.6201557755831687
t+5,89,162,0.6755095720291138,0.5970117072564854
t+5,89,163,0.5954223871231079,0.6428985749169278
t+5,89,164,0.6445056200027466,0.5465877104004454
t+5,89,165,0.5973941087722778,0.6149873769807399
t+5,89,166,0.5956493616104126,0.6022283685295448
t+5,89,167,0.5919643640518188,0.6742197233462006
t+5,89,168,0.6197093725204468,0.5986809617406733
t+5,89,169,0.6308521032333374,0.6443247700554173
t+5,89,170,0.6006010174751282,0.6002681034694098
t+5,89,171,0.6107159852981567,0.5985352658312146
t+5,89,172,0.5668038725852966,0.5951983640592977
t+5,89,173,0.614543616771698,0.6213025808534435
t+5,89,174,0.5510438680648804,0.631256984393414
t+5,89,175,0.6221006512641907,0.6023553365817125
t+5,89,176,0.5721461176872253,0.6123447307186125
t+5,89,177,0.6122934222221375,0.5712999992618725
t+5,89,178,0.6154146790504456,0.6147182901169417
t+5,89,179,0.609362006187439,0.5557606510742851
t+5,89,180,0.5907938480377197,0.6220050705710078
t+5,89,181,0.6146032214164734,0.575583292188246
t+5,89,182,0.6251978874206543,0.6127178168735605
t+5,89,183,0.6336222290992737,0.6157078378181331
t+5,89,184,0.5956703424453735,0.6092551292478515
t+5,89,185,0.6346299052238464,0.5925824253996791
t+5,89,186,0.5946206450462341,0.6142310787773606
t+5,89,187,0.6124820709228516,0.6240360679587131
t+5,89,188,0.6484387516975403,0.6309838962927756
t+5,89,189,0.6386327147483826,0.5963004041940373
t+5,89,190,0.643302857875824,0.6317705443489902
t+5,89,191,0.6435179710388184,0.5942837829792489
t+5,89,192,0.6279289126396179,0.6117331538976899
t+5,89,193,0.6967033743858337,0.6444102246062952
t+5,89,194,0.6344754695892334,0.6357889668030333
t+5,89,195,0.6918045282363892,0.6388933973672493
t+5,89,196,0.648907482624054,0.6394223742221631
t+5,89,197,0.6431070566177368,0.6248267453516335
t+5,89,198,0.6551094055175781,0.6893838844756195
t+5,89,199,0.7387296557426453,0.6303111387714988
t+5,89,200,0.6640247106552124,0.6844091519443355
t+5,89,201,0.6875035166740417,0.6433838287444071
t+5,89,202,0.7355799674987793,0.6375384362898437
t+5,89,203,0.6957533955574036,0.6496133385925511
t+5,89,204,0.6746392250061035,0.7288008689654265
t+5,89,205,0.6755228638648987,0.6574037318588755
t+5,89,206,0.7317195534706116,0.6779197086283245
t+5,89,207,0.6939501166343689,0.7249645510982511
t+5,89,208,0.6924976706504822,0.6851514215305208
t+5,89,209,0.6972729563713074,0.6674026935286617
t+5,89,210,0.7095788717269897,0.6670224579648565
t+5,89,211,0.7107401490211487,0.718729753216811
t+5,89,212,0.6878702044487,0.6844216055530716
t+5,89,213,0.6656911373138428,0.682578687619894
t+5,89,214,0.7452793121337891,0.687119679775343
t+5,89,215,0.7567055821418762,0.6975413486508896
t+5,89,216,0.691582202911377,0.6997212883756629
t+5,89,217,0.7031157612800598,0.6783552103583719
t+5,89,218,0.7135738730430603,0.6560421443008569
t+5,89,219,0.6676656603813171,0.7324591493277814
t+5,89,220,0.6908913850784302,0.7339572376739036
t+5,89,221,0.6837692856788635,0.6804544504035984
t+5,89,222,0.7239206433296204,0.6902555586219541
t+5,89,223,0.6921550631523132,0.7012561404215457
t+5,89,224,0.667910099029541,0.6579188564004274
t+5,89,225,0.6272876858711243,0.6793382841887883
t+5,89,226,0.695351779460907,0.6715207362116091
t+5,89,227,0.6694112420082092,0.7091383975051376
t+5,89,228,0.5893073081970215,0.6808598889018497
t+5,89,229,0.6549808979034424,0.6566359846266331
t+5,89,230,0.6773619651794434,0.6196338860966282
t+5,89,231,0.7049885392189026,0.6827091572977492
t+5,89,232,0.6803512573242188,0.6568300676785283
t+5,89,233,0.6439197659492493,0.5829599586447752
t+5,89,234,0.6851246953010559,0.6441035015091722
t+5,89,235,0.6006383299827576,0.6661967224267975
t+5,89,236,0.6728043556213379,0.6904676563283576
t+5,89,237,0.672329306602478,0.6662203908433938
t+5,89,238,0.6428269743919373,0.6345899016665731
t+5,89,239,0.5656420588493347,0.6721325515131317
t+5,89,240,0.4954441785812378,0.5919296821004939
t+5,89,241,0.6535609364509583,0.6595665312874854
t+5,89,242,0.5804906487464905,0.6599948961273353
t+5,89,243,0.5617439150810242,0.6317345226740514
t+5,89,244,0.5655233263969421,0.5592915526643474
t+5,89,245,0.5856894850730896,0.4723624204803532
t+5,89,246,0.4845431745052337,0.641660457445127
t+5,89,247,0.5701554417610168,0.5724221939845927
t+5,89,248,0.5612998008728027,0.5549354978637251
t+5,89,249,0.5514215230941772,0.5586612965793794
t+5,89,250,0.5428999066352844,0.5769024544294326
t+5,89,251,0.4472806453704834,0.46140663546076593
t+5,89,252,0.491934210062027,0.5621191831485044
t+5,89,253,0.5396852493286133,0.5539602487684502
t+5,89,254,0.4901108741760254,0.5443364415023094
t+5,89,255,0.53181391954422,0.5361938549548234
t+5,89,256,0.4942116439342499,0.4263049577408597
t+5,89,257,0.4605900347232818,0.4671629295584266
t+5,89,258,0.5105072855949402,0.5327863526392307
t+5,89,259,0.4903048574924469,0.46525553975322764
t+5,89,260,0.5056160092353821,0.5252705112720534
t+5,89,261,0.4768159389495849,0.46863168872102734
t+5,89,262,0.3890278041362762,0.4373482788228005
t+5,89,263,0.4254825413227081,0.5050887623673995
t+5,89,264,0.3731625080108642,0.46463393855834034
t+5,89,265,0.3675399124622345,0.5002423355893069
t+5,89,266,0.4584473669528961,0.45194408894319804
t+5,89,267,0.4118552207946777,0.37178535856653117
t+5,89,268,0.3900935351848602,0.40411115491063515
t+5,89,269,0.3909298479557037,0.35626552742312145
t+5,89,270,0.4575400054454803,0.35117449457382827
t+5,89,271,0.4256947040557861,0.43385855181745153
t+5,89,272,0.4209008812904358,0.3912448626821688
t+5,89,273,0.4184050559997558,0.3712747265873096
t+5,89,274,0.3688554167747497,0.37188308035034784
t+5,89,275,0.3164815306663513,0.43238082999715616
t+5,89,276,0.3081099390983581,0.4029697277512748
t+5,89,277,0.3964378237724304,0.3984511997336836
t+5,89,278,0.4027194678783417,0.3959524019114735
t+5,89,279,0.3526457548141479,0.35089239701787484
t+5,89,280,0.3518548309803009,0.30270320705791015
t+5,89,281,0.3413726091384887,0.2955348540012524
t+5,89,282,0.3355242013931274,0.3755741263785814
t+5,89,283,0.3580395877361297,0.3805433756631191
t+5,89,284,0.3060476183891296,0.33510371763385166
t+5,89,285,0.3745434880256653,0.33505894899409194
t+5,89,286,0.3089344203472137,0.3256825637384632
t+5,89,287,0.3457051217556,0.31941220298237877
t+5,89,288,0.3045788407325744,0.3394190248182553
t+5,89,289,0.3314518630504608,0.29161963205852015
t+5,90,0,0.2637799680233001,0.3455102593610765
t+5,90,1,0.3314352929592132,0.3448379805758756
t+5,90,2,0.2763629555702209,0.2850623344087235
t+5,90,3,0.2711656093597412,0.33356471415939387
t+5,90,4,0.3399376273155212,0.3741635410549269
t+5,90,5,0.2498106807470321,0.2989069265843019
t+5,90,6,0.2910193502902984,0.35887001382299727
t+5,90,7,0.3611792027950287,0.308627459738016
t+5,90,8,0.2995355129241943,0.30537651357685586
t+5,90,9,0.2493032664060592,0.3669429759124141
t+5,90,10,0.2799752056598663,0.2855667992186423
t+5,90,11,0.3204881250858307,0.32202182844323907
t+5,90,12,0.3663811981678009,0.38617360871635725
t+5,90,13,0.2728736996650696,0.3304764627021154
t+5,90,14,0.3309935629367828,0.2834883019089547
t+5,90,15,0.338823527097702,0.31134865376016224
t+5,90,16,0.383003830909729,0.34842080567427586
t+5,90,17,0.3597946166992187,0.3898036488143589
t+5,90,18,0.3392016291618347,0.3042605628767171
t+5,90,19,0.3366544842720032,0.3577208106148868
t+5,90,20,0.3816987872123718,0.36529429148850423
t+5,90,21,0.3649412095546722,0.4047251811295965
t+5,90,22,0.3537609279155731,0.3832518633961741
t+5,90,23,0.3472160100936889,0.36502219636308575
t+5,90,24,0.3998047709465027,0.3613271151518836
t+5,90,25,0.3716340363025665,0.40283908227285264
t+5,90,26,0.365989625453949,0.38728345115802487
t+5,90,27,0.4288908839225769,0.3767245570316961
t+5,90,28,0.4236489832401275,0.37094634237906443
t+5,90,29,0.3896980285644531,0.41857504636988446
t+5,90,30,0.4495064616203308,0.3927408031724854
t+5,90,31,0.4756557941436767,0.38756900515093057
t+5,90,32,0.4587243795394897,0.44480311118735705
t+5,90,33,0.5033104419708252,0.44024551234283044
t+5,90,34,0.417276918888092,0.40837151544574757
t+5,90,35,0.5485016703605652,0.4630771089506776
t+5,90,36,0.4906663000583648,0.48748476796794926
t+5,90,37,0.5296807885169983,0.4717575117782459
t+5,90,38,0.4848453104496002,0.5342019662346413
t+5,90,39,0.4723291099071502,0.4327559798894863
t+5,90,40,0.5486615300178528,0.575694814683298
t+5,90,41,0.5411527156829834,0.5003658888872962
t+5,90,42,0.5631936192512512,0.5578906725082977
t+5,90,43,0.5039225816726685,0.49468923250677416
t+5,90,44,0.5836449265480042,0.48300007056589317
t+5,90,45,0.5818460583686829,0.5749873255701959
t+5,90,46,0.5502853393554688,0.5678735488198539
t+5,90,47,0.5651896595954895,0.5881229608642068
t+5,90,48,0.6056126952171326,0.5331715611625673
t+5,90,49,0.5769334435462952,0.6070276070910257
t+5,90,50,0.5531193614006042,0.6045776997964877
t+5,90,51,0.6085405945777893,0.5754712041455962
t+5,90,52,0.5486969351768494,0.5891186378692292
t+5,90,53,0.5149018168449402,0.6277683441044274
t+5,90,54,0.6433016657829285,0.60026184230302
t+5,90,55,0.5356877446174622,0.5779148248451477
t+5,90,56,0.604463517665863,0.6294849647994755
t+5,90,57,0.5883385539054871,0.5733349219987997
t+5,90,58,0.5205448865890503,0.5417846956435914
t+5,90,59,0.5811213254928589,0.6617916228382534
t+5,90,60,0.5459907054901123,0.5607471555398971
t+5,90,61,0.5397809743881226,0.6240028572638934
t+5,90,62,0.5045042634010315,0.6092061895495635
t+5,90,63,0.5554024577140808,0.5461958737901762
t+5,90,64,0.5643861293792725,0.6024716060378061
t+5,90,65,0.4815575778484344,0.5694166138244767
t+5,90,66,0.5737772583961487,0.5637713814892533
t+5,90,67,0.5393644571304321,0.5306964708613924
t+5,90,68,0.4327236413955688,0.5778600280405752
t+5,90,69,0.4228107929229736,0.58589009381257
t+5,90,70,0.5092533826828003,0.4873739977252015
t+5,90,71,0.5019035935401917,0.594401664519245
t+5,90,72,0.5204012393951416,0.562186275160454
t+5,90,73,0.5050848722457886,0.44203056872452634
t+5,90,74,0.5654336810112,0.4322786147877162
t+5,90,75,0.5037232637405396,0.5337876683020092
t+5,90,76,0.527433454990387,0.5268568440879198
t+5,90,77,0.581237256526947,0.5437812094453482
t+5,90,78,0.5495600700378418,0.5294842147114805
t+5,90,79,0.5452976226806641,0.5852989945665867
t+5,90,80,0.5735050439834595,0.5279116973809047
t+5,90,81,0.5894805788993835,0.5497724573242837
t+5,90,82,0.600303590297699,0.5990675813228012
t+5,90,83,0.5872182250022888,0.5699829990007179
t+5,90,84,0.628265380859375,0.5658110758620453
t+5,90,85,0.6470828652381897,0.5920161652753574
t+5,90,86,0.6411404013633728,0.6068277783867848
t+5,90,87,0.69374018907547,0.6167057097837403
t+5,90,88,0.6572863459587097,0.6038874518749581
t+5,90,89,0.6628108024597168,0.6419256119512452
t+5,90,90,0.7102925777435303,0.6600241960476039
t+5,90,91,0.6534723043441772,0.6534824973962203
t+5,90,92,0.7145607471466064,0.7040454436476492
t+5,90,93,0.7186945080757141,0.6680575385189516
t+5,90,94,0.7180063724517822,0.6750970411937757
t+5,90,95,0.7974584102630615,0.7194358665842113
t+5,90,96,0.7634199857711792,0.664636839242412
t+5,90,97,0.7445045113563538,0.7217484401620132
t+5,90,98,0.7542939782142639,0.7267516894782483
t+5,90,99,0.7633641362190247,0.7270655002963382
t+5,90,100,0.8071306347846985,0.7918812027365181
t+5,90,101,0.8034021854400635,0.7572729277549687
t+5,90,102,0.7696965336799622,0.7498073343173502
t+5,90,103,0.7573744058609009,0.7498512987131654
t+5,90,104,0.7986889481544495,0.7588861481411192
t+5,90,105,0.7295043468475342,0.798491460742831
t+5,90,106,0.8228309154510498,0.7943193151421448
t+5,90,107,0.7877600789070129,0.7642565931509431
t+5,90,108,0.769694447517395,0.750847506641558
t+5,90,109,0.8024245500564575,0.7908424999680841
t+5,90,110,0.7944349050521851,0.7342005897872275
t+5,90,111,0.7366538643836975,0.8126623279773911
t+5,90,112,0.8648456931114197,0.7797236750890331
t+5,90,113,0.745818555355072,0.7615687167839489
t+5,90,114,0.7582469582557678,0.7926517347228138
t+5,90,115,0.8483989238739014,0.7851334781777276
t+5,90,116,0.8260440826416016,0.7399297594097991
t+5,90,117,0.7869054079055786,0.8515957186415533
t+5,90,118,0.7797289490699768,0.7475473046144019
t+5,90,119,0.8090881705284119,0.7502461939836746
t+5,90,120,0.8541859984397888,0.8368626692824865
t+5,90,121,0.7814792990684509,0.8157644890027266
t+5,90,122,0.8614181876182556,0.7770860862946497
t+5,90,123,0.7972004413604736,0.7713953960491103
t+5,90,124,0.9001105427742004,0.797305240885032
t+5,90,125,0.9037732481956482,0.8389424153066191
t+5,90,126,0.935633420944214,0.7705179909703763
t+5,90,127,0.8822789788246155,0.8472511024400411
t+5,90,128,0.8605706691741943,0.7854045472426412
t+5,90,129,0.8119955658912659,0.8855658750778398
t+5,90,130,0.8381684422492981,0.8888732120889675
t+5,90,131,0.8457880020141602,0.9162478767387424
t+5,90,132,0.828576922416687,0.8654255333997989
t+5,90,133,0.8650622367858887,0.8458093264366745
t+5,90,134,0.8053702116012573,0.7984395708175487
t+5,90,135,0.7948145270347595,0.8201919161915175
t+5,90,136,0.8137438297271729,0.8300780899525511
t+5,90,137,0.8362837433815002,0.8149062308497549
t+5,90,138,0.8234157562255859,0.8500268724060687
t+5,90,139,0.8580568432807922,0.7920918083304289
t+5,90,140,0.8126979470252991,0.7818942494878383
t+5,90,141,0.8344330787658691,0.8008473007030057
t+5,90,142,0.7454129457473755,0.8230952868346146
t+5,90,143,0.8069086074829102,0.8100652050549204
t+5,90,144,0.7785924673080444,0.8427686342934767
t+5,90,145,0.7716875076293945,0.8002973866237381
t+5,90,146,0.8132472634315491,0.8194175784698461
t+5,90,147,0.7720576524734497,0.7435045061036171
t+5,90,148,0.7578611373901367,0.7902645477678064
t+5,90,149,0.7363089323043823,0.7647600715523767
t+5,90,150,0.7234805226325989,0.7558051785236858
t+5,90,151,0.724012553691864,0.797983982579736
t+5,90,152,0.6928666830062866,0.7587432564260467
t+5,90,153,0.7577572464942932,0.7442596986924569
t+5,90,154,0.6334019303321838,0.733667985505368
t+5,90,155,0.724119246006012,0.7203656187867442
t+5,90,156,0.6810029149055481,0.7214677396717317
t+5,90,157,0.6499387621879578,0.6923182067315841
t+5,90,158,0.6591612696647644,0.7443607355843587
t+5,90,159,0.6368424296379089,0.6354465032709631
t+5,90,160,0.6628153324127197,0.720548163645894
t+5,90,161,0.6047764420509338,0.6789036529810902
t+5,90,162,0.6630814671516418,0.6502846607847174
t+5,90,163,0.6350459456443787,0.6593451395108806
t+5,90,164,0.6146682500839233,0.6379544361618572
t+5,90,165,0.6118284463882446,0.6617329866421463
t+5,90,166,0.5962011218070984,0.6080008166585054
t+5,90,167,0.6422713398933411,0.6636081633759525
t+5,90,168,0.6220099329948425,0.63617023824816
t+5,90,169,0.6231095194816589,0.6167019620109827
t+5,90,170,0.6679365038871765,0.6140504055648462
t+5,90,171,0.6390184164047241,0.5988425542361591
t+5,90,172,0.584955632686615,0.6426840848281793
t+5,90,173,0.599650502204895,0.6233444050685014
t+5,90,174,0.6481404304504395,0.6244191240958258
t+5,90,175,0.6612107157707214,0.6659604245227515
t+5,90,176,0.5953702926635742,0.6391287224504132
t+5,90,177,0.5708991885185242,0.5881484884999971
t+5,90,178,0.6209592223167419,0.6018856025822071
t+5,90,179,0.5334637761116028,0.6468000422958521
t+5,90,180,0.6074930429458618,0.6576563945096154
t+5,90,181,0.6222169995307922,0.5968083545785615
t+5,90,182,0.5982764363288879,0.574471594965334
t+5,90,183,0.5136949419975281,0.6206217499915119
t+5,90,184,0.5992039442062378,0.5389181644780953
t+5,90,185,0.6698620915412903,0.6082757097212247
t+5,90,186,0.6059436798095703,0.6212113275618143
t+5,90,187,0.6484359502792358,0.5983405928143587
t+5,90,188,0.549525797367096,0.519933048025049
t+5,90,189,0.599639356136322,0.5987964800504323
t+5,90,190,0.637165367603302,0.6659513693520119
t+5,90,191,0.6252025961875916,0.6057383622643937
t+5,90,192,0.641601026058197,0.6449458364461875
t+5,90,193,0.6566566824913025,0.5525480074683693
t+5,90,194,0.6021835207939148,0.5985726930912386
t+5,90,195,0.6743676662445068,0.6326842055065077
t+5,90,196,0.6656115055084229,0.621758708669305
t+5,90,197,0.657647967338562,0.6378430697521313
t+5,90,198,0.711037278175354,0.6517182580229288
t+5,90,199,0.6951557993888855,0.6006522631106063
t+5,90,200,0.6589398384094238,0.6675377175577715
t+5,90,201,0.6664129495620728,0.659941692098022
t+5,90,202,0.7094324827194214,0.6524767091650284
t+5,90,203,0.6796600818634033,0.7009830408484922
t+5,90,204,0.6616643667221069,0.6859847146840874
t+5,90,205,0.740674614906311,0.6517177366397309
t+5,90,206,0.6859596967697144,0.6583346098095645
t+5,90,207,0.6951183676719666,0.7002881625278534
t+5,90,208,0.6628149151802063,0.6711113022989748
t+5,90,209,0.7054175138473511,0.6538106913029539
t+5,90,210,0.6122881174087524,0.7294667501159637
t+5,90,211,0.7140551805496216,0.6761727914820881
t+5,90,212,0.7339272499084473,0.6846782836857513
t+5,90,213,0.7178616523742676,0.6548660562101197
t+5,90,214,0.713875949382782,0.6962950297526403
t+5,90,215,0.7077434062957764,0.6075148658565078
t+5,90,216,0.6785898208618164,0.7026355537550784
t+5,90,217,0.671263575553894,0.7206258218743086
t+5,90,218,0.6443526744842529,0.7050325506648998
t+5,90,219,0.6400606632232666,0.7013514533756531
t+5,90,220,0.7399051785469055,0.697173314006515
t+5,90,221,0.6681760549545288,0.668049961381737
t+5,90,222,0.7293381094932556,0.6611538286187458
t+5,90,223,0.7325164079666138,0.6354762491952038
t+5,90,224,0.7011709809303284,0.6315193370426585
t+5,90,225,0.6666731238365173,0.7251291812202002
t+5,90,226,0.6871426105499268,0.6577900478953334
t+5,90,227,0.6932126879692078,0.7157412580967775
t+5,90,228,0.7471657991409302,0.7192534492380822
t+5,90,229,0.6418532729148865,0.6880267623836986
t+5,90,230,0.7047173976898193,0.6555419883967141
t+5,90,231,0.710604190826416,0.6738514873919093
t+5,90,232,0.6462116837501526,0.6793992531031675
t+5,90,233,0.7038144469261169,0.7299940373510652
t+5,90,234,0.6892520785331726,0.630808167985501
t+5,90,235,0.6610933542251587,0.6916862586283008
t+5,90,236,0.6645122766494751,0.6968651179592884
t+5,90,237,0.6528778672218323,0.6349732873580939
t+5,90,238,0.6682102084159851,0.6895793057361238
t+5,90,239,0.6161827445030212,0.6755847767620535
t+5,90,240,0.5893492698669434,0.6493149654841609
t+5,90,241,0.5773598551750183,0.6526965998400305
t+5,90,242,0.5756586194038391,0.6404201515491782
t+5,90,243,0.6254081130027771,0.6555499390733297
t+5,90,244,0.5649414658546448,0.6068262444671432
t+5,90,245,0.5317211747169495,0.5812800696414436
t+5,90,246,0.5069265365600586,0.5693572989864532
t+5,90,247,0.5506317615509033,0.5681402886138724
t+5,90,248,0.5617222785949707,0.6143755090929419
t+5,90,249,0.4902506470680237,0.5583366708640932
t+5,90,250,0.5003371834754944,0.5268517264092654
t+5,90,251,0.5229616761207581,0.503667009173678
t+5,90,252,0.4631811678409576,0.5439453607818627
t+5,90,253,0.5050556063652039,0.5538106842532997
t+5,90,254,0.5613412261009216,0.4661140095946374
t+5,90,255,0.5077394247055054,0.4969592813410802
t+5,90,256,0.5516061186790466,0.5178746952914483
t+5,90,257,0.3975984752178192,0.4405760521399346
t+5,90,258,0.4352316260337829,0.5008346886736954
t+5,90,259,0.4664890170097351,0.5529680180475463
t+5,90,260,0.526466965675354,0.5029725422535589
t+5,90,261,0.4369835555553436,0.543780849819407
t+5,90,262,0.4059149622917175,0.3791904119986745
t+5,90,263,0.4644566774368286,0.4143930776368031
t+5,90,264,0.398272305727005,0.44264568794822884
t+5,90,265,0.41995769739151,0.519445648385248
t+5,90,266,0.4294015765190124,0.41512945884595015
t+5,90,267,0.440412700176239,0.3864965976048462
t+5,90,268,0.4175698161125183,0.4403295594191738
t+5,90,269,0.4638152420520782,0.3794591697397365
t+5,90,270,0.3587440848350525,0.3984816071104007
t+5,90,271,0.3936045169830322,0.40753277763760176
t+5,90,272,0.4080583155155182,0.4174160858819131
t+5,90,273,0.3964468240737915,0.396084740813158
t+5,90,274,0.3805849552154541,0.4387878442267064
t+5,90,275,0.3113827705383301,0.34237881178340246
t+5,90,276,0.3418777287006378,0.37401915988399015
t+5,90,277,0.3212239444255829,0.3857881481707352
t+5,90,278,0.3406495451927185,0.3755370829058356
t+5,90,279,0.3356865644454956,0.361126673136666
t+5,90,280,0.3043745458126068,0.2991763813998031
t+5,90,281,0.2903254926204681,0.32542061184912013
t+5,90,282,0.3258494436740875,0.3068900577605873
t+5,90,283,0.2791979610919952,0.3241815762289786
t+5,90,284,0.3530560433864593,0.31989442652380856
t+5,90,285,0.3771468698978424,0.2914012062228091
t+5,90,286,0.3031355142593384,0.2785830561091559
t+5,90,287,0.2993995547294616,0.3109398788460064
t+5,90,288,0.283695787191391,0.2688712365686768
t+5,90,289,0.3378477990627289,0.3335956172882875
t+5,91,0,0.3354243636131286,0.2921860110354538
t+5,91,1,0.2743414342403412,0.34049253401322876
t+5,91,2,0.2429990172386169,0.3022180854764412
t+5,91,3,0.3487453162670135,0.29899055561773163
t+5,91,4,0.3505622148513794,0.383900296387621
t+5,91,5,0.3129207789897918,0.3642189745451158
t+5,91,6,0.2957097291946411,0.30673036821294225
t+5,91,7,0.3550744652748108,0.2785992232185648
t+5,91,8,0.4156660437583923,0.37473633774934867
t+5,91,9,0.3705671727657318,0.3756662988615986
t+5,91,10,0.3167724013328552,0.3420310104936264
t+5,91,11,0.3331742882728576,0.3267693897329814
t+5,91,12,0.2784624993801117,0.3791153207085354
t+5,91,13,0.2220847308635711,0.43584394352391786
t+5,91,14,0.3320984840393066,0.3945862878442327
t+5,91,15,0.3169889152050018,0.3455725728644909
t+5,91,16,0.4100715219974518,0.35932253692249033
t+5,91,17,0.3317900598049164,0.31089494845561283
t+5,91,18,0.3829200863838196,0.2594704268965905
t+5,91,19,0.3756691813468933,0.3585132257575163
t+5,91,20,0.2830285131931305,0.3444181583513715
t+5,91,21,0.3189952075481415,0.42898995147795693
t+5,91,22,0.3250109255313873,0.35819318163317543
t+5,91,23,0.2817829251289367,0.40412539475992376
t+5,91,24,0.3582001030445099,0.39707754746079876
t+5,91,25,0.3407892882823944,0.31246484663518476
t+5,91,26,0.3067612946033478,0.34483240099123064
t+5,91,27,0.3511050939559936,0.35081800803494817
t+5,91,28,0.3427651226520538,0.3120780039177003
t+5,91,29,0.3642664551734924,0.3807986085752841
t+5,91,30,0.3374345004558563,0.36494290753052816
t+5,91,31,0.3425380289554596,0.3332858146052721
t+5,91,32,0.3559776842594147,0.37361723111395617
t+5,91,33,0.3723601996898651,0.3649044662003904
t+5,91,34,0.3562838435173034,0.38551038475357835
t+5,91,35,0.4141734540462494,0.3608633552949319
t+5,91,36,0.3779486715793609,0.36511007361756076
t+5,91,37,0.3634898662567138,0.37698505006334093
t+5,91,38,0.3469365239143371,0.39235980462308323
t+5,91,39,0.2860951721668243,0.3778899119618412
t+5,91,40,0.3401907980442047,0.43006544304368094
t+5,91,41,0.3841101229190826,0.39647649448541267
t+5,91,42,0.3910218179225921,0.38298932260618423
t+5,91,43,0.4164753556251526,0.3689064091364419
t+5,91,44,0.3731615543365478,0.3125372029600682
t+5,91,45,0.4462390542030334,0.3620104441260803
t+5,91,46,0.3051307797431946,0.4012091813720116
t+5,91,47,0.4180608987808227,0.4076691419387285
t+5,91,48,0.3495247662067413,0.4311721209301358
t+5,91,49,0.4573302268981933,0.3910692635806782
t+5,91,50,0.441006451845169,0.45778082732065045
t+5,91,51,0.3776655793190002,0.32827156302398947
t+5,91,52,0.3918103277683258,0.43109005814477014
t+5,91,53,0.4637670218944549,0.3698772700273993
t+5,91,54,0.4393591582775116,0.467776082407546
t+5,91,55,0.4334784150123596,0.45235190736930336
t+5,91,56,0.4130063951015472,0.3946337329763114
t+5,91,57,0.4655123353004455,0.40761166432853024
t+5,91,58,0.4371185004711151,0.4728492791140291
t+5,91,59,0.4431360065937042,0.45022378858603757
t+5,91,60,0.430516242980957,0.44476171452747787
t+5,91,61,0.4790579080581665,0.42561373598399155
t+5,91,62,0.4713597893714905,0.4738707062122609
t+5,91,63,0.457400381565094,0.4481079435571865
t+5,91,64,0.4590329527854919,0.4527588098053886
t+5,91,65,0.4871533811092376,0.4410878598123698
t+5,91,66,0.4664484858512878,0.48567622076323763
t+5,91,67,0.5586315989494324,0.47831930516557847
t+5,91,68,0.5395059585571289,0.4653279880379954
t+5,91,69,0.5046220421791077,0.4666958932466471
t+5,91,70,0.5964173674583435,0.49252593209618245
t+5,91,71,0.4892167150974273,0.4735768635497998
t+5,91,72,0.5707149505615234,0.5799563926880617
t+5,91,73,0.5632394552230835,0.5622558953632228
t+5,91,74,0.5415408611297607,0.5296940542972759
t+5,91,75,0.612461268901825,0.6149549074605756
t+5,91,76,0.5981330275535583,0.49347506096329224
t+5,91,77,0.5922664999961853,0.5901583155839047
t+5,91,78,0.6657041311264038,0.5836878644777292
t+5,91,79,0.616202175617218,0.5630720329924023
t+5,91,80,0.6231120824813843,0.6291831961125492
t+5,91,81,0.6033904552459717,0.6153898179114878
t+5,91,82,0.5875187516212463,0.6094731439394565
t+5,91,83,0.6470299363136292,0.6798451722713156
t+5,91,84,0.5876970291137695,0.6321298559599937
t+5,91,85,0.5944302082061768,0.6378890368254435
t+5,91,86,0.6356450915336609,0.6203511973339242
t+5,91,87,0.5637829303741455,0.6041766685568517
t+5,91,88,0.6539939641952515,0.6600423411920452
t+5,91,89,0.6564199924468994,0.6045417887850467
t+5,91,90,0.6742523312568665,0.6106816880832086
t+5,91,91,0.6155137419700623,0.6487370081773812
t+5,91,92,0.6379274129867554,0.5816481681484474
t+5,91,93,0.6163607239723206,0.6663205143755853
t+5,91,94,0.6239795088768005,0.6680960000636257
t+5,91,95,0.7148080468177795,0.6850875236969596
t+5,91,96,0.6878741979598999,0.6298747351090905
t+5,91,97,0.6500042676925659,0.6503145946750847
t+5,91,98,0.6431980133056641,0.6295583875395241
t+5,91,99,0.6787180304527283,0.6369424556028317
t+5,91,100,0.6721157431602478,0.7203084382605989
t+5,91,101,0.6895940899848938,0.6969585910214279
t+5,91,102,0.7139521837234497,0.6611605641257977
t+5,91,103,0.7515538334846497,0.653969078560327
t+5,91,104,0.7317988872528076,0.6880637873376385
t+5,91,105,0.7652998566627502,0.6816457767606987
t+5,91,106,0.7717673182487488,0.6983403215217463
t+5,91,107,0.7383655309677124,0.7207804281765452
t+5,91,108,0.671288013458252,0.745083826328109
t+5,91,109,0.6609769463539124,0.735909485047269
t+5,91,110,0.7362765073776245,0.759755133295933
t+5,91,111,0.8019096255302429,0.7634751102132652
t+5,91,112,0.7867714762687683,0.7421655518079452
t+5,91,113,0.7817285656929016,0.6779185960660682
t+5,91,114,0.74699866771698,0.6692351723256097
t+5,91,115,0.7316478490829468,0.7416563694455902
t+5,91,116,0.754915714263916,0.7928862964743915
t+5,91,117,0.7096195816993713,0.7781238023498465
t+5,91,118,0.7655578851699829,0.7740739611749449
t+5,91,119,0.7808929681777954,0.7496510277893822
t+5,91,120,0.7264884114265442,0.7341192252129685
t+5,91,121,0.824468731880188,0.7474647732920088
t+5,91,122,0.741415798664093,0.7135268843758316
t+5,91,123,0.7967392206192017,0.7578179444851483
t+5,91,124,0.8733353018760681,0.7718518025046994
t+5,91,125,0.7680109739303589,0.7301593440660535
t+5,91,126,0.7768831849098206,0.8111190837770336
t+5,91,127,0.8003349304199219,0.7429422324127896
t+5,91,128,0.7308499813079834,0.7853540362660416
t+5,91,129,0.8124100565910339,0.8591053805890262
t+5,91,130,0.7873653769493103,0.7535060010665917
t+5,91,131,0.7670956254005432,0.7640041245406591
t+5,91,132,0.7746968865394592,0.7880900974044784
t+5,91,133,0.7603226900100708,0.7318023513135086
t+5,91,134,0.761994481086731,0.7970873365839745
t+5,91,135,0.7925463914871216,0.7742200161779487
t+5,91,136,0.7648728489875793,0.7549116567414963
t+5,91,137,0.7849591374397278,0.762900204757728
t+5,91,138,0.7898789048194885,0.7489460478540315
t+5,91,139,0.7447134256362915,0.7521450301768691
t+5,91,140,0.8061725497245789,0.7781360805591744
t+5,91,141,0.7605602741241455,0.7538583262660673
t+5,91,142,0.8144825100898743,0.7709832677997417
t+5,91,143,0.7557141780853271,0.7785232059051381
t+5,91,144,0.7613011598587036,0.7417559686651828
t+5,91,145,0.7724568247795105,0.7920226899105787
t+5,91,146,0.7857146859169006,0.7465580760998648
t+5,91,147,0.7806171774864197,0.7987031042347684
t+5,91,148,0.7936757802963257,0.7432656291997922
t+5,91,149,0.7815924286842346,0.7491192727416658
t+5,91,150,0.7669194936752319,0.7596693524809381
t+5,91,151,0.7486345767974854,0.7725835022741385
t+5,91,152,0.778622031211853,0.7663003170851072
t+5,91,153,0.7346300482749939,0.7783814975325157
t+5,91,154,0.7959188222885132,0.7676201618256199
t+5,91,155,0.7326542735099792,0.7524128707824592
t+5,91,156,0.7494902014732361,0.7457278180148857
t+5,91,157,0.8063985705375671,0.764351379369689
t+5,91,158,0.7335032820701599,0.730759572821999
t+5,91,159,0.7558570504188538,0.7785159485198189
t+5,91,160,0.7345919609069824,0.7294955345099119
t+5,91,161,0.7761393785476685,0.7447752115223093
t+5,91,162,0.74997878074646,0.7884823432515329
t+5,91,163,0.7865310907363892,0.7299132331257978
t+5,91,164,0.7727410197257996,0.7387752746064882
t+5,91,165,0.7632182836532593,0.729109620928053
t+5,91,166,0.7510420680046082,0.7612968107367883
t+5,91,167,0.7489790916442871,0.745775860386946
t+5,91,168,0.7610465884208679,0.7702821050380354
t+5,91,169,0.7238667011260986,0.7556315548711532
t+5,91,170,0.7608855366706848,0.7484828929917818
t+5,91,171,0.7539421916007996,0.7354512096235664
t+5,91,172,0.7320656180381775,0.7416965279642408
t+5,91,173,0.7281394004821777,0.7446182035733163
t+5,91,174,0.7403769493103027,0.7193318452548395
t+5,91,175,0.726283848285675,0.7449310927528427
t+5,91,176,0.7022027969360352,0.7374822081727215
t+5,91,177,0.7616451978683472,0.7259444629372703
t+5,91,178,0.7433286905288696,0.7224082162134818
t+5,91,179,0.6997729539871216,0.7330869355935603
t+5,91,180,0.7577304840087891,0.7188051977119465
t+5,91,181,0.7149592638015747,0.696012563723172
t+5,91,182,0.7144057750701904,0.7438606729083138
t+5,91,183,0.7365458011627197,0.7360392871379328
t+5,91,184,0.682927668094635,0.6927691538939089
t+5,91,185,0.7064433693885803,0.7400437168252649
t+5,91,186,0.7104227542877197,0.7095346072284807
t+5,91,187,0.6858320236206055,0.7056480677335359
t+5,91,188,0.7039591670036316,0.7294967848700662
t+5,91,189,0.639439582824707,0.6778716478993598
t+5,91,190,0.6787652969360352,0.6986929360569815
t+5,91,191,0.6547344326972961,0.7046577128461585
t+5,91,192,0.7131778001785278,0.6796298522866873
t+5,91,193,0.7035949230194092,0.6971289676471908
t+5,91,194,0.6017568707466125,0.6357711708545595
t+5,91,195,0.6761091351509094,0.671583179258961
t+5,91,196,0.7420927286148071,0.6503761973725232
t+5,91,197,0.6153482794761658,0.7063857597386667
t+5,91,198,0.7265154719352722,0.694253994483248
t+5,91,199,0.6984158754348755,0.5997811395302061
t+5,91,200,0.6765236258506775,0.6708103064440203
t+5,91,201,0.7121729254722595,0.7329522814512444
t+5,91,202,0.676689088344574,0.612527801626582
t+5,91,203,0.6886466145515442,0.7179797171636761
t+5,91,204,0.618514895439148,0.6890971118917362
t+5,91,205,0.712279736995697,0.6691245382789017
t+5,91,206,0.681770920753479,0.7027402116498649
t+5,91,207,0.6947018504142761,0.6686593065389972
t+5,91,208,0.6902788281440735,0.6799481192338477
t+5,91,209,0.7701029777526855,0.614063616386617
t+5,91,210,0.6827535629272461,0.7026578629618665
t+5,91,211,0.7172455787658691,0.6732947929816573
t+5,91,212,0.6589370369911194,0.6842914612754871
t+5,91,213,0.7306041121482849,0.6808372856996455
t+5,91,214,0.7176796197891235,0.7463583512917585
t+5,91,215,0.7124735116958618,0.6746682258925761
t+5,91,216,0.6590946316719055,0.7074710019922736
t+5,91,217,0.6674041748046875,0.6507559368018118
t+5,91,218,0.6633573174476624,0.7193431846109125
t+5,91,219,0.7297236323356628,0.7057280007643574
t+5,91,220,0.7108008861541748,0.7009773793647326
t+5,91,221,0.6802922487258911,0.6507415634799791
t+5,91,222,0.6869238615036011,0.6579215326885661
t+5,91,223,0.729046642780304,0.6531545954004563
t+5,91,224,0.7213093042373657,0.7157930126139423
t+5,91,225,0.6882384419441223,0.698257312813945
t+5,91,226,0.6679533123970032,0.6688376831158513
t+5,91,227,0.6823150515556335,0.6750826368317676
t+5,91,228,0.6303983926773071,0.7150156101929089
t+5,91,229,0.6593920588493347,0.7087597266741525
t+5,91,230,0.6725261807441711,0.6756687146911728
t+5,91,231,0.6426656246185303,0.6572892693840167
t+5,91,232,0.7065532803535461,0.6698420695885654
t+5,91,233,0.6421048641204834,0.6215116990876326
t+5,91,234,0.6080282926559448,0.6485455227555549
t+5,91,235,0.6529366970062256,0.6597464281899876
t+5,91,236,0.6091981530189514,0.6326360408943631
t+5,91,237,0.6529942154884338,0.6916769877812778
t+5,91,238,0.6060858964920044,0.6324606943825355
t+5,91,239,0.6101440191268921,0.5990018918003686
t+5,91,240,0.624046266078949,0.6402062579019484
t+5,91,241,0.6443890929222107,0.6003667301960774
t+5,91,242,0.5775756239891052,0.6409190491177793
t+5,91,243,0.5708217620849609,0.5972906312364608
t+5,91,244,0.5896015167236328,0.6011427288628548
t+5,91,245,0.6180625557899475,0.6133223915905632
t+5,91,246,0.5506580471992493,0.6328988435287197
t+5,91,247,0.5341492295265198,0.5702137769663238
t+5,91,248,0.5155346393585205,0.5634021508922937
t+5,91,249,0.514782190322876,0.5811058083979866
t+5,91,250,0.4641228914260864,0.6074267227228557
t+5,91,251,0.575221836566925,0.5443603177750774
t+5,91,252,0.5187193751335144,0.5287995566088441
t+5,91,253,0.5185852646827698,0.5112803830422584
t+5,91,254,0.5765758752822876,0.5103833477778711
t+5,91,255,0.4993530213832855,0.4419439222422137
t+5,91,256,0.5118337869644165,0.5659876981262613
t+5,91,257,0.4512732625007629,0.5136591342649708
t+5,91,258,0.4687046408653259,0.5134483502064914
t+5,91,259,0.4276250600814819,0.5674710579122542
t+5,91,260,0.4948941171169281,0.4735441913787064
t+5,91,261,0.3745935261249542,0.5066421155096851
t+5,91,262,0.4215854406356811,0.42865453254266966
t+5,91,263,0.4156372547149658,0.4449326002572446
t+5,91,264,0.4236597418785095,0.406884599396587
t+5,91,265,0.4115851521492004,0.4686796415295302
t+5,91,266,0.4145330786705017,0.3579469316122376
t+5,91,267,0.4476468563079834,0.4012258826742351
t+5,91,268,0.4035824239253998,0.39546863102357127
t+5,91,269,0.4745951294898987,0.402437969980514
t+5,91,270,0.4285796582698822,0.3911589912241265
t+5,91,271,0.3348197042942047,0.39341399809565514
t+5,91,272,0.3637581765651703,0.42405187947310846
t+5,91,273,0.3609562516212463,0.38382005656727336
t+5,91,274,0.3255457878112793,0.4485518101686748
t+5,91,275,0.3694737553596496,0.4059520658092631
t+5,91,276,0.3677890598773956,0.3205881725870069
t+5,91,277,0.239094465970993,0.346059818025782
t+5,91,278,0.2912425994873047,0.3435644816927901
t+5,91,279,0.3792436420917511,0.31109870335910533
t+5,91,280,0.3166014850139618,0.35112938567811625
t+5,91,281,0.3166320025920868,0.34930774915898866
t+5,91,282,0.3425616323947906,0.2339075473770677
t+5,91,283,0.3724188208580017,0.2795343913779553
t+5,91,284,0.3732556402683258,0.3594658002115708
t+5,91,285,0.2920682430267334,0.30217807201807223
t+5,91,286,0.3615050017833709,0.30228651398982276
t+5,91,287,0.4238562285900116,0.3248899010656666
t+5,91,288,0.3016282916069031,0.3527296387622455
t+5,91,289,0.3110616207122803,0.3531718784727559
t+5,92,0,0.2908272445201874,0.37589449990762375
t+5,92,1,0.329629123210907,0.3436965222262187
t+5,92,2,0.3261440098285675,0.3592964580735574
t+5,92,3,0.3050097227096557,0.33538537843529875
t+5,92,4,0.3620617389678955,0.33484347411667337
t+5,92,5,0.2968601882457733,0.3241633730915262
t+5,92,6,0.3117637932300567,0.3580182838988058
t+5,92,7,0.3266074955463409,0.3549600956750987
t+5,92,8,0.3800522983074188,0.3352499858517025
t+5,92,9,0.3809046745300293,0.38758105069239374
t+5,92,10,0.4091017246246338,0.3275397294809593
t+5,92,11,0.3750516772270202,0.3397441724070396
t+5,92,12,0.362455815076828,0.35474137407973433
t+5,92,13,0.4642214775085449,0.4031288597566373
t+5,92,14,0.3854866921901703,0.40349324543109866
t+5,92,15,0.4361954927444458,0.42940640514896655
t+5,92,16,0.4803220629692077,0.39783463095199456
t+5,92,17,0.4985918402671814,0.385769854173034
t+5,92,18,0.433571308851242,0.4798860748447602
t+5,92,19,0.4118295311927795,0.40702244978430874
t+5,92,20,0.4761918187141418,0.45330896630197653
t+5,92,21,0.5045685172080994,0.4940240775617774
t+5,92,22,0.4724557399749756,0.5107090690236805
t+5,92,23,0.4465276300907135,0.4507286629796198
t+5,92,24,0.4976783394813537,0.43044915317042615
t+5,92,25,0.4497480392456054,0.4894374914703926
t+5,92,26,0.5517563819885254,0.5372553515813699
t+5,92,27,0.6052811741828918,0.4858064542427077
t+5,92,28,0.5216898322105408,0.4617356324808506
t+5,92,29,0.564958393573761,0.5087391074187136
t+5,92,30,0.5213345289230347,0.4645671687575579
t+5,92,31,0.5163261294364929,0.5802660980151755
t+5,92,32,0.5441765785217285,0.6299926559805049
t+5,92,33,0.5395926237106323,0.5520254865392011
t+5,92,34,0.5785166621208191,0.5917118644970454
t+5,92,35,0.5386381149291992,0.551353092951598
t+5,92,36,0.5952948927879333,0.5465350355334776
t+5,92,37,0.5482496619224548,0.5724073763073889
t+5,92,38,0.5079012513160706,0.5679651144305105
t+5,92,39,0.5652777552604675,0.6040221294895757
t+5,92,40,0.5339775085449219,0.5666638059883403
t+5,92,41,0.486946702003479,0.6192748249977822
t+5,92,42,0.4833990633487701,0.575183774537603
t+5,92,43,0.4482929408550262,0.5376548581497416
t+5,92,44,0.557784914970398,0.5908821347726372
t+5,92,45,0.5171794891357422,0.5613227519272657
t+5,92,46,0.527927577495575,0.49613753642613856
t+5,92,47,0.5057052373886108,0.4927354731499804
t+5,92,48,0.4330076575279236,0.4602075506347886
t+5,92,49,0.4852457344532013,0.5829259521209733
t+5,92,50,0.4663927555084228,0.545097714497971
t+5,92,51,0.4327657520771026,0.5548536765645583
t+5,92,52,0.491736888885498,0.5341998380456464
t+5,92,53,0.5176200866699219,0.4453523406207947
t+5,92,54,0.5013279318809509,0.493295705822549
t+5,92,55,0.4590961337089538,0.47568779892751006
t+5,92,56,0.4371730983257293,0.4445930699790421
t+5,92,57,0.3615894317626953,0.4988281474702572
t+5,92,58,0.4458281993865967,0.5441510885644456
t+5,92,59,0.4647913575172424,0.5290305069665816
t+5,92,60,0.4747113883495331,0.4682768964517352
t+5,92,61,0.4756915271282196,0.4476122012639496
t+5,92,62,0.4794052541255951,0.3790252680236586
t+5,92,63,0.4509225189685821,0.45555115498099685
t+5,92,64,0.4323678910732269,0.4728087486624274
t+5,92,65,0.4459791183471679,0.4819279760323143
t+5,92,66,0.474371463060379,0.48244495164049794
t+5,92,67,0.4794295728206634,0.4857703421983651
t+5,92,68,0.408026248216629,0.45940847889661973
t+5,92,69,0.4146957695484161,0.4424888681991493
t+5,92,70,0.4500536918640136,0.454240735698482
t+5,92,71,0.4603323638439178,0.4805080921796228
t+5,92,72,0.4595049321651459,0.4850173511125612
t+5,92,73,0.4930683970451355,0.4192367555808347
t+5,92,74,0.4425021409988403,0.42536735076657356
t+5,92,75,0.4149848818778991,0.4576056403439263
t+5,92,76,0.4922561645507812,0.46687258607488985
t+5,92,77,0.5042914152145386,0.46571428146533744
t+5,92,78,0.4354115128517151,0.4966942619667712
t+5,92,79,0.4420303106307983,0.4499162747443923
t+5,92,80,0.5056896209716797,0.424417299179844
t+5,92,81,0.470805287361145,0.4954586925657829
t+5,92,82,0.4828558266162872,0.5280998948630752
t+5,92,83,0.4199085831642151,0.44317040851753986
t+5,92,84,0.4077431261539459,0.44858329666526264
t+5,92,85,0.4405902028083801,0.5289397068880184
t+5,92,86,0.4832122325897217,0.4749725596659657
t+5,92,87,0.4773344099521637,0.4859174093709226
t+5,92,88,0.5474831461906433,0.4277196214196926
t+5,92,89,0.524526059627533,0.415865231940845
t+5,92,90,0.4831506609916687,0.44606150457941196
t+5,92,91,0.5599679946899414,0.4855851603666421
t+5,92,92,0.4463838040828705,0.4800155904739167
t+5,92,93,0.5284120440483093,0.5665836239270681
t+5,92,94,0.5477383136749268,0.5447609236338222
t+5,92,95,0.5250158905982971,0.4849489016211207
t+5,92,96,0.4536436796188354,0.5773773088630773
t+5,92,97,0.5802217125892639,0.4505154065164082
t+5,92,98,0.5970426201820374,0.5477724508618224
t+5,92,99,0.5679214000701904,0.5655901399136269
t+5,92,100,0.588396430015564,0.5445270604094228
t+5,92,101,0.5564331412315369,0.45700564461098736
t+5,92,102,0.6108783483505249,0.5955941445627922
t+5,92,103,0.5988049507141113,0.6110447550482023
t+5,92,104,0.6422048807144165,0.5834896376484583
t+5,92,105,0.6571477651596069,0.6024992669421502
t+5,92,106,0.5972982048988342,0.5730367492748868
t+5,92,107,0.6413525938987732,0.623040986375122
t+5,92,108,0.6536284685134888,0.6119725533516848
t+5,92,109,0.651150107383728,0.6529995697840726
t+5,92,110,0.5556989908218384,0.6657626138433962
t+5,92,111,0.6555888056755066,0.6101754433234741
t+5,92,112,0.6434580683708191,0.6503409662982231
t+5,92,113,0.6846674084663391,0.6620143217739398
t+5,92,114,0.7223020195960999,0.6594228074003325
t+5,92,115,0.6543990969657898,0.5701766623792653
t+5,92,116,0.6564227938652039,0.6643540953435502
t+5,92,117,0.7741261124610901,0.6516801864804572
t+5,92,118,0.7170898914337158,0.689678099449093
t+5,92,119,0.6808886528015137,0.7265129191797892
t+5,92,120,0.713467001914978,0.6617495184097786
t+5,92,121,0.7499315142631531,0.6636734178730435
t+5,92,122,0.7064972519874573,0.7649848534423611
t+5,92,123,0.6902157664299011,0.7202514602306851
t+5,92,124,0.721052885055542,0.6859918726687961
t+5,92,125,0.7473689317703247,0.7157306124420789
t+5,92,126,0.7361505627632141,0.7507512867298615
t+5,92,127,0.6914896368980408,0.7106103516272725
t+5,92,128,0.7394295930862427,0.6939650778967424
t+5,92,129,0.6653090715408325,0.7234694961373118
t+5,92,130,0.7699266672134399,0.7468732760936387
t+5,92,131,0.7324583530426025,0.7367718639261344
t+5,92,132,0.7530220746994019,0.6948426551446069
t+5,92,133,0.7542858719825745,0.7397196015610683
t+5,92,134,0.7173731923103333,0.6696750289440726
t+5,92,135,0.7295317649841309,0.7593288814433324
t+5,92,136,0.7198168039321899,0.7325305996275182
t+5,92,137,0.7401291131973267,0.7431440319273495
t+5,92,138,0.7423326373100281,0.7424299217137306
t+5,92,139,0.7369126081466675,0.7179725668820913
t+5,92,140,0.6596702337265015,0.729850114868412
t+5,92,141,0.7571747899055481,0.720029600340437
t+5,92,142,0.7831240296363831,0.7389425389069768
t+5,92,143,0.7397933602333069,0.7407386628442161
t+5,92,144,0.6924680471420288,0.7357207661456063
t+5,92,145,0.7124319672584534,0.6624757995287575
t+5,92,146,0.7402715682983398,0.7458313692389416
t+5,92,147,0.6862058043479919,0.7700511727395596
t+5,92,148,0.6999684572219849,0.7383932114880815
t+5,92,149,0.6965439319610596,0.6926422767288498
t+5,92,150,0.6728085875511169,0.7117024544890914
t+5,92,151,0.6998183727264404,0.7372338264471261
t+5,92,152,0.6926833987236023,0.6872105329769104
t+5,92,153,0.6806445121765137,0.6981340356999584
t+5,92,154,0.669566810131073,0.6967328527025126
t+5,92,155,0.6783827543258667,0.6748626632488623
t+5,92,156,0.698540449142456,0.6988838199861162
t+5,92,157,0.6500051617622375,0.6919001969441091
t+5,92,158,0.6155052185058594,0.679511780974001
t+5,92,159,0.6286365985870361,0.6699518434285483
t+5,92,160,0.639382004737854,0.6793046775443674
t+5,92,161,0.6272913217544556,0.6971505753946045
t+5,92,162,0.631189227104187,0.6514322101168774
t+5,92,163,0.5939427614212036,0.6177950976193436
t+5,92,164,0.5742772817611694,0.6314959816833376
t+5,92,165,0.6125847101211548,0.6405054498998912
t+5,92,166,0.645533561706543,0.628620562077611
t+5,92,167,0.6259866952896118,0.6318467344107005
t+5,92,168,0.5973199009895325,0.597710410722376
t+5,92,169,0.6254288554191589,0.5794130414747167
t+5,92,170,0.6465878486633301,0.6151351248234047
t+5,92,171,0.5935615301132202,0.6469428430019779
t+5,92,172,0.5553452372550964,0.6268338645673257
t+5,92,173,0.5808828473091125,0.5996402143410798
t+5,92,174,0.6480839848518372,0.6261577564087227
t+5,92,175,0.6529452204704285,0.6462382880781414
t+5,92,176,0.6066171526908875,0.5964011368426838
t+5,92,177,0.6143375039100647,0.5605264866705282
t+5,92,178,0.5697445273399353,0.5836170436280236
t+5,92,179,0.6166008114814758,0.6473780035181953
t+5,92,180,0.6277559995651245,0.6504031909531708
t+5,92,181,0.580108106136322,0.6073243196170796
t+5,92,182,0.5887923836708069,0.6141345720527049
t+5,92,183,0.6182952523231506,0.5731166700626547
t+5,92,184,0.6377654671669006,0.616011714356593
t+5,92,185,0.6071164608001709,0.626084784415863
t+5,92,186,0.5782322287559509,0.5815957863669432
t+5,92,187,0.6260243654251099,0.5897195211097676
t+5,92,188,0.5837519764900208,0.6172478918978765
t+5,92,189,0.6502257585525513,0.6353635896482365
t+5,92,190,0.6119853854179382,0.6058121828960702
t+5,92,191,0.6823462247848511,0.5792992013370325
t+5,92,192,0.7153211832046509,0.6237967691910432
t+5,92,193,0.6464857459068298,0.5839189530102236
t+5,92,194,0.6834482550621033,0.6455917291463001
t+5,92,195,0.6904686093330383,0.6106972293963031
t+5,92,196,0.6102909445762634,0.6764496691070336
t+5,92,197,0.6711696982383728,0.7067454744946784
t+5,92,198,0.7300640344619751,0.6421750383595365
t+5,92,199,0.720229983329773,0.6774727103540824
t+5,92,200,0.7070738673210144,0.6822675453546885
t+5,92,201,0.6847130060195923,0.6076473692749912
t+5,92,202,0.6752402186393738,0.665121806496008
t+5,92,203,0.7324406504631042,0.7197437863019479
t+5,92,204,0.6695543527603149,0.7114367645099571
t+5,92,205,0.7272505164146423,0.6964516736178423
t+5,92,206,0.7572809457778931,0.6767570115368456
t+5,92,207,0.751184344291687,0.668058872436687
t+5,92,208,0.7218673229217529,0.7197765857658259
t+5,92,209,0.6638355255126953,0.6615584121630599
t+5,92,210,0.7158007621765137,0.7171697846452274
t+5,92,211,0.7658156752586365,0.7353785214438283
t+5,92,212,0.7479956150054932,0.7294971889098231
t+5,92,213,0.7709173560142517,0.7110686626209981
t+5,92,214,0.7576894164085388,0.6553777504457196
t+5,92,215,0.7209943532943726,0.7045161621713358
t+5,92,216,0.7282865643501282,0.7415703182589135
t+5,92,217,0.7278344631195068,0.73479484240608
t+5,92,218,0.722107470035553,0.7479932093791598
t+5,92,219,0.7802086472511292,0.7338284312647222
t+5,92,220,0.7246715426445007,0.7087605047425477
t+5,92,221,0.7880830764770508,0.7154178482542357
t+5,92,222,0.7403304576873779,0.7150311620190439
t+5,92,223,0.7002586126327515,0.7093241000182666
t+5,92,224,0.7889419794082642,0.7545923625813522
t+5,92,225,0.7435036897659302,0.7113068456257087
t+5,92,226,0.7552477717399597,0.7631395710078371
t+5,92,227,0.7633656859397888,0.726544533982956
t+5,92,228,0.7646224498748779,0.686994245053686
t+5,92,229,0.7464272975921631,0.7622348403551864
t+5,92,230,0.7113569974899292,0.7277944822227268
t+5,92,231,0.7474701404571533,0.7289799708091497
t+5,92,232,0.7646076679229736,0.7369623776027913
t+5,92,233,0.7600948810577393,0.7392254520012379
t+5,92,234,0.818465530872345,0.7290428250116412
t+5,92,235,0.7275264263153076,0.6970063997998355
t+5,92,236,0.7130575180053711,0.7317063553003478
t+5,92,237,0.706713080406189,0.7367631572505056
t+5,92,238,0.6655715107917786,0.7340618559879195
t+5,92,239,0.6709607243537903,0.7897215528777466
t+5,92,240,0.6347637176513672,0.7108113903151533
t+5,92,241,0.6540298461914062,0.6969107405187579
t+5,92,242,0.6353552937507629,0.6919141721552584
t+5,92,243,0.6965526342391968,0.6531574579766277
t+5,92,244,0.6627568602561951,0.6580313527758234
t+5,92,245,0.6190190315246582,0.623610373960899
t+5,92,246,0.6050046682357788,0.6409834168855305
t+5,92,247,0.6135818958282471,0.6240155895723953
t+5,92,248,0.5919758677482605,0.6811272688070966
t+5,92,249,0.5808786749839783,0.6489507326523881
t+5,92,250,0.5897346138954163,0.6087221239034523
t+5,92,251,0.5760746002197266,0.5946120936301157
t+5,92,252,0.5405630469322205,0.6026449698443007
t+5,92,253,0.5740175843238831,0.5822167567271412
t+5,92,254,0.4735900461673736,0.5712936919688133
t+5,92,255,0.5115355849266052,0.5798970579206139
t+5,92,256,0.5010155439376831,0.5670317641363344
t+5,92,257,0.4954988956451416,0.5335212721830519
t+5,92,258,0.5248240232467651,0.5645882294713833
t+5,92,259,0.4758586287498474,0.44991331006991775
t+5,92,260,0.4773406982421875,0.5064956381592429
t+5,92,261,0.4527903795242309,0.49662413344123757
t+5,92,262,0.4363897144794464,0.4696996573393572
t+5,92,263,0.4504190981388092,0.5184979741096885
t+5,92,264,0.4713031649589538,0.45121557548803354
t+5,92,265,0.4646706581115722,0.45253203526075675
t+5,92,266,0.4731732904911041,0.4295101781156673
t+5,92,267,0.3775933682918548,0.41447947813522135
t+5,92,268,0.4309587180614471,0.4269971995773153
t+5,92,269,0.4142498075962066,0.4463017466224089
t+5,92,270,0.3467016220092773,0.44007976736012183
t+5,92,271,0.3958741426467895,0.4476822418778593
t+5,92,272,0.3713594377040863,0.35942947511862056
t+5,92,273,0.4053693413734436,0.40889048146152646
t+5,92,274,0.3528454899787903,0.39320356771971443
t+5,92,275,0.3627774715423584,0.33208085086695327
t+5,92,276,0.3684380948543548,0.37664940811246833
t+5,92,277,0.3965722918510437,0.3530568756843757
t+5,92,278,0.3455111384391784,0.3836641444986163
t+5,92,279,0.3647503554821014,0.3364670771019943
t+5,92,280,0.3239858746528625,0.34444049922031295
t+5,92,281,0.2677780389785766,0.35001932066658603
t+5,92,282,0.4107605516910553,0.37528941577971603
t+5,92,283,0.3867579102516174,0.32891571794200947
t+5,92,284,0.3365193009376526,0.3460376354695458
t+5,92,285,0.3157074749469757,0.30894366800075324
t+5,92,286,0.3395405411720276,0.2583965448663493
t+5,92,287,0.337347000837326,0.3871479234085489
t+5,92,288,0.3654464185237884,0.3658795080350503
t+5,92,289,0.3769043087959289,0.3200047102974235
t+5,93,0,0.2849099934101105,0.3528863369058671
t+5,93,1,0.3005172908306122,0.35609048347336286
t+5,93,2,0.3209386169910431,0.3380635949544535
t+5,93,3,0.379187673330307,0.3041035040310697
t+5,93,4,0.387524276971817,0.4327737953856386
t+5,93,5,0.3481588661670685,0.3186790936852642
t+5,93,6,0.3419484496116638,0.33239853724269247
t+5,93,7,0.2633683085441589,0.3506541567378131
t+5,93,8,0.350995123386383,0.4032870493271318
t+5,93,9,0.2799334526062011,0.4109810955825346
t+5,93,10,0.3843819200992584,0.3743411420948045
t+5,93,11,0.2589358687400818,0.3678533379854502
t+5,93,12,0.3864648938179016,0.2979319782914439
t+5,93,13,0.3496066927909851,0.3769914191169596
t+5,93,14,0.3758545517921448,0.31242564458865496
t+5,93,15,0.4087136089801788,0.4069445124861266
t+5,93,16,0.3966843783855438,0.2919999497279532
t+5,93,17,0.2749979197978973,0.4093846178082153
t+5,93,18,0.4271882176399231,0.3743347420805791
t+5,93,19,0.417284607887268,0.39869464628428913
t+5,93,20,0.3395081758499145,0.4275319816575299
t+5,93,21,0.4412099719047546,0.41710758691771055
t+5,93,22,0.3839943408966064,0.3065512866050425
t+5,93,23,0.3663212060928345,0.4446949034050153
t+5,93,24,0.4227142035961151,0.4351839045014702
t+5,93,25,0.3872527480125427,0.36526402316215856
t+5,93,26,0.3814188539981842,0.45691437645882216
t+5,93,27,0.3814626038074493,0.40493495580224154
t+5,93,28,0.4441110491752624,0.38905098978691943
t+5,93,29,0.4685644209384918,0.4400581815266474
t+5,93,30,0.4493121206760406,0.4068015954065904
t+5,93,31,0.4924190044403076,0.4013168056667955
t+5,93,32,0.3821598887443542,0.4011981565654426
t+5,93,33,0.413445770740509,0.45851326505369017
t+5,93,34,0.4915878772735595,0.4810334065413524
t+5,93,35,0.4328081309795379,0.4631230129218993
t+5,93,36,0.4537620842456817,0.5027381934060543
t+5,93,37,0.5213326215744019,0.40068484829250467
t+5,93,38,0.5279552340507507,0.4295224809213493
t+5,93,39,0.4795304834842682,0.5015521116830031
t+5,93,40,0.4746552407741546,0.44708628650945975
t+5,93,41,0.4728211164474487,0.46627893655849506
t+5,93,42,0.5007501840591431,0.550263883403205
t+5,93,43,0.5177371501922607,0.5563087494009444
t+5,93,44,0.5239319205284119,0.48956156753449903
t+5,93,45,0.462747186422348,0.48497365567459294
t+5,93,46,0.5490244030952454,0.48302328927645577
t+5,93,47,0.4542916119098663,0.5304007317507841
t+5,93,48,0.5233871936798096,0.545896289943685
t+5,93,49,0.47215336561203,0.5514164093341146
t+5,93,50,0.5478606224060059,0.4731799809904637
t+5,93,51,0.5764244794845581,0.5744299290627634
t+5,93,52,0.5222448110580444,0.4649784718623864
t+5,93,53,0.5838541984558105,0.5503724558067111
t+5,93,54,0.528579831123352,0.4811207138405189
t+5,93,55,0.6128796339035034,0.572856296889217
t+5,93,56,0.5630875825881958,0.5990193427633688
t+5,93,57,0.6162073612213135,0.5487335025916243
t+5,93,58,0.5193185806274414,0.6058973530496422
t+5,93,59,0.558316707611084,0.5544496549534383
t+5,93,60,0.5583046078681946,0.6327041093268786
t+5,93,61,0.5403078198432922,0.5859844584288162
t+5,93,62,0.5609267354011536,0.6361249587006103
t+5,93,63,0.5798018574714661,0.5451351797668965
t+5,93,64,0.5989722013473511,0.5810586645105752
t+5,93,65,0.5689849257469177,0.5807910554368655
t+5,93,66,0.5520003437995911,0.5639306855558097
t+5,93,67,0.5267742872238159,0.5835110043775118
t+5,93,68,0.5480390787124634,0.6004063526855378
t+5,93,69,0.5351527333259583,0.6182019685140199
t+5,93,70,0.5651351809501648,0.5897913831254493
t+5,93,71,0.6380947232246399,0.5740042528465459
t+5,93,72,0.5779512524604797,0.5504078679663316
t+5,93,73,0.5903202295303345,0.5698816228571436
t+5,93,74,0.5208715796470642,0.5578671564606846
t+5,93,75,0.5374855995178223,0.5856853020088465
t+5,93,76,0.5398553013801575,0.654102448930604
t+5,93,77,0.594731330871582,0.5972258276546537
t+5,93,78,0.5205287337303162,0.6084235002404708
t+5,93,79,0.6111792325973511,0.5438647717238361
t+5,93,80,0.551971435546875,0.5591130238301057
t+5,93,81,0.5322346687316895,0.5610953815793623
t+5,93,82,0.5335198044776917,0.6118728579375052
t+5,93,83,0.5717525482177734,0.5430340313837209
t+5,93,84,0.5017876029014587,0.627259113037932
t+5,93,85,0.5408113598823547,0.5719467407894879
t+5,93,86,0.5974142551422119,0.5533053524598378
t+5,93,87,0.534713864326477,0.554279660879565
t+5,93,88,0.5675272345542908,0.5897586970320795
t+5,93,89,0.6013309955596924,0.5246834540964509
t+5,93,90,0.5603840351104736,0.560480014941066
t+5,93,91,0.594107985496521,0.6131330118751769
t+5,93,92,0.6202180981636047,0.55464334619608
t+5,93,93,0.5761403441429138,0.5846184757084308
t+5,93,94,0.6277679204940796,0.616163219893316
t+5,93,95,0.6164828538894653,0.5781735824974384
t+5,93,96,0.5776507258415222,0.6090303529551326
t+5,93,97,0.620549201965332,0.6325817283246427
t+5,93,98,0.5542584657669067,0.5929132641975661
t+5,93,99,0.561909556388855,0.6399291883554635
t+5,93,100,0.5962015390396118,0.6287605532238647
t+5,93,101,0.6266801357269287,0.5934590804353969
t+5,93,102,0.6346930265426636,0.63285998123345
t+5,93,103,0.6381461024284363,0.570893834566005
t+5,93,104,0.6820062398910522,0.5781862788596777
t+5,93,105,0.69412761926651,0.6097004710598092
t+5,93,106,0.6600255966186523,0.6378076540950753
t+5,93,107,0.6710206270217896,0.6449080710899933
t+5,93,108,0.6942763328552246,0.6490049943624996
t+5,93,109,0.6655746102333069,0.6894175351710112
t+5,93,110,0.7511836886405945,0.7017129726045652
t+5,93,111,0.76773601770401,0.6690290414855482
t+5,93,112,0.7666764855384827,0.6785592542336287
t+5,93,113,0.7654839754104614,0.6994672734663014
t+5,93,114,0.8420646786689758,0.6728188826622606
t+5,93,115,0.793950080871582,0.7442705936949331
t+5,93,116,0.8405903577804565,0.7575417232710838
t+5,93,117,0.8867921829223633,0.7585685854620631
t+5,93,118,0.8843991160392761,0.7575202123704606
t+5,93,119,0.8884792923927307,0.8298755174676926
t+5,93,120,0.9511812925338744,0.7856473041579545
t+5,93,121,0.9120988845825196,0.8270042135816505
t+5,93,122,0.9111210107803344,0.8727468045146678
t+5,93,123,0.9408727288246156,0.8698365929439575
t+5,93,124,0.9117013812065125,0.8746864222849783
t+5,93,125,0.9184918403625488,0.9310471032898575
t+5,93,126,0.9453369975090028,0.8973882277655497
t+5,93,127,1.0,0.8927750577545425
t+5,93,128,0.9700133204460144,0.9224085432995559
t+5,93,129,0.9727442860603333,0.893178075102569
t+5,93,130,0.9975483417510986,0.900108291171317
t+5,93,131,0.9240598678588868,0.9269020506744269
t+5,93,132,0.9669817090034484,0.9796219476752678
t+5,93,133,0.9424473643302916,0.9510843269213957
t+5,93,134,0.9443143606185912,0.9502618671368179
t+5,93,135,0.8724431395530701,0.976183800819036
t+5,93,136,0.9116356372833252,0.9052980619090167
t+5,93,137,0.9203338027000428,0.9471784149641953
t+5,93,138,0.9182479977607728,0.924201782787306
t+5,93,139,0.8360729813575745,0.9258097031966382
t+5,93,140,0.9079408049583436,0.8558761374581813
t+5,93,141,0.920019507408142,0.8945654384685066
t+5,93,142,0.9197061061859132,0.9020969811332569
t+5,93,143,0.9032829403877258,0.8972741012531855
t+5,93,144,0.8952059745788574,0.8189756679295569
t+5,93,145,0.9616492390632628,0.8893824975218697
t+5,93,146,0.8679967522621155,0.8975586232461483
t+5,93,147,0.9168244004249572,0.8983671502354386
t+5,93,148,0.8647072911262512,0.8820867337547668
t+5,93,149,0.8388491272926331,0.8750318765910595
t+5,93,150,0.9067066311836244,0.9386824935498633
t+5,93,151,0.905709743499756,0.848046518141787
t+5,93,152,0.8687098026275635,0.8964751303290913
t+5,93,153,0.9084049463272096,0.8474639276595703
t+5,93,154,0.846441388130188,0.8208551535037535
t+5,93,155,0.8531013131141663,0.8843591395821446
t+5,93,156,0.897523045539856,0.8863988267684287
t+5,93,157,0.9393246173858644,0.8495002424974677
t+5,93,158,0.9113783836364746,0.885650866612774
t+5,93,159,0.8657342791557312,0.8282232233106727
t+5,93,160,0.8087684512138367,0.8326668821401562
t+5,93,161,0.7908570766448975,0.8780304513052323
t+5,93,162,0.7806829214096069,0.9127165826705921
t+5,93,163,0.8602012395858765,0.8864111421318526
t+5,93,164,0.7881930470466614,0.8449594581848889
t+5,93,165,0.8608314394950867,0.7899591068488612
t+5,93,166,0.7578915953636169,0.7740467891399236
t+5,93,167,0.7058851718902588,0.7644584137487336
t+5,93,168,0.7490810751914978,0.8402068812223298
t+5,93,169,0.7285450100898743,0.770081803827873
t+5,93,170,0.649836003780365,0.8376972127609392
t+5,93,171,0.7335176467895508,0.7415373152244049
t+5,93,172,0.663878321647644,0.7021794408061698
t+5,93,173,0.7421642541885376,0.7426984644373569
t+5,93,174,0.6207563877105713,0.7231304952546458
t+5,93,175,0.6312210559844971,0.6490164077604326
t+5,93,176,0.6789365410804749,0.725562899311419
t+5,93,177,0.6573914885520935,0.6614387236738469
t+5,93,178,0.6116635799407959,0.7347070208631084
t+5,93,179,0.6779277920722961,0.6205048023629686
t+5,93,180,0.6455042362213135,0.6312601920300354
t+5,93,181,0.6557747721672058,0.6751123968914604
t+5,93,182,0.6194894313812256,0.6547453398546588
t+5,93,183,0.6269788146018982,0.6114518876930304
t+5,93,184,0.6646344065666199,0.6727086642699994
t+5,93,185,0.5797130465507507,0.6443181436965598
t+5,93,186,0.6049313545227051,0.652339080367978
t+5,93,187,0.6490410566329956,0.618669115312731
t+5,93,188,0.6565114855766296,0.6261831936958606
t+5,93,189,0.6084153056144714,0.6602343721639472
t+5,93,190,0.6626339554786682,0.5813675930057358
t+5,93,191,0.6323467493057251,0.6041705795997989
t+5,93,192,0.6614627838134766,0.6453826863089202
t+5,93,193,0.630229651927948,0.6520442562962121
t+5,93,194,0.6483802199363708,0.6070641304386464
t+5,93,195,0.7142625451087952,0.6575588683368837
t+5,93,196,0.6178604364395142,0.6289254514571208
t+5,93,197,0.6724156737327576,0.6563572269218723
t+5,93,198,0.6138863563537598,0.6264752935046671
t+5,93,199,0.7107008695602417,0.643338902338731
t+5,93,200,0.6120030879974365,0.704822956899564
t+5,93,201,0.6883769035339355,0.6147272080326893
t+5,93,202,0.7061772346496582,0.6659192759296612
t+5,93,203,0.6363153457641602,0.6103303027293799
t+5,93,204,0.7054921984672546,0.700781658944522
t+5,93,205,0.6513168215751648,0.6084590924891226
t+5,93,206,0.6451990008354187,0.679129940961506
t+5,93,207,0.6671044230461121,0.6966244612897997
t+5,93,208,0.6600446105003357,0.6309355309348748
t+5,93,209,0.7645328044891357,0.6945259540243399
t+5,93,210,0.6712592244148254,0.6457355114831091
t+5,93,211,0.6928644180297852,0.6374261476708374
t+5,93,212,0.6986470222473145,0.659587987700272
t+5,93,213,0.6904273629188538,0.6510594564938943
t+5,93,214,0.6825774312019348,0.741708359815698
t+5,93,215,0.697942316532135,0.6626277318945565
t+5,93,216,0.734121561050415,0.6816197570400069
t+5,93,217,0.7286681532859802,0.6869060009183671
t+5,93,218,0.7717456221580505,0.6795305981830838
t+5,93,219,0.7035379409790039,0.6730097304203918
t+5,93,220,0.7818832397460938,0.6856064752150026
t+5,93,221,0.729461133480072,0.7199707420870579
t+5,93,222,0.7279280424118042,0.7147354378922697
t+5,93,223,0.7437655925750732,0.7462332721737798
t+5,93,224,0.7654086947441101,0.691111823563367
t+5,93,225,0.6786015629768372,0.7546757167328387
t+5,93,226,0.6568789482116699,0.7143470783851498
t+5,93,227,0.6786521077156067,0.714226445390097
t+5,93,228,0.6756248474121094,0.7282524586513343
t+5,93,229,0.7246851325035095,0.7396915816727869
t+5,93,230,0.6300336718559265,0.6674685775941026
t+5,93,231,0.6600101590156555,0.6470808916847681
t+5,93,232,0.664368748664856,0.6683413949708008
t+5,93,233,0.6110183596611023,0.6643603963698271
t+5,93,234,0.6600955128669739,0.7103692955542097
t+5,93,235,0.6462810039520264,0.6213517742211486
t+5,93,236,0.5851793885231018,0.6479171865409175
t+5,93,237,0.6662944555282593,0.653548598271243
t+5,93,238,0.5598138570785522,0.6017352353016739
t+5,93,239,0.628908097743988,0.6488158619907799
t+5,93,240,0.6159567832946777,0.6353080042882181
t+5,93,241,0.5193287134170532,0.5777162442835303
t+5,93,242,0.6042383313179016,0.6537079271901463
t+5,93,243,0.6026129126548767,0.5535676959574621
t+5,93,244,0.5649780035018921,0.6179923556825797
t+5,93,245,0.5753042697906494,0.6058658496830518
t+5,93,246,0.5542327761650085,0.516017349463215
t+5,93,247,0.5665407776832581,0.5941401266898344
t+5,93,248,0.534710705280304,0.5923503738214146
t+5,93,249,0.5367404222488403,0.5576899763215195
t+5,93,250,0.4582786560058594,0.5676196556604758
t+5,93,251,0.5092834234237671,0.5470729659133549
t+5,93,252,0.5199764370918274,0.5586025725426732
t+5,93,253,0.4952562749385834,0.5291189917775797
t+5,93,254,0.4656095206737518,0.5308707904264018
t+5,93,255,0.4570486843585968,0.4367518006275936
t+5,93,256,0.4696543216705322,0.5050986726894302
t+5,93,257,0.3941805362701416,0.5147292710197379
t+5,93,258,0.4829345643520355,0.47007218071540746
t+5,93,259,0.4362332820892334,0.4425673671877161
t+5,93,260,0.4842546880245209,0.43459865460316977
t+5,93,261,0.4402693212032318,0.4459849451855589
t+5,93,262,0.4705670773983001,0.3767730794162836
t+5,93,263,0.3919701278209686,0.4578097921852496
t+5,93,264,0.4534683525562286,0.4145579512522998
t+5,93,265,0.4315071105957031,0.45887835099435625
t+5,93,266,0.4577511548995971,0.41770745614759813
t+5,93,267,0.3837091326713562,0.44590107087786857
t+5,93,268,0.3850222826004028,0.37327055491434824
t+5,93,269,0.3761337101459503,0.42974421254366985
t+5,93,270,0.4137390255928039,0.409384809089101
t+5,93,271,0.3430439233779907,0.43336445381019456
t+5,93,272,0.3695440292358398,0.36460892306280196
t+5,93,273,0.3537282645702362,0.3658668634893825
t+5,93,274,0.4146186709403991,0.3580368629720443
t+5,93,275,0.3576532006263733,0.39234779318639207
t+5,93,276,0.3799569010734558,0.3281774704610461
t+5,93,277,0.3051396012306213,0.35206984056104784
t+5,93,278,0.3552770018577575,0.3373702516064947
t+5,93,279,0.4116521179676056,0.39312328845754374
t+5,93,280,0.3017443120479584,0.3394040501501355
t+5,93,281,0.322290688753128,0.36033511648763483
t+5,93,282,0.4201291501522064,0.29291644823876606
t+5,93,283,0.344759464263916,0.33793059136870274
t+5,93,284,0.3846639096736908,0.389034094549796
t+5,93,285,0.3328503668308258,0.28942820237648603
t+5,93,286,0.2859134078025818,0.3066125808373374
t+5,93,287,0.3035110831260681,0.3962548309192659
t+5,93,288,0.3344081044197082,0.327973428231574
t+5,93,289,0.3186448812484741,0.36243702450931964
t+5,94,0,0.3030116558074951,0.3383249191026598
t+5,94,1,0.2628867924213409,0.2861706527224363
t+5,94,2,0.3672299981117248,0.3818788051954806
t+5,94,3,0.324889063835144,0.38741709355773235
t+5,94,4,0.3256235122680664,0.365171674167264
t+5,94,5,0.3238775134086609,0.3343212061022224
t+5,94,6,0.3258032202720642,0.2977259874101228
t+5,94,7,0.3088614344596863,0.3925225886281493
t+5,94,8,0.3571118414402008,0.3535740161971523
t+5,94,9,0.265837162733078,0.35401297258426684
t+5,94,10,0.3174513280391693,0.3534783594053659
t+5,94,11,0.2655582726001739,0.3538600134984562
t+5,94,12,0.3067983388900757,0.33881504222297315
t+5,94,13,0.3341214060783386,0.3825929345623693
t+5,94,14,0.3522883951663971,0.29905065751575083
t+5,94,15,0.2751322090625763,0.34508099246800594
t+5,94,16,0.3372905850410461,0.29878306647666586
t+5,94,17,0.2683822214603424,0.3357973832204291
t+5,94,18,0.3476073741912842,0.3602382354274032
t+5,94,19,0.3580464720726013,0.3772220075162133
t+5,94,20,0.3303723931312561,0.3066010285082941
t+5,94,21,0.3267540633678436,0.3628858908521555
t+5,94,22,0.359754353761673,0.3005099296246357
t+5,94,23,0.3321475386619568,0.3719671185108896
t+5,94,24,0.2857136130332947,0.38114263827280076
t+5,94,25,0.3681200742721557,0.35553319200684336
t+5,94,26,0.3138631582260132,0.3533292892718008
t+5,94,27,0.35507732629776,0.3822364165534169
t+5,94,28,0.357915461063385,0.35712758199962175
t+5,94,29,0.3633271753787994,0.3148514225308504
t+5,94,30,0.3168783783912658,0.3900292775801585
t+5,94,31,0.3915082812309265,0.34020677683293976
t+5,94,32,0.3150481581687927,0.377203631111381
t+5,94,33,0.3117082715034485,0.3800256528401962
t+5,94,34,0.2886289060115814,0.38482725197291906
t+5,94,35,0.3998647034168243,0.34217147967182615
t+5,94,36,0.4228975474834442,0.4101509245068873
t+5,94,37,0.3656392693519592,0.3405791904873265
t+5,94,38,0.3408117592334747,0.3372854823533981
t+5,94,39,0.3909141719341278,0.3154696419357964
t+5,94,40,0.3495940864086151,0.4167938463013692
t+5,94,41,0.3873374164104461,0.4377405971615253
t+5,94,42,0.4124954044818878,0.38497065542481107
t+5,94,43,0.4107820689678192,0.36241128478651086
t+5,94,44,0.3259154260158539,0.40785570544157507
t+5,94,45,0.430097371339798,0.37055610085031265
t+5,94,46,0.3491614162921905,0.40468165460139605
t+5,94,47,0.3607107400894165,0.4281379642334917
t+5,94,48,0.426375538110733,0.42547288362629054
t+5,94,49,0.4356000125408172,0.34799838511056574
t+5,94,50,0.3855431675910949,0.44283870690824867
t+5,94,51,0.4208333194255829,0.3693375182616799
t+5,94,52,0.358949214220047,0.37889873245641126
t+5,94,53,0.4215672612190246,0.4391441455956788
t+5,94,54,0.4082353115081787,0.4478957736778959
t+5,94,55,0.4127233624458313,0.40090095564119405
t+5,94,56,0.4689920842647552,0.433518742721148
t+5,94,57,0.480623334646225,0.3771582120837148
t+5,94,58,0.404612123966217,0.4340512332171623
t+5,94,59,0.4850811958312988,0.4218562664388494
t+5,94,60,0.4571821093559265,0.42535821915329963
t+5,94,61,0.4724390804767608,0.4772923767419601
t+5,94,62,0.5314887762069702,0.4877936028909202
t+5,94,63,0.5209657549858093,0.417725489136408
t+5,94,64,0.6066104769706726,0.4915758427790607
t+5,94,65,0.5870649814605713,0.465699339299951
t+5,94,66,0.5850062370300293,0.4797814950537907
t+5,94,67,0.5612890124320984,0.5558920680860792
t+5,94,68,0.5229538679122925,0.5457579780749449
t+5,94,69,0.5420928597450256,0.6247600746029905
t+5,94,70,0.598616898059845,0.6067539447577028
t+5,94,71,0.5398682951927185,0.6042920228201549
t+5,94,72,0.6040031909942627,0.5822088711736247
t+5,94,73,0.5978085994720459,0.5468109576540884
t+5,94,74,0.6145445704460144,0.5644125456048935
t+5,94,75,0.5884746313095093,0.6170431434837799
t+5,94,76,0.65518718957901,0.5621975811975682
t+5,94,77,0.6065388321876526,0.6218712709903518
t+5,94,78,0.5961768627166748,0.6163518815530837
t+5,94,79,0.6442025303840637,0.6318169156052765
t+5,94,80,0.6024585366249084,0.6066205230926563
t+5,94,81,0.5742575526237488,0.6680871025732662
t+5,94,82,0.5914384722709656,0.6231691779613837
t+5,94,83,0.6072971820831299,0.6130526310000182
t+5,94,84,0.5798770189285278,0.6573096480547143
t+5,94,85,0.6225090026855469,0.618118365086179
t+5,94,86,0.5547228455543518,0.5927132110833112
t+5,94,87,0.6250126361846924,0.6081444166786147
t+5,94,88,0.6037471890449524,0.6226474993116371
t+5,94,89,0.6406652331352234,0.5970033231931144
t+5,94,90,0.5538895130157471,0.637211119499384
t+5,94,91,0.5645806193351746,0.5733668976290069
t+5,94,92,0.6181133985519409,0.6391770908208854
t+5,94,93,0.6209045648574829,0.6188256164122531
t+5,94,94,0.6626489758491516,0.6537625500202996
t+5,94,95,0.5933194756507874,0.5719821145986668
t+5,94,96,0.6464690566062927,0.5818055551338605
t+5,94,97,0.641746997833252,0.6315942440895014
t+5,94,98,0.6443690657615662,0.6342877701804404
t+5,94,99,0.6652278304100037,0.6742196183932216
t+5,94,100,0.586304247379303,0.6082169295425778
t+5,94,101,0.6811628341674805,0.6571419686784303
t+5,94,102,0.6688709259033203,0.6527182731768149
t+5,94,103,0.7343367338180542,0.6549966976594799
t+5,94,104,0.6967650651931763,0.6754953656921026
t+5,94,105,0.7025543451309204,0.6002302048191429
t+5,94,106,0.6891078352928162,0.6893405400952609
t+5,94,107,0.7261163592338562,0.6775690344711999
t+5,94,108,0.6741989850997925,0.739937650631977
t+5,94,109,0.7437682151794434,0.7030845866826407
t+5,94,110,0.7100553512573242,0.7089228799072264
t+5,94,111,0.730129063129425,0.6961200200501005
t+5,94,112,0.7306718826293945,0.7315860313906741
t+5,94,113,0.8010029792785645,0.6812102642523619
t+5,94,114,0.7260934114456177,0.7472106306643375
t+5,94,115,0.7431044578552246,0.7138795404939466
t+5,94,116,0.7574804425239563,0.7328465525064524
t+5,94,117,0.8093063831329346,0.7346725037697377
t+5,94,118,0.8040898442268372,0.7899102033282247
t+5,94,119,0.7768376469612122,0.7294849457440467
t+5,94,120,0.8121075630187988,0.7465717226514819
t+5,94,121,0.8131760954856873,0.7507537742148788
t+5,94,122,0.7842423319816589,0.7998158824049447
t+5,94,123,0.8246368765830994,0.7913479679807801
t+5,94,124,0.8378872871398926,0.7666157398093614
t+5,94,125,0.8811569213867188,0.800242647202537
t+5,94,126,0.8270338177680969,0.8013541514982373
t+5,94,127,0.8058237433433533,0.7726982441475828
t+5,94,128,0.7982163429260254,0.8137417590593946
t+5,94,129,0.8800639510154724,0.8221882822802561
t+5,94,130,0.8085665702819824,0.8650168301383118
t+5,94,131,0.8133611679077148,0.8118841278611145
t+5,94,132,0.8301153779029846,0.7924509500482416
t+5,94,133,0.8324529528617859,0.7870943659703352
t+5,94,134,0.7808137536048889,0.8657994766067421
t+5,94,135,0.7819151878356934,0.7946713122348037
t+5,94,136,0.8110761642456055,0.8000725739249516
t+5,94,137,0.8386185765266418,0.8157881424639264
t+5,94,138,0.7544658184051514,0.8178252870301027
t+5,94,139,0.7458856701850891,0.7680699559035824
t+5,94,140,0.7886478304862976,0.7680962833770715
t+5,94,141,0.7934194803237915,0.7953989580943133
t+5,94,142,0.7949913144111633,0.8242886048012924
t+5,94,143,0.7625904679298401,0.7428919191230947
t+5,94,144,0.7718669176101685,0.7442134388662072
t+5,94,145,0.7019681334495544,0.7754349388026266
t+5,94,146,0.7091026306152344,0.7811395300936672
t+5,94,147,0.7811046838760376,0.7795572782727956
t+5,94,148,0.6753173470497131,0.7493648003224802
t+5,94,149,0.7397312521934509,0.7584589537121631
t+5,94,150,0.683492124080658,0.7021031061010169
t+5,94,151,0.7219659090042114,0.7078087936643545
t+5,94,152,0.681483268737793,0.7676000376287866
t+5,94,153,0.6351571083068848,0.6755927976926522
t+5,94,154,0.6287434101104736,0.7361504997755499
t+5,94,155,0.5878032445907593,0.6825500116381522
t+5,94,156,0.6919384002685547,0.7196522145506651
t+5,94,157,0.6835559606552124,0.6822296966276286
t+5,94,158,0.7019528150558472,0.6376908464643806
t+5,94,159,0.6677934527397156,0.6312963361931149
t+5,94,160,0.6881327629089355,0.5928354081804478
t+5,94,161,0.6371153593063354,0.6909793936231103
t+5,94,162,0.6777799129486084,0.6816531430812832
t+5,94,163,0.6526976227760315,0.7007988221182123
t+5,94,164,0.6561594605445862,0.6668600320066692
t+5,94,165,0.6003594398498535,0.6867862857555237
t+5,94,166,0.6136775612831116,0.6383561570741794
t+5,94,167,0.6434464454650879,0.6761084525729216
t+5,94,168,0.6372256278991699,0.6516257475909116
t+5,94,169,0.6049898266792297,0.6550661164807355
t+5,94,170,0.6416009664535522,0.602969302831839
t+5,94,171,0.6174536347389221,0.6152719344269267
t+5,94,172,0.6393635272979736,0.6429877227093547
t+5,94,173,0.5893934369087219,0.6378130594654766
t+5,94,174,0.6103256344795227,0.6075498820683173
t+5,94,175,0.5847108364105225,0.6406169512219148
t+5,94,176,0.5811426639556885,0.619270441042476
t+5,94,177,0.618285059928894,0.6386993657169003
t+5,94,178,0.6126119494438171,0.5918203337414428
t+5,94,179,0.6217118501663208,0.6115041559833178
t+5,94,180,0.5967013835906982,0.5869075211625336
t+5,94,181,0.5933943390846252,0.5837564591754238
t+5,94,182,0.5914286375045776,0.6188951533594695
t+5,94,183,0.6382893323898315,0.612759690035548
t+5,94,184,0.6537161469459534,0.6212664389707043
t+5,94,185,0.5722804665565491,0.5972427746014598
t+5,94,186,0.564632773399353,0.5945372500663192
t+5,94,187,0.6382062435150146,0.5920075896542921
t+5,94,188,0.6694722771644592,0.6363043719310012
t+5,94,189,0.6184393167495728,0.650866261879865
t+5,94,190,0.6243293881416321,0.5738524204793902
t+5,94,191,0.6243403553962708,0.5669153501114372
t+5,94,192,0.5689445734024048,0.6349442155280163
t+5,94,193,0.6620643734931946,0.664675953753725
t+5,94,194,0.5880023241043091,0.6161766583329369
t+5,94,195,0.5952878594398499,0.6215330263282861
t+5,94,196,0.6292983889579773,0.6214898913862378
t+5,94,197,0.66305011510849,0.5697689376586922
t+5,94,198,0.6636836528778076,0.6564136237227193
t+5,94,199,0.6468260884284973,0.5872657861996132
t+5,94,200,0.6830796003341675,0.5937520217621225
t+5,94,201,0.6993570923805237,0.6249698750369563
t+5,94,202,0.6710405349731445,0.6575286297998989
t+5,94,203,0.6571288108825684,0.6562175880560281
t+5,94,204,0.7116026282310486,0.6417259380446898
t+5,94,205,0.7408216595649719,0.6750794125358928
t+5,94,206,0.6765255331993103,0.6913568855059017
t+5,94,207,0.709041178226471,0.6632578339993002
t+5,94,208,0.7317638993263245,0.650033111637483
t+5,94,209,0.7186402678489685,0.7028155005526044
t+5,94,210,0.6803514957427979,0.7273379396418118
t+5,94,211,0.6713807582855225,0.6681725632012178
t+5,94,212,0.732474684715271,0.6977870990012556
t+5,94,213,0.6947522163391113,0.7196425322288644
t+5,94,214,0.6966676712036133,0.706952982244351
t+5,94,215,0.6502791047096252,0.6710261357292663
t+5,94,216,0.6777529716491699,0.6628744594254443
t+5,94,217,0.6759297251701355,0.720465644943471
t+5,94,218,0.6947898268699646,0.6825527449245071
t+5,94,219,0.7091979384422302,0.6851724106343278
t+5,94,220,0.7226244807243347,0.6429163358519053
t+5,94,221,0.6599442958831787,0.6678029779131882
t+5,94,222,0.6350038647651672,0.6663940535183753
t+5,94,223,0.7137457132339478,0.6850371284231788
t+5,94,224,0.6964395046234131,0.6953101075581654
t+5,94,225,0.7049262523651123,0.7097750156396345
t+5,94,226,0.6517123579978943,0.6507409801456073
t+5,94,227,0.6865109205245972,0.6269247529897436
t+5,94,228,0.7764251232147217,0.6994342075996172
t+5,94,229,0.6516753435134888,0.6854682575292352
t+5,94,230,0.6456475853919983,0.6915385481520444
t+5,94,231,0.6117298007011414,0.6415406485971109
t+5,94,232,0.6391457319259644,0.6751773953393648
t+5,94,233,0.6395143270492554,0.7493769591682194
t+5,94,234,0.6835780143737793,0.6422568590100877
t+5,94,235,0.5792533159255981,0.6352025931071805
t+5,94,236,0.6324260234832764,0.6027566571338484
t+5,94,237,0.5569707155227661,0.6282487317157963
t+5,94,238,0.6686285734176636,0.6292619078745082
t+5,94,239,0.7083990573883057,0.6694337619362555
t+5,94,240,0.6503185033798218,0.5728903524638564
t+5,94,241,0.6208716630935669,0.6211702232934965
t+5,94,242,0.6533719897270203,0.5512784424124083
t+5,94,243,0.5913439989089966,0.6563719380682226
t+5,94,244,0.5375661253929138,0.6937955917186857
t+5,94,245,0.5666689872741699,0.6380189447435256
t+5,94,246,0.5954222679138184,0.6102179069112456
t+5,94,247,0.5589916110038757,0.6406060946621507
t+5,94,248,0.4995067715644836,0.5822714222993052
t+5,94,249,0.5143627524375916,0.5323079945897606
t+5,94,250,0.5785099267959595,0.5592906274901028
t+5,94,251,0.5559054613113403,0.5857697722577929
t+5,94,252,0.5149500966072083,0.5518986377285361
t+5,94,253,0.5207622051239014,0.4748193529656652
t+5,94,254,0.5003244876861572,0.5100308402920398
t+5,94,255,0.5483623147010803,0.5694162006546879
t+5,94,256,0.5501776337623596,0.548373361830328
t+5,94,257,0.4980067908763885,0.5102250524821915
t+5,94,258,0.4685383439064026,0.5153266642270152
t+5,94,259,0.3685857951641083,0.49630984335809564
t+5,94,260,0.4327739775180816,0.5404744863048205
t+5,94,261,0.4642290771007538,0.5423032967241103
t+5,94,262,0.4647073447704315,0.4720299383073125
t+5,94,263,0.4200955629348755,0.4448800807413448
t+5,94,264,0.368140161037445,0.3537185472655779
t+5,94,265,0.3970993757247925,0.4116162591720039
t+5,94,266,0.4231106340885162,0.44032550479155963
t+5,94,267,0.4061662256717682,0.4406543435749232
t+5,94,268,0.42037433385849,0.39952581499337847
t+5,94,269,0.3692140579223633,0.35194127217992205
t+5,94,270,0.3830534517765045,0.3782696862571512
t+5,94,271,0.3929747939109802,0.4016482702357984
t+5,94,272,0.4200838208198547,0.38618030646392715
t+5,94,273,0.3727080225944519,0.3985307870603365
t+5,94,274,0.3522785604000091,0.35224468122457436
t+5,94,275,0.4200895130634308,0.3643951983260484
t+5,94,276,0.3698069453239441,0.3730192364792682
t+5,94,277,0.2358854264020919,0.3980139597580998
t+5,94,278,0.3184219598770141,0.35397238063348924
t+5,94,279,0.3254613578319549,0.33569035073785486
t+5,94,280,0.3311524987220764,0.3977536263467446
t+5,94,281,0.3275481462478637,0.3512764140719261
t+5,94,282,0.3611052334308624,0.22973427386080367
t+5,94,283,0.2637316286563873,0.3050333744051487
t+5,94,284,0.29224693775177,0.3114425661171736
t+5,94,285,0.3161104619503021,0.31477420160033226
t+5,94,286,0.3723873496055603,0.3121986871702434
t+5,94,287,0.2983191907405853,0.3421494478832186
t+5,94,288,0.3055665194988251,0.25367217067406145
t+5,94,289,0.3123730719089508,0.2793188666962538
t+5,95,0,0.3999482989311218,0.40339973873967305
t+5,95,1,0.4484033584594726,0.41179802822357486
t+5,95,2,0.4219630658626556,0.4205847525138315
t+5,95,3,0.3817325830459595,0.4455444894822073
t+5,95,4,0.5243738293647766,0.43146293603881875
t+5,95,5,0.517249345779419,0.4230491052230275
t+5,95,6,0.4284642934799194,0.46682450917988016
t+5,95,7,0.4570837616920471,0.4423505952186585
t+5,95,8,0.4720915257930755,0.4045891451535789
t+5,95,9,0.5111368894577026,0.5581521573937429
t+5,95,10,0.389793187379837,0.5515872032537482
t+5,95,11,0.4545681476593017,0.4478424715748827
t+5,95,12,0.492550790309906,0.4737444183512057
t+5,95,13,0.4257385432720184,0.487567953552368
t+5,95,14,0.4690454602241516,0.5452880386925081
t+5,95,15,0.482744961977005,0.41181743597369674
t+5,95,16,0.4790563285350799,0.47105840149993017
t+5,95,17,0.459339439868927,0.5059563325489834
t+5,95,18,0.5332358479499817,0.4442183214294781
t+5,95,19,0.4762250483036041,0.48386245800487376
t+5,95,20,0.5244836807250977,0.4963590010937051
t+5,95,21,0.4837328493595123,0.4928181114108396
t+5,95,22,0.5015226602554321,0.4745964104163672
t+5,95,23,0.4793672859668731,0.5640555038337715
t+5,95,24,0.5295770764350891,0.4897485044380783
t+5,95,25,0.5035207867622375,0.5558173282166633
t+5,95,26,0.4575080275535583,0.4964434335286021
t+5,95,27,0.5139416456222534,0.5342936290615538
t+5,95,28,0.5795249938964844,0.49202157916263783
t+5,95,29,0.4231183528900146,0.5600291060665965
t+5,95,30,0.478628396987915,0.5356663905891318
t+5,95,31,0.4794642031192779,0.47161435697405113
t+5,95,32,0.4688598811626434,0.5449006586216599
t+5,95,33,0.5047767758369446,0.6060480815270071
t+5,95,34,0.4630218744277954,0.438989498948518
t+5,95,35,0.4960294961929321,0.49029733403789627
t+5,95,36,0.4857235252857208,0.4908007870204293
t+5,95,37,0.4254644811153412,0.4808580428635568
t+5,95,38,0.4184861481189728,0.5355548000994736
t+5,95,39,0.5166766047477722,0.4752655377241543
t+5,95,40,0.4444175064563751,0.5054855486821659
t+5,95,41,0.4516607522964477,0.4957547282549545
t+5,95,42,0.4996614456176758,0.4402165981546458
t+5,95,43,0.4657657444477081,0.43349035577802186
t+5,95,44,0.4178234338760376,0.5456640203318898
t+5,95,45,0.4258229732513428,0.45728515306830325
t+5,95,46,0.4727991223335266,0.46330579055661025
t+5,95,47,0.4809135496616363,0.5077118699468729
t+5,95,48,0.4191026389598846,0.47634514649238824
t+5,95,49,0.4758602678775787,0.4319978133713504
t+5,95,50,0.414368987083435,0.4390129468903708
t+5,95,51,0.4328165352344513,0.4824081071093369
t+5,95,52,0.3796375691890716,0.48950658083237597
t+5,95,53,0.415983110666275,0.43250496130327964
t+5,95,54,0.4404518604278564,0.48464316794661694
t+5,95,55,0.4354696273803711,0.4277858505827302
t+5,95,56,0.4478638768196106,0.44472910217488393
t+5,95,57,0.3963966965675354,0.39580591899420053
t+5,95,58,0.4144994914531708,0.42887155622250794
t+5,95,59,0.418024867773056,0.45125749020625733
t+5,95,60,0.4816659390926361,0.44670814861002256
t+5,95,61,0.3799463510513305,0.4576990790411101
t+5,95,62,0.4130702018737793,0.41046187675002593
t+5,95,63,0.4199655055999756,0.42663453616360275
t+5,95,64,0.5341663956642151,0.429835134901087
t+5,95,65,0.4478139877319336,0.48812118399009524
t+5,95,66,0.4259694814682007,0.3946591273042044
t+5,95,67,0.4313453733921051,0.42445109239407075
t+5,95,68,0.3764570951461792,0.4306337992390282
t+5,95,69,0.4369797110557556,0.5576956479182806
t+5,95,70,0.4807125926017761,0.4565947050071367
t+5,95,71,0.4310132563114166,0.43616970226332724
t+5,95,72,0.4233631491661072,0.44089163594792136
t+5,95,73,0.4316949248313904,0.3905011011593463
t+5,95,74,0.474498450756073,0.4457018938399686
t+5,95,75,0.4699262678623199,0.485763942290701
t+5,95,76,0.4913670718669891,0.439401047621768
t+5,95,77,0.4623765051364898,0.43298919356431415
t+5,95,78,0.4848329126834869,0.44050122664271046
t+5,95,79,0.4312686324119568,0.4793656279931688
t+5,95,80,0.471184641122818,0.4748290769975952
t+5,95,81,0.4312548637390136,0.49461845942452426
t+5,95,82,0.4525030851364136,0.46781924483241527
t+5,95,83,0.4481165409088135,0.48831213254015726
t+5,95,84,0.4794577360153198,0.43888312173460453
t+5,95,85,0.5263409614562988,0.47533542042434274
t+5,95,86,0.508062481880188,0.43840050051770496
t+5,95,87,0.4594265818595886,0.45795283172685153
t+5,95,88,0.5253834128379822,0.45366345244937134
t+5,95,89,0.5862358212471008,0.482437388108304
t+5,95,90,0.5623157620429993,0.547179093925565
t+5,95,91,0.5464099049568176,0.5301497624282092
t+5,95,92,0.5696942210197449,0.4636773039672899
t+5,95,93,0.5769482851028442,0.5457577109166729
t+5,95,94,0.5521798729896545,0.6027162921913612
t+5,95,95,0.5349294543266296,0.5799423269327363
t+5,95,96,0.6267117857933044,0.5649923250458482
t+5,95,97,0.5734302997589111,0.5867402185963412
t+5,95,98,0.6127794981002808,0.592925134698696
t+5,95,99,0.5751216411590576,0.5695240483052242
t+5,95,100,0.6576812863349915,0.5534852679742723
t+5,95,101,0.4843261837959289,0.6387933368609479
t+5,95,102,0.5875943899154663,0.5891517161386632
t+5,95,103,0.5005092024803162,0.6256321454006415
t+5,95,104,0.6705429553985596,0.5902465134877609
t+5,95,105,0.5990878939628601,0.6681284634570479
t+5,95,106,0.6711542010307312,0.4842186548973324
t+5,95,107,0.6177409887313843,0.6012152813718301
t+5,95,108,0.6193151473999023,0.5204820348924489
t+5,95,109,0.6354990005493164,0.6788097004462437
t+5,95,110,0.6476317048072815,0.6112050667141996
t+5,95,111,0.707444429397583,0.6794265678778432
t+5,95,112,0.6464609503746033,0.6284137147812795
t+5,95,113,0.6125636100769043,0.6304724673216614
t+5,95,114,0.6727688908576965,0.6453486472236241
t+5,95,115,0.7582204937934875,0.6562477506633704
t+5,95,116,0.7742676734924316,0.7131584759771612
t+5,95,117,0.7058061361312866,0.6563994838547695
t+5,95,118,0.6637864708900452,0.6236677883208709
t+5,95,119,0.658778190612793,0.6798109066608244
t+5,95,120,0.7216968536376953,0.7484044901150086
t+5,95,121,0.7303288578987122,0.7662160920554231
t+5,95,122,0.694821298122406,0.7095259101320405
t+5,95,123,0.7250260710716248,0.6704956905172076
t+5,95,124,0.768729031085968,0.6656617811279502
t+5,95,125,0.7312725782394409,0.7244234621762133
t+5,95,126,0.7278377413749695,0.7330190047639298
t+5,95,127,0.7619121670722961,0.6997443745202944
t+5,95,128,0.7019034028053284,0.7254212987507852
t+5,95,129,0.7489558458328247,0.7573175326127232
t+5,95,130,0.7561932802200317,0.7333666550781001
t+5,95,131,0.7449004650115967,0.7290123116124433
t+5,95,132,0.7340328097343445,0.7518347226326801
t+5,95,133,0.7428838014602661,0.7051761840289972
t+5,95,134,0.7812895178794861,0.7472891643199416
t+5,95,135,0.6573084592819214,0.7445743121432562
t+5,95,136,0.7738180160522461,0.7442494049188694
t+5,95,137,0.7358691692352295,0.7352427851076774
t+5,95,138,0.7158694863319397,0.7427756212043993
t+5,95,139,0.7398059964179993,0.766948900746873
t+5,95,140,0.7514142394065857,0.6620816958954034
t+5,95,141,0.7594339847564697,0.7615585965886577
t+5,95,142,0.709439218044281,0.7354669318203422
t+5,95,143,0.6916817426681519,0.7156562757621922
t+5,95,144,0.7185551524162292,0.739143482087761
t+5,95,145,0.6764060258865356,0.7412239996172377
t+5,95,146,0.7677104473114014,0.7473985641333634
t+5,95,147,0.8347508907318115,0.7092949720379672
t+5,95,148,0.6704164147377014,0.6916600450792593
t+5,95,149,0.7570804953575134,0.7163650627651436
t+5,95,150,0.7196947336196899,0.676478135657195
t+5,95,151,0.6897854208946228,0.7547053583411371
t+5,95,152,0.7215270400047302,0.8196244830482421
t+5,95,153,0.7201254367828369,0.6719882909001008
t+5,95,154,0.6963808536529541,0.7440309485664904
t+5,95,155,0.6602797508239746,0.720320084680317
t+5,95,156,0.68592768907547,0.6891944879616261
t+5,95,157,0.6396373510360718,0.7198411253058961
t+5,95,158,0.7018667459487915,0.7159215294929308
t+5,95,159,0.6684595346450806,0.695533714692541
t+5,95,160,0.7153316140174866,0.6609993138507159
t+5,95,161,0.683263897895813,0.6845672569792624
t+5,95,162,0.6763482093811035,0.6413385213073766
t+5,95,163,0.6532427668571472,0.6992519477922794
t+5,95,164,0.7053411602973938,0.667334653883603
t+5,95,165,0.6970131397247314,0.71184189023774
t+5,95,166,0.6820983290672302,0.6815286654332512
t+5,95,167,0.6956525444984436,0.6742490509625132
t+5,95,168,0.7351335883140564,0.6536311456757938
t+5,95,169,0.6998923420906067,0.7021480443984408
t+5,95,170,0.6788058280944824,0.6932825324258169
t+5,95,171,0.7408801317214966,0.6798810448331314
t+5,95,172,0.7312631011009216,0.693120403192292
t+5,95,173,0.6838265061378479,0.7295486220396772
t+5,95,174,0.8369016051292419,0.6965185537823474
t+5,95,175,0.7256131172180176,0.6758680616089476
t+5,95,176,0.7487070560455322,0.7331059900395319
t+5,95,177,0.7051204442977905,0.72489758284386
t+5,95,178,0.7608861327171326,0.6799884229321786
t+5,95,179,0.7486758232116699,0.813754026351595
t+5,95,180,0.7612264752388,0.7191467610659371
t+5,95,181,0.7461246252059937,0.7412897255884182
t+5,95,182,0.778500497341156,0.7001382907006678
t+5,95,183,0.7798460125923157,0.7423198137812377
t+5,95,184,0.7824348211288452,0.7402515117901659
t+5,95,185,0.7886325120925903,0.7432147925795359
t+5,95,186,0.7706713676452637,0.7392350798112854
t+5,95,187,0.7526919841766357,0.758394924013892
t+5,95,188,0.8017653226852417,0.7605740868403216
t+5,95,189,0.8912610411643982,0.7620015895632308
t+5,95,190,0.848505437374115,0.766907357512139
t+5,95,191,0.8154551982879639,0.750546681501681
t+5,95,192,0.7912987470626831,0.7311714519290524
t+5,95,193,0.8298255801200867,0.778571249387272
t+5,95,194,0.8374653458595276,0.8641725463142764
t+5,95,195,0.8317234516143799,0.8229489073362642
t+5,95,196,0.8722150921821594,0.7927718425563065
t+5,95,197,0.8262931704521179,0.7677865677982442
t+5,95,198,0.7827531099319458,0.8066677720985481
t+5,95,199,0.8520821928977966,0.8129825194945809
t+5,95,200,0.7785780429840088,0.8067156257769506
t+5,95,201,0.8255829215049744,0.8477212640051669
t+5,95,202,0.7355042099952698,0.800606065087685
t+5,95,203,0.8477086424827576,0.7614065379525343
t+5,95,204,0.7821963429450989,0.8254732762310513
t+5,95,205,0.7875400185585022,0.7551290203398712
t+5,95,206,0.794105052947998,0.7995848599558516
t+5,95,207,0.7642098069190979,0.7224758177833519
t+5,95,208,0.8192116618156433,0.8210305618220083
t+5,95,209,0.7956088185310364,0.7588407172941167
t+5,95,210,0.7044200301170349,0.7645550035787356
t+5,95,211,0.8345330357551575,0.7693122474301349
t+5,95,212,0.8188014626502991,0.741383769861452
t+5,95,213,0.781805157661438,0.7929161700247445
t+5,95,214,0.8292192220687866,0.769990294926693
t+5,95,215,0.7928176522254944,0.6926652009848446
t+5,95,216,0.7437058091163635,0.8093886500130414
t+5,95,217,0.7809867858886719,0.7918956693530199
t+5,95,218,0.733482837677002,0.7566811570150879
t+5,95,219,0.7238155603408813,0.7999356997626987
t+5,95,220,0.7320456504821777,0.7680559090307884
t+5,95,221,0.7112875580787659,0.7286837676939829
t+5,95,222,0.7774843573570251,0.7545568797709655
t+5,95,223,0.7226092219352722,0.7187586589001921
t+5,95,224,0.7244285345077515,0.7105703558754107
t+5,95,225,0.7287985682487488,0.7177995270972276
t+5,95,226,0.6976421475410461,0.6992752547160788
t+5,95,227,0.7362532019615173,0.7516796058238054
t+5,95,228,0.6932467818260193,0.70918867365711
t+5,95,229,0.7288152575492859,0.7093883454356816
t+5,95,230,0.7091369032859802,0.7125088209194929
t+5,95,231,0.6840347647666931,0.6852681976454349
t+5,95,232,0.7019057869911194,0.7209138890296154
t+5,95,233,0.6634451746940613,0.6819952234458398
t+5,95,234,0.7207057476043701,0.7134541485349065
t+5,95,235,0.7052034139633179,0.6937731552320756
t+5,95,236,0.6496315002441406,0.6711197752867112
t+5,95,237,0.7026365995407104,0.6883016648414043
t+5,95,238,0.6792566180229187,0.6523149157485827
t+5,95,239,0.6668760776519775,0.7053761548943293
t+5,95,240,0.7424035668373108,0.6902071954913077
t+5,95,241,0.7113808989524841,0.6387168438265051
t+5,95,242,0.6776948571205139,0.6875842965660734
t+5,95,243,0.6614408493041992,0.6653256841760904
t+5,95,244,0.626747190952301,0.6532205895701599
t+5,95,245,0.6328744292259216,0.7255245228494152
t+5,95,246,0.6448937654495239,0.6944670784389848
t+5,95,247,0.6699206829071045,0.6639949601066956
t+5,95,248,0.6399933099746704,0.6476793594868222
t+5,95,249,0.5810590386390686,0.6161620750919752
t+5,95,250,0.5652497410774231,0.6204927196031181
t+5,95,251,0.5847007036209106,0.6315267477198397
t+5,95,252,0.6050548553466797,0.655063710166824
t+5,95,253,0.6516940593719482,0.6276214495379504
t+5,95,254,0.5282911062240601,0.571767298640039
t+5,95,255,0.5426739454269409,0.5570969409276701
t+5,95,256,0.5531124472618103,0.5751389050071394
t+5,95,257,0.5755435824394226,0.5941499646132804
t+5,95,258,0.5367017984390259,0.6374255838605001
t+5,95,259,0.5783792734146118,0.5222628612608512
t+5,95,260,0.561007559299469,0.5352788730365678
t+5,95,261,0.5425078272819519,0.5448531676693965
t+5,95,262,0.506976842880249,0.5654901713925481
t+5,95,263,0.5394566655158997,0.529283964387675
t+5,95,264,0.5694281458854675,0.5680955407880804
t+5,95,265,0.5498995780944824,0.5519085779969936
t+5,95,266,0.4711554646492004,0.5342769297379718
t+5,95,267,0.4654280245304107,0.50122140017009
t+5,95,268,0.5438863039016724,0.5311157332439527
t+5,95,269,0.4972075223922729,0.5588304667301481
t+5,95,270,0.4600944221019745,0.5402203399409786
t+5,95,271,0.4671022295951843,0.4455836077925238
t+5,95,272,0.4796115159988403,0.4400511266804263
t+5,95,273,0.5013704299926758,0.5343688678956874
t+5,95,274,0.4484075307846069,0.46938644063658314
t+5,95,275,0.4658257365226745,0.4351104103698508
t+5,95,276,0.4414961636066437,0.44128849063802994
t+5,95,277,0.4198991060256958,0.45259912551529236
t+5,95,278,0.3885195255279541,0.4942529406448267
t+5,95,279,0.4020622968673706,0.42350163402597296
t+5,95,280,0.4519775211811065,0.4395064340001427
t+5,95,281,0.471208393573761,0.41695680755524506
t+5,95,282,0.3584288358688354,0.39729647581569805
t+5,95,283,0.3992282152175903,0.36799685777625163
t+5,95,284,0.4440763294696808,0.3801635522101347
t+5,95,285,0.3831159174442291,0.42610255324573265
t+5,95,286,0.3936154544353485,0.4434066537898845
t+5,95,287,0.3739994168281555,0.3402442702702133
t+5,95,288,0.4546186923980713,0.37705031800998984
t+5,95,289,0.3403537571430206,0.41796180865572363
t+5,96,0,0.4410400688648224,0.36884379796541167
t+5,96,1,0.3973099589347839,0.4046100793003762
t+5,96,2,0.4254518151283264,0.38334985042781067
t+5,96,3,0.3651840686798095,0.3941835214252232
t+5,96,4,0.3945688903331756,0.387007137747485
t+5,96,5,0.45982226729393,0.46051416882109286
t+5,96,6,0.4198861420154571,0.4204278557117492
t+5,96,7,0.4594129920005798,0.4459988493459333
t+5,96,8,0.3762776255607605,0.3911922403243485
t+5,96,9,0.3679085373878479,0.4174846431064699
t+5,96,10,0.4160381853580475,0.4768938814093471
t+5,96,11,0.3659249246120453,0.4398328592544215
t+5,96,12,0.3895350694656372,0.47618059963951326
t+5,96,13,0.406088650226593,0.39949516906985466
t+5,96,14,0.4428378939628601,0.39174417211063894
t+5,96,15,0.3901657462120056,0.43572056723438685
t+5,96,16,0.3717385232448578,0.38965973413133415
t+5,96,17,0.3793553411960602,0.41126225147231277
t+5,96,18,0.4106447994709015,0.4265671913724072
t+5,96,19,0.3779006898403168,0.459738037961105
t+5,96,20,0.4201188385486603,0.4112207539194593
t+5,96,21,0.3751491010189056,0.3940992994345632
t+5,96,22,0.3514413237571716,0.40147948805806233
t+5,96,23,0.3849468231201172,0.4297915572432176
t+5,96,24,0.4046518504619598,0.3999356226971487
t+5,96,25,0.4265406727790832,0.4378925492854599
t+5,96,26,0.3408563435077667,0.39644398598501657
t+5,96,27,0.3739396929740906,0.37459133176038406
t+5,96,28,0.416374921798706,0.40509463119029043
t+5,96,29,0.402086466550827,0.42337600649271917
t+5,96,30,0.3754579722881317,0.44334181710158915
t+5,96,31,0.3704767227172851,0.36442912621117063
t+5,96,32,0.3941569924354553,0.39465251326728845
t+5,96,33,0.3892119824886322,0.4335010892494541
t+5,96,34,0.3933119177818298,0.4194957408527377
t+5,96,35,0.4484614431858063,0.3957333308165102
t+5,96,36,0.389215886592865,0.39106284848202455
t+5,96,37,0.347771942615509,0.4119140674162018
t+5,96,38,0.3618078529834747,0.4075300710684367
t+5,96,39,0.304910659790039,0.4111433879784733
t+5,96,40,0.379018634557724,0.46147362629345406
t+5,96,41,0.4061999917030334,0.40715383866518695
t+5,96,42,0.3890133798122406,0.36823488328558734
t+5,96,43,0.4159234762191772,0.3826677062429703
t+5,96,44,0.4009312391281128,0.33020032694124923
t+5,96,45,0.3474924266338348,0.3969328007909162
t+5,96,46,0.391784518957138,0.42197116937286083
t+5,96,47,0.4343993365764618,0.40528473194949155
t+5,96,48,0.4101631641387939,0.43029515537692015
t+5,96,49,0.3799947202205658,0.41639029151086804
t+5,96,50,0.3348545730113983,0.3669046044397522
t+5,96,51,0.396548867225647,0.40754603419174035
t+5,96,52,0.3852875530719757,0.44682260798703427
t+5,96,53,0.3374497592449188,0.4240670138849586
t+5,96,54,0.3922208249568939,0.3970836070766425
t+5,96,55,0.4053263962268829,0.35517430035246583
t+5,96,56,0.3986923396587372,0.41141934582576256
t+5,96,57,0.3810211718082428,0.4010497159939436
t+5,96,58,0.4028740227222442,0.356725413979184
t+5,96,59,0.3511945009231567,0.4072437030522583
t+5,96,60,0.4380360841751098,0.41885955479775405
t+5,96,61,0.3869564235210418,0.41264116253360084
t+5,96,62,0.3821255266666412,0.3959185486608281
t+5,96,63,0.4667347371578216,0.41587045885600316
t+5,96,64,0.4356235861778259,0.36848286303113015
t+5,96,65,0.4402360618114471,0.44791300525890093
t+5,96,66,0.4117848873138428,0.40085542248785216
t+5,96,67,0.4139135479927063,0.39619381415327065
t+5,96,68,0.3970347940921783,0.47395257053472495
t+5,96,69,0.4589150846004486,0.445333340615376
t+5,96,70,0.4127244055271148,0.44901823251568534
t+5,96,71,0.4682216942310333,0.42282055832064114
t+5,96,72,0.3992131948471069,0.4250423331946657
t+5,96,73,0.3686195015907287,0.4095253861181094
t+5,96,74,0.4777974784374237,0.46569982984558045
t+5,96,75,0.4411299228668213,0.42301319335477794
t+5,96,76,0.4561434984207153,0.47425738827364666
t+5,96,77,0.4414598345756531,0.41053260888528864
t+5,96,78,0.5157323479652405,0.3829138025059964
t+5,96,79,0.4304796159267425,0.48240487999631676
t+5,96,80,0.4872847199440002,0.4483610598707816
t+5,96,81,0.5204660892486572,0.46231666446478925
t+5,96,82,0.4606816470623016,0.4482180745892632
t+5,96,83,0.4605681896209717,0.5385095864900995
t+5,96,84,0.43172687292099,0.43797238245486686
t+5,96,85,0.4820202589035034,0.4902564200186405
t+5,96,86,0.4588560163974762,0.5425392469857424
t+5,96,87,0.4887974858283996,0.4650914320219509
t+5,96,88,0.4655035734176636,0.46527121600697896
t+5,96,89,0.5330556631088257,0.4386309520294581
t+5,96,90,0.4674069881439209,0.48464689284000845
t+5,96,91,0.5297778248786926,0.463164950472456
t+5,96,92,0.5233626961708069,0.490517080199927
t+5,96,93,0.5329996943473816,0.46885669431003724
t+5,96,94,0.5076087117195129,0.5529947281983064
t+5,96,95,0.5770987272262573,0.47032628327290465
t+5,96,96,0.620714008808136,0.5492637414065716
t+5,96,97,0.6229552626609802,0.5434114027523808
t+5,96,98,0.511754035949707,0.5519570664800137
t+5,96,99,0.5903624296188354,0.5284673230595555
t+5,96,100,0.5196085572242737,0.5927466749781626
t+5,96,101,0.5627526640892029,0.633479484085422
t+5,96,102,0.5570393204689026,0.6342578420020484
t+5,96,103,0.5596323609352112,0.5316451519988437
t+5,96,104,0.5986132025718689,0.6043678303191159
t+5,96,105,0.5921474099159241,0.5386674043258902
t+5,96,106,0.6467300057411194,0.5785207031345684
t+5,96,107,0.6273207664489746,0.5726583102274168
t+5,96,108,0.6045811176300049,0.5755582958651637
t+5,96,109,0.6580711603164673,0.6118437692397172
t+5,96,110,0.6461248993873596,0.6057300344068418
t+5,96,111,0.755862295627594,0.6554198806316816
t+5,96,112,0.6894665956497192,0.6375021361192993
t+5,96,113,0.7036200165748596,0.6163773262319031
t+5,96,114,0.6956741809844971,0.6663893099076601
t+5,96,115,0.7000607252120972,0.6550946293789843
t+5,96,116,0.7233125567436218,0.7494765885179839
t+5,96,117,0.6730059385299683,0.6959866771140797
t+5,96,118,0.7131189703941345,0.708994856166787
t+5,96,119,0.7703647613525391,0.7013147804357076
t+5,96,120,0.6382931470870972,0.7041488648292601
t+5,96,121,0.7419889569282532,0.7276191901911812
t+5,96,122,0.7196736335754395,0.6802937103695462
t+5,96,123,0.7524746060371399,0.71718246280943
t+5,96,124,0.6695420145988464,0.7625305270936927
t+5,96,125,0.7254701852798462,0.6459693149467848
t+5,96,126,0.7192549109458923,0.7427058681926728
t+5,96,127,0.7155501246452332,0.7224969848948395
t+5,96,128,0.7701004147529602,0.7431963555086221
t+5,96,129,0.7302318215370178,0.6754205662465235
t+5,96,130,0.7550047039985657,0.7280218476288859
t+5,96,131,0.7301108837127686,0.7214693938922209
t+5,96,132,0.7570294141769409,0.7186734888450853
t+5,96,133,0.7185784578323364,0.7584220531690545
t+5,96,134,0.7545444965362549,0.7297855018903062
t+5,96,135,0.7227892279624939,0.7454320225072538
t+5,96,136,0.7440776824951172,0.7305361970444445
t+5,96,137,0.7652822732925415,0.7455851673927193
t+5,96,138,0.6971791982650757,0.7169204725714902
t+5,96,139,0.7415712475776672,0.7429477180312161
t+5,96,140,0.8086178302764893,0.7227739156715072
t+5,96,141,0.6902542114257812,0.7433128498101084
t+5,96,142,0.6658042073249817,0.7544247417528492
t+5,96,143,0.6525024771690369,0.6985709834707099
t+5,96,144,0.6854822635650635,0.7418324072216909
t+5,96,145,0.6990675926208496,0.7931296826713656
t+5,96,146,0.7112603187561035,0.6916270318755106
t+5,96,147,0.7361248731613159,0.6681399466744713
t+5,96,148,0.7365891933441162,0.656833250627329
t+5,96,149,0.6929845809936523,0.6858227917232965
t+5,96,150,0.690951943397522,0.6985415240838203
t+5,96,151,0.7130659818649292,0.7106298999468581
t+5,96,152,0.6735466122627258,0.732601689833583
t+5,96,153,0.6748981475830078,0.7337854126784208
t+5,96,154,0.6457603573799133,0.6946358355241528
t+5,96,155,0.6949809193611145,0.6910110672168899
t+5,96,156,0.6972025036811829,0.7125246744303532
t+5,96,157,0.7144327759742737,0.6740535710861911
t+5,96,158,0.6179876327514648,0.6743342560564195
t+5,96,159,0.6986950635910034,0.6480709119631995
t+5,96,160,0.6220559477806091,0.6930663116638679
t+5,96,161,0.5666658878326416,0.696068405732804
t+5,96,162,0.6318556070327759,0.7129466538086512
t+5,96,163,0.6143845915794373,0.6208858261879263
t+5,96,164,0.5894022583961487,0.6962241088684371
t+5,96,165,0.6519274711608887,0.6245034348409069
t+5,96,166,0.6327512860298157,0.5724445565685108
t+5,96,167,0.6534610390663147,0.6323503188686129
t+5,96,168,0.5574979186058044,0.6164036032445473
t+5,96,169,0.6063427329063416,0.5934857280570236
t+5,96,170,0.598237931728363,0.6516960507169347
t+5,96,171,0.6058505773544312,0.6333880125560146
t+5,96,172,0.6522606611251831,0.6526108641212067
t+5,96,173,0.6065390110015869,0.5626610057928344
t+5,96,174,0.6065024733543396,0.6088583938889612
t+5,96,175,0.553949236869812,0.6001293458241651
t+5,96,176,0.6583881378173828,0.6071387361864147
t+5,96,177,0.600103497505188,0.6503749144583795
t+5,96,178,0.5472254753112793,0.607683542932078
t+5,96,179,0.570259690284729,0.6076712347689103
t+5,96,180,0.6073437929153442,0.5586608091402214
t+5,96,181,0.6559447646141052,0.6552245452047152
t+5,96,182,0.5624825954437256,0.6016302382570623
t+5,96,183,0.5437207818031311,0.5517633105204105
t+5,96,184,0.6346809267997742,0.5731135125981776
t+5,96,185,0.6512898802757263,0.6076811674521866
t+5,96,186,0.6208690404891968,0.6516996750440738
t+5,96,187,0.6171233654022217,0.5654468916354561
t+5,96,188,0.6491707563400269,0.5476188595138054
t+5,96,189,0.5950316190719604,0.6324923223318427
t+5,96,190,0.6282901763916016,0.647665059675
t+5,96,191,0.6273855566978455,0.6199334190926568
t+5,96,192,0.6575219631195068,0.6147273162754138
t+5,96,193,0.6345076560974121,0.6458526691734419
t+5,96,194,0.6887493133544922,0.5949102221789747
t+5,96,195,0.631507933139801,0.6251534826514699
t+5,96,196,0.7495047450065613,0.6246969262532771
t+5,96,197,0.6340248584747314,0.6530194173967224
t+5,96,198,0.6838678121566772,0.6309004025903956
t+5,96,199,0.6819612979888916,0.6805880312297418
t+5,96,200,0.6698104739189148,0.6283492944652105
t+5,96,201,0.7119765281677246,0.7374694806446984
t+5,96,202,0.67385333776474,0.6291311786630378
t+5,96,203,0.681268572807312,0.6745617398796856
t+5,96,204,0.6870822906494141,0.6749735122257463
t+5,96,205,0.7007076144218445,0.6634462482614719
t+5,96,206,0.6639550924301147,0.7022848364943414
t+5,96,207,0.6675187349319458,0.6663916730554628
t+5,96,208,0.7003066539764404,0.6722196903243521
t+5,96,209,0.6705507040023804,0.679928328868295
t+5,96,210,0.7098188996315002,0.6919017665765995
t+5,96,211,0.6918995976448059,0.6578529896660422
t+5,96,212,0.7936023473739624,0.6600465181564915
t+5,96,213,0.7304807901382446,0.6900222443731224
t+5,96,214,0.7333330512046814,0.6616170489414778
t+5,96,215,0.6966711282730103,0.6987505120663857
t+5,96,216,0.6724491715431213,0.6805615010830093
t+5,96,217,0.6895288825035095,0.7660009891547287
t+5,96,218,0.7217519879341125,0.7177486017975389
t+5,96,219,0.6684443354606628,0.7198540819666973
t+5,96,220,0.6822628378868103,0.6857726755266075
t+5,96,221,0.7082154154777527,0.663150990889797
t+5,96,222,0.720015823841095,0.6775740334322219
t+5,96,223,0.689630389213562,0.7089918192651505
t+5,96,224,0.6983829736709595,0.6585013672054195
t+5,96,225,0.6198907494544983,0.6709840119207464
t+5,96,226,0.6450165510177612,0.6951499844445667
t+5,96,227,0.6213847398757935,0.7063568704882291
t+5,96,228,0.6672523021697998,0.6768763068897752
t+5,96,229,0.6444054841995239,0.6854315225202231
t+5,96,230,0.6189947724342346,0.6119529281807159
t+5,96,231,0.6608121991157532,0.6358691950793633
t+5,96,232,0.6276694536209106,0.6131255810857028
t+5,96,233,0.5896393060684204,0.6563880165100732
t+5,96,234,0.5632802248001099,0.6342069365924953
t+5,96,235,0.676236093044281,0.610730187943593
t+5,96,236,0.6575303077697754,0.6494828458479827
t+5,96,237,0.6520234942436218,0.6170334159141497
t+5,96,238,0.6122166514396667,0.5823973325124743
t+5,96,239,0.6107376217842102,0.5575503987167869
t+5,96,240,0.6277527213096619,0.6620146799901154
t+5,96,241,0.5303844809532166,0.6461001529301563
t+5,96,242,0.5808475613594055,0.6400814566461192
t+5,96,243,0.5681518316268921,0.6033306719859776
t+5,96,244,0.5448055863380432,0.6012269677800272
t+5,96,245,0.5733972191810608,0.617412918591595
t+5,96,246,0.5957764983177185,0.5262109292851329
t+5,96,247,0.5898151397705078,0.572616279965031
t+5,96,248,0.51971834897995,0.560984388553896
t+5,96,249,0.5814660787582397,0.5389413541927479
t+5,96,250,0.5065479278564453,0.5659037243627463
t+5,96,251,0.4576235115528106,0.5856526704593717
t+5,96,252,0.5040618181228638,0.5811695308568029
t+5,96,253,0.5605735778808594,0.5152896713578643
t+5,96,254,0.5118532180786133,0.5726588727695676
t+5,96,255,0.4972338378429413,0.5026720885713373
t+5,96,256,0.5303787589073181,0.4355737259307748
t+5,96,257,0.4690512716770172,0.5000718220027066
t+5,96,258,0.4648602902889251,0.5523633877231486
t+5,96,259,0.4243594706058502,0.5069823544348382
t+5,96,260,0.4520924389362335,0.47161048761752
t+5,96,261,0.4830300211906433,0.5237719604132948
t+5,96,262,0.4027772545814514,0.4451984826353802
t+5,96,263,0.4725358784198761,0.44123959486062
t+5,96,264,0.3954587280750274,0.4036769082401497
t+5,96,265,0.4141933023929596,0.42936584243529224
t+5,96,266,0.4115831553936004,0.45750257174075687
t+5,96,267,0.390343427658081,0.3837376926368507
t+5,96,268,0.3810839653015136,0.44750821503690824
t+5,96,269,0.3664051592350006,0.3769247730819723
t+5,96,270,0.3586024641990661,0.3931078314446333
t+5,96,271,0.3883101940155029,0.3911148484652687
t+5,96,272,0.3668795824050903,0.3712786374978814
t+5,96,273,0.3389793634414673,0.36337270776753355
t+5,96,274,0.3545420467853546,0.3492067118788249
t+5,96,275,0.3719404339790344,0.3415701138219145
t+5,96,276,0.3521953225135803,0.3678898045096085
t+5,96,277,0.3224129676818847,0.34899126594885427
t+5,96,278,0.3811310231685638,0.32393381147990824
t+5,96,279,0.3390376567840576,0.3370044443780967
t+5,96,280,0.2838951349258423,0.3532827331339737
t+5,96,281,0.3510253429412842,0.3352316145878539
t+5,96,282,0.3456419706344604,0.30828872964864606
t+5,96,283,0.2962798178195953,0.36109799282615146
t+5,96,284,0.3138699233531952,0.32317372784289466
t+5,96,285,0.3574512600898742,0.27296383280415587
t+5,96,286,0.3385846316814422,0.3325835089739899
t+5,96,287,0.3115761578083038,0.32806326398305713
t+5,96,288,0.3460949063301086,0.2830824354866221
t+5,96,289,0.3235462009906769,0.29887756510027563
t+5,97,0,0.3433119654655456,0.3086292902533548
t+5,97,1,0.302786111831665,0.28895852971698294
t+5,97,2,0.2297942191362381,0.3284800708866968
t+5,97,3,0.2502695024013519,0.30680279957064016
t+5,97,4,0.3143091797828674,0.3526673417216358
t+5,97,5,0.3618155121803283,0.37047563026860353
t+5,97,6,0.3132060766220093,0.3336983550665265
t+5,97,7,0.3119121789932251,0.2677735701594037
t+5,97,8,0.3640396893024444,0.286303508217434
t+5,97,9,0.3321896195411682,0.34265746979648637
t+5,97,10,0.3333155214786529,0.3876186469898015
t+5,97,11,0.3109931647777557,0.34254063113689065
t+5,97,12,0.3525279760360718,0.34168672964887925
t+5,97,13,0.366970807313919,0.38792782387661257
t+5,97,14,0.3014475107192993,0.3590991676951101
t+5,97,15,0.3426007926464081,0.3609187617951109
t+5,97,16,0.3402551114559173,0.33840150303865535
t+5,97,17,0.300916463136673,0.3779523482667369
t+5,97,18,0.2952424883842468,0.3904198935779614
t+5,97,19,0.3336263597011566,0.3304043066081811
t+5,97,20,0.3181400597095489,0.3681228004305954
t+5,97,21,0.3272171914577484,0.36553619951747407
t+5,97,22,0.3422469794750213,0.329959950390718
t+5,97,23,0.3612353801727295,0.32398903270230156
t+5,97,24,0.2439923137426376,0.3589021273732214
t+5,97,25,0.3530980050563812,0.34475869725615865
t+5,97,26,0.3232917189598083,0.3525478001354561
t+5,97,27,0.3333374857902527,0.36654837873177776
t+5,97,28,0.3462713658809662,0.38392418315034127
t+5,97,29,0.3240068554878235,0.27579122394945155
t+5,97,30,0.3655286133289337,0.3766635422006799
t+5,97,31,0.3210331797599792,0.34791380499887864
t+5,97,32,0.3599691689014435,0.356856878972407
t+5,97,33,0.3565320968627929,0.3690170980153269
t+5,97,34,0.3016510903835296,0.348708296858221
t+5,97,35,0.3827581405639648,0.3872148351719172
t+5,97,36,0.3272883594036102,0.34566332705469777
t+5,97,37,0.3335063457489013,0.38163911298574216
t+5,97,38,0.3471446931362152,0.3777123616296491
t+5,97,39,0.363042265176773,0.3276706379551104
t+5,97,40,0.4037226438522339,0.401581951258686
t+5,97,41,0.3793257176876068,0.3502288358336736
t+5,97,42,0.3766826689243316,0.3556404924487374
t+5,97,43,0.3845118284225464,0.36889652307169024
t+5,97,44,0.3282665610313415,0.38273727105891964
t+5,97,45,0.3371396660804748,0.4192188014865231
t+5,97,46,0.4039525687694549,0.3967399109336525
t+5,97,47,0.3722348511219024,0.3950028783338663
t+5,97,48,0.3792891502380371,0.40262703821388707
t+5,97,49,0.4117506742477417,0.3504547339656723
t+5,97,50,0.4362683594226837,0.35835053730919236
t+5,97,51,0.3397703468799591,0.4192370219626157
t+5,97,52,0.387939304113388,0.39029860330783844
t+5,97,53,0.3601416051387787,0.3960686760718474
t+5,97,54,0.4061368405818939,0.42556891775945155
t+5,97,55,0.3841311931610107,0.4479822628561331
t+5,97,56,0.4192311763763428,0.36015621856409047
t+5,97,57,0.3841533362865448,0.40279904152567886
t+5,97,58,0.3905334770679474,0.3783975326086329
t+5,97,59,0.3838010430335998,0.4196404908033031
t+5,97,60,0.4037986695766449,0.3991046433683388
t+5,97,61,0.3919692933559418,0.43152971938448526
t+5,97,62,0.4131175279617309,0.3984521860470183
t+5,97,63,0.3807815909385681,0.404484231054475
t+5,97,64,0.4502957761287689,0.398418633127384
t+5,97,65,0.4227578639984131,0.41644792410726306
t+5,97,66,0.4325988888740539,0.4052847968234111
t+5,97,67,0.4379720389842987,0.42495354460990065
t+5,97,68,0.4514719843864441,0.39448303489990305
t+5,97,69,0.4115940034389496,0.45882663128877554
t+5,97,70,0.4418926239013672,0.4333764789626546
t+5,97,71,0.4984909892082214,0.44172671041176925
t+5,97,72,0.4334169328212738,0.4472638131370692
t+5,97,73,0.4579548239707947,0.45927249693850875
t+5,97,74,0.4340005815029144,0.42275076604521566
t+5,97,75,0.4469972252845764,0.4496285051870795
t+5,97,76,0.4199404716491699,0.5020295637628288
t+5,97,77,0.4322001039981842,0.4419733717650538
t+5,97,78,0.4755271673202514,0.46440185705335213
t+5,97,79,0.5224902033805847,0.44198815475334885
t+5,97,80,0.4789866209030151,0.45383198824880133
t+5,97,81,0.4360318183898926,0.4292498247034622
t+5,97,82,0.4635855555534363,0.43996847671294104
t+5,97,83,0.4998995661735534,0.47981659779423347
t+5,97,84,0.4786294102668762,0.5446512446284976
t+5,97,85,0.4628373980522156,0.4826295223297908
t+5,97,86,0.4877966344356537,0.4424962324587182
t+5,97,87,0.5130640864372253,0.46787440295508254
t+5,97,88,0.5124402046203613,0.501410692556825
t+5,97,89,0.5581064820289612,0.48159466658097977
t+5,97,90,0.575951099395752,0.466955238985646
t+5,97,91,0.6088359951972961,0.48976292659529214
t+5,97,92,0.5889184474945068,0.5346887533536407
t+5,97,93,0.5390264987945557,0.5338947896568375
t+5,97,94,0.5607776641845703,0.5761435697413854
t+5,97,95,0.6041308045387268,0.5924456768341144
t+5,97,96,0.609178364276886,0.6229868365179734
t+5,97,97,0.6197247505187988,0.6040299593783176
t+5,97,98,0.6289528012275696,0.5577724536789377
t+5,97,99,0.5020486116409302,0.5781323028161427
t+5,97,100,0.6186594367027283,0.617804828806317
t+5,97,101,0.6140580177307129,0.6224637137131672
t+5,97,102,0.5960038900375366,0.632298000559651
t+5,97,103,0.6245052814483643,0.6399537326884425
t+5,97,104,0.5968737602233887,0.5225392365647958
t+5,97,105,0.5946517586708069,0.6312837555865776
t+5,97,106,0.6425197720527649,0.6265856913827612
t+5,97,107,0.5901207327842712,0.6095241223794206
t+5,97,108,0.6573327779769897,0.6360016984400148
t+5,97,109,0.6581162214279175,0.6093601904932415
t+5,97,110,0.688221275806427,0.6073883418088707
t+5,97,111,0.6720920205116272,0.6517026898667017
t+5,97,112,0.6375203132629395,0.6024153402789485
t+5,97,113,0.7365031242370605,0.6658599831715402
t+5,97,114,0.6662959456443787,0.6656227274385966
t+5,97,115,0.6961278915405273,0.6932097920866263
t+5,97,116,0.6745209693908691,0.6783334838302845
t+5,97,117,0.708134651184082,0.6462294004458263
t+5,97,118,0.7383592128753662,0.7420001972596895
t+5,97,119,0.7277300357818604,0.6739703367803684
t+5,97,120,0.7375231981277466,0.7019153810634465
t+5,97,121,0.6448088884353638,0.6800891319169271
t+5,97,122,0.7860755324363708,0.7117843780815764
t+5,97,123,0.7334197163581848,0.7390854821546503
t+5,97,124,0.745583176612854,0.7292453736970037
t+5,97,125,0.8070142865180969,0.7387020662213726
t+5,97,126,0.6747047305107117,0.6511946722814269
t+5,97,127,0.742059051990509,0.7766159183393948
t+5,97,128,0.7619298696517944,0.7339009175496688
t+5,97,129,0.7436699867248535,0.744003084068987
t+5,97,130,0.7473816871643066,0.7959872505053918
t+5,97,131,0.8024333119392395,0.6794901395272316
t+5,97,132,0.6937392950057983,0.7417138912934538
t+5,97,133,0.8466776609420776,0.7518044807695942
t+5,97,134,0.7440027594566345,0.7418543154624484
t+5,97,135,0.7763617634773254,0.7466196576539685
t+5,97,136,0.734934389591217,0.7891628480914452
t+5,97,137,0.7716816067695618,0.6954849231105558
t+5,97,138,0.806876540184021,0.8308917763863274
t+5,97,139,0.7461366057395935,0.7439782169619505
t+5,97,140,0.7891677618026733,0.7644558256623054
t+5,97,141,0.7004277110099792,0.7353534729252001
t+5,97,142,0.7015472650527954,0.7585837125465884
t+5,97,143,0.7655442953109741,0.7937910178497218
t+5,97,144,0.8495509624481201,0.7440268136371044
t+5,97,145,0.7377217411994934,0.773569624647333
t+5,97,146,0.7210580110549927,0.7016415319886253
t+5,97,147,0.7290616035461426,0.7015838616711426
t+5,97,148,0.7023833394050598,0.7531490484392321
t+5,97,149,0.772807240486145,0.8316902588665684
t+5,97,150,0.6893957853317261,0.7353199493478929
t+5,97,151,0.8005481362342834,0.718748529693751
t+5,97,152,0.7501811981201172,0.7265226942948741
t+5,97,153,0.7324636578559875,0.701754950385908
t+5,97,154,0.7820594906806946,0.7586619605710817
t+5,97,155,0.6938431262969971,0.6889095473283202
t+5,97,156,0.7810184955596924,0.7829296963271276
t+5,97,157,0.7718573212623596,0.7360135623131104
t+5,97,158,0.7204087972640991,0.7303310350375364
t+5,97,159,0.8004406690597534,0.7666603277584367
t+5,97,160,0.6918164491653442,0.6916770406656262
t+5,97,161,0.7079468965530396,0.7663290819571481
t+5,97,162,0.7318915128707886,0.7570819551321903
t+5,97,163,0.6903805136680603,0.7174622855122961
t+5,97,164,0.8436362147331238,0.7803992303011076
t+5,97,165,0.7925236821174622,0.691212467367305
t+5,97,166,0.7518668174743652,0.7044374485925381
t+5,97,167,0.7620856165885925,0.7282639511248954
t+5,97,168,0.6700423955917358,0.6868659664578939
t+5,97,169,0.7177200317382812,0.8223725498626688
t+5,97,170,0.704410195350647,0.7748499432634416
t+5,97,171,0.6510962247848511,0.7363317064844532
t+5,97,172,0.7007716298103333,0.7450778843854358
t+5,97,173,0.6773188710212708,0.6670818948369738
t+5,97,174,0.6989867091178894,0.7127327605509469
t+5,97,175,0.7847142815589905,0.7000624765770093
t+5,97,176,0.6627028584480286,0.6499034543061809
t+5,97,177,0.711593747138977,0.6961781892762401
t+5,97,178,0.7277868390083313,0.6732498052101875
t+5,97,179,0.7203888893127441,0.6944514523843079
t+5,97,180,0.7676937580108643,0.7649580701553581
t+5,97,181,0.6757211685180664,0.6587386853258508
t+5,97,182,0.7311608791351318,0.7061042772626341
t+5,97,183,0.75642329454422,0.7202118674428705
t+5,97,184,0.6822155117988586,0.7135401770173592
t+5,97,185,0.7008649706840515,0.7491704772901598
t+5,97,186,0.7382549047470093,0.6713967436613503
t+5,97,187,0.6851025819778442,0.723113709044128
t+5,97,188,0.7227553725242615,0.7381198125254965
t+5,97,189,0.7184408903121948,0.6773624278150061
t+5,97,190,0.7321375608444214,0.69445615711273
t+5,97,191,0.7420316934585571,0.7306255751747729
t+5,97,192,0.7467273473739624,0.6796619737995401
t+5,97,193,0.6929988861083984,0.7146032421682954
t+5,97,194,0.7049446702003479,0.7110669284773886
t+5,97,195,0.6531329154968262,0.7240440492392398
t+5,97,196,0.7634146213531494,0.7312043726897384
t+5,97,197,0.6975274085998535,0.7356255287426702
t+5,97,198,0.6951733231544495,0.684852919877184
t+5,97,199,0.7278262376785278,0.6962207296908329
t+5,97,200,0.7545203566551208,0.6485070613178138
t+5,97,201,0.790539562702179,0.7420486599843104
t+5,97,202,0.6842795014381409,0.6889270032288994
t+5,97,203,0.7496922612190247,0.6874102817380254
t+5,97,204,0.7376833558082581,0.7177872927533527
t+5,97,205,0.6975736021995544,0.7328696468422898
t+5,97,206,0.6968421936035156,0.7676393378215052
t+5,97,207,0.7278618812561035,0.6758002884608215
t+5,97,208,0.7533484101295471,0.7369587394650661
t+5,97,209,0.6923345923423767,0.7256004938411864
t+5,97,210,0.7252259850502014,0.687445162895286
t+5,97,211,0.7200977206230164,0.6878674331923594
t+5,97,212,0.7498475909233093,0.7172310783411499
t+5,97,213,0.7138345241546631,0.7309357323898531
t+5,97,214,0.6631834506988525,0.6824321173300902
t+5,97,215,0.7737390398979187,0.713125526585431
t+5,97,216,0.757041871547699,0.7095933130508321
t+5,97,217,0.7348988652229309,0.7355660445837388
t+5,97,218,0.7228065729141235,0.7022030629505138
t+5,97,219,0.7874475717544556,0.6531422974818196
t+5,97,220,0.7319516539573669,0.7471685392507895
t+5,97,221,0.6625758409500122,0.7354349337160914
t+5,97,222,0.6526052951812744,0.7212386960465692
t+5,97,223,0.7073284387588501,0.7085485792047
t+5,97,224,0.7360735535621643,0.7610113109090239
t+5,97,225,0.6601088047027588,0.7186047455536738
t+5,97,226,0.6788966059684753,0.6529235697833025
t+5,97,227,0.6535307765007019,0.6426168716948347
t+5,97,228,0.682296633720398,0.6951577679347682
t+5,97,229,0.6678760647773743,0.7203141313821515
t+5,97,230,0.6436439156532288,0.6508730869438482
t+5,97,231,0.6669417023658752,0.6688830499398976
t+5,97,232,0.6440983414649963,0.6433344341914645
t+5,97,233,0.6761545538902283,0.6709886645242129
t+5,97,234,0.6078945994377136,0.6558095966770922
t+5,97,235,0.6347536444664001,0.6334011948645583
t+5,97,236,0.6574151515960693,0.6569734848347643
t+5,97,237,0.6849278807640076,0.6343033055524171
t+5,97,238,0.6356636881828308,0.6628584493530109
t+5,97,239,0.6660596132278442,0.5990613008791016
t+5,97,240,0.61516934633255,0.6243957976992226
t+5,97,241,0.463775098323822,0.6455229537339569
t+5,97,242,0.5907142162322998,0.6706034596950887
t+5,97,243,0.6275177597999573,0.6255735058502063
t+5,97,244,0.6096348166465759,0.6529586824504455
t+5,97,245,0.5732287168502808,0.6059168149176827
t+5,97,246,0.5001904368400574,0.4430707917886739
t+5,97,247,0.5351134538650513,0.5820776427867516
t+5,97,248,0.4879767596721649,0.6157413517660133
t+5,97,249,0.5032883882522583,0.600337684184512
t+5,97,250,0.5845337510108948,0.5655309700335575
t+5,97,251,0.4798104763031006,0.4974598449919863
t+5,97,252,0.5108422040939331,0.5295362191527213
t+5,97,253,0.5159651041030884,0.46413029308434794
t+5,97,254,0.5083356499671936,0.49984898412510614
t+5,97,255,0.500489354133606,0.5744295234640924
t+5,97,256,0.4732385575771332,0.4561308271015109
t+5,97,257,0.4207465946674347,0.5063951568721042
t+5,97,258,0.403998464345932,0.5110288088572772
t+5,97,259,0.4818935692310333,0.5037274973026751
t+5,97,260,0.4263339638710022,0.4963075719963918
t+5,97,261,0.4635081887245178,0.4492827864286119
t+5,97,262,0.415725976228714,0.40118225433327576
t+5,97,263,0.4113725125789642,0.3854112525879844
t+5,97,264,0.4621129930019378,0.4566741337555766
t+5,97,265,0.4006384909152984,0.4057643019330935
t+5,97,266,0.4167140424251556,0.43954701803653246
t+5,97,267,0.4239511787891388,0.3953009371427515
t+5,97,268,0.4176854193210602,0.39159288739755166
t+5,97,269,0.4107857644557953,0.43785125673310266
t+5,97,270,0.3334346413612366,0.38094692228799887
t+5,97,271,0.403422087430954,0.39528337085987153
t+5,97,272,0.366811603307724,0.4020281669387827
t+5,97,273,0.3674441277980804,0.39644513802825637
t+5,97,274,0.3674739301204681,0.38892393074654835
t+5,97,275,0.3432473540306091,0.319553092470807
t+5,97,276,0.2690850794315338,0.3827299160513004
t+5,97,277,0.3633090555667877,0.3487541691378553
t+5,97,278,0.3354794681072235,0.3501045788814087
t+5,97,279,0.3491747379302978,0.3496254848963465
t+5,97,280,0.3689718246459961,0.3269074884654472
t+5,97,281,0.3127134442329407,0.26008173060144985
t+5,97,282,0.3500805795192718,0.3458663909731586
t+5,97,283,0.3551312685012817,0.31950528591292443
t+5,97,284,0.3270505368709564,0.33185179271273507
t+5,97,285,0.3289807438850403,0.3499881443207539
t+5,97,286,0.333823412656784,0.29927190670400516
t+5,97,287,0.3075931072235107,0.33201061636430806
t+5,97,288,0.3216714859008789,0.33643330860185244
t+5,97,289,0.3597297072410583,0.3121701990724082
t+5,98,0,0.4629805088043213,0.38695707386252404
t+5,98,1,0.4264709651470184,0.49098209662022396
t+5,98,2,0.4156748354434967,0.40384206353889585
t+5,98,3,0.4420420825481415,0.5516568653323425
t+5,98,4,0.3805055916309356,0.404967098188486
t+5,98,5,0.5253375172615051,0.4806822535562646
t+5,98,6,0.5055944323539734,0.44696300217817125
t+5,98,7,0.4805147349834442,0.4367686637356874
t+5,98,8,0.476109892129898,0.46059778033227694
t+5,98,9,0.5534148216247559,0.40433840977564606
t+5,98,10,0.4397242963314056,0.558980106458934
t+5,98,11,0.5229984521865845,0.5405996001836654
t+5,98,12,0.4872120320796966,0.49561396885972747
t+5,98,13,0.4867848753929138,0.49125794786803934
t+5,98,14,0.4874393045902252,0.5843291590927199
t+5,98,15,0.4712285101413727,0.4573405262889768
t+5,98,16,0.4606994092464447,0.556022544833506
t+5,98,17,0.4733313024044037,0.5010111274531867
t+5,98,18,0.4262847900390625,0.5003743071412081
t+5,98,19,0.4961898922920227,0.5009707747417155
t+5,98,20,0.5077304244041443,0.4858137191228224
t+5,98,21,0.5257107615470886,0.47616607616496354
t+5,98,22,0.4829608201980591,0.4875314128084728
t+5,98,23,0.4640228450298309,0.44441504611433585
t+5,98,24,0.472743809223175,0.5081549346396316
t+5,98,25,0.4223733246326446,0.5403605444104614
t+5,98,26,0.4882501065731048,0.5570493442064005
t+5,98,27,0.4765442311763763,0.4953647387384103
t+5,98,28,0.4589785635471344,0.47793549268822044
t+5,98,29,0.4148363471031189,0.4855663740593656
t+5,98,30,0.428359717130661,0.43962099554278
t+5,98,31,0.4447622299194336,0.49966671096054643
t+5,98,32,0.4915724396705627,0.4886951462913723
t+5,98,33,0.4715999960899353,0.4725158266487667
t+5,98,34,0.4293586909770965,0.43174241852667494
t+5,98,35,0.4811665713787079,0.4442159879184109
t+5,98,36,0.4503794908523559,0.4586391761756277
t+5,98,37,0.4391627311706543,0.5018337756850286
t+5,98,38,0.4529400765895843,0.4832426776658238
t+5,98,39,0.5119304656982422,0.4440908068192856
t+5,98,40,0.5116751194000244,0.4918001146302883
t+5,98,41,0.5705364346504211,0.4634652785707931
t+5,98,42,0.5299270153045654,0.4527720194166538
t+5,98,43,0.5340457558631897,0.4654335116681221
t+5,98,44,0.4827328622341156,0.5411863600062976
t+5,98,45,0.5019895434379578,0.5408218352111008
t+5,98,46,0.4942253530025482,0.5945362016176018
t+5,98,47,0.5433468222618103,0.557395823661797
t+5,98,48,0.50873863697052,0.5611728645113189
t+5,98,49,0.5535591244697571,0.49169692172088214
t+5,98,50,0.4458649158477783,0.5310692587784066
t+5,98,51,0.5388414263725281,0.5020844970478853
t+5,98,52,0.5875481963157654,0.5689461204673205
t+5,98,53,0.5719628930091858,0.5368284503409885
t+5,98,54,0.5245214700698853,0.5782827024618453
t+5,98,55,0.5802670121192932,0.4570495352842851
t+5,98,56,0.5184736251831055,0.5641334450254785
t+5,98,57,0.559737503528595,0.6093053022154388
t+5,98,58,0.4730138480663299,0.5943899252536198
t+5,98,59,0.5470907092094421,0.5505357952198128
t+5,98,60,0.4612188935279846,0.602278738815444
t+5,98,61,0.4539452791213989,0.5446449966503712
t+5,98,62,0.5129055976867676,0.5826187007904693
t+5,98,63,0.5531477928161621,0.4805118021173169
t+5,98,64,0.4842354357242584,0.5707890784403377
t+5,98,65,0.453937828540802,0.4691056538903754
t+5,98,66,0.5019807815551758,0.46253602613336364
t+5,98,67,0.4296365082263946,0.5384818723141074
t+5,98,68,0.5201123356819153,0.5756313551584367
t+5,98,69,0.5253587961196899,0.49006953934514813
t+5,98,70,0.4527624249458313,0.4619345748626146
t+5,98,71,0.4829888939857483,0.5277231949615045
t+5,98,72,0.5229490399360657,0.43844844737128175
t+5,98,73,0.4389472901821136,0.544260778047689
t+5,98,74,0.4479747116565704,0.5486943347824424
t+5,98,75,0.491432636976242,0.4599722539113099
t+5,98,76,0.4670443832874298,0.4875694161623316
t+5,98,77,0.4521136283874511,0.5460703482086428
t+5,98,78,0.4584217965602875,0.4471489870936236
t+5,98,79,0.5126170516014099,0.4549864803077356
t+5,98,80,0.4537525475025177,0.49484710034480905
t+5,98,81,0.5547951459884644,0.4721572270164823
t+5,98,82,0.4974526762962341,0.458367711260036
t+5,98,83,0.4588685035705566,0.46399952550530077
t+5,98,84,0.4320845305919647,0.5355215515724288
t+5,98,85,0.4608370065689087,0.4593794796545228
t+5,98,86,0.4816646873950958,0.5743200033754822
t+5,98,87,0.5026698708534241,0.49930517963084103
t+5,98,88,0.5378788709640503,0.4633942807833082
t+5,98,89,0.4834473729133606,0.4385388911257366
t+5,98,90,0.4700516164302826,0.4649885469419582
t+5,98,91,0.5448175072669983,0.4840651812700678
t+5,98,92,0.5405008792877197,0.5250319421264518
t+5,98,93,0.5159720182418823,0.5574100957340634
t+5,98,94,0.5196834206581116,0.4851902935174987
t+5,98,95,0.5176867842674255,0.47269798396993523
t+5,98,96,0.6284042000770569,0.5633101515686498
t+5,98,97,0.5099387168884277,0.5594149217191021
t+5,98,98,0.5222236514091492,0.5363525535693007
t+5,98,99,0.5894520282745361,0.539729141638026
t+5,98,100,0.4844835698604584,0.5376388250003689
t+5,98,101,0.6064448952674866,0.6411291352021427
t+5,98,102,0.5692882537841797,0.5301482934854592
t+5,98,103,0.607763946056366,0.5413841675632758
t+5,98,104,0.6325076818466187,0.6031086687894014
t+5,98,105,0.6191918849945068,0.48442555499654866
t+5,98,106,0.6552001237869263,0.6193570642628877
t+5,98,107,0.632358729839325,0.5843647279058424
t+5,98,108,0.6057285666465759,0.6206775278449022
t+5,98,109,0.5566733479499817,0.6433550784555814
t+5,98,110,0.6795437335968018,0.6299741242051321
t+5,98,111,0.7249428033828735,0.6639915720414166
t+5,98,112,0.6634782552719116,0.6421202840518593
t+5,98,113,0.6588120460510254,0.6166370487297224
t+5,98,114,0.6130203008651733,0.571469083662161
t+5,98,115,0.755459725856781,0.6860927989343939
t+5,98,116,0.6998289823532104,0.7292715535400205
t+5,98,117,0.7119983434677124,0.670952663634445
t+5,98,118,0.6784924864768982,0.6662410452223737
t+5,98,119,0.7429600358009338,0.6236961954669964
t+5,98,120,0.6952356696128845,0.7481343500668138
t+5,98,121,0.740587592124939,0.7042011991453994
t+5,98,122,0.7091513872146606,0.714479844017945
t+5,98,123,0.6914148926734924,0.6839944405728219
t+5,98,124,0.7818991541862488,0.743928979261551
t+5,98,125,0.7028915286064148,0.7003676681989419
t+5,98,126,0.7719087600708008,0.7393409656351244
t+5,98,127,0.7807868123054504,0.7115798113583061
t+5,98,128,0.7376362085342407,0.6954904881243438
t+5,98,129,0.7339840531349182,0.7713994743928436
t+5,98,130,0.7593420147895813,0.7057986867029313
t+5,98,131,0.7469087243080139,0.7610101182608852
t+5,98,132,0.7680423855781555,0.7695182381814818
t+5,98,133,0.7418798208236694,0.7370274440351477
t+5,98,134,0.7860676646232605,0.7336721655266474
t+5,98,135,0.7625696063041687,0.7483948152905869
t+5,98,136,0.7433796525001526,0.7453852799642091
t+5,98,137,0.7098017334938049,0.7557503987383578
t+5,98,138,0.7547472715377808,0.7411105816422107
t+5,98,139,0.7416882514953613,0.7743333960672627
t+5,98,140,0.7512046098709106,0.7519658440796915
t+5,98,141,0.7624855041503906,0.7427633045458018
t+5,98,142,0.7724108695983887,0.7100695113767245
t+5,98,143,0.7523325085639954,0.7421740589589869
t+5,98,144,0.7414045333862305,0.7384268468106086
t+5,98,145,0.7219128012657166,0.7414565450407984
t+5,98,146,0.7385384440422058,0.7523938530900836
t+5,98,147,0.6814117431640625,0.7608029246050902
t+5,98,148,0.7778367400169373,0.7410722243719674
t+5,98,149,0.726490318775177,0.7381951961369615
t+5,98,150,0.6882385015487671,0.7191331499674427
t+5,98,151,0.6715608239173889,0.7361277852189048
t+5,98,152,0.7363566160202026,0.6829574798401808
t+5,98,153,0.7495898008346558,0.7619883579960607
t+5,98,154,0.7795451283454895,0.724679638892011
t+5,98,155,0.7420428395271301,0.6887158098486265
t+5,98,156,0.8016734719276428,0.6733119229936668
t+5,98,157,0.7554928660392761,0.7331345949480212
t+5,98,158,0.8266294598579407,0.7453451892968459
t+5,98,159,0.7499259114265442,0.7659786016882794
t+5,98,160,0.7977199554443359,0.7388013117386615
t+5,98,161,0.7949168682098389,0.7847355118330779
t+5,98,162,0.7812827825546265,0.7428014559591046
t+5,98,163,0.7826758623123169,0.8065600159598514
t+5,98,164,0.7585078477859497,0.7460960422937389
t+5,98,165,0.7242783904075623,0.78179538111897
t+5,98,166,0.7722223401069641,0.775330389589518
t+5,98,167,0.7942418456077576,0.7634555682692805
t+5,98,168,0.7198044657707214,0.7661709220205679
t+5,98,169,0.750629186630249,0.7412145850769362
t+5,98,170,0.7498219609260559,0.7197781599647202
t+5,98,171,0.7708017826080322,0.7558776862648646
t+5,98,172,0.8117174506187439,0.7761439799020565
t+5,98,173,0.7539085149765015,0.7157771480735288
t+5,98,174,0.7925355434417725,0.7328713576132088
t+5,98,175,0.7865269780158997,0.7429668079826693
t+5,98,176,0.7575436234474182,0.7518936463743262
t+5,98,177,0.7968611121177673,0.7920117327214301
t+5,98,178,0.7227457165718079,0.7357199778958045
t+5,98,179,0.7348630428314209,0.7739317310120459
t+5,98,180,0.7980238795280457,0.7659160680239709
t+5,98,181,0.7008748054504395,0.7381890453369963
t+5,98,182,0.7145453095436096,0.7739592493005971
t+5,98,183,0.7468096613883972,0.7155171239090911
t+5,98,184,0.7401921153068542,0.7269442901196563
t+5,98,185,0.7142598032951355,0.7783918954880799
t+5,98,186,0.7031517028808594,0.6950153608950261
t+5,98,187,0.6592960953712463,0.7077028705852413
t+5,98,188,0.7432756423950195,0.7382945616699691
t+5,98,189,0.6719423532485962,0.7321468965022406
t+5,98,190,0.6835258603096008,0.7064099933116733
t+5,98,191,0.6926563382148743,0.696605326604272
t+5,98,192,0.6871032118797302,0.6549286696798953
t+5,98,193,0.7137114405632019,0.7334631899496328
t+5,98,194,0.7138339281082153,0.6671893807537206
t+5,98,195,0.6827421188354492,0.677476273546017
t+5,98,196,0.6694730520248413,0.6857578340384345
t+5,98,197,0.6697919368743896,0.6807372439544721
t+5,98,198,0.7110186219215393,0.7048105652901887
t+5,98,199,0.7155635952949524,0.7044001355008965
t+5,98,200,0.6648595333099365,0.6752479263101314
t+5,98,201,0.6684927344322205,0.6628990625187429
t+5,98,202,0.7094082832336426,0.6630368067294327
t+5,98,203,0.7268223762512207,0.7024988588122181
t+5,98,204,0.6495248079299927,0.7057667909375758
t+5,98,205,0.7790272235870361,0.6583221288326067
t+5,98,206,0.6817408800125122,0.6606173170621883
t+5,98,207,0.6943850517272949,0.7005339873124837
t+5,98,208,0.6832714080810547,0.7149517125881508
t+5,98,209,0.6721374988555908,0.6423028656955333
t+5,98,210,0.681108832359314,0.7552318994023868
t+5,98,211,0.7692126631736755,0.6714827476077162
t+5,98,212,0.7292567491531372,0.6847443911092889
t+5,98,213,0.7201287746429443,0.673595242768885
t+5,98,214,0.7439188957214355,0.6634585233229466
t+5,98,215,0.7138600945472717,0.6720409338568997
t+5,98,216,0.727994441986084,0.7465899253268047
t+5,98,217,0.6675564646720886,0.717156646258322
t+5,98,218,0.6808457374572754,0.7075164349694493
t+5,98,219,0.6668577790260315,0.730765356497488
t+5,98,220,0.7094470262527466,0.7034630001269058
t+5,98,221,0.6560508012771606,0.7150472878742519
t+5,98,222,0.7141962051391602,0.658206390683288
t+5,98,223,0.6780372262001038,0.6713726535670301
t+5,98,224,0.7230591177940369,0.6563827891678989
t+5,98,225,0.6700477600097656,0.6963664202545462
t+5,98,226,0.6617251038551331,0.6466361454799849
t+5,98,227,0.6639087200164795,0.7028497460793126
t+5,98,228,0.6792045831680298,0.667715046613988
t+5,98,229,0.6406064629554749,0.7069708773554889
t+5,98,230,0.6096593141555786,0.6589690288002352
t+5,98,231,0.6526637077331543,0.6503698974800125
t+5,98,232,0.620964527130127,0.6533531657951112
t+5,98,233,0.6374190449714661,0.6684727717341343
t+5,98,234,0.6541830897331238,0.630914837704805
t+5,98,235,0.6107735633850098,0.6022141120019353
t+5,98,236,0.6099767088890076,0.6428662087756828
t+5,98,237,0.6239323019981384,0.6130188984467307
t+5,98,238,0.6847800612449646,0.6276029014010277
t+5,98,239,0.5371139645576477,0.6426324350169931
t+5,98,240,0.5697590112686157,0.6016143328712589
t+5,98,241,0.5666037797927856,0.6005308673837768
t+5,98,242,0.5861017107963562,0.6131144093513825
t+5,98,243,0.5581086874008179,0.670464843975094
t+5,98,244,0.6157258749008179,0.5327763563327441
t+5,98,245,0.5696588754653931,0.5630403599643928
t+5,98,246,0.5806643962860107,0.5597262803345938
t+5,98,247,0.538384199142456,0.5772165254541288
t+5,98,248,0.5989879965782166,0.5519329664742948
t+5,98,249,0.6319746971130371,0.6048683395121894
t+5,98,250,0.4877690076828003,0.5618014909119295
t+5,98,251,0.5115979909896851,0.5717772087992592
t+5,98,252,0.521579921245575,0.5327920212385453
t+5,98,253,0.452767014503479,0.589052011736584
t+5,98,254,0.512201726436615,0.6196969934684233
t+5,98,255,0.4720625579357147,0.46366211332803636
t+5,98,256,0.523227334022522,0.5071763766695924
t+5,98,257,0.4357999563217163,0.5162401038552171
t+5,98,258,0.4610878527164459,0.4307390874758068
t+5,98,259,0.4330941438674927,0.5073006271869689
t+5,98,260,0.4067510962486267,0.44850895563133364
t+5,98,261,0.4475959241390228,0.5171520000631112
t+5,98,262,0.4688661694526672,0.41470269145125566
t+5,98,263,0.398899644613266,0.43772054304082175
t+5,98,264,0.366223931312561,0.41180286777850345
t+5,98,265,0.4041619002819061,0.38778866654602884
t+5,98,266,0.4461075067520141,0.42507553675333054
t+5,98,267,0.4075385928153991,0.44430330953123215
t+5,98,268,0.3816253244876861,0.3801934384635211
t+5,98,269,0.4156859219074249,0.3501271803640525
t+5,98,270,0.3966563940048218,0.38428050822878096
t+5,98,271,0.4627545177936554,0.4227451776405476
t+5,98,272,0.4271025061607361,0.3874800756515029
t+5,98,273,0.3367102444171905,0.36252101293748157
t+5,98,274,0.4118764698505401,0.3943739682606502
t+5,98,275,0.317676693201065,0.37661564813096315
t+5,98,276,0.4182767570018768,0.4373966646455874
t+5,98,277,0.3744233846664428,0.4045944555942328
t+5,98,278,0.3327618837356567,0.32093173096162975
t+5,98,279,0.3725249171257019,0.39003540755040017
t+5,98,280,0.3027822375297546,0.3044341537170423
t+5,98,281,0.3785594403743744,0.3956090358455781
t+5,98,282,0.3737797737121582,0.35585112193120055
t+5,98,283,0.3114427924156189,0.3171564643282594
t+5,98,284,0.3550772964954376,0.3531284448758186
t+5,98,285,0.3229065835475921,0.2894310615547418
t+5,98,286,0.347415417432785,0.3589444999032524
t+5,98,287,0.3572541773319244,0.35402631914216415
t+5,98,288,0.3262699246406555,0.29713888984460457
t+5,98,289,0.3506268262863159,0.33660414229250374
t+5,99,0,0.4254032075405121,0.42616596497657616
t+5,99,1,0.456011027097702,0.543352531612155
t+5,99,2,0.4872322082519531,0.4647624306355713
t+5,99,3,0.4323075711727142,0.449184904644771
t+5,99,4,0.4344507157802582,0.4499544774604208
t+5,99,5,0.471279501914978,0.4461075290852857
t+5,99,6,0.4523752927780151,0.47395893235332714
t+5,99,7,0.4934735596179962,0.5026255913164613
t+5,99,8,0.3969652354717254,0.45168073679159304
t+5,99,9,0.4875061810016632,0.4533277917481241
t+5,99,10,0.4462868869304657,0.4873582179619951
t+5,99,11,0.4334726631641388,0.46989476920595163
t+5,99,12,0.3785217702388763,0.5075742483900737
t+5,99,13,0.4525811970233917,0.4185924833401261
t+5,99,14,0.4527609050273895,0.5017160411137601
t+5,99,15,0.4816277325153351,0.4635082968023088
t+5,99,16,0.4848707318305969,0.4516328140179576
t+5,99,17,0.4202027320861816,0.40156369893273697
t+5,99,18,0.5122648477554321,0.4688868317792338
t+5,99,19,0.4060324728488922,0.4687245981899627
t+5,99,20,0.4400457441806793,0.4952822980414946
t+5,99,21,0.3950598835945129,0.49812952885380635
t+5,99,22,0.3617792427539825,0.4387984560210737
t+5,99,23,0.4076639115810394,0.5448688394920521
t+5,99,24,0.4297774732112884,0.425025333057139
t+5,99,25,0.4561933577060699,0.4560749738966377
t+5,99,26,0.3943213224411011,0.4147261099413182
t+5,99,27,0.4307110607624054,0.3842796651494277
t+5,99,28,0.4389752447605133,0.4257317733280373
t+5,99,29,0.4132052063941955,0.4460669724938548
t+5,99,30,0.4103221297264099,0.47007627798422724
t+5,99,31,0.3596886694431305,0.41348277083929175
t+5,99,32,0.4258232712745666,0.44651317016839653
t+5,99,33,0.3847809731960296,0.4538403592730381
t+5,99,34,0.3779942095279693,0.4303180066882169
t+5,99,35,0.4424033164978027,0.4275482955443669
t+5,99,36,0.4514256715774536,0.3804391099207127
t+5,99,37,0.3856963217258453,0.441439904333297
t+5,99,38,0.3447031080722809,0.4035036178441238
t+5,99,39,0.4574782848358154,0.39726329734614346
t+5,99,40,0.4313910007476806,0.45607573080193164
t+5,99,41,0.3785613775253296,0.46409947660394407
t+5,99,42,0.3974676728248596,0.4036094964231864
t+5,99,43,0.4302020072937011,0.36659603264983653
t+5,99,44,0.4536812007427215,0.4689475499716271
t+5,99,45,0.3932814002037048,0.44516481210586806
t+5,99,46,0.3979149162769317,0.3959809006295668
t+5,99,47,0.3958125114440918,0.4138302598224038
t+5,99,48,0.3943336308002472,0.44340778268556047
t+5,99,49,0.422461450099945,0.4651192172222582
t+5,99,50,0.4025402367115021,0.41002159831181645
t+5,99,51,0.4482655227184295,0.4132023558501691
t+5,99,52,0.4063190817832947,0.4110578924243022
t+5,99,53,0.469307005405426,0.41022858731368406
t+5,99,54,0.3644441068172455,0.4358183315155636
t+5,99,55,0.4269549548625946,0.41773259939073093
t+5,99,56,0.4393332004547119,0.4590028996930156
t+5,99,57,0.4000812172889709,0.4197559337292932
t+5,99,58,0.4146108031272888,0.47801686006944993
t+5,99,59,0.3806372582912445,0.38223232240103033
t+5,99,60,0.4101079404354095,0.4390499307572791
t+5,99,61,0.3158904910087585,0.44961270830458083
t+5,99,62,0.4235090613365173,0.41336489948269983
t+5,99,63,0.4576030969619751,0.4265868720648561
t+5,99,64,0.4634507894515991,0.3957688134566293
t+5,99,65,0.4115446507930755,0.42234560871467985
t+5,99,66,0.4522956609725952,0.3367393154942883
t+5,99,67,0.4380531907081604,0.43478008223010217
t+5,99,68,0.4694962203502655,0.4652486128302809
t+5,99,69,0.4983924031257629,0.4706932594730426
t+5,99,70,0.4800027012825012,0.4223688419362363
t+5,99,71,0.4734677672386169,0.4598358413776461
t+5,99,72,0.516348659992218,0.44698095104852736
t+5,99,73,0.4171941876411438,0.47561182695680493
t+5,99,74,0.5396168828010559,0.502243407860186
t+5,99,75,0.5137578248977661,0.4851740884421855
t+5,99,76,0.4836399555206299,0.47888974888449554
t+5,99,77,0.4503381252288818,0.540013435013448
t+5,99,78,0.5215868949890137,0.42640710250850933
t+5,99,79,0.4851136207580566,0.5610301806803795
t+5,99,80,0.5455212593078613,0.5370864288949303
t+5,99,81,0.5319848656654358,0.4874980455939665
t+5,99,82,0.5588585734367371,0.4567325731940704
t+5,99,83,0.5995990633964539,0.5439224454111992
t+5,99,84,0.6187523007392883,0.4883834152427418
t+5,99,85,0.5986717939376831,0.5658971184081544
t+5,99,86,0.6032177209854126,0.5531915587141556
t+5,99,87,0.591701328754425,0.577732725508568
t+5,99,88,0.6809089183807373,0.6159330950522912
t+5,99,89,0.6701590418815613,0.6334600916153021
t+5,99,90,0.6971912384033203,0.6142922737438168
t+5,99,91,0.6916425824165344,0.619088542833799
t+5,99,92,0.6581177711486816,0.6077096606355894
t+5,99,93,0.6658413410186768,0.6916333415889487
t+5,99,94,0.6981238126754761,0.6804733543986522
t+5,99,95,0.6979373693466187,0.7052015492957082
t+5,99,96,0.7026229500770569,0.6998895390896672
t+5,99,97,0.7008880376815796,0.6690676770972642
t+5,99,98,0.6575659513473511,0.6773777371095222
t+5,99,99,0.7190299034118652,0.705685679573256
t+5,99,100,0.7456193566322327,0.7059451589786666
t+5,99,101,0.7132726311683655,0.7092922423828216
t+5,99,102,0.7188045978546143,0.707865338394217
t+5,99,103,0.8307624459266663,0.6665254632366778
t+5,99,104,0.8168708682060242,0.7256444065475633
t+5,99,105,0.7091184854507446,0.7496382859478936
t+5,99,106,0.7810574173927307,0.7198463491245004
t+5,99,107,0.6780919432640076,0.7259855917025217
t+5,99,108,0.8154520392417908,0.8210058540466281
t+5,99,109,0.8246258497238159,0.8084751165419152
t+5,99,110,0.7961737513542175,0.7142514986008229
t+5,99,111,0.8993815183639526,0.7721468996610976
t+5,99,112,0.8536235690116882,0.685445613885146
t+5,99,113,0.7804837226867676,0.8070440700166669
t+5,99,114,0.8553836941719055,0.8149826772735208
t+5,99,115,0.932076334953308,0.7865095561800813
t+5,99,116,0.8246750831604004,0.8864282774026676
t+5,99,117,0.8244259357452393,0.837868017200558
t+5,99,118,0.8660996556282043,0.7716999558184691
t+5,99,119,0.8588576912879944,0.8414739684619998
t+5,99,120,0.8239790201187134,0.9150224946671013
t+5,99,121,0.8305315971374512,0.8139163264348501
t+5,99,122,0.9072688221931458,0.8140790389495556
t+5,99,123,0.8317418694496155,0.8541755218221769
t+5,99,124,0.7919946908950806,0.843626118534856
t+5,99,125,0.7880150675773621,0.8127639311084534
t+5,99,126,0.7692354917526245,0.8176443186765241
t+5,99,127,0.7709078192710876,0.8893374272901906
t+5,99,128,0.8089554309844971,0.820026829882592
t+5,99,129,0.7665504217147827,0.7788695269072649
t+5,99,130,0.867414116859436,0.7756212597374336
t+5,99,131,0.8421656489372253,0.7575867750898945
t+5,99,132,0.7940047383308411,0.7592186793073268
t+5,99,133,0.7514509558677673,0.7946910422860594
t+5,99,134,0.828460693359375,0.7551776175131941
t+5,99,135,0.8094317317008972,0.8524082302822268
t+5,99,136,0.8174357414245605,0.8280016562749803
t+5,99,137,0.8180891275405884,0.7788400076232894
t+5,99,138,0.786771833896637,0.7389276641888881
t+5,99,139,0.7718466520309448,0.8127892150707579
t+5,99,140,0.7454224228858948,0.7954815999883768
t+5,99,141,0.6980093717575073,0.80337611171749
t+5,99,142,0.7738738059997559,0.8031495868166841
t+5,99,143,0.7728186845779419,0.7744825613978397
t+5,99,144,0.687355101108551,0.7594675722690374
t+5,99,145,0.6804909110069275,0.7426761281751655
t+5,99,146,0.7392265200614929,0.6993768501137145
t+5,99,147,0.7048901319503784,0.758897927383772
t+5,99,148,0.6778436899185181,0.759275967550749
t+5,99,149,0.6380543112754822,0.6875629098022644
t+5,99,150,0.6830199360847473,0.6817194392619083
t+5,99,151,0.6606274843215942,0.7378967399356191
t+5,99,152,0.6333040595054626,0.7039036840679551
t+5,99,153,0.7088971138000488,0.6786967849570884
t+5,99,154,0.642670214176178,0.6412547585263858
t+5,99,155,0.6467349529266357,0.6839091917311315
t+5,99,156,0.7053689956665039,0.6613428079110224
t+5,99,157,0.6530011296272278,0.6362973365557333
t+5,99,158,0.6517410278320312,0.7080223820525707
t+5,99,159,0.6289222240447998,0.6446372541777508
t+5,99,160,0.6077983379364014,0.6481352868940533
t+5,99,161,0.616686999797821,0.7023927193296154
t+5,99,162,0.6093988418579102,0.6540332487829219
t+5,99,163,0.6316442489624023,0.653669196509453
t+5,99,164,0.5677979588508606,0.6307769700774346
t+5,99,165,0.5613358616828918,0.6115119269918208
t+5,99,166,0.6176418662071228,0.6189528672839373
t+5,99,167,0.597392201423645,0.6126409180954316
t+5,99,168,0.5952383875846863,0.6328917979126542
t+5,99,169,0.5904342532157898,0.5731853508593018
t+5,99,170,0.6075925827026367,0.567059046826308
t+5,99,171,0.587557852268219,0.6188434716222727
t+5,99,172,0.6205413937568665,0.6003192866109386
t+5,99,173,0.641588568687439,0.5978369166992127
t+5,99,174,0.5394099354743958,0.5932690491886121
t+5,99,175,0.6237860321998596,0.6087270770090389
t+5,99,176,0.5450835824012756,0.5907678335804135
t+5,99,177,0.562372088432312,0.6211867448586148
t+5,99,178,0.4782840013504028,0.6406709024913676
t+5,99,179,0.677160918712616,0.545300864459116
t+5,99,180,0.5774165391921997,0.6226245002433274
t+5,99,181,0.6507319808006287,0.5501190159083061
t+5,99,182,0.6190319657325745,0.5659563202041492
t+5,99,183,0.5925551652908325,0.4663433730240805
t+5,99,184,0.5820781588554382,0.6729811371155834
t+5,99,185,0.6080214977264404,0.5799209345531144
t+5,99,186,0.7137178778648376,0.6471400608795919
t+5,99,187,0.6293584108352661,0.6179906036865375
t+5,99,188,0.5854761004447937,0.5928513459475516
t+5,99,189,0.6400689482688904,0.5832497682445928
t+5,99,190,0.7015727162361145,0.6072882766895701
t+5,99,191,0.6727657318115234,0.7068427652504697
t+5,99,192,0.6527581214904785,0.6264560903820509
t+5,99,193,0.6394945979118347,0.5858012866285233
t+5,99,194,0.5883110165596008,0.6374878465425368
t+5,99,195,0.6326178312301636,0.6938914375755495
t+5,99,196,0.6496340036392212,0.6660941872412277
t+5,99,197,0.6879106760025024,0.6490891112023695
t+5,99,198,0.6571691632270813,0.6351864043364173
t+5,99,199,0.6872302889823914,0.5871049557510855
t+5,99,200,0.711810290813446,0.6292744524657694
t+5,99,201,0.6840884685516357,0.6445677296927387
t+5,99,202,0.7221442461013794,0.679814743431834
t+5,99,203,0.6740842461585999,0.6520709103306727
t+5,99,204,0.6922594308853149,0.6796633816773833
t+5,99,205,0.6951298117637634,0.7017454616789679
t+5,99,206,0.6567512154579163,0.6739741474606599
t+5,99,207,0.6979339122772217,0.7110469880182162
t+5,99,208,0.7538992166519165,0.665556876565174
t+5,99,209,0.6872395873069763,0.6842241433748486
t+5,99,210,0.7049557566642761,0.6866735619681831
t+5,99,211,0.656211256980896,0.6504746414150181
t+5,99,212,0.6080474257469177,0.687039449358185
t+5,99,213,0.6766037344932556,0.7292783996848065
t+5,99,214,0.6984132528305054,0.6785620944327568
t+5,99,215,0.750468909740448,0.6939504196525259
t+5,99,216,0.7120658159255981,0.6491074033927641
t+5,99,217,0.737769603729248,0.603203666427017
t+5,99,218,0.690700113773346,0.6667559904235225
t+5,99,219,0.715548574924469,0.6881510736529465
t+5,99,220,0.7237924337387085,0.7256245734727607
t+5,99,221,0.6808393597602844,0.6996212500572861
t+5,99,222,0.7080712914466858,0.725038487913371
t+5,99,223,0.6856387257575989,0.6798036184300232
t+5,99,224,0.7261193990707397,0.7025736072927199
t+5,99,225,0.6668145656585693,0.711633787940607
t+5,99,226,0.6651067137718201,0.6688831977766607
t+5,99,227,0.6413595080375671,0.6961905293838966
t+5,99,228,0.6227565407752991,0.6744406085919311
t+5,99,229,0.6141325831413269,0.7121204458715705
t+5,99,230,0.7549430131912231,0.656242518258259
t+5,99,231,0.6794644594192505,0.6544901105427678
t+5,99,232,0.6530987024307251,0.6329567643021923
t+5,99,233,0.6557767391204834,0.6142418004730177
t+5,99,234,0.5867668986320496,0.6059210451091365
t+5,99,235,0.643028199672699,0.7303511561024967
t+5,99,236,0.6135520935058594,0.6671678671515596
t+5,99,237,0.6220250725746155,0.6422675053242948
t+5,99,238,0.6816188097000122,0.6441414211843725
t+5,99,239,0.5688322186470032,0.5790641719848968
t+5,99,240,0.5097177028656006,0.6319729102246461
t+5,99,241,0.6090282797813416,0.6045103455399368
t+5,99,242,0.580043375492096,0.6119757480028808
t+5,99,243,0.6120970249176025,0.668376171044825
t+5,99,244,0.525709867477417,0.5622804100467731
t+5,99,245,0.5163512825965881,0.5072334577779748
t+5,99,246,0.5836725234985352,0.5992753575838802
t+5,99,247,0.5349780917167664,0.5729525700207155
t+5,99,248,0.559455156326294,0.6017585229425735
t+5,99,249,0.5466001033782959,0.5214048157149324
t+5,99,250,0.5622321963310242,0.5125787170458072
t+5,99,251,0.4834780097007751,0.5746611869953789
t+5,99,252,0.5460588932037354,0.5295399993624322
t+5,99,253,0.5098129510879517,0.5517227918644458
t+5,99,254,0.43731889128685,0.5401885725139542
t+5,99,255,0.5077757239341736,0.5546918180839612
t+5,99,256,0.5727607607841492,0.45949106734281553
t+5,99,257,0.4609474241733551,0.538864230330793
t+5,99,258,0.4665864109992981,0.5052517879159206
t+5,99,259,0.4855824112892151,0.4171071219481953
t+5,99,260,0.4487336277961731,0.5030162222384149
t+5,99,261,0.4599733650684356,0.5634084021516179
t+5,99,262,0.4242542386054992,0.437837725452992
t+5,99,263,0.4757291674613952,0.4428944245672452
t+5,99,264,0.3961732685565948,0.46012729594176727
t+5,99,265,0.4254208207130432,0.4261425758064777
t+5,99,266,0.3811981379985809,0.43624949673441693
t+5,99,267,0.4034192562103271,0.4033368089367676
t+5,99,268,0.393973559141159,0.4504375962708902
t+5,99,269,0.4344525933265686,0.37680577761178735
t+5,99,270,0.4810823798179626,0.4040325475995822
t+5,99,271,0.3281728029251098,0.36374305197431384
t+5,99,272,0.426228791475296,0.38289670050234104
t+5,99,273,0.3924162089824676,0.3747881546741871
t+5,99,274,0.377240926027298,0.4115537587411437
t+5,99,275,0.3425644934177398,0.45426904001344187
t+5,99,276,0.3168130218982696,0.31458456528632006
t+5,99,277,0.3692187666893005,0.40353224887249683
t+5,99,278,0.3893482983112335,0.3725166812798718
t+5,99,279,0.3385381698608398,0.35740131020256205
t+5,99,280,0.3731054365634918,0.32682887253007165
t+5,99,281,0.3719497621059418,0.3027685118791705
t+5,99,282,0.3730955123901367,0.3502915662768672
t+5,99,283,0.3515556752681732,0.36875903859482756
t+5,99,284,0.2590629756450653,0.3225762158716241
t+5,99,285,0.3215076923370361,0.3540025983772983
t+5,99,286,0.3689199984073639,0.3531211196553437
t+5,99,287,0.3964618444442749,0.3534536922197491
t+5,99,288,0.3030993044376373,0.3330787110901469
t+5,99,289,0.3263255357742309,0.2486160606753614
t+10,80,0,0.3897936344146728,0.31997617258796957
t+10,80,1,0.3964115083217621,0.36714142258893356
t+10,80,2,0.4004085063934326,0.3881249095530003
t+10,80,3,0.3966313004493713,0.42666017214194496
t+10,80,4,0.3335061371326446,0.3625366925316673
t+10,80,5,0.4165720045566559,0.39578689547234047
t+10,80,6,0.4682942628860473,0.40013114407897293
t+10,80,7,0.3528449535369873,0.40444709205439555
t+10,80,8,0.4917473495006561,0.3947672619179281
t+10,80,9,0.4012103080749511,0.4278664818374551
t+10,80,10,0.4175938367843628,0.43353839042042913
t+10,80,11,0.4985604286193847,0.438868497198601
t+10,80,12,0.4636311829090118,0.4435136304908418
t+10,80,13,0.4481066763401031,0.44370393288081406
t+10,80,14,0.424977570772171,0.3790170466180914
t+10,80,15,0.4475413858890533,0.45941936919851895
t+10,80,16,0.5175599455833435,0.5089496064022563
t+10,80,17,0.4909065961837768,0.3981190779172495
t+10,80,18,0.4881808161735534,0.5298764940806986
t+10,80,19,0.4335328638553619,0.4403795252867849
t+10,80,20,0.4903588891029358,0.45865842747051966
t+10,80,21,0.4254919588565826,0.5360568466327709
t+10,80,22,0.5102866888046265,0.5001168105124011
t+10,80,23,0.4839149713516235,0.48540726217934427
t+10,80,24,0.5029402375221252,0.4652558998199889
t+10,80,25,0.512796938419342,0.4825358209543771
t+10,80,26,0.3941155970096588,0.5785715415034258
t+10,80,27,0.4693592190742492,0.5236564308221553
t+10,80,28,0.4558360874652862,0.5240727007595234
t+10,80,29,0.4529505968093872,0.47251961079066457
t+10,80,30,0.4297763407230377,0.5233216383009666
t+10,80,31,0.472412645816803,0.46129332108132165
t+10,80,32,0.4224380254745483,0.5685232367530012
t+10,80,33,0.4629472196102142,0.514786763271007
t+10,80,34,0.4144075512886047,0.5601352633735385
t+10,80,35,0.4001414179801941,0.5693528996752063
t+10,80,36,0.3926469087600708,0.4327896294401536
t+10,80,37,0.3771015107631683,0.499547067682783
t+10,80,38,0.4169935882091522,0.4874464568324118
t+10,80,39,0.4413856863975525,0.48301005618895926
t+10,80,40,0.4449680149555206,0.4639883490210098
t+10,80,41,0.4027701318264007,0.5026981439417252
t+10,80,42,0.3839549720287323,0.4542500335314287
t+10,80,43,0.4844058752059936,0.4938813750709497
t+10,80,44,0.3982817828655243,0.4487182253505045
t+10,80,45,0.4445187747478485,0.4327622983059091
t+10,80,46,0.4610751867294311,0.42443935771795804
t+10,80,47,0.3934034705162048,0.41204570934739737
t+10,80,48,0.4062438309192657,0.44620567082851553
t+10,80,49,0.4063456952571869,0.46861176055204995
t+10,80,50,0.391896516084671,0.4716115129882886
t+10,80,51,0.3801545798778534,0.4346416798738081
t+10,80,52,0.4229834675788879,0.41376723259561105
t+10,80,53,0.4507084786891937,0.5108856413581506
t+10,80,54,0.4818951785564422,0.42796742020775197
t+10,80,55,0.3972775936126709,0.47201891494053444
t+10,80,56,0.4018971920013428,0.48596141494728035
t+10,80,57,0.3847483694553375,0.4277878735197277
t+10,80,58,0.3558823466300964,0.4361942726256172
t+10,80,59,0.4513172209262848,0.43301395611309323
t+10,80,60,0.421793133020401,0.41948071425781147
t+10,80,61,0.4674232006072998,0.4090227851458185
t+10,80,62,0.4610809087753296,0.45000564092941475
t+10,80,63,0.4380103349685669,0.475820216370994
t+10,80,64,0.4338244795799255,0.5023434533777535
t+10,80,65,0.4122577011585235,0.42505123073633116
t+10,80,66,0.4593054056167602,0.4244998067512502
t+10,80,67,0.477059006690979,0.40991986224536875
t+10,80,68,0.4589422047138214,0.3832623207661959
t+10,80,69,0.3923071026802063,0.47187380399078704
t+10,80,70,0.5032588839530945,0.4427182355041789
t+10,80,71,0.414623886346817,0.4844375049024176
t+10,80,72,0.4858629405498504,0.4836535737215838
t+10,80,73,0.4631775319576263,0.4607468782682753
t+10,80,74,0.4569431245326996,0.4576626848854906
t+10,80,75,0.5104680061340332,0.4354535755184796
t+10,80,76,0.524974524974823,0.4782941305621291
t+10,80,77,0.483148992061615,0.4941557254017773
t+10,80,78,0.5369921326637268,0.477078684405379
t+10,80,79,0.5286455750465393,0.41543782613905866
t+10,80,80,0.4715863764286041,0.545222793773487
t+10,80,81,0.5410142540931702,0.43606372052625314
t+10,80,82,0.5112188458442688,0.5018064642987785
t+10,80,83,0.4506185352802276,0.48142658338307365
t+10,80,84,0.5060477256774902,0.4719858567521066
t+10,80,85,0.5421308875083923,0.5492401070466412
t+10,80,86,0.4628670811653137,0.5655664879248955
t+10,80,87,0.552092432975769,0.498142269622806
t+10,80,88,0.5595763325691223,0.5733088716422219
t+10,80,89,0.5709052085876465,0.5667733031313795
t+10,80,90,0.5555046200752258,0.487288143543505
t+10,80,91,0.575937807559967,0.5771345861714858
t+10,80,92,0.556587815284729,0.5484633958232635
t+10,80,93,0.5270010232925415,0.4628355951431463
t+10,80,94,0.542506992816925,0.5449015774261741
t+10,80,95,0.5567138195037842,0.5772936361923269
t+10,80,96,0.5288419723510742,0.4759306925863103
t+10,80,97,0.6168461441993713,0.5848756889223826
t+10,80,98,0.5671969056129456,0.5917322968058047
t+10,80,99,0.6513944268226624,0.6018574688336313
t+10,80,100,0.6409000754356384,0.5877789703911901
t+10,80,101,0.6194189190864563,0.6060629521189259
t+10,80,102,0.6453680992126465,0.5862823194151241
t+10,80,103,0.6014326214790344,0.5599433573927218
t+10,80,104,0.6252598762512207,0.5728179388700282
t+10,80,105,0.7242890000343323,0.5869512296844746
t+10,80,106,0.665152907371521,0.560197246523135
t+10,80,107,0.6687352061271667,0.6410661817290116
t+10,80,108,0.6671935319900513,0.5965352792393784
t+10,80,109,0.7151774168014526,0.6722026188467758
t+10,80,110,0.6916579604148865,0.6623235988671083
t+10,80,111,0.7592792510986328,0.642458959323353
t+10,80,112,0.6917210817337036,0.6656677660652004
t+10,80,113,0.7586626410484314,0.6243304048994028
t+10,80,114,0.6905692219734192,0.6467971014886551
t+10,80,115,0.7104007601737976,0.7356155557681365
t+10,80,116,0.692376434803009,0.6824422227550748
t+10,80,117,0.731756329536438,0.6852068661417616
t+10,80,118,0.761786699295044,0.6837584078249045
t+10,80,119,0.6861721277236938,0.7261541982028732
t+10,80,120,0.7051014304161072,0.7049818516750483
t+10,80,121,0.7187251448631287,0.750611884950738
t+10,80,122,0.7834344506263733,0.7043980650547585
t+10,80,123,0.7458070516586304,0.7489251518886215
t+10,80,124,0.7124349474906921,0.702663440806293
t+10,80,125,0.7387815117835999,0.7206438810711403
t+10,80,126,0.7940657138824463,0.7036404608419301
t+10,80,127,0.748999297618866,0.7392269251451542
t+10,80,128,0.6986368298530579,0.7513469136313862
t+10,80,129,0.7785913944244385,0.6969894770410652
t+10,80,130,0.7102235555648804,0.7136960586148664
t+10,80,131,0.7760928869247437,0.7252449024460204
t+10,80,132,0.7427788376808167,0.7687563949503977
t+10,80,133,0.7793301939964294,0.7496681845139437
t+10,80,134,0.7127025127410889,0.7188190549811843
t+10,80,135,0.7330275774002075,0.7412034430390096
t+10,80,136,0.7343423366546631,0.7758904007871251
t+10,80,137,0.7894472479820251,0.7510287343564787
t+10,80,138,0.680394172668457,0.7052875449240756
t+10,80,139,0.666904091835022,0.7622651620645532
t+10,80,140,0.6274845004081726,0.7147904555497503
t+10,80,141,0.740326464176178,0.7593320959401983
t+10,80,142,0.6531727313995361,0.7427395687673666
t+10,80,143,0.6930930018424988,0.7592493625263197
t+10,80,144,0.6998132467269897,0.7158680459179034
t+10,80,145,0.6873787641525269,0.7335314818401547
t+10,80,146,0.682712197303772,0.7342393907273402
t+10,80,147,0.6490781307220459,0.7683101382032265
t+10,80,148,0.6612881422042847,0.6852856501988551
t+10,80,149,0.6271708011627197,0.6726914744181656
t+10,80,150,0.6779552698135376,0.6370461285991411
t+10,80,151,0.6266112923622131,0.7384181570560627
t+10,80,152,0.5781399607658386,0.6590451555003489
t+10,80,153,0.5658770799636841,0.6950982606014096
t+10,80,154,0.6704471111297607,0.7007219851078289
t+10,80,155,0.6711633205413818,0.689222786389148
t+10,80,156,0.6624687910079956,0.6846404860245202
t+10,80,157,0.6493512392044067,0.6538248578082201
t+10,80,158,0.6716522574424744,0.6649231661077494
t+10,80,159,0.6714874505996704,0.6321739423611801
t+10,80,160,0.5956723690032959,0.6789962366303449
t+10,80,161,0.5986768007278442,0.6321005426783803
t+10,80,162,0.6296046376228333,0.5870830338686109
t+10,80,163,0.5719877481460571,0.5749159882315046
t+10,80,164,0.602706789970398,0.6707907281929169
t+10,80,165,0.6503602862358093,0.6710024860637238
t+10,80,166,0.5905218720436096,0.6628122391558346
t+10,80,167,0.5992658138275146,0.6502250317517845
t+10,80,168,0.5878226161003113,0.6706486002075697
t+10,80,169,0.6519365906715393,0.6701715457890044
t+10,80,170,0.6213003993034363,0.6011502557858417
t+10,80,171,0.6021318435668945,0.6042080923953002
t+10,80,172,0.5868434309959412,0.6307710162250015
t+10,80,173,0.5694077014923096,0.5780110458502301
t+10,80,174,0.6812834143638611,0.6060767143945239
t+10,80,175,0.6001794934272766,0.6486973334974038
t+10,80,176,0.5899714231491089,0.5937000863357977
t+10,80,177,0.5563488006591797,0.6023895653809463
t+10,80,178,0.6599628925323486,0.5902996891067468
t+10,80,179,0.6238842010498047,0.6489137631827449
t+10,80,180,0.579551637172699,0.6209765599206022
t+10,80,181,0.7080273032188416,0.6032419955573042
t+10,80,182,0.6502078175544739,0.5864902590512696
t+10,80,183,0.6505934000015259,0.5711365973215964
t+10,80,184,0.6444270014762878,0.6737944716005294
t+10,80,185,0.715853750705719,0.5998146531267639
t+10,80,186,0.6446459889411926,0.5912048843472191
t+10,80,187,0.6596695780754089,0.5579805373153041
t+10,80,188,0.6503384709358215,0.6532503834735008
t+10,80,189,0.6194455027580261,0.6199745295709855
t+10,80,190,0.6757854223251343,0.5801195909458869
t+10,80,191,0.6080115437507629,0.6956335538186991
t+10,80,192,0.5964303016662598,0.6423958283338655
t+10,80,193,0.7300138473510742,0.6428926299223996
t+10,80,194,0.6039259433746338,0.6368512796253135
t+10,80,195,0.688601553440094,0.7010845760490615
t+10,80,196,0.7088619470596313,0.6364393045660389
t+10,80,197,0.6050713658332825,0.6498728923074849
t+10,80,198,0.6995569467544556,0.6411084138978208
t+10,80,199,0.7353962659835815,0.6124194385172625
t+10,80,200,0.712040901184082,0.6634789005295326
t+10,80,201,0.695899248123169,0.6014704550202463
t+10,80,202,0.7058555483818054,0.5887495207848464
t+10,80,203,0.7097556591033936,0.7108945505361783
t+10,80,204,0.7032714486122131,0.5970933101548931
t+10,80,205,0.69525146484375,0.6731897983963905
t+10,80,206,0.7384157776832581,0.6909811914727051
t+10,80,207,0.7118659615516663,0.5963343309393209
t+10,80,208,0.7134431600570679,0.682270455909414
t+10,80,209,0.6880297064781189,0.7141421383060831
t+10,80,210,0.6693724989891052,0.6924800881562256
t+10,80,211,0.6764248013496399,0.6779007160668726
t+10,80,212,0.6969202160835266,0.6865067572885405
t+10,80,213,0.7519798874855042,0.6893707601265675
t+10,80,214,0.7280279397964478,0.6833889616465135
t+10,80,215,0.7065251469612122,0.6758472012448601
t+10,80,216,0.7122395038604736,0.7139654414804059
t+10,80,217,0.6208182573318481,0.6904557596599763
t+10,80,218,0.7141546607017517,0.6909309070031151
t+10,80,219,0.6923844218254089,0.6679408450943706
t+10,80,220,0.6620033383369446,0.6509264077891813
t+10,80,221,0.7078515291213989,0.656874904057508
t+10,80,222,0.6852664947509766,0.6749548477518816
t+10,80,223,0.6604700684547424,0.7087060572241737
t+10,80,224,0.668019711971283,0.7018471090924272
t+10,80,225,0.6218715310096741,0.6826235490838168
t+10,80,226,0.6340373754501343,0.6874171886368778
t+10,80,227,0.6432082653045654,0.6036143348913097
t+10,80,228,0.6723996996879578,0.6883856428138058
t+10,80,229,0.7282674312591553,0.6683188987291795
t+10,80,230,0.6087733507156372,0.6406467190810404
t+10,80,231,0.5980424880981445,0.6818151719066461
t+10,80,232,0.6325616836547852,0.6610452939444212
t+10,80,233,0.6424719095230103,0.6384062559635982
t+10,80,234,0.588450014591217,0.6448094731223493
t+10,80,235,0.583957850933075,0.6036798545897437
t+10,80,236,0.5885170698165894,0.613748456583959
t+10,80,237,0.614035964012146,0.6208972065218704
t+10,80,238,0.6108145713806152,0.6473405024299121
t+10,80,239,0.5856207609176636,0.6979709928281945
t+10,80,240,0.5485867261886597,0.5892650629333714
t+10,80,241,0.5657709240913391,0.5781693086819322
t+10,80,242,0.5467250347137451,0.6095518338127918
t+10,80,243,0.5661910772323608,0.6188493709587505
t+10,80,244,0.5521540641784668,0.5678610619500006
t+10,80,245,0.5136118531227112,0.5648925352407241
t+10,80,246,0.5002930164337158,0.5684254612812969
t+10,80,247,0.5285137295722961,0.5908199280187072
t+10,80,248,0.5777941346168518,0.5885750759805917
t+10,80,249,0.4575885832309723,0.564249731226908
t+10,80,250,0.4964232742786407,0.5291298857120706
t+10,80,251,0.5110048055648804,0.545335140265058
t+10,80,252,0.5063185095787048,0.5258857038264008
t+10,80,253,0.4814864099025726,0.5451414636451621
t+10,80,254,0.524294912815094,0.5323305913558882
t+10,80,255,0.5005678534507751,0.4943364319253086
t+10,80,256,0.5348376035690308,0.4836124458747454
t+10,80,257,0.4634305238723755,0.5092310752391407
t+10,80,258,0.4803971350193023,0.5538451232006398
t+10,80,259,0.5708527565002441,0.410719914762842
t+10,80,260,0.5253925323486328,0.4471638512621562
t+10,80,261,0.4626824855804443,0.49048807988933546
t+10,80,262,0.4819422364234924,0.4872367036739478
t+10,80,263,0.4844219982624054,0.4366085908868338
t+10,80,264,0.4640385806560516,0.5007323627015264
t+10,80,265,0.5306750535964966,0.48047157115502115
t+10,80,266,0.4967930316925049,0.5104943765233034
t+10,80,267,0.4528326094150543,0.4156137235124812
t+10,80,268,0.5032440423965454,0.432471280884912
t+10,80,269,0.5941148400306702,0.543242321852257
t+10,80,270,0.507093608379364,0.5036250473637487
t+10,80,271,0.5449522137641907,0.4133598366321096
t+10,80,272,0.4635290503501892,0.43181956407726513
t+10,80,273,0.4604954123497009,0.43588489876002684
t+10,80,274,0.5169584155082703,0.417668054680195
t+10,80,275,0.5599142909049988,0.5042570430629306
t+10,80,276,0.5901612043380737,0.4458514714999767
t+10,80,277,0.5541990399360657,0.4035797978218143
t+10,80,278,0.5473104119300842,0.4768980695526202
t+10,80,279,0.4697040021419525,0.5624950127683729
t+10,80,280,0.547893762588501,0.480403218660959
t+10,80,281,0.4480867385864258,0.5154604291072037
t+10,80,282,0.5239779949188232,0.413115953687056
t+10,80,283,0.5410581231117249,0.4080219504351765
t+10,80,284,0.5437777042388916,0.488577141537041
t+10,80,285,0.544339656829834,0.5297045768096913
t+10,80,286,0.5490851998329163,0.5565286733198762
t+10,80,287,0.5611234307289124,0.5222521453945802
t+10,80,288,0.4979868233203888,0.5148773367883992
t+10,80,289,0.4920157492160797,0.4171508925036675
t+10,81,0,0.3154588937759399,0.32420000834867363
t+10,81,1,0.2596100866794586,0.34854934510264696
t+10,81,2,0.3557368218898773,0.399208985262029
t+10,81,3,0.2915495932102203,0.3679336378826752
t+10,81,4,0.3511067926883697,0.38900271654164303
t+10,81,5,0.3219606876373291,0.37347269808775885
t+10,81,6,0.3719346821308136,0.3365390931489311
t+10,81,7,0.2963701486587524,0.37940164703113755
t+10,81,8,0.30974280834198,0.3472514743726204
t+10,81,9,0.3336946070194244,0.34586771471251915
t+10,81,10,0.2458582073450088,0.3651241102613295
t+10,81,11,0.3533734083175659,0.3094405189149864
t+10,81,12,0.3796586096286773,0.40597649160493976
t+10,81,13,0.3664734959602356,0.3428816648901491
t+10,81,14,0.3548137247562408,0.3934268519412393
t+10,81,15,0.3246763348579407,0.3659681825022537
t+10,81,16,0.3760676085948944,0.41399849345413975
t+10,81,17,0.3702336549758911,0.3422421903946798
t+10,81,18,0.3478513956069946,0.35510072028274287
t+10,81,19,0.3357807397842407,0.3768720952027915
t+10,81,20,0.3244563937187195,0.2950036491540802
t+10,81,21,0.295600414276123,0.3978279034220782
t+10,81,22,0.3831401467323303,0.4202540720470711
t+10,81,23,0.2657869458198547,0.4067789951584698
t+10,81,24,0.3304618895053863,0.3929272498484186
t+10,81,25,0.3508006334304809,0.36795692117141693
t+10,81,26,0.376794695854187,0.4179801913693463
t+10,81,27,0.4100293517112732,0.40948374612040006
t+10,81,28,0.3848303258419037,0.39032050856031314
t+10,81,29,0.3415735960006714,0.37664219082525263
t+10,81,30,0.378993958234787,0.36699569368198215
t+10,81,31,0.3111057877540588,0.3364050306557365
t+10,81,32,0.4070814549922943,0.4256513919670084
t+10,81,33,0.3533483147621155,0.3025890304648449
t+10,81,34,0.3370544612407684,0.36655158863044385
t+10,81,35,0.3401000201702118,0.39096161819297004
t+10,81,36,0.3621710836887359,0.4130799360214178
t+10,81,37,0.3524441421031952,0.4494916853153438
t+10,81,38,0.4482336044311523,0.42067451854342347
t+10,81,39,0.3448690772056579,0.3801458733373249
t+10,81,40,0.3730905652046203,0.41269136261334094
t+10,81,41,0.3749021291732788,0.34918997383143857
t+10,81,42,0.3769107162952423,0.44071434648530466
t+10,81,43,0.3798918128013611,0.38768485867411884
t+10,81,44,0.3631698787212372,0.3766841335172785
t+10,81,45,0.3617157340049743,0.37612589865116497
t+10,81,46,0.3541153073310852,0.4000100321667764
t+10,81,47,0.3344120681285858,0.3834334168020539
t+10,81,48,0.3963340818881988,0.47700025288159476
t+10,81,49,0.4255472123622894,0.3774109254520682
t+10,81,50,0.3744909167289734,0.404855152801332
t+10,81,51,0.3764359056949615,0.40620197327084073
t+10,81,52,0.3874936997890472,0.40962406944009655
t+10,81,53,0.3851379156112671,0.4082954054810644
t+10,81,54,0.3538002669811249,0.39707129544586006
t+10,81,55,0.4547919332981109,0.3936868286308621
t+10,81,56,0.425471156835556,0.38803278586409734
t+10,81,57,0.3884560167789459,0.36858492579964874
t+10,81,58,0.4272093176841736,0.4265681375625523
t+10,81,59,0.4051076769828796,0.45430050075049866
t+10,81,60,0.4169133603572845,0.40002636675483466
t+10,81,61,0.4411679208278656,0.4058451351503024
t+10,81,62,0.4661530256271362,0.41522637741776813
t+10,81,63,0.4906343817710876,0.41164671361523747
t+10,81,64,0.5020410418510437,0.38181850302239356
t+10,81,65,0.4389678537845611,0.480504403777986
t+10,81,66,0.4357987642288208,0.4470632885640306
t+10,81,67,0.4627426266670227,0.41311409426905404
t+10,81,68,0.4700844287872314,0.4534352739652045
t+10,81,69,0.4466111361980438,0.43090690187480685
t+10,81,70,0.4576982855796814,0.4423917526919498
t+10,81,71,0.5153804421424866,0.46304589694880827
t+10,81,72,0.5522761344909668,0.4857858217983542
t+10,81,73,0.4951763153076172,0.5097652235106023
t+10,81,74,0.4891018867492676,0.5491959058309112
t+10,81,75,0.5109132528305054,0.46008119637047645
t+10,81,76,0.4954085946083069,0.4548509381618709
t+10,81,77,0.530428409576416,0.48346480103043854
t+10,81,78,0.5648112297058105,0.4860521530952173
t+10,81,79,0.5574988722801208,0.47078306717965446
t+10,81,80,0.6141123175621033,0.4764438641596397
t+10,81,81,0.5869335532188416,0.5573866233123425
t+10,81,82,0.6093905568122864,0.5902753661400387
t+10,81,83,0.5983434319496155,0.5090128753299946
t+10,81,84,0.6606450080871582,0.5034094007157416
t+10,81,85,0.5828563570976257,0.5536226318097666
t+10,81,86,0.625995397567749,0.5087031949160086
t+10,81,87,0.6064115166664124,0.5694901770532572
t+10,81,88,0.6871136426925659,0.5994050312194089
t+10,81,89,0.6984414458274841,0.5920055838041981
t+10,81,90,0.6608489155769348,0.6450451588475669
t+10,81,91,0.7468450665473938,0.6192374090301199
t+10,81,92,0.6879669427871704,0.6394252116730733
t+10,81,93,0.6591275930404663,0.6298216199964627
t+10,81,94,0.7064635157585144,0.6857889588792455
t+10,81,95,0.7372283935546875,0.6147734619505827
t+10,81,96,0.7242910265922546,0.6530334345371039
t+10,81,97,0.8191897869110107,0.6348592208155206
t+10,81,98,0.7767675518989563,0.708389547856126
t+10,81,99,0.8138890266418457,0.7184430816324904
t+10,81,100,0.8078061938285828,0.6838432079992639
t+10,81,101,0.7058576345443726,0.7605976067950745
t+10,81,102,0.7567703127861023,0.7078004322240952
t+10,81,103,0.6792202591896057,0.6815944403952064
t+10,81,104,0.7564374804496765,0.7236002544493968
t+10,81,105,0.8220800757408142,0.7507537360219584
t+10,81,106,0.7572038173675537,0.7389965500290316
t+10,81,107,0.7678008675575256,0.8086951800342327
t+10,81,108,0.8046013712882996,0.7697429069155828
t+10,81,109,0.8236053586006165,0.8032791988875502
t+10,81,110,0.7862279415130615,0.7959972590579869
t+10,81,111,0.7922059297561646,0.7207827271888555
t+10,81,112,0.8317657113075256,0.7498589434833466
t+10,81,113,0.8144845366477966,0.6962046275336687
t+10,81,114,0.7976115345954895,0.750954813915927
t+10,81,115,0.8204814195632935,0.8097513158372033
t+10,81,116,0.8138946890830994,0.7507112163108977
t+10,81,117,0.8217812776565552,0.7601899825859695
t+10,81,118,0.8844319581985474,0.792545352404966
t+10,81,119,0.8051031827926636,0.8109790645811638
t+10,81,120,0.7981600165367126,0.7743806629036986
t+10,81,121,0.8676549196243286,0.7801988829147062
t+10,81,122,0.7944526076316833,0.8157132063613347
t+10,81,123,0.8801574110984802,0.7992645416304324
t+10,81,124,0.813793957233429,0.7837261489456218
t+10,81,125,0.8236103057861328,0.8031167481326884
t+10,81,126,0.8469284772872925,0.7974876023942852
t+10,81,127,0.8637117147445679,0.8039499912504108
t+10,81,128,0.8559114933013916,0.8559520614785482
t+10,81,129,0.8134025931358337,0.7884023624212038
t+10,81,130,0.806956946849823,0.7809791588354235
t+10,81,131,0.8309255242347717,0.8402696056917894
t+10,81,132,0.822184145450592,0.7781743526892859
t+10,81,133,0.7934128642082214,0.8518818682247198
t+10,81,134,0.8284077048301697,0.794104804455669
t+10,81,135,0.8466830253601074,0.8004201791978469
t+10,81,136,0.8152928948402405,0.8231535461467366
t+10,81,137,0.8615065813064575,0.8379140222925593
t+10,81,138,0.8181616067886353,0.8309203794069838
t+10,81,139,0.7951251864433289,0.7910381812264058
t+10,81,140,0.80061936378479,0.7858758828824528
t+10,81,141,0.7738112211227417,0.8065586389554152
t+10,81,142,0.7534091472625732,0.8012405342642807
t+10,81,143,0.8020768165588379,0.7733989720557422
t+10,81,144,0.7512518763542175,0.8054436969313196
t+10,81,145,0.7641369104385376,0.8171709712449201
t+10,81,146,0.768982470035553,0.7912308365909341
t+10,81,147,0.7808986306190491,0.830835318510479
t+10,81,148,0.7787874341011047,0.7939136082399942
t+10,81,149,0.7597059011459351,0.7723992170710222
t+10,81,150,0.6853318214416504,0.7782596714928046
t+10,81,151,0.7407980561256409,0.7530093721824945
t+10,81,152,0.7159911394119263,0.7350837258918341
t+10,81,153,0.7343721985816956,0.7769050298953982
t+10,81,154,0.7681506276130676,0.7316460771413289
t+10,81,155,0.7568802833557129,0.7433696608164599
t+10,81,156,0.7317736744880676,0.7474426136608646
t+10,81,157,0.7372280359268188,0.7568599871042517
t+10,81,158,0.6630293726921082,0.7541527435622314
t+10,81,159,0.7176921367645264,0.7378401547756893
t+10,81,160,0.7286456227302551,0.6856552947998092
t+10,81,161,0.6781728863716125,0.7351896640213937
t+10,81,162,0.7133594155311584,0.7127049315881486
t+10,81,163,0.6823645830154419,0.7282527821955121
t+10,81,164,0.7274426221847534,0.7443337653304302
t+10,81,165,0.7281839847564697,0.7332076909516346
t+10,81,166,0.667878270149231,0.7256982263480509
t+10,81,167,0.735253632068634,0.7299793728360708
t+10,81,168,0.6751093864440918,0.6626402736947727
t+10,81,169,0.751900851726532,0.7120574959263822
t+10,81,170,0.6607617735862732,0.7210781601417907
t+10,81,171,0.6786953210830688,0.6755433945402782
t+10,81,172,0.6826875805854797,0.7069645725217257
t+10,81,173,0.647973358631134,0.6785462317181368
t+10,81,174,0.6131486892700195,0.7188219000694768
t+10,81,175,0.6450930237770081,0.7187319515070041
t+10,81,176,0.7106585502624512,0.6644587262381758
t+10,81,177,0.6614065170288086,0.7249247230381435
t+10,81,178,0.6617488861083984,0.6702722189772851
t+10,81,179,0.726772665977478,0.7236977617925252
t+10,81,180,0.691676139831543,0.6565068107313696
t+10,81,181,0.6999061107635498,0.6724431175255765
t+10,81,182,0.7061717510223389,0.6757727315116123
t+10,81,183,0.645976185798645,0.6439581963449023
t+10,81,184,0.6835605502128601,0.6119316146257517
t+10,81,185,0.6860611438751221,0.6412257627220737
t+10,81,186,0.6769844889640808,0.6996305820391403
t+10,81,187,0.6461458206176758,0.6549954252736079
t+10,81,188,0.7025894522666931,0.6547780151238793
t+10,81,189,0.6303460597991943,0.7128469447661921
t+10,81,190,0.6576911211013794,0.6811531365177664
t+10,81,191,0.6642996072769165,0.688294007054262
t+10,81,192,0.6803621649742126,0.6932779701916761
t+10,81,193,0.7263876795768738,0.6387726973512432
t+10,81,194,0.7570784687995911,0.6724468509232433
t+10,81,195,0.7614825367927551,0.6743746452906292
t+10,81,196,0.7314711809158325,0.6658165714524145
t+10,81,197,0.7206136584281921,0.6374601656384172
t+10,81,198,0.6253201961517334,0.6882307648232463
t+10,81,199,0.7484118938446045,0.6219528329521685
t+10,81,200,0.8024934530258179,0.6468485110996515
t+10,81,201,0.7277992963790894,0.6526523814791776
t+10,81,202,0.7214361429214478,0.6668519370915192
t+10,81,203,0.7388058304786682,0.7087458577245246
t+10,81,204,0.7407541275024414,0.7200863157496246
t+10,81,205,0.7206531763076782,0.7235404483540776
t+10,81,206,0.7032900452613831,0.7117033465856282
t+10,81,207,0.7292273044586182,0.7010416898483514
t+10,81,208,0.66848224401474,0.6156371252160318
t+10,81,209,0.650264322757721,0.7254466081073739
t+10,81,210,0.7631513476371765,0.7583538077664012
t+10,81,211,0.6985610127449036,0.7067899613366939
t+10,81,212,0.7384238243103027,0.7003890042188934
t+10,81,213,0.7662391662597656,0.7155256139659969
t+10,81,214,0.7526865005493164,0.7168336018003224
t+10,81,215,0.6884375810623169,0.6989123660961281
t+10,81,216,0.7166809439659119,0.6826273560578839
t+10,81,217,0.661686897277832,0.7058841921917594
t+10,81,218,0.6957025527954102,0.6506533430906835
t+10,81,219,0.7325143814086914,0.6338809081787921
t+10,81,220,0.6932471990585327,0.720734665667581
t+10,81,221,0.5882360339164734,0.6769290479347148
t+10,81,222,0.604837954044342,0.7127706721844802
t+10,81,223,0.6508719325065613,0.7226363514798241
t+10,81,224,0.7205908298492432,0.7101797221274646
t+10,81,225,0.6756088137626648,0.6662710160909913
t+10,81,226,0.6680223941802979,0.6913393004948993
t+10,81,227,0.6111904382705688,0.641444178466163
t+10,81,228,0.6562921404838562,0.6716801622818507
t+10,81,229,0.5652129650115967,0.7045958704826867
t+10,81,230,0.6502578854560852,0.6689104468174314
t+10,81,231,0.6728039979934692,0.5731152452306558
t+10,81,232,0.5959540009498596,0.5866827696134611
t+10,81,233,0.6553801894187927,0.6297155421428422
t+10,81,234,0.5849204659461975,0.6920648488017105
t+10,81,235,0.6078157424926758,0.6512798943162207
t+10,81,236,0.5903077125549316,0.6437878407496165
t+10,81,237,0.5906428694725037,0.5920168916177441
t+10,81,238,0.6329941749572754,0.6330702839947538
t+10,81,239,0.6025052070617676,0.5488117830708444
t+10,81,240,0.5399900674819946,0.6262881331341197
t+10,81,241,0.4589372277259826,0.6467373530946676
t+10,81,242,0.5789996385574341,0.5761516157318903
t+10,81,243,0.5663756132125854,0.6305493362632224
t+10,81,244,0.5373921394348145,0.5656661670209658
t+10,81,245,0.5040422677993774,0.5871695167387205
t+10,81,246,0.5715377926826477,0.5688056523488164
t+10,81,247,0.4451057612895965,0.5700147014225856
t+10,81,248,0.4723342359066009,0.6084933718677837
t+10,81,249,0.4406733810901642,0.5797419694815897
t+10,81,250,0.4972913265228271,0.5219816959306581
t+10,81,251,0.4603715538978576,0.42165382498328474
t+10,81,252,0.5431140661239624,0.5569010903795428
t+10,81,253,0.4624957144260406,0.5457261550996074
t+10,81,254,0.446303129196167,0.5208299506412172
t+10,81,255,0.4676433801651001,0.48738404378132477
t+10,81,256,0.4150671362876892,0.5492004874818913
t+10,81,257,0.3960182964801788,0.40305100742335803
t+10,81,258,0.4461148381233215,0.42732760668453007
t+10,81,259,0.4038886427879333,0.40105661684892724
t+10,81,260,0.4489640891551971,0.453245757931553
t+10,81,261,0.4205141961574554,0.41678796656704603
t+10,81,262,0.4070592224597931,0.5223662471467673
t+10,81,263,0.3997671604156494,0.41708499007482386
t+10,81,264,0.3889397978782654,0.4028181707534642
t+10,81,265,0.4010179936885834,0.4232600572859652
t+10,81,266,0.3678517043590545,0.3757581496938492
t+10,81,267,0.3084422945976257,0.3517169771465158
t+10,81,268,0.3750998973846435,0.4023286568309722
t+10,81,269,0.3518784046173095,0.35936780008301594
t+10,81,270,0.3156361877918243,0.4015648187429025
t+10,81,271,0.3871869444847107,0.37345041193777756
t+10,81,272,0.3427927196025848,0.36495023209926997
t+10,81,273,0.2914580404758453,0.3499179001073662
t+10,81,274,0.346563458442688,0.3442809490929953
t+10,81,275,0.3223986029624939,0.3558979122450334
t+10,81,276,0.2834892570972442,0.32569474259059694
t+10,81,277,0.3511872887611389,0.2652393485765603
t+10,81,278,0.300894021987915,0.3289838782998405
t+10,81,279,0.3603908121585846,0.30905328447672475
t+10,81,280,0.3015971779823303,0.27322466600451495
t+10,81,281,0.3651401102542877,0.34000591059519536
t+10,81,282,0.3439356684684753,0.3011220402433592
t+10,81,283,0.3311130404472351,0.24451851094562865
t+10,81,284,0.2992819845676422,0.3021323190593806
t+10,81,285,0.3559829890727997,0.2759058710969046
t+10,81,286,0.3406664431095123,0.23914310349655882
t+10,81,287,0.3092294931411743,0.30100083603633154
t+10,81,288,0.3412464261054992,0.2608178968859805
t+10,81,289,0.2841737270355224,0.31494575179249884
t+10,82,0,0.2704777717590332,0.34643258045024605
t+10,82,1,0.322970300912857,0.3347612392168248
t+10,82,2,0.2489617317914962,0.3189510716595952
t+10,82,3,0.3202316761016845,0.316816340148477
t+10,82,4,0.354662537574768,0.38470222434664353
t+10,82,5,0.3186731934547424,0.3787921316946361
t+10,82,6,0.2968898415565491,0.3251072418763061
t+10,82,7,0.3597766458988189,0.3962486468834987
t+10,82,8,0.3642047941684723,0.342219704888409
t+10,82,9,0.3497386276721954,0.4004431785744567
t+10,82,10,0.3815306425094604,0.31852854711952544
t+10,82,11,0.341632604598999,0.37209234466201807
t+10,82,12,0.3282309770584106,0.301016357331004
t+10,82,13,0.3597843647003174,0.36854370078447274
t+10,82,14,0.3680635988712311,0.40169992614665984
t+10,82,15,0.3194507360458374,0.365125769883369
t+10,82,16,0.360693871974945,0.3413683450159991
t+10,82,17,0.3492607176303863,0.401420942286282
t+10,82,18,0.3473277986049652,0.4077691766457539
t+10,82,19,0.3367885947227478,0.39072813880380675
t+10,82,20,0.3748821318149566,0.4253437293507397
t+10,82,21,0.4661603271961212,0.3824228387174963
t+10,82,22,0.4193439483642578,0.3735465637097648
t+10,82,23,0.3812309503555298,0.40765508794730215
t+10,82,24,0.4159336984157562,0.40875908119635135
t+10,82,25,0.5182345509529114,0.35987724428205686
t+10,82,26,0.5035513043403625,0.4046180616032134
t+10,82,27,0.4858568608760834,0.38813985040335935
t+10,82,28,0.5180928111076355,0.38628063539757856
t+10,82,29,0.4950734972953796,0.37880472156436684
t+10,82,30,0.5136616230010986,0.4144320073907978
t+10,82,31,0.557331383228302,0.5011163951291497
t+10,82,32,0.5601959824562073,0.456183402432013
t+10,82,33,0.5321260094642639,0.4185025063090565
t+10,82,34,0.5570881366729736,0.44810287535267035
t+10,82,35,0.5356668829917908,0.5761170363213449
t+10,82,36,0.5453236699104309,0.5619276257985659
t+10,82,37,0.5465646982192993,0.5166209422692393
t+10,82,38,0.595396101474762,0.5735010704539782
t+10,82,39,0.5348877310752869,0.5234213163949589
t+10,82,40,0.5708637237548828,0.5687450726415917
t+10,82,41,0.5480424761772156,0.610233711577175
t+10,82,42,0.4599903225898742,0.6107373688398939
t+10,82,43,0.5159798860549927,0.5849664715863463
t+10,82,44,0.4658703207969665,0.6074197033488834
t+10,82,45,0.5188630819320679,0.5883196573610182
t+10,82,46,0.5434301495552063,0.5975244138125055
t+10,82,47,0.5325745940208435,0.5973378408241012
t+10,82,48,0.4237171113491058,0.6424212946572155
t+10,82,49,0.4870845675468445,0.5844015756314535
t+10,82,50,0.4512789845466614,0.6189279584440275
t+10,82,51,0.4317769706249237,0.5978053034603457
t+10,82,52,0.4658096134662628,0.49085968730687474
t+10,82,53,0.4562713503837585,0.5649612606742836
t+10,82,54,0.4623600542545318,0.49300774319440516
t+10,82,55,0.471502810716629,0.5692869252294488
t+10,82,56,0.4521884024143219,0.5926453091245236
t+10,82,57,0.4748676717281341,0.5810054774132699
t+10,82,58,0.4283007681369781,0.4513578048860943
t+10,82,59,0.3637863397598266,0.5097284336609048
t+10,82,60,0.4329202175140381,0.4773671765471416
t+10,82,61,0.4329983592033386,0.45755834151826996
t+10,82,62,0.4000159502029419,0.48907063908411014
t+10,82,63,0.4007245004177093,0.48072921533502916
t+10,82,64,0.4022832810878753,0.4826663307775574
t+10,82,65,0.3939917087554931,0.49573646155553797
t+10,82,66,0.4005449116230011,0.4737061135116141
t+10,82,67,0.4213757812976837,0.49609413544999664
t+10,82,68,0.4482718706130981,0.44903003742306713
t+10,82,69,0.421486884355545,0.39139851090568345
t+10,82,70,0.4472002685070038,0.4531144191673072
t+10,82,71,0.5140652656555176,0.45527792133778916
t+10,82,72,0.4135554432868957,0.4234393951387223
t+10,82,73,0.4396260380744934,0.4245041350377575
t+10,82,74,0.414443701505661,0.42585385891590855
t+10,82,75,0.4241716861724853,0.419122264448282
t+10,82,76,0.477260023355484,0.42231693308509644
t+10,82,77,0.4840294122695923,0.4436412595659111
t+10,82,78,0.4660637080669403,0.46639099503802
t+10,82,79,0.4924138784408569,0.44398611010313277
t+10,82,80,0.4640916883945465,0.4665926046450282
t+10,82,81,0.5142229795455933,0.5543863811778822
t+10,82,82,0.4802489280700683,0.43331088404390805
t+10,82,83,0.5004281997680664,0.4553774819579046
t+10,82,84,0.5424574613571167,0.4332137270800197
t+10,82,85,0.5132551789283752,0.44348643035779384
t+10,82,86,0.5372191667556763,0.49200146938320605
t+10,82,87,0.5249147415161133,0.4996529762523125
t+10,82,88,0.5136452317237854,0.4806317143681745
t+10,82,89,0.579384982585907,0.5062756615422734
t+10,82,90,0.5336397886276245,0.47910032371992045
t+10,82,91,0.4941330850124359,0.5518712308308696
t+10,82,92,0.5621449947357178,0.493963368219769
t+10,82,93,0.5588680505752563,0.5393158023254468
t+10,82,94,0.5594483017921448,0.5780573152411355
t+10,82,95,0.6249035000801086,0.5502200721155354
t+10,82,96,0.6369698643684387,0.5705313312447556
t+10,82,97,0.541885495185852,0.5602170091554161
t+10,82,98,0.6536485552787781,0.5507567590365728
t+10,82,99,0.6408970952033997,0.6101649162897611
t+10,82,100,0.6347144842147827,0.5658576930096674
t+10,82,101,0.6503056287765503,0.5022472634678482
t+10,82,102,0.641502857208252,0.5941195171149887
t+10,82,103,0.6594676375389099,0.5900430707186353
t+10,82,104,0.6358645558357239,0.5908906827095566
t+10,82,105,0.6790881752967834,0.6502801037677779
t+10,82,106,0.6899893879890442,0.6597364280418928
t+10,82,107,0.6457458138465881,0.5737313523245354
t+10,82,108,0.6698200106620789,0.6755267333797326
t+10,82,109,0.7257755994796753,0.6629325495692363
t+10,82,110,0.6817879676818848,0.657010322484226
t+10,82,111,0.6480985283851624,0.6710481425257047
t+10,82,112,0.7543278932571411,0.6623039025096549
t+10,82,113,0.7651447057723999,0.6778405622714836
t+10,82,114,0.7643364071846008,0.6567707757562892
t+10,82,115,0.75982266664505,0.6952907006656568
t+10,82,116,0.8019208908081055,0.7049332821328307
t+10,82,117,0.8051289319992065,0.6641344160816832
t+10,82,118,0.7462950944900513,0.6856808848965253
t+10,82,119,0.7353840470314026,0.7362169793603824
t+10,82,120,0.8282168507575989,0.6960729413588913
t+10,82,121,0.7855639457702637,0.6649859046852789
t+10,82,122,0.7685571908950806,0.7458358939168405
t+10,82,123,0.7902222871780396,0.7545507818496696
t+10,82,124,0.7621314525604248,0.7546756424291567
t+10,82,125,0.8095600605010986,0.7497347143586002
t+10,82,126,0.7870433926582336,0.7859733191965557
t+10,82,127,0.8757031559944153,0.7873154733241254
t+10,82,128,0.7926930785179138,0.7517077913240438
t+10,82,129,0.8291352987289429,0.7414094690594922
t+10,82,130,0.8690089583396912,0.8084119640726878
t+10,82,131,0.8536616563796997,0.7722457208132367
t+10,82,132,0.835811972618103,0.7548782288536384
t+10,82,133,0.8261030912399292,0.7741439551924219
t+10,82,134,0.8705836534500122,0.7488692707964482
t+10,82,135,0.910753846168518,0.7901104579962144
t+10,82,136,0.8623653054237366,0.7703659612107866
t+10,82,137,0.7798132300376892,0.8452561514400622
t+10,82,138,0.762546181678772,0.7732326539356879
t+10,82,139,0.8126607537269592,0.8038839190622322
t+10,82,140,0.8031636476516724,0.8390296752070382
t+10,82,141,0.8573543429374695,0.8271482690483153
t+10,82,142,0.822702169418335,0.8113412709118497
t+10,82,143,0.8019790649414062,0.8022226840785779
t+10,82,144,0.7854520678520203,0.8432805122328139
t+10,82,145,0.7881987690925598,0.8731550700910071
t+10,82,146,0.854619562625885,0.830532932844167
t+10,82,147,0.8415120840072632,0.7608877436024571
t+10,82,148,0.7840105295181274,0.7426305441714555
t+10,82,149,0.7371453046798706,0.7891031076905954
t+10,82,150,0.7581876516342163,0.7812755157056531
t+10,82,151,0.7589479088783264,0.8264153050599068
t+10,82,152,0.76759934425354,0.7956422425778219
t+10,82,153,0.7427546977996826,0.7781526942785739
t+10,82,154,0.7753448486328125,0.7610401804347444
t+10,82,155,0.7738807201385498,0.7639262052171666
t+10,82,156,0.731211245059967,0.8215455352682147
t+10,82,157,0.6758127212524414,0.8111699351626235
t+10,82,158,0.7388760447502136,0.7611034463576268
t+10,82,159,0.73887699842453,0.7324496931270856
t+10,82,160,0.7673901319503784,0.7369139185737583
t+10,82,161,0.7291476726531982,0.7357674744305444
t+10,82,162,0.7395834922790527,0.7449538940833185
t+10,82,163,0.753006637096405,0.7359123790946911
t+10,82,164,0.6853315830230713,0.7504985107057124
t+10,82,165,0.692870557308197,0.7482976049412869
t+10,82,166,0.7500876188278198,0.7251479703107427
t+10,82,167,0.7109822630882263,0.6746430759163584
t+10,82,168,0.7445015907287598,0.7311690483034451
t+10,82,169,0.776049017906189,0.7301669783047278
t+10,82,170,0.6619389653205872,0.7417472863931981
t+10,82,171,0.7253049612045288,0.721458548430537
t+10,82,172,0.7415498495101929,0.73005931309202
t+10,82,173,0.7130081653594971,0.7273818227535882
t+10,82,174,0.6655297875404358,0.6808835418773796
t+10,82,175,0.7297919392585754,0.6872837534714746
t+10,82,176,0.6994649767875671,0.7239105045484692
t+10,82,177,0.6831497550010681,0.7033107071480891
t+10,82,178,0.6968829035758972,0.7323578039593179
t+10,82,179,0.7014124989509583,0.7445777651448074
t+10,82,180,0.7003494501113892,0.6577586179321702
t+10,82,181,0.6627418994903564,0.7141906714739181
t+10,82,182,0.7161270380020142,0.7290028827577868
t+10,82,183,0.7143402099609375,0.7024774623274558
t+10,82,184,0.6889846324920654,0.6596811345821252
t+10,82,185,0.6859473586082458,0.7166374376269858
t+10,82,186,0.6597443222999573,0.6894085057424417
t+10,82,187,0.7508012056350708,0.674480631109858
t+10,82,188,0.7540010809898376,0.6864205335515203
t+10,82,189,0.7296039462089539,0.6903122863701429
t+10,82,190,0.6236672401428223,0.6890232756551761
t+10,82,191,0.6990535855293274,0.6545947287686407
t+10,82,192,0.7032679319381714,0.7027077678598583
t+10,82,193,0.7276185750961304,0.7012079961783682
t+10,82,194,0.7950713038444519,0.6773349012563117
t+10,82,195,0.7226824760437012,0.6742817861412698
t+10,82,196,0.7370185256004333,0.6506355155537237
t+10,82,197,0.7766286134719849,0.7172767461541035
t+10,82,198,0.7134827375411987,0.7195076221714143
t+10,82,199,0.7343142032623291,0.7122447185668312
t+10,82,200,0.6825927495956421,0.615972966831506
t+10,82,201,0.7621656656265259,0.6840251864675974
t+10,82,202,0.7076371312141418,0.6875256832101999
t+10,82,203,0.6682195663452148,0.7090172101751303
t+10,82,204,0.7197499871253967,0.7547563845448302
t+10,82,205,0.7724684476852417,0.7038965899802556
t+10,82,206,0.7218143343925476,0.7171773640908584
t+10,82,207,0.7288285493850708,0.7377121184728869
t+10,82,208,0.7228742837905884,0.6945010062266187
t+10,82,209,0.7396791577339172,0.7120833426563903
t+10,82,210,0.757870614528656,0.6661148429798174
t+10,82,211,0.7167501449584961,0.7225768443926543
t+10,82,212,0.7360289096832275,0.6880203564769596
t+10,82,213,0.7093631029129028,0.6521355862397284
t+10,82,214,0.6689658164978027,0.6977027601623548
t+10,82,215,0.7661301493644714,0.7302200750950044
t+10,82,216,0.7036031484603882,0.69930053893043
t+10,82,217,0.7058135271072388,0.7058700756829412
t+10,82,218,0.6961233615875244,0.6989382134268093
t+10,82,219,0.6133595705032349,0.7142147635497419
t+10,82,220,0.7304608821868896,0.7144421860770876
t+10,82,221,0.6529166102409363,0.693162166155077
t+10,82,222,0.6718389391899109,0.7103252936785727
t+10,82,223,0.7217315435409546,0.6857818610074524
t+10,82,224,0.6791121363639832,0.6489180153045334
t+10,82,225,0.7023749351501465,0.7216424092056282
t+10,82,226,0.6835764646530151,0.679350685064767
t+10,82,227,0.7094873189926147,0.6814271313163752
t+10,82,228,0.6506350040435791,0.6722203476569
t+10,82,229,0.6999731063842773,0.5964648938348711
t+10,82,230,0.6941651701927185,0.7027257295928491
t+10,82,231,0.5925810933113098,0.6319303422434936
t+10,82,232,0.6811656355857849,0.6489243025626975
t+10,82,233,0.5836540460586548,0.693848723479
t+10,82,234,0.5979676842689514,0.6548646933185713
t+10,82,235,0.5777381658554077,0.6754519591870077
t+10,82,236,0.632709801197052,0.6581550047873873
t+10,82,237,0.6009684205055237,0.6812918507887972
t+10,82,238,0.5795034170150757,0.6277369288926807
t+10,82,239,0.619351327419281,0.6720008646114626
t+10,82,240,0.556404709815979,0.6662624389239012
t+10,82,241,0.5544772148132324,0.5736583741055148
t+10,82,242,0.5362400412559509,0.6539473978572817
t+10,82,243,0.5880546569824219,0.5660993939087239
t+10,82,244,0.5691668391227722,0.5774595607590233
t+10,82,245,0.555862545967102,0.559449596227192
t+10,82,246,0.5004023313522339,0.6079103977889503
t+10,82,247,0.5593470335006714,0.5790954831903576
t+10,82,248,0.5452540516853333,0.5570609671094144
t+10,82,249,0.4678647816181183,0.5953999206702839
t+10,82,250,0.49828040599823,0.5386931409752513
t+10,82,251,0.5033180117607117,0.5358124923273203
t+10,82,252,0.4557408690452575,0.5172160274206704
t+10,82,253,0.4904256463050842,0.5654486858035883
t+10,82,254,0.4941296577453613,0.5469085733552703
t+10,82,255,0.5341489315032959,0.5357064479238531
t+10,82,256,0.465509682893753,0.48484587067332396
t+10,82,257,0.5585695505142212,0.5369761193168721
t+10,82,258,0.5234666466712952,0.5222319405773637
t+10,82,259,0.5275653600692749,0.4256989784071827
t+10,82,260,0.5371105670928955,0.4523431731677967
t+10,82,261,0.4632307589054107,0.48626903035487185
t+10,82,262,0.5284565091133118,0.4111800104671591
t+10,82,263,0.377069354057312,0.44239879196771265
t+10,82,264,0.445965051651001,0.4453251094550802
t+10,82,265,0.4402511417865753,0.511919208805193
t+10,82,266,0.4958781003952026,0.4200040988654637
t+10,82,267,0.4885634183883667,0.5341835359481362
t+10,82,268,0.40765181183815,0.4983163043208158
t+10,82,269,0.4016739428043365,0.5062055894170346
t+10,82,270,0.4692564010620117,0.5127867428090107
t+10,82,271,0.4362968206405639,0.4158149146309885
t+10,82,272,0.4844339191913605,0.5042013807644293
t+10,82,273,0.4422091841697693,0.33198347261887173
t+10,82,274,0.3793393075466156,0.3976295741796842
t+10,82,275,0.4384151697158813,0.3922098048463009
t+10,82,276,0.411031424999237,0.446007990921683
t+10,82,277,0.4340680241584778,0.43831044009697817
t+10,82,278,0.4579728245735168,0.3593119014323606
t+10,82,279,0.3728101849555969,0.35439553798958223
t+10,82,280,0.4073675572872162,0.4196213018964881
t+10,82,281,0.4178164303302765,0.38694033771654923
t+10,82,282,0.3220184445381164,0.432299224464925
t+10,82,283,0.3965423107147217,0.39406273283759774
t+10,82,284,0.3933300375938415,0.33330080974582776
t+10,82,285,0.3401021063327789,0.3892636540671926
t+10,82,286,0.3850242793560028,0.36117466754368965
t+10,82,287,0.3284855484962463,0.38459636659360324
t+10,82,288,0.4381796717643738,0.4059714293742581
t+10,82,289,0.3571127355098724,0.32282597856123535
t+10,83,0,0.2521823048591614,0.2721095494666049
t+10,83,1,0.2701355814933777,0.27013113980108694
t+10,83,2,0.2783390581607818,0.35441088045153013
t+10,83,3,0.338153600692749,0.34384353880056173
t+10,83,4,0.3190743327140808,0.3314462856472193
t+10,83,5,0.345634400844574,0.34647974122301933
t+10,83,6,0.3272501230239868,0.34975737009347435
t+10,83,7,0.3371279239654541,0.32223796608964284
t+10,83,8,0.3487566709518432,0.33276295892685437
t+10,83,9,0.3356142044067383,0.33126943652199925
t+10,83,10,0.3418281078338623,0.30356836198468884
t+10,83,11,0.3958832919597626,0.3233238108457008
t+10,83,12,0.3338910341262817,0.3277505572440253
t+10,83,13,0.3089453876018524,0.383095804163815
t+10,83,14,0.3805106282234192,0.36680447913490705
t+10,83,15,0.3417395949363708,0.3888275820148676
t+10,83,16,0.3748475611209869,0.3778192613515503
t+10,83,17,0.2993309497833252,0.3795503110279937
t+10,83,18,0.3251606523990631,0.3930950522566857
t+10,83,19,0.4017748534679413,0.37713829727519316
t+10,83,20,0.3699840903282165,0.3868609384603631
t+10,83,21,0.3358370065689087,0.4377543326311351
t+10,83,22,0.397736132144928,0.37695714491462107
t+10,83,23,0.384008377790451,0.35528830676095363
t+10,83,24,0.3808930516242981,0.41876415010236145
t+10,83,25,0.4550047516822815,0.38146063694328564
t+10,83,26,0.3472491800785064,0.4154917836617736
t+10,83,27,0.4073438346385956,0.3433005992774869
t+10,83,28,0.4371148347854614,0.3686482023533148
t+10,83,29,0.42807537317276,0.44023094652322786
t+10,83,30,0.3845698237419128,0.41099106317680767
t+10,83,31,0.4441155791282654,0.37294999771926807
t+10,83,32,0.3650324642658233,0.43269472767173794
t+10,83,33,0.4209828674793243,0.421351765459509
t+10,83,34,0.4663013219833374,0.41998101788848896
t+10,83,35,0.4565274715423584,0.4921382069370857
t+10,83,36,0.4597087800502777,0.3867379769861714
t+10,83,37,0.4261737167835235,0.4450977953104727
t+10,83,38,0.4010814130306244,0.46794485011058884
t+10,83,39,0.509443461894989,0.4650175824568432
t+10,83,40,0.452875941991806,0.4205411172622539
t+10,83,41,0.4479138255119324,0.4757869991550517
t+10,83,42,0.520778238773346,0.40147872530066914
t+10,83,43,0.518427312374115,0.4527887230878364
t+10,83,44,0.4934939742088318,0.49642938711804324
t+10,83,45,0.4767076075077057,0.489106350036704
t+10,83,46,0.4769559800624847,0.490279078357177
t+10,83,47,0.5161312818527222,0.4573779587299115
t+10,83,48,0.4929609298706054,0.4360984149766378
t+10,83,49,0.4837125837802887,0.562260028020531
t+10,83,50,0.5473002791404724,0.48305823560001776
t+10,83,51,0.4931778609752655,0.4742256342370514
t+10,83,52,0.4239921569824219,0.5709082576350661
t+10,83,53,0.5285029411315918,0.5704471454115415
t+10,83,54,0.4691263735294342,0.5166767339781843
t+10,83,55,0.5243264436721802,0.5033423548912843
t+10,83,56,0.4544373750686645,0.5001262285581473
t+10,83,57,0.4998330771923065,0.5655152602587733
t+10,83,58,0.5131427049636841,0.5156612042510836
t+10,83,59,0.4979177117347717,0.5053805128147195
t+10,83,60,0.5149680972099304,0.5936982993153411
t+10,83,61,0.499349981546402,0.5145017801374011
t+10,83,62,0.5153278708457947,0.44956114094209443
t+10,83,63,0.57602858543396,0.5749594520142556
t+10,83,64,0.5426833629608154,0.488609491718596
t+10,83,65,0.5770493745803833,0.5708713926897817
t+10,83,66,0.5081621408462524,0.4786268244156481
t+10,83,67,0.5350683927536011,0.5186039017458518
t+10,83,68,0.6213038563728333,0.5581176015720668
t+10,83,69,0.533560574054718,0.5166448357172297
t+10,83,70,0.5497864484786987,0.5618047763534267
t+10,83,71,0.6210193037986755,0.5174450578659741
t+10,83,72,0.5395860075950623,0.5618956389819191
t+10,83,73,0.5321839451789856,0.61588427263192
t+10,83,74,0.5743036866188049,0.5828357789785793
t+10,83,75,0.5676344633102417,0.6158469420366207
t+10,83,76,0.5397980809211731,0.5524993329040038
t+10,83,77,0.5670635104179382,0.5734431489767885
t+10,83,78,0.5480676293373108,0.6555920220248781
t+10,83,79,0.5562673211097717,0.5729450167322396
t+10,83,80,0.5422911047935486,0.5895050086856539
t+10,83,81,0.5631128549575806,0.6545356351555972
t+10,83,82,0.5681319236755371,0.578641449827798
t+10,83,83,0.5348171591758728,0.5709783536638717
t+10,83,84,0.5600923299789429,0.6108555256902121
t+10,83,85,0.5250846743583679,0.6048765114371089
t+10,83,86,0.5871010422706604,0.5781087303775992
t+10,83,87,0.5747937560081482,0.6027476955506421
t+10,83,88,0.6529722809791565,0.5838908561765123
t+10,83,89,0.5633531808853149,0.5924507690977191
t+10,83,90,0.612234354019165,0.5786439000921005
t+10,83,91,0.6055734753608704,0.5977827343355133
t+10,83,92,0.6083823442459106,0.6037591665006351
t+10,83,93,0.5382949709892273,0.5707821954562468
t+10,83,94,0.6538318991661072,0.5933492531155052
t+10,83,95,0.6221299171447754,0.5600727739854894
t+10,83,96,0.5917609333992004,0.618458358370167
t+10,83,97,0.6088245511054993,0.6061907489795593
t+10,83,98,0.6046690940856934,0.6775559204642113
t+10,83,99,0.6220930814743042,0.5949538778476852
t+10,83,100,0.6644494533538818,0.6398074966856121
t+10,83,101,0.634650468826294,0.6327974053303731
t+10,83,102,0.6526810526847839,0.6353625375220069
t+10,83,103,0.6958943009376526,0.569782603196921
t+10,83,104,0.6821489930152893,0.6764780548002458
t+10,83,105,0.6712000370025635,0.6476303747284206
t+10,83,106,0.6768984198570251,0.6185356071005167
t+10,83,107,0.6747236251831055,0.6336595071881713
t+10,83,108,0.6971736550331116,0.6296534752597589
t+10,83,109,0.7204599380493164,0.6456817231220956
t+10,83,110,0.7260798811912537,0.6839431052615637
t+10,83,111,0.6488134264945984,0.6561259217101443
t+10,83,112,0.6832020282745361,0.6721790743748236
t+10,83,113,0.6896859407424927,0.7112068580707999
t+10,83,114,0.7284564971923828,0.6984671102710553
t+10,83,115,0.7220889329910278,0.6882904866824199
t+10,83,116,0.7550848722457886,0.6930382007752216
t+10,83,117,0.7699795365333557,0.6908309964617695
t+10,83,118,0.6973901987075806,0.7106771530117809
t+10,83,119,0.7162885069847107,0.7310666418340105
t+10,83,120,0.7593672275543213,0.7358267094539762
t+10,83,121,0.7823129892349243,0.6661140273208938
t+10,83,122,0.7937425374984741,0.6966992328024644
t+10,83,123,0.695106565952301,0.7022062776701061
t+10,83,124,0.7209279537200928,0.7356019914316373
t+10,83,125,0.7233646512031555,0.7304133398450258
t+10,83,126,0.7258507609367371,0.7441660171641274
t+10,83,127,0.8353650569915771,0.7580012861467467
t+10,83,128,0.7751798629760742,0.7073868101087867
t+10,83,129,0.7601643204689026,0.7247206257491839
t+10,83,130,0.7237518429756165,0.747817638114876
t+10,83,131,0.8024316430091858,0.7677483754759971
t+10,83,132,0.729516863822937,0.7776349933264682
t+10,83,133,0.7137501835823059,0.7036768477272088
t+10,83,134,0.7175807356834412,0.7264338219277134
t+10,83,135,0.7285674810409546,0.7283112430647461
t+10,83,136,0.6759939193725586,0.7303807437616722
t+10,83,137,0.7275206446647644,0.8114605046847042
t+10,83,138,0.7106029987335205,0.7591367830627225
t+10,83,139,0.6823193430900574,0.7446074629140923
t+10,83,140,0.7506522536277771,0.7276000985173732
t+10,83,141,0.6094997525215149,0.7816202851793872
t+10,83,142,0.6686477661132812,0.7309769562636012
t+10,83,143,0.6893033385276794,0.7172575884132594
t+10,83,144,0.6825998425483704,0.7203375386613385
t+10,83,145,0.6806365847587585,0.7293413994377521
t+10,83,146,0.6134477853775024,0.6821412311256485
t+10,83,147,0.6318886876106262,0.7271283241401008
t+10,83,148,0.6745889186859131,0.712425306593701
t+10,83,149,0.65875643491745,0.6866469652421372
t+10,83,150,0.6837878823280334,0.7334570351094557
t+10,83,151,0.6892660856246948,0.6204004081106205
t+10,83,152,0.6768269538879395,0.6733791853763793
t+10,83,153,0.7076432704925537,0.6916083987936547
t+10,83,154,0.6960387229919434,0.6852015537399082
t+10,83,155,0.6100995540618896,0.6831368784464021
t+10,83,156,0.6549047827720642,0.6208721517066318
t+10,83,157,0.5730913281440735,0.6386196299597
t+10,83,158,0.5977627635002136,0.6765208091722069
t+10,83,159,0.6222636699676514,0.6618447824111787
t+10,83,160,0.6036070585250854,0.6842625729549
t+10,83,161,0.5729261636734009,0.6888170012763968
t+10,83,162,0.6044152975082397,0.6772671101001815
t+10,83,163,0.6143606901168823,0.704892943928465
t+10,83,164,0.5866727828979492,0.6939083378843174
t+10,83,165,0.587147057056427,0.6162327885240303
t+10,83,166,0.6025752425193787,0.6560363962308153
t+10,83,167,0.6106033325195312,0.582730418984709
t+10,83,168,0.6691328883171082,0.6020397931704607
t+10,83,169,0.5881526470184326,0.6252126505039806
t+10,83,170,0.5897340774536133,0.6066139526833345
t+10,83,171,0.570036768913269,0.578859487907562
t+10,83,172,0.5935079455375671,0.609224220105273
t+10,83,173,0.5995336174964905,0.6173404031081968
t+10,83,174,0.7144164443016052,0.59156008531431
t+10,83,175,0.6558974981307983,0.5909619434163641
t+10,83,176,0.5839918255805969,0.6046973718966292
t+10,83,177,0.6052359342575073,0.612007300716921
t+10,83,178,0.6498817205429077,0.66510283915506
t+10,83,179,0.5836033225059509,0.5897510697573276
t+10,83,180,0.6490206122398376,0.591366745303786
t+10,83,181,0.6538680791854858,0.5732041065073679
t+10,83,182,0.6636053323745728,0.5946996100174178
t+10,83,183,0.656600296497345,0.6005847442945418
t+10,83,184,0.6108061075210571,0.7038823924888382
t+10,83,185,0.6454904079437256,0.6503043688535262
t+10,83,186,0.6359360218048096,0.5831807520901775
t+10,83,187,0.6135773658752441,0.6040736834885246
t+10,83,188,0.6870871186256409,0.6439211655889525
t+10,83,189,0.6628853678703308,0.582688201028278
t+10,83,190,0.6645203828811646,0.642741201243214
t+10,83,191,0.616977870464325,0.6466269840525137
t+10,83,192,0.6898699998855591,0.6551307297611855
t+10,83,193,0.6544792056083679,0.648117565953816
t+10,83,194,0.6266350746154785,0.6063296993609884
t+10,83,195,0.6946264505386353,0.6375816503645482
t+10,83,196,0.6252698302268982,0.6278853723316651
t+10,83,197,0.6502421498298645,0.6078254862036797
t+10,83,198,0.6866668462753296,0.674278941430614
t+10,83,199,0.7076451182365417,0.6519001388591749
t+10,83,200,0.6455736756324768,0.6531033224657805
t+10,83,201,0.7061132788658142,0.6104469663676684
t+10,83,202,0.7286602258682251,0.6754008836376542
t+10,83,203,0.7351614832878113,0.6430612329238186
t+10,83,204,0.6893840432167053,0.6179205950714239
t+10,83,205,0.6137698292732239,0.6787187157452097
t+10,83,206,0.7174543738365173,0.6150693806649885
t+10,83,207,0.7193742394447327,0.6374651164449324
t+10,83,208,0.698657214641571,0.6704801136544378
t+10,83,209,0.7212420105934143,0.6889908303082549
t+10,83,210,0.7266510128974915,0.632611627202295
t+10,83,211,0.6776638627052307,0.6873035681823995
t+10,83,212,0.6503816843032837,0.7066934786407725
t+10,83,213,0.6888995170593262,0.712786384607441
t+10,83,214,0.6956358551979065,0.6708927471486107
t+10,83,215,0.7559584379196167,0.6018627785794322
t+10,83,216,0.6874715685844421,0.6957009881289484
t+10,83,217,0.705336332321167,0.6967998222221806
t+10,83,218,0.6833245158195496,0.6779077579324823
t+10,83,219,0.6970237493515015,0.6976048949619502
t+10,83,220,0.7254590392112732,0.7025332901272199
t+10,83,221,0.6676826477050781,0.6578371887461602
t+10,83,222,0.6121949553489685,0.6329335686984151
t+10,83,223,0.6120196580886841,0.6674045874980138
t+10,83,224,0.6476866602897644,0.6731063484601543
t+10,83,225,0.713353157043457,0.713171769540689
t+10,83,226,0.7131970524787903,0.6650822738226753
t+10,83,227,0.6919280290603638,0.6806005167518809
t+10,83,228,0.6023925542831421,0.6606479276468823
t+10,83,229,0.6709839701652527,0.6727563722838522
t+10,83,230,0.6588706374168396,0.6981529488592804
t+10,83,231,0.617517352104187,0.6454222241679782
t+10,83,232,0.6241234540939331,0.5945709188120715
t+10,83,233,0.6063567399978638,0.5943264676233873
t+10,83,234,0.5676238536834717,0.6265374117549942
t+10,83,235,0.6391928791999817,0.6855767587633915
t+10,83,236,0.6032111644744873,0.6845986649399991
t+10,83,237,0.644899845123291,0.665275230546927
t+10,83,238,0.5619661211967468,0.5838246353084368
t+10,83,239,0.543193519115448,0.6459497675567526
t+10,83,240,0.6366094946861267,0.6345124495654895
t+10,83,241,0.601345956325531,0.5963441581178202
t+10,83,242,0.6051770448684692,0.6022266194954448
t+10,83,243,0.5072581171989441,0.584267390257428
t+10,83,244,0.5207852721214294,0.5491069929829934
t+10,83,245,0.5799077749252319,0.6146594118099175
t+10,83,246,0.5474904775619507,0.582341468225651
t+10,83,247,0.4997753500938415,0.6186470160600044
t+10,83,248,0.4260937869548797,0.5429878770287397
t+10,83,249,0.4699016213417053,0.5247563722205831
t+10,83,250,0.4649396538734436,0.610559580167354
t+10,83,251,0.4462313950061798,0.5789560573988173
t+10,83,252,0.4715268313884735,0.5815067862023974
t+10,83,253,0.5067886710166931,0.4920998524061638
t+10,83,254,0.459496408700943,0.5023249403478176
t+10,83,255,0.4188981652259826,0.5574472625497578
t+10,83,256,0.4646623730659485,0.5275224455152309
t+10,83,257,0.4301708936691284,0.4547392519632623
t+10,83,258,0.4648493528366089,0.38649294022753156
t+10,83,259,0.4805499315261841,0.4260515657422214
t+10,83,260,0.4064972400665283,0.42036775210358784
t+10,83,261,0.3577718734741211,0.40293735522905083
t+10,83,262,0.4016129970550537,0.42427876041990814
t+10,83,263,0.3847740888595581,0.48795076826640915
t+10,83,264,0.3501970171928406,0.4141684592182175
t+10,83,265,0.4519353806972503,0.37422265745569094
t+10,83,266,0.4194098114967346,0.41787221615343256
t+10,83,267,0.4252746403217315,0.38225510733225754
t+10,83,268,0.3576796948909759,0.41620470242986185
t+10,83,269,0.4096558690071106,0.43101587793115126
t+10,83,270,0.3536595106124878,0.3631626582200426
t+10,83,271,0.4047606587409973,0.31637466787098945
t+10,83,272,0.3660492300987243,0.3587144260830937
t+10,83,273,0.382187932729721,0.3378586176946357
t+10,83,274,0.3746121525764465,0.30978934638604727
t+10,83,275,0.3861190676689148,0.4030240477712951
t+10,83,276,0.3204519152641296,0.3739770949956533
t+10,83,277,0.3020198047161102,0.3776664764122259
t+10,83,278,0.3290484845638275,0.31275379467079195
t+10,83,279,0.3848394453525543,0.3610795860713735
t+10,83,280,0.3206633031368255,0.3091982258723606
t+10,83,281,0.3469409644603729,0.3568243968935514
t+10,83,282,0.3192771971225738,0.3214258006659097
t+10,83,283,0.3568982183933258,0.33574208040409975
t+10,83,284,0.3107848167419433,0.3273003614203565
t+10,83,285,0.3185707926750183,0.33371738199156875
t+10,83,286,0.373613953590393,0.273742659402983
t+10,83,287,0.3128578066825866,0.2551401509161711
t+10,83,288,0.307660311460495,0.2842299776766153
t+10,83,289,0.3151310980319977,0.3369401546833297
t+10,84,0,0.2590573728084564,0.3544524216301247
t+10,84,1,0.2334595620632171,0.35858075509936904
t+10,84,2,0.3371576964855194,0.4354427555966628
t+10,84,3,0.2928961515426636,0.38179852726543345
t+10,84,4,0.3024704158306122,0.31117186975733707
t+10,84,5,0.2635688781738281,0.380773476832807
t+10,84,6,0.2659800946712494,0.3926412042956785
t+10,84,7,0.2782478034496307,0.3436037099251382
t+10,84,8,0.2659871876239776,0.3591031041690222
t+10,84,9,0.2744947671890259,0.37625853053680647
t+10,84,10,0.3354778885841369,0.3077681511026016
t+10,84,11,0.3106091022491455,0.27934786136064627
t+10,84,12,0.3575336635112762,0.38585996232696557
t+10,84,13,0.3582018613815307,0.34103600455879485
t+10,84,14,0.2967589199542999,0.3496571870465327
t+10,84,15,0.3466182053089142,0.3132713997049816
t+10,84,16,0.3211387991905212,0.3144502561256898
t+10,84,17,0.3441083133220672,0.3223922972689213
t+10,84,18,0.2234925627708435,0.3130398433246771
t+10,84,19,0.3030866980552673,0.31816431870289263
t+10,84,20,0.3784258663654327,0.38065467631491606
t+10,84,21,0.342093288898468,0.35291825610221383
t+10,84,22,0.3688343167304992,0.3987595276832837
t+10,84,23,0.3916927278041839,0.3993300974343943
t+10,84,24,0.3861893117427826,0.3460093804021247
t+10,84,25,0.3410302102565765,0.3878253734843771
t+10,84,26,0.3491488099098205,0.3649553189168258
t+10,84,27,0.3272924423217773,0.3839013299656284
t+10,84,28,0.3610928952693939,0.2701451912898244
t+10,84,29,0.3351210951805115,0.3464593949657567
t+10,84,30,0.4128882884979248,0.4161077150577625
t+10,84,31,0.36161008477211,0.3803486559544286
t+10,84,32,0.4163956940174103,0.4053633378381994
t+10,84,33,0.4052112698554992,0.43081314766392187
t+10,84,34,0.3563973009586334,0.42487363266583617
t+10,84,35,0.2868762910366058,0.38281527821230976
t+10,84,36,0.4160508215427398,0.38584978050200874
t+10,84,37,0.2704551517963409,0.3688150102308827
t+10,84,38,0.416361927986145,0.39805301745535254
t+10,84,39,0.2648134529590606,0.3738442738098654
t+10,84,40,0.3461365103721618,0.44749191434922697
t+10,84,41,0.4142807722091675,0.40034814667907354
t+10,84,42,0.4034440219402313,0.4495788345364814
t+10,84,43,0.3234583139419555,0.43962246609421907
t+10,84,44,0.3409254848957062,0.3939423761587625
t+10,84,45,0.3641291260719299,0.3255373385579166
t+10,84,46,0.3645561635494232,0.44459298623027954
t+10,84,47,0.4262700378894806,0.3033455807539027
t+10,84,48,0.3429348170757293,0.4439671536609425
t+10,84,49,0.4423918128013611,0.30284200984291537
t+10,84,50,0.3799946010112762,0.38241771669265257
t+10,84,51,0.4524700343608856,0.44407764766570146
t+10,84,52,0.4166700839996338,0.43294689033754596
t+10,84,53,0.4077500700950622,0.3553708124981618
t+10,84,54,0.3829192817211151,0.3723163695263126
t+10,84,55,0.4465935826301574,0.39677124486970405
t+10,84,56,0.4474513232707977,0.3962633410245666
t+10,84,57,0.4559327661991119,0.453376307141385
t+10,84,58,0.433184951543808,0.372531511461658
t+10,84,59,0.4423506259918213,0.46911947482384814
t+10,84,60,0.4216673970222473,0.41055311304857195
t+10,84,61,0.4484405815601349,0.47791624253025133
t+10,84,62,0.3940316140651703,0.44324857111949306
t+10,84,63,0.466292530298233,0.4351459597535133
t+10,84,64,0.4132792055606842,0.410298568466404
t+10,84,65,0.4621614813804626,0.47031304268677565
t+10,84,66,0.3644017875194549,0.471597140402455
t+10,84,67,0.4275206923484802,0.4790540030107986
t+10,84,68,0.4199583232402801,0.45514811808515226
t+10,84,69,0.5083733201026917,0.46439474373232315
t+10,84,70,0.536750316619873,0.4483753263447481
t+10,84,71,0.4095156788825989,0.46955678682264396
t+10,84,72,0.4617349803447723,0.41992670177365965
t+10,84,73,0.5068368911743164,0.48519004392548465
t+10,84,74,0.4768464267253876,0.43792812346732163
t+10,84,75,0.5474590063095093,0.4822483101411365
t+10,84,76,0.4823782444000244,0.3881757261536428
t+10,84,77,0.532082736492157,0.44861873863415036
t+10,84,78,0.5516109466552734,0.4403684485547146
t+10,84,79,0.4894195795059204,0.5510495703427672
t+10,84,80,0.493786871433258,0.5750333594536583
t+10,84,81,0.5232334733009338,0.4316043949687705
t+10,84,82,0.4954186677932739,0.4794697011447118
t+10,84,83,0.5359028577804565,0.5464018649974886
t+10,84,84,0.5183039307594299,0.492120223088729
t+10,84,85,0.5445958375930786,0.5833886138762865
t+10,84,86,0.5789815187454224,0.4967116508375175
t+10,84,87,0.5512811541557312,0.5713990208528259
t+10,84,88,0.5150208473205566,0.5860987555249222
t+10,84,89,0.5238779187202454,0.5030264400498471
t+10,84,90,0.5896919369697571,0.5068531455196434
t+10,84,91,0.554177463054657,0.5605811433743262
t+10,84,92,0.6505113244056702,0.5073317304272786
t+10,84,93,0.5575259327888489,0.571906395242837
t+10,84,94,0.6481321454048157,0.5548927398138257
t+10,84,95,0.7015451192855835,0.578062690643137
t+10,84,96,0.6309431195259094,0.610635191829468
t+10,84,97,0.6693698167800903,0.5856558920211008
t+10,84,98,0.6680452823638916,0.5506652052953168
t+10,84,99,0.6985920071601868,0.5584441108409762
t+10,84,100,0.7575698494911194,0.6177706776932577
t+10,84,101,0.7070069313049316,0.5866872429713852
t+10,84,102,0.7525128722190857,0.6742101344679876
t+10,84,103,0.7711164951324463,0.5887102753943312
t+10,84,104,0.7471515536308289,0.6712657350401606
t+10,84,105,0.775328516960144,0.7189727872483815
t+10,84,106,0.7620783448219299,0.6547800999928054
t+10,84,107,0.7913244962692261,0.6893725474673355
t+10,84,108,0.7965555191040039,0.6876325669796128
t+10,84,109,0.7838990092277527,0.714967892493555
t+10,84,110,0.8536019325256348,0.7521310451741505
t+10,84,111,0.8602616190910339,0.7219494588308347
t+10,84,112,0.8095176219940186,0.7467312923568721
t+10,84,113,0.922889769077301,0.7635647053551297
t+10,84,114,0.8717756271362305,0.7567107612069532
t+10,84,115,0.8833072781562805,0.7677466584923358
t+10,84,116,0.8900174498558044,0.7552974170221405
t+10,84,117,0.9360905289649964,0.7813322520106173
t+10,84,118,0.899025559425354,0.7842407177823459
t+10,84,119,0.8833284974098206,0.7731725873858379
t+10,84,120,0.8777374625205994,0.8342557671689297
t+10,84,121,0.911918878555298,0.8398332368922313
t+10,84,122,0.9563152194023132,0.7928666894155038
t+10,84,123,0.9404596090316772,0.8950174624822312
t+10,84,124,0.957718789577484,0.8482234498850362
t+10,84,125,0.948171854019165,0.8601677997212741
t+10,84,126,1.0,0.8649320041179938
t+10,84,127,0.9657516479492188,0.9014315126176647
t+10,84,128,0.9691392183303832,0.869642577778015
t+10,84,129,0.9981985092163086,0.8569088843095152
t+10,84,130,0.9977738857269288,0.8531406286601521
t+10,84,131,1.0,0.878946772921066
t+10,84,132,1.0,0.9212070398033615
t+10,84,133,0.986448049545288,0.9032032723561495
t+10,84,134,1.0,0.9179431104859979
t+10,84,135,0.9585955142974854,0.9092601585739731
t+10,84,136,1.0,0.9600090880686468
t+10,84,137,0.9909291863441468,0.9264021812647951
t+10,84,138,0.9642682075500488,0.9265581832953782
t+10,84,139,0.9803814888000488,0.9571040803072648
t+10,84,140,0.9697484374046326,0.9508967595440905
t+10,84,141,1.0,0.9525009226820141
t+10,84,142,1.0,0.9557524422589853
t+10,84,143,0.9428313970565796,0.9428865099999566
t+10,84,144,1.0,0.9514779841153921
t+10,84,145,1.0,0.9178386927264971
t+10,84,146,0.9649089574813844,0.9507960250709774
t+10,84,147,0.9280272126197816,0.9425291084266326
t+10,84,148,0.9766827821731568,0.9188921650647266
t+10,84,149,0.9431031942367554,0.9331490016438689
t+10,84,150,0.9816377758979796,0.9229987489417643
t+10,84,151,0.966306746006012,0.9510255500518058
t+10,84,152,0.977350115776062,0.9487501479377332
t+10,84,153,0.9281340837478638,0.8986823082001286
t+10,84,154,0.9693515300750732,0.9491735732315272
t+10,84,155,1.0,0.9485562476247674
t+10,84,156,0.865571141242981,0.9184431543677807
t+10,84,157,0.8497396111488342,0.8841565288240611
t+10,84,158,0.9699724912643432,0.9301684152110463
t+10,84,159,0.9118040800094604,0.8966477248077782
t+10,84,160,0.9732986688613892,0.9336210142822858
t+10,84,161,0.9100133180618286,0.9187085769924221
t+10,84,162,0.8452412486076355,0.9255492334341789
t+10,84,163,0.8309721946716309,0.8864701006495791
t+10,84,164,0.8656854629516602,0.9178782239959478
t+10,84,165,0.9307070970535278,0.9443174141490374
t+10,84,166,0.8811399340629578,0.8296829804355139
t+10,84,167,0.8584480881690979,0.8132074222112646
t+10,84,168,0.9627841114997864,0.9185569333885699
t+10,84,169,0.8818169236183167,0.867680052071116
t+10,84,170,0.8841939568519592,0.9197871481161252
t+10,84,171,0.8538246750831604,0.8654192170896665
t+10,84,172,0.9177463054656982,0.8095164717570063
t+10,84,173,0.8462536334991455,0.7964570726230259
t+10,84,174,0.8469944596290588,0.8256303491101815
t+10,84,175,0.8304295539855957,0.8803605385929033
t+10,84,176,0.805879533290863,0.8367085270545883
t+10,84,177,0.8468602895736694,0.8182136629144003
t+10,84,178,0.782307505607605,0.9115088922894499
t+10,84,179,0.8206443786621094,0.8362771291230502
t+10,84,180,0.7746988534927368,0.8399355077942853
t+10,84,181,0.7382451295852661,0.8130614937987171
t+10,84,182,0.7543999552726746,0.8668529271144315
t+10,84,183,0.7448028922080994,0.8068095431097845
t+10,84,184,0.8050300478935242,0.8045712771325473
t+10,84,185,0.665279746055603,0.7907332909219741
t+10,84,186,0.7257853150367737,0.7690221604861708
t+10,84,187,0.8009005784988403,0.8057028721349064
t+10,84,188,0.8050910234451294,0.7483076343227908
t+10,84,189,0.7805954813957214,0.7834620591126427
t+10,84,190,0.7992739677429199,0.7414468136828019
t+10,84,191,0.7358545660972595,0.7225711647224491
t+10,84,192,0.7324094176292419,0.722458166921485
t+10,84,193,0.7353204488754272,0.7280894864340063
t+10,84,194,0.7555311322212219,0.767963832176849
t+10,84,195,0.6947510838508606,0.6554638242782017
t+10,84,196,0.7600277066230774,0.7090038069154432
t+10,84,197,0.810079038143158,0.7596394183328666
t+10,84,198,0.7082661986351013,0.7642317362434456
t+10,84,199,0.7786410450935364,0.7411795498020043
t+10,84,200,0.7894477248191833,0.7587965422173466
t+10,84,201,0.6932916641235352,0.7171944335156031
t+10,84,202,0.7762575745582581,0.7132501499551196
t+10,84,203,0.7599809169769287,0.7157221124683346
t+10,84,204,0.7276799082756042,0.7177773986914813
t+10,84,205,0.7580689191818237,0.6787285654166263
t+10,84,206,0.733849823474884,0.7221015200941127
t+10,84,207,0.7441631555557251,0.7670092803763071
t+10,84,208,0.7666788101196289,0.6898080403150902
t+10,84,209,0.7057327628135681,0.7373731970194816
t+10,84,210,0.7494338154792786,0.7471037843514273
t+10,84,211,0.739557683467865,0.6754436598566009
t+10,84,212,0.7714859843254089,0.7355912240344727
t+10,84,213,0.6755991578102112,0.719278104827518
t+10,84,214,0.679422914981842,0.7048346177627854
t+10,84,215,0.6842879056930542,0.7163215787507465
t+10,84,216,0.71833735704422,0.7103163850632171
t+10,84,217,0.7368757724761963,0.7185496732361573
t+10,84,218,0.6654563546180725,0.7243797790235854
t+10,84,219,0.6926705241203308,0.683881289598903
t+10,84,220,0.744115948677063,0.7230069828880417
t+10,84,221,0.7182289958000183,0.7127536921901843
t+10,84,222,0.6714566349983215,0.7271825997097403
t+10,84,223,0.6244763731956482,0.6554534053638498
t+10,84,224,0.6652823686599731,0.6585325516880657
t+10,84,225,0.651286780834198,0.6625389661545729
t+10,84,226,0.6734586358070374,0.692594673767199
t+10,84,227,0.7102919816970825,0.7093401067933741
t+10,84,228,0.635079562664032,0.644320952542408
t+10,84,229,0.6075491905212402,0.6686783708933483
t+10,84,230,0.6703881621360779,0.7145418484285779
t+10,84,231,0.6592382788658142,0.6907639269093813
t+10,84,232,0.688072919845581,0.6489350067983413
t+10,84,233,0.610814094543457,0.6056152649000447
t+10,84,234,0.6327936053276062,0.642116178769785
t+10,84,235,0.5555737614631653,0.6295255718080263
t+10,84,236,0.6925021409988403,0.6490932667087359
t+10,84,237,0.5394546985626221,0.6817545865373889
t+10,84,238,0.5678358674049377,0.6134318790499262
t+10,84,239,0.519152045249939,0.5887726404203735
t+10,84,240,0.5104865431785583,0.644682024839329
t+10,84,241,0.5069911479949951,0.6345030300786288
t+10,84,242,0.56072598695755,0.6601694534705485
t+10,84,243,0.5148293375968933,0.5900843708280943
t+10,84,244,0.5441178679466248,0.6093561396538956
t+10,84,245,0.5084571242332458,0.5374918312718621
t+10,84,246,0.5124368071556091,0.6627379348881209
t+10,84,247,0.4732552170753479,0.5216211674752431
t+10,84,248,0.447010338306427,0.5486567615002206
t+10,84,249,0.4888657629489898,0.504273847880849
t+10,84,250,0.5214990377426147,0.4929956605393162
t+10,84,251,0.4029371440410614,0.4898848849461479
t+10,84,252,0.4033330976963043,0.5399464098535561
t+10,84,253,0.5017778277397156,0.49674225722749427
t+10,84,254,0.4873807430267334,0.5240240767619497
t+10,84,255,0.4627583920955658,0.4912688526455173
t+10,84,256,0.3959965705871582,0.4932106157786612
t+10,84,257,0.4218454658985138,0.4318657220781418
t+10,84,258,0.4285750389099121,0.404471121989766
t+10,84,259,0.4507934749126434,0.4442086163152867
t+10,84,260,0.4357842206954956,0.5023693801700734
t+10,84,261,0.3459863662719726,0.3612108110113854
t+10,84,262,0.3470467925071716,0.36173217140453734
t+10,84,263,0.3840548694133758,0.4819413819138725
t+10,84,264,0.3751449584960937,0.4383676014382627
t+10,84,265,0.4174605309963226,0.4168408572729954
t+10,84,266,0.4245987236499786,0.35457269504661465
t+10,84,267,0.3936879932880401,0.37882573644180684
t+10,84,268,0.307133287191391,0.3822154856903257
t+10,84,269,0.3425671756267547,0.40668366737548667
t+10,84,270,0.3575423955917358,0.39109197714883737
t+10,84,271,0.3186485767364502,0.30454356411755046
t+10,84,272,0.3585380613803863,0.3037074242729912
t+10,84,273,0.3155615627765655,0.33797604979499235
t+10,84,274,0.3532752096652984,0.3325641276664972
t+10,84,275,0.3710125088691711,0.37252419487216515
t+10,84,276,0.3088224530220032,0.3766966334318668
t+10,84,277,0.3653621971607208,0.3484317361064447
t+10,84,278,0.2631274163722992,0.26532917712731513
t+10,84,279,0.2881471812725067,0.29623015657532764
t+10,84,280,0.3778850138187408,0.311369446766036
t+10,84,281,0.3147737979888916,0.2766516923609358
t+10,84,282,0.3013545870780945,0.31247596264382116
t+10,84,283,0.2945723533630371,0.2685675882838538
t+10,84,284,0.3307932019233703,0.3071862951581842
t+10,84,285,0.3398905992507934,0.3233397154989281
t+10,84,286,0.2737817168235779,0.2631866668870545
t+10,84,287,0.339099109172821,0.31572112497478183
t+10,84,288,0.3556834161281585,0.21903102275591035
t+10,84,289,0.3168718814849853,0.24491707089131975
t+10,85,0,0.3288427293300628,0.2965478163375803
t+10,85,1,0.2973056137561798,0.2956609529623287
t+10,85,2,0.3019271194934845,0.37301637345649113
t+10,85,3,0.3409030139446258,0.3370023834302271
t+10,85,4,0.3251490890979767,0.30224409818393316
t+10,85,5,0.2967411279678345,0.4112629904197087
t+10,85,6,0.2740500569343567,0.3988192765670681
t+10,85,7,0.3522816896438598,0.31719386390006676
t+10,85,8,0.3376028835773468,0.35344525126644144
t+10,85,9,0.321540892124176,0.33549456579181275
t+10,85,10,0.3641106188297272,0.3753949676064263
t+10,85,11,0.375366061925888,0.34516536794780023
t+10,85,12,0.2990169823169708,0.35016660458587806
t+10,85,13,0.3552393317222595,0.38506819135822073
t+10,85,14,0.2912508845329284,0.3712016141486407
t+10,85,15,0.3588109612464905,0.3439532048306941
t+10,85,16,0.3179858922958374,0.3187670774509505
t+10,85,17,0.3587079346179962,0.39701207754536083
t+10,85,18,0.3591089844703674,0.38057018803942033
t+10,85,19,0.3106456100940704,0.3651659163700096
t+10,85,20,0.3282721042633056,0.4055921933545456
t+10,85,21,0.345074862241745,0.41822159373035606
t+10,85,22,0.3538050055503845,0.3464053019525189
t+10,85,23,0.3493655323982239,0.3968514214907243
t+10,85,24,0.3082545697689056,0.3378174746327702
t+10,85,25,0.2946597635746002,0.40293681596268416
t+10,85,26,0.3626028299331665,0.36234251543195883
t+10,85,27,0.394676148891449,0.40044249667551574
t+10,85,28,0.3770683109760284,0.3973292945348542
t+10,85,29,0.4169071018695831,0.35777738762342015
t+10,85,30,0.3688689172267914,0.3664761747213413
t+10,85,31,0.3858977556228637,0.38165398411918794
t+10,85,32,0.3347688317298889,0.3938963198155566
t+10,85,33,0.4218519628047943,0.39060848003611626
t+10,85,34,0.3530651926994324,0.3502347852292567
t+10,85,35,0.4004373252391815,0.33860928819590747
t+10,85,36,0.4606382250785827,0.3998576335971277
t+10,85,37,0.4181177616119385,0.42608819699066447
t+10,85,38,0.5357157588005066,0.41481374935598037
t+10,85,39,0.4521473348140716,0.4484883575530245
t+10,85,40,0.4577842652797699,0.4051636122657396
t+10,85,41,0.4138117134571075,0.4203809135204217
t+10,85,42,0.4810064435005188,0.37280096877826524
t+10,85,43,0.4812136888504028,0.452672110067821
t+10,85,44,0.5133638381958008,0.3902818923680942
t+10,85,45,0.5272814631462097,0.43104010070050947
t+10,85,46,0.4928373098373413,0.49172155239868937
t+10,85,47,0.6077223420143127,0.44876549156277623
t+10,85,48,0.5341193079948425,0.5885197443601318
t+10,85,49,0.6337398886680603,0.4800773452352817
t+10,85,50,0.5579142570495605,0.4857557239179982
t+10,85,51,0.5867737531661987,0.44673505118657086
t+10,85,52,0.6091674566268921,0.5054321570287735
t+10,85,53,0.6088892817497253,0.5070710087677953
t+10,85,54,0.6020387411117554,0.5664073700710374
t+10,85,55,0.5700402855873108,0.5772591508323708
t+10,85,56,0.6179357171058655,0.5172404850142034
t+10,85,57,0.6565617322921753,0.6491568174822534
t+10,85,58,0.6892292499542236,0.5820779328107357
t+10,85,59,0.5753815770149231,0.6732507955316704
t+10,85,60,0.645548403263092,0.601496744762167
t+10,85,61,0.5536928176879883,0.6300960383027934
t+10,85,62,0.5643821358680725,0.6495171548333781
t+10,85,63,0.5469687581062317,0.6486551444231535
t+10,85,64,0.5818183422088623,0.6418882914854417
t+10,85,65,0.5493072271347046,0.6117526777805534
t+10,85,66,0.5040608644485474,0.6562197515417922
t+10,85,67,0.5078914761543274,0.6910456968553187
t+10,85,68,0.5450246930122375,0.7205400235019045
t+10,85,69,0.5275543928146362,0.6149290402046464
t+10,85,70,0.5540993809700012,0.6804988212406913
t+10,85,71,0.5127618312835693,0.5949794085367517
t+10,85,72,0.534042239189148,0.6073225127151644
t+10,85,73,0.5903869867324829,0.5895681305208409
t+10,85,74,0.4775853753089905,0.6207200345298618
t+10,85,75,0.483967661857605,0.5902974617548568
t+10,85,76,0.4774039387702942,0.549071212519308
t+10,85,77,0.5553323030471802,0.5508237553465745
t+10,85,78,0.4987315833568573,0.5841319931520518
t+10,85,79,0.5032379627227783,0.56821989494555
t+10,85,80,0.4735894501209259,0.5938917290435163
t+10,85,81,0.4916554391384125,0.5528801399187516
t+10,85,82,0.5413879156112671,0.5758099755985278
t+10,85,83,0.4636971056461334,0.6252881133983486
t+10,85,84,0.4544464349746704,0.4953479316225009
t+10,85,85,0.5248624086380005,0.4992206638652244
t+10,85,86,0.5952385067939758,0.4923159977811119
t+10,85,87,0.5142565369606018,0.5918271794390736
t+10,85,88,0.5538788437843323,0.5123863456402328
t+10,85,89,0.5734590888023376,0.5434101224495338
t+10,85,90,0.5692688226699829,0.48744503715268356
t+10,85,91,0.6221858263015747,0.5026964141107282
t+10,85,92,0.5270251631736755,0.5760018649453736
t+10,85,93,0.5787867307662964,0.47752118512066366
t+10,85,94,0.5396316051483154,0.471716670781992
t+10,85,95,0.5346507430076599,0.5615533236408287
t+10,85,96,0.5772222876548767,0.6270924159934641
t+10,85,97,0.6021949052810669,0.5498562038623375
t+10,85,98,0.5927553772926331,0.5862890052401233
t+10,85,99,0.6153526306152344,0.6042898939161515
t+10,85,100,0.6432334780693054,0.6001221083834584
t+10,85,101,0.5997374653816223,0.6481631946753448
t+10,85,102,0.6865419745445251,0.5598907887534926
t+10,85,103,0.6554638147354126,0.6075120347261973
t+10,85,104,0.6622887849807739,0.5704166928360196
t+10,85,105,0.6536219716072083,0.5652194580108244
t+10,85,106,0.6442446708679199,0.6051507616499959
t+10,85,107,0.7079511284828186,0.6270791347450484
t+10,85,108,0.6519138216972351,0.6185200049637074
t+10,85,109,0.7307555079460144,0.6386511750925843
t+10,85,110,0.7309861183166504,0.6646640812637511
t+10,85,111,0.6696420907974243,0.6244962258691472
t+10,85,112,0.6732867360115051,0.7031051555566536
t+10,85,113,0.6838766932487488,0.6742783588471758
t+10,85,114,0.7355490326881409,0.6802998038684589
t+10,85,115,0.7055885195732117,0.6720162668692461
t+10,85,116,0.7363371253013611,0.663817783126101
t+10,85,117,0.7245942950248718,0.720535088784632
t+10,85,118,0.7408461570739746,0.6693448284167454
t+10,85,119,0.7096253633499146,0.7400787243791627
t+10,85,120,0.7455824017524719,0.740669569931008
t+10,85,121,0.7182980179786682,0.6847360466498089
t+10,85,122,0.7288074493408203,0.6877185069511502
t+10,85,123,0.7111488580703735,0.6969579465390267
t+10,85,124,0.7163585424423218,0.7422873302799873
t+10,85,125,0.7894689440727234,0.7156409273583964
t+10,85,126,0.7084066271781921,0.7439685938971463
t+10,85,127,0.741349458694458,0.7316213558283687
t+10,85,128,0.6769367456436157,0.7463872194012202
t+10,85,129,0.7424066662788391,0.717788682554813
t+10,85,130,0.6826867461204529,0.7506470329601627
t+10,85,131,0.7896850109100342,0.7249526324672955
t+10,85,132,0.7454360127449036,0.7341804791824115
t+10,85,133,0.7531178593635559,0.7183742686928895
t+10,85,134,0.7196076512336731,0.7225846729293471
t+10,85,135,0.7577570676803589,0.7743461457836541
t+10,85,136,0.694739043712616,0.7146075433981639
t+10,85,137,0.73568195104599,0.7445613160260632
t+10,85,138,0.7130197882652283,0.6855571714752066
t+10,85,139,0.6604405641555786,0.7431805223861411
t+10,85,140,0.7098009586334229,0.690077042665424
t+10,85,141,0.667306125164032,0.7719457215098545
t+10,85,142,0.6752563118934631,0.745997944471502
t+10,85,143,0.692659854888916,0.7383087747522797
t+10,85,144,0.6786961555480957,0.7218706336728318
t+10,85,145,0.6516680121421814,0.7418949068788444
t+10,85,146,0.663131833076477,0.6989383488157237
t+10,85,147,0.5541199445724487,0.7356297240775292
t+10,85,148,0.6603580713272095,0.7141515145067193
t+10,85,149,0.6794278025627136,0.6667421863549565
t+10,85,150,0.6288624405860901,0.7111541948137166
t+10,85,151,0.6528914570808411,0.6724982210234532
t+10,85,152,0.6268107295036316,0.6792791074351524
t+10,85,153,0.6562423706054688,0.6945967609949752
t+10,85,154,0.61396324634552,0.6817219562136577
t+10,85,155,0.64286208152771,0.6568246558607158
t+10,85,156,0.6385948061943054,0.6670552024346328
t+10,85,157,0.6550321578979492,0.5665070414956195
t+10,85,158,0.646074652671814,0.66379262055292
t+10,85,159,0.6582053303718567,0.6806859975488084
t+10,85,160,0.6078804731369019,0.6343339321456006
t+10,85,161,0.6089959144592285,0.6562826444633627
t+10,85,162,0.604149580001831,0.6309708169918191
t+10,85,163,0.5964552164077759,0.658422757433616
t+10,85,164,0.5156486630439758,0.6189301613161703
t+10,85,165,0.6013097167015076,0.6456115577417771
t+10,85,166,0.5848973989486694,0.6414183654941479
t+10,85,167,0.5946318507194519,0.6559947337607601
t+10,85,168,0.5761880278587341,0.6467720527907025
t+10,85,169,0.5730963349342346,0.6579340981748564
t+10,85,170,0.5878621935844421,0.611380755548704
t+10,85,171,0.5408012866973877,0.611860459539046
t+10,85,172,0.5182204842567444,0.6084194472438963
t+10,85,173,0.6380488872528076,0.6007577392090442
t+10,85,174,0.5399388074874878,0.5242865450196122
t+10,85,175,0.5572540760040283,0.6043974767863759
t+10,85,176,0.5119040608406067,0.589885304974354
t+10,85,177,0.6367816925048828,0.5969504731377604
t+10,85,178,0.6773067116737366,0.5816579741969304
t+10,85,179,0.6370826363563538,0.5762876613344451
t+10,85,180,0.6324077844619751,0.5915281714520991
t+10,85,181,0.620439350605011,0.5487810664325742
t+10,85,182,0.5863428711891174,0.5259802373747193
t+10,85,183,0.6263580322265625,0.6357875690579369
t+10,85,184,0.5698826909065247,0.5440577422449067
t+10,85,185,0.6806033253669739,0.559269922835287
t+10,85,186,0.600042462348938,0.5171943362973686
t+10,85,187,0.5899943709373474,0.6324941989467188
t+10,85,188,0.6567063331604004,0.6687422142036835
t+10,85,189,0.6602951288223267,0.6328409736805723
t+10,85,190,0.6131295561790466,0.6270040087510591
t+10,85,191,0.6203474998474121,0.6171271027071903
t+10,85,192,0.6175327301025391,0.5834797909749415
t+10,85,193,0.6286581754684448,0.6199826533695271
t+10,85,194,0.6697224378585815,0.5681258380688923
t+10,85,195,0.6250464916229248,0.6695253490398384
t+10,85,196,0.6965975165367126,0.5964610042149596
t+10,85,197,0.7035382390022278,0.5858082655556281
t+10,85,198,0.6887638568878174,0.6466832957364349
t+10,85,199,0.6771620512008667,0.6497556419597047
t+10,85,200,0.6029368042945862,0.6066476523816662
t+10,85,201,0.6902325749397278,0.6123312903639159
t+10,85,202,0.6877644062042236,0.6094196939349417
t+10,85,203,0.7121922373771667,0.6194367557124502
t+10,85,204,0.7045737504959106,0.6565610920637164
t+10,85,205,0.6913555860519409,0.6158370778476996
t+10,85,206,0.7155682444572449,0.6801911274075481
t+10,85,207,0.7286565899848938,0.6859833898044322
t+10,85,208,0.6246933341026306,0.6724197082127346
t+10,85,209,0.7899852395057678,0.6615996018806379
t+10,85,210,0.7414621114730835,0.593577886466517
t+10,85,211,0.6806319952011108,0.6727862208664707
t+10,85,212,0.6845424771308899,0.6701276708677635
t+10,85,213,0.7138336896896362,0.691664061723964
t+10,85,214,0.7089660167694092,0.6843548789315705
t+10,85,215,0.7709736227989197,0.6722441584134421
t+10,85,216,0.687004029750824,0.6939363740414061
t+10,85,217,0.7003841996192932,0.7049470114203281
t+10,85,218,0.6946234107017517,0.6107679263315942
t+10,85,219,0.7091525197029114,0.7445154841456103
t+10,85,220,0.725053608417511,0.7148762073827722
t+10,85,221,0.6995734572410583,0.6606586036684591
t+10,85,222,0.6663265228271484,0.6638023822302026
t+10,85,223,0.6957055330276489,0.6901563022361432
t+10,85,224,0.6569865345954895,0.6849785878551902
t+10,85,225,0.6734269261360168,0.7260020290218011
t+10,85,226,0.6427282094955444,0.6646388733551821
t+10,85,227,0.6444112658500671,0.6762357655051405
t+10,85,228,0.6945911645889282,0.670831130328187
t+10,85,229,0.6683496832847595,0.683504208167693
t+10,85,230,0.5833709239959717,0.6970472552114486
t+10,85,231,0.6238833069801331,0.6742637364206335
t+10,85,232,0.7042062878608704,0.6443570892362274
t+10,85,233,0.6533228158950806,0.6700061456737081
t+10,85,234,0.6490866541862488,0.6347854746001234
t+10,85,235,0.5950582027435303,0.6494260816842601
t+10,85,236,0.6905631422996521,0.6216888477317124
t+10,85,237,0.6664869785308838,0.6218189868945694
t+10,85,238,0.6326026916503906,0.6674513458489616
t+10,85,239,0.643217146396637,0.6435042704563607
t+10,85,240,0.6493759751319885,0.5636594862122442
t+10,85,241,0.6582733988761902,0.6021355935601389
t+10,85,242,0.6451696753501892,0.6747167195029217
t+10,85,243,0.5948621034622192,0.6283195633831281
t+10,85,244,0.6398168802261353,0.6241358806044867
t+10,85,245,0.5818926095962524,0.575021286397004
t+10,85,246,0.6549302935600281,0.6609898493324085
t+10,85,247,0.5884889364242554,0.6389619920856188
t+10,85,248,0.6182299256324768,0.6080028164918346
t+10,85,249,0.5641838312149048,0.6170700041302246
t+10,85,250,0.5726664662361145,0.6225398328881151
t+10,85,251,0.546334445476532,0.6299185191530802
t+10,85,252,0.5802105069160461,0.6178548754949471
t+10,85,253,0.5430542230606079,0.5706140964275829
t+10,85,254,0.5837442874908447,0.6129511514567775
t+10,85,255,0.5497528910636902,0.5589799416009068
t+10,85,256,0.5119702816009521,0.6254240779152825
t+10,85,257,0.5339450836181641,0.5638873589024955
t+10,85,258,0.516599178314209,0.5911372201682322
t+10,85,259,0.4814682602882385,0.5421101565944423
t+10,85,260,0.4857414364814758,0.5490624068756308
t+10,85,261,0.5123878121376038,0.5247658450015404
t+10,85,262,0.4533734321594238,0.5536812735961949
t+10,85,263,0.4641579985618591,0.5204772089561429
t+10,85,264,0.4448389112949371,0.5575989404545479
t+10,85,265,0.4776682257652282,0.5267491079748061
t+10,85,266,0.4112662971019745,0.49210165035386305
t+10,85,267,0.456456184387207,0.5101238362509023
t+10,85,268,0.4357622563838959,0.4938502383493311
t+10,85,269,0.3421161770820617,0.4315112009755527
t+10,85,270,0.4325590133666992,0.4367169402483696
t+10,85,271,0.4350280463695526,0.4885048602715837
t+10,85,272,0.3323806226253509,0.40740965528168566
t+10,85,273,0.4061061143875122,0.4171493389307921
t+10,85,274,0.3911747634410858,0.3982715447239764
t+10,85,275,0.3670359849929809,0.42684085201197053
t+10,85,276,0.384024828672409,0.36576247930131756
t+10,85,277,0.4043361246585846,0.4083304637951262
t+10,85,278,0.3679437041282654,0.3892184009884237
t+10,85,279,0.3554543852806091,0.29941640692726906
t+10,85,280,0.335071861743927,0.3829426678481098
t+10,85,281,0.3223547339439392,0.3855490006253413
t+10,85,282,0.3253581821918487,0.28658196361112304
t+10,85,283,0.3326453864574432,0.3554330062739129
t+10,85,284,0.2674401700496673,0.33856414863899525
t+10,85,285,0.3451497554779053,0.32159418453630234
t+10,85,286,0.3500775098800659,0.33430723333137885
t+10,85,287,0.3498145639896393,0.3529077351350647
t+10,85,288,0.3086000084877014,0.3183505687534506
t+10,85,289,0.4012357592582702,0.3112657392371211
t+10,86,0,0.3598250150680542,0.3645638461245785
t+10,86,1,0.3736912608146667,0.3052273438366547
t+10,86,2,0.3220770061016083,0.3281360228942155
t+10,86,3,0.2912523448467254,0.37322858212865795
t+10,86,4,0.2651080191135406,0.4096835916403668
t+10,86,5,0.317026138305664,0.350842562433653
t+10,86,6,0.275516927242279,0.38668716652132684
t+10,86,7,0.3536053299903869,0.39738306827190734
t+10,86,8,0.2802582383155823,0.3529733533603239
t+10,86,9,0.3100194931030273,0.3818323230097487
t+10,86,10,0.304796814918518,0.4069907590353142
t+10,86,11,0.3741020262241363,0.42171676541738407
t+10,86,12,0.3388349711894989,0.3693289354852649
t+10,86,13,0.3520027101039886,0.3353526552884953
t+10,86,14,0.3463060259819031,0.31542009043371966
t+10,86,15,0.2923073172569275,0.36132746585883174
t+10,86,16,0.2930857241153717,0.32446331344597595
t+10,86,17,0.4053330421447754,0.39475586474215846
t+10,86,18,0.3368337750434875,0.327501164171939
t+10,86,19,0.3403298854827881,0.3546898135911858
t+10,86,20,0.2963769435882568,0.3491219676994394
t+10,86,21,0.3442853689193725,0.4175948774667016
t+10,86,22,0.3491473793983459,0.380361749977427
t+10,86,23,0.3407860398292541,0.3976274697965249
t+10,86,24,0.3375900983810425,0.3825270272871961
t+10,86,25,0.3605215847492218,0.3360486004130205
t+10,86,26,0.3566792905330658,0.3343742774906087
t+10,86,27,0.3712740242481231,0.4456811468810033
t+10,86,28,0.3225443065166473,0.37704990875803873
t+10,86,29,0.3109581470489502,0.38149319569333606
t+10,86,30,0.3662992417812347,0.3378158284823637
t+10,86,31,0.3657407760620117,0.3856919455009272
t+10,86,32,0.3923577070236206,0.38927455424340485
t+10,86,33,0.371993213891983,0.38327167557800507
t+10,86,34,0.3629066348075866,0.37693095149914363
t+10,86,35,0.3058160245418548,0.3993980409479088
t+10,86,36,0.3727141916751861,0.3937627968393127
t+10,86,37,0.2995397448539734,0.4062195019860835
t+10,86,38,0.4353666305541992,0.3640794362681077
t+10,86,39,0.4200557172298431,0.3526868883182494
t+10,86,40,0.437212586402893,0.3997011703392342
t+10,86,41,0.4075237512588501,0.3999561302955166
t+10,86,42,0.3940956592559814,0.42861415870142705
t+10,86,43,0.3858923017978668,0.4051213933339578
t+10,86,44,0.4311588704586029,0.3976953762090939
t+10,86,45,0.4259069263935089,0.3398902633668026
t+10,86,46,0.451604425907135,0.4088815951252893
t+10,86,47,0.4767382442951202,0.33904271936433567
t+10,86,48,0.4444444179534912,0.46749995942424505
t+10,86,49,0.4874519109725952,0.4508118766851224
t+10,86,50,0.4988664090633392,0.4659005422116348
t+10,86,51,0.4731066823005676,0.43829867132596184
t+10,86,52,0.4988121390342712,0.4209363908807759
t+10,86,53,0.4156916439533233,0.41392279690031253
t+10,86,54,0.4599297940731048,0.45981897811532185
t+10,86,55,0.530219554901123,0.45531272065507733
t+10,86,56,0.5989048480987549,0.47657336511968384
t+10,86,57,0.4898914098739624,0.5001309801198409
t+10,86,58,0.4979100525379181,0.47240443138900445
t+10,86,59,0.5180138945579529,0.5112803818522416
t+10,86,60,0.5842896699905396,0.5204242873377191
t+10,86,61,0.547989010810852,0.4937299873888125
t+10,86,62,0.5978419184684753,0.5209987640821344
t+10,86,63,0.6761962175369263,0.44460133455326856
t+10,86,64,0.6778292655944824,0.4823698838133209
t+10,86,65,0.6258755922317505,0.5768015380424614
t+10,86,66,0.6508378982543945,0.6396113674662327
t+10,86,67,0.6535926461219788,0.5104467333280371
t+10,86,68,0.7622716426849365,0.5166505593199608
t+10,86,69,0.7531633377075195,0.5628581494138221
t+10,86,70,0.7328495383262634,0.6237161304414574
t+10,86,71,0.6759456992149353,0.5902160095374928
t+10,86,72,0.697603702545166,0.6362992660719717
t+10,86,73,0.6978572607040405,0.7071197187724468
t+10,86,74,0.7657251954078674,0.7080875895741985
t+10,86,75,0.7842663526535034,0.6608617509170374
t+10,86,76,0.7941957712173462,0.6834582494910452
t+10,86,77,0.7864792346954346,0.6852219923606289
t+10,86,78,0.7682040333747864,0.767954331780012
t+10,86,79,0.7844245433807373,0.7600530461412078
t+10,86,80,0.8267738819122314,0.7550735776770444
t+10,86,81,0.8098640441894531,0.704111594699993
t+10,86,82,0.7890095114707947,0.7232080980467582
t+10,86,83,0.7765824198722839,0.7234325199884162
t+10,86,84,0.7690972089767456,0.7689310223752293
t+10,86,85,0.7975433468818665,0.7857910696714678
t+10,86,86,0.8085353374481201,0.7933423849781758
t+10,86,87,0.8237535953521729,0.786123431258474
t+10,86,88,0.8615551590919495,0.7698582754605179
t+10,86,89,0.850592315196991,0.7827376893102043
t+10,86,90,0.8006967306137085,0.8217626180695301
t+10,86,91,0.8088565468788147,0.8038502171691163
t+10,86,92,0.7792081236839294,0.7872214017751193
t+10,86,93,0.7563031911849976,0.7750955185393629
t+10,86,94,0.7968184351921082,0.768243465481443
t+10,86,95,0.7714390754699707,0.7935536009118289
t+10,86,96,0.8188083171844482,0.8039061380216538
t+10,86,97,0.8254382610321045,0.8167895273901679
t+10,86,98,0.8231313228607178,0.8495998186674077
t+10,86,99,0.752797544002533,0.8365624708583022
t+10,86,100,0.7959428429603577,0.7948707276234477
t+10,86,101,0.7423591017723083,0.801838617126442
t+10,86,102,0.7300894260406494,0.7741971380133061
t+10,86,103,0.7821832895278931,0.754271514146046
t+10,86,104,0.8068202137947083,0.7896405218905028
t+10,86,105,0.7658403515815735,0.766504218668987
t+10,86,106,0.8302331566810608,0.8071692773344995
t+10,86,107,0.8541993498802185,0.8151380996564173
t+10,86,108,0.8448225259780884,0.8094504856121284
t+10,86,109,0.7727307081222534,0.749195336546631
t+10,86,110,0.8163195848464966,0.7861320448139579
t+10,86,111,0.791484534740448,0.7532396775372997
t+10,86,112,0.803630530834198,0.7415954522339825
t+10,86,113,0.7653446197509766,0.7731730436257007
t+10,86,114,0.7816731333732605,0.7945130766518954
t+10,86,115,0.878733217716217,0.7576124836302356
t+10,86,116,0.8552166819572449,0.8157438607764756
t+10,86,117,0.8340741991996765,0.8358096273323423
t+10,86,118,0.755986213684082,0.8253126209148781
t+10,86,119,0.7840349674224854,0.7622648126509756
t+10,86,120,0.8325924277305603,0.8013534644546226
t+10,86,121,0.7902882695198059,0.7783374828862176
t+10,86,122,0.7629184722900391,0.7887480009106823
t+10,86,123,0.7497597336769104,0.7558562659343763
t+10,86,124,0.8076013922691345,0.7712591464704132
t+10,86,125,0.8021759986877441,0.853185307448577
t+10,86,126,0.7913348078727722,0.8357356492744124
t+10,86,127,0.7825229167938232,0.8150378280719198
t+10,86,128,0.8192774653434753,0.7460851768406543
t+10,86,129,0.788878858089447,0.7703188140512881
t+10,86,130,0.7614795565605164,0.8112684353290897
t+10,86,131,0.7980819344520569,0.775069724096207
t+10,86,132,0.7416008114814758,0.7495054690836666
t+10,86,133,0.6990472674369812,0.7529661347052983
t+10,86,134,0.764957845211029,0.7901074532296737
t+10,86,135,0.739187479019165,0.7835417798509348
t+10,86,136,0.766747772693634,0.7724371588840101
t+10,86,137,0.6917431950569153,0.7659759228775639
t+10,86,138,0.6631312370300293,0.7976140623564606
t+10,86,139,0.7105582356452942,0.7715339485836471
t+10,86,140,0.7300015091896057,0.7465067772531992
t+10,86,141,0.6793653964996338,0.7765640946530864
t+10,86,142,0.7067612409591675,0.74248947445267
t+10,86,143,0.6816074252128601,0.7038580203537801
t+10,86,144,0.6554076075553894,0.7471541534608047
t+10,86,145,0.6892107129096985,0.7393872805543369
t+10,86,146,0.6588323712348938,0.7485618674965459
t+10,86,147,0.6597440838813782,0.6958342478389566
t+10,86,148,0.679355263710022,0.6695525346960665
t+10,86,149,0.6792317628860474,0.7118646352124798
t+10,86,150,0.6829004287719727,0.7290739339934574
t+10,86,151,0.65656578540802,0.683264174465759
t+10,86,152,0.6404706835746765,0.7078237311230582
t+10,86,153,0.6543090343475342,0.6847007135024177
t+10,86,154,0.6303732991218567,0.6605060138325678
t+10,86,155,0.6401992440223694,0.690913788458827
t+10,86,156,0.5941824913024902,0.6628220577774201
t+10,86,157,0.6044031977653503,0.6641548561664751
t+10,86,158,0.6275426149368286,0.6808532451779616
t+10,86,159,0.5946868658065796,0.6805197918159899
t+10,86,160,0.592835009098053,0.6834603973115773
t+10,86,161,0.5684829354286194,0.659445955198507
t+10,86,162,0.6476632356643677,0.6445537873734349
t+10,86,163,0.5771461129188538,0.6564118335208053
t+10,86,164,0.6302152276039124,0.6340078910080171
t+10,86,165,0.594182550907135,0.6437183689082537
t+10,86,166,0.5810256600379944,0.60180378199195
t+10,86,167,0.5585874319076538,0.6102821663419405
t+10,86,168,0.5821516513824463,0.6307592222183874
t+10,86,169,0.5981432199478149,0.6006790658685253
t+10,86,170,0.5733755826950073,0.5977755971595266
t+10,86,171,0.570289134979248,0.5752970399346592
t+10,86,172,0.6083645820617676,0.647427930728386
t+10,86,173,0.6585382223129272,0.5830867686001184
t+10,86,174,0.5789494514465332,0.6305495347229373
t+10,86,175,0.5552205443382263,0.5987350190338757
t+10,86,176,0.561810314655304,0.5838504420787908
t+10,86,177,0.6444274187088013,0.563446563245503
t+10,86,178,0.5609878897666931,0.5852008778737449
t+10,86,179,0.5078450441360474,0.5987928223749042
t+10,86,180,0.5942655801773071,0.5777690937997867
t+10,86,181,0.5536075830459595,0.5735351906264234
t+10,86,182,0.6514474153518677,0.6084040378959747
t+10,86,183,0.6694729924201965,0.6535789090053519
t+10,86,184,0.6002095341682434,0.5804137737151209
t+10,86,185,0.6525466442108154,0.5572846867720472
t+10,86,186,0.6237838268280029,0.563229993922319
t+10,86,187,0.6862812638282776,0.6393452281599145
t+10,86,188,0.6285315155982971,0.5621181999932418
t+10,86,189,0.6428033709526062,0.5133682896650527
t+10,86,190,0.5800225734710693,0.5927399399205338
t+10,86,191,0.7273865938186646,0.5543292274106696
t+10,86,192,0.7072773575782776,0.6438318225535968
t+10,86,193,0.6567370891571045,0.6602770947426462
t+10,86,194,0.6464520692825317,0.5972192771587769
t+10,86,195,0.6984462141990662,0.6438687037407426
t+10,86,196,0.714849054813385,0.6183017398887907
t+10,86,197,0.6238267421722412,0.6738824214464363
t+10,86,198,0.6385817527770996,0.6211749706644307
t+10,86,199,0.6587174534797668,0.6339652478422678
t+10,86,200,0.6084877848625183,0.5752006423261704
t+10,86,201,0.730441689491272,0.7095277703522633
t+10,86,202,0.6214902997016907,0.6911646871038754
t+10,86,203,0.6899097561836243,0.6452540799374634
t+10,86,204,0.7497379779815674,0.6356555433253969
t+10,86,205,0.7417869567871094,0.682067310824807
t+10,86,206,0.6841238737106323,0.696249568272384
t+10,86,207,0.7000949382781982,0.6145357231571339
t+10,86,208,0.6966591477394104,0.6265156462325338
t+10,86,209,0.7527952194213867,0.6450828777421738
t+10,86,210,0.7406913638114929,0.5991695591982126
t+10,86,211,0.6368454694747925,0.7086684590013226
t+10,86,212,0.732804536819458,0.6106823541162089
t+10,86,213,0.781853437423706,0.6716770992707055
t+10,86,214,0.715451717376709,0.7239637398180482
t+10,86,215,0.6835325956344604,0.7182640318400186
t+10,86,216,0.7642828822135925,0.6654654954309067
t+10,86,217,0.6782864332199097,0.6795068374504372
t+10,86,218,0.7007512450218201,0.6760220615926673
t+10,86,219,0.6858758926391602,0.7112690571477723
t+10,86,220,0.714415967464447,0.7156601602495705
t+10,86,221,0.679938554763794,0.6209586398368875
t+10,86,222,0.7218383550643921,0.707327806016616
t+10,86,223,0.6959193348884583,0.7353721655130943
t+10,86,224,0.6949188113212585,0.6909159087405415
t+10,86,225,0.6997774839401245,0.6618636014558726
t+10,86,226,0.6652465462684631,0.7188038781999333
t+10,86,227,0.6319604516029358,0.6565082592012625
t+10,86,228,0.630885124206543,0.6765266836555748
t+10,86,229,0.6545335054397583,0.6626251691976558
t+10,86,230,0.6262404918670654,0.6877062451012406
t+10,86,231,0.6339855194091797,0.6566345353170246
t+10,86,232,0.604144275188446,0.6943191158882364
t+10,86,233,0.6069496870040894,0.6704558698055004
t+10,86,234,0.5736991167068481,0.6688505706652729
t+10,86,235,0.6327283382415771,0.6729796000831132
t+10,86,236,0.5596875548362732,0.6416092104924604
t+10,86,237,0.5826773643493652,0.6105686530118156
t+10,86,238,0.6100137233734131,0.6099555069850171
t+10,86,239,0.5635133385658264,0.630674896018785
t+10,86,240,0.5123588442802429,0.6045694982793332
t+10,86,241,0.5329420566558838,0.6124891128165993
t+10,86,242,0.5065218210220337,0.5844042836751417
t+10,86,243,0.5644110441207886,0.5865958429598657
t+10,86,244,0.5100487470626831,0.5554575328213861
t+10,86,245,0.4903767108917236,0.6091851260790465
t+10,86,246,0.4475681185722351,0.5409294686855572
t+10,86,247,0.4819744527339935,0.5611667210154963
t+10,86,248,0.5385992527008057,0.5865390234733544
t+10,86,249,0.512694239616394,0.5453385320717077
t+10,86,250,0.4573507010936737,0.49548732168729726
t+10,86,251,0.5143495798110962,0.5145248348789782
t+10,86,252,0.4902649223804474,0.4916150869214851
t+10,86,253,0.4296135604381561,0.5426697167142228
t+10,86,254,0.3994342386722564,0.4950624671484008
t+10,86,255,0.4391220211982727,0.4495196886534543
t+10,86,256,0.491821676492691,0.4056688402812555
t+10,86,257,0.3909986019134521,0.4382106336039882
t+10,86,258,0.4179359674453735,0.5184948724904582
t+10,86,259,0.4922537505626678,0.4940879361421671
t+10,86,260,0.4502978026866913,0.413150840988991
t+10,86,261,0.4955378770828247,0.4944701467443185
t+10,86,262,0.4467291831970215,0.4439571901063948
t+10,86,263,0.4751920402050018,0.3864560391350527
t+10,86,264,0.4779287576675415,0.35868382934550436
t+10,86,265,0.3899033367633819,0.3941432086190201
t+10,86,266,0.4942851662635803,0.4486008423426371
t+10,86,267,0.4295566976070404,0.3488366161524339
t+10,86,268,0.4741455614566803,0.3723032565799906
t+10,86,269,0.4435823261737823,0.4422171702308035
t+10,86,270,0.533859372138977,0.4032132986807433
t+10,86,271,0.4194510877132416,0.4435805976869062
t+10,86,272,0.5069314241409302,0.40048242401312484
t+10,86,273,0.4467724859714508,0.4265192068632371
t+10,86,274,0.4381650984287262,0.4266964506496605
t+10,86,275,0.4162781536579132,0.3443166048388533
t+10,86,276,0.4590961635112762,0.44355234067412325
t+10,86,277,0.5098627209663391,0.38409438138101804
t+10,86,278,0.4329353868961334,0.4236672281898113
t+10,86,279,0.5717045068740845,0.3945643103940317
t+10,86,280,0.5419456958770752,0.5045518532588795
t+10,86,281,0.5444533228874207,0.37324189101383465
t+10,86,282,0.5191344022750854,0.47941553243463764
t+10,86,283,0.5062992572784424,0.3959356575927713
t+10,86,284,0.5914156436920166,0.38785980064545206
t+10,86,285,0.4825866818428039,0.3647263395120942
t+10,86,286,0.5620367527008057,0.40629716904845964
t+10,86,287,0.4980194866657257,0.4828738050485602
t+10,86,288,0.5540218353271484,0.37835286035660504
t+10,86,289,0.5239598751068115,0.5376032967997341
t+10,87,0,0.3422831594944,0.3601967834411351
t+10,87,1,0.3781936764717102,0.30135403743861267
t+10,87,2,0.3254862129688263,0.3485109810570245
t+10,87,3,0.3188015520572662,0.34550779202624016
t+10,87,4,0.3417248427867889,0.37882647532120584
t+10,87,5,0.3665553629398346,0.3430806210505617
t+10,87,6,0.3084195256233215,0.34911139777816763
t+10,87,7,0.2298859059810638,0.3321652032455154
t+10,87,8,0.3055950701236725,0.3337707074302262
t+10,87,9,0.310266762971878,0.37988767898236736
t+10,87,10,0.3594435453414917,0.3930984638615213
t+10,87,11,0.3076466619968414,0.4194092808999773
t+10,87,12,0.3333837985992431,0.37346026961279405
t+10,87,13,0.3833883106708526,0.36753375358475243
t+10,87,14,0.3581154942512512,0.38760643531919114
t+10,87,15,0.3201003968715668,0.41042137897688397
t+10,87,16,0.3401918709278106,0.3528923635103084
t+10,87,17,0.3959469795227051,0.2739035068388741
t+10,87,18,0.3421288728713989,0.3528821786124566
t+10,87,19,0.3316528797149658,0.3565650233248948
t+10,87,20,0.2639959156513214,0.40379769451371195
t+10,87,21,0.3115582764148712,0.35277765731331895
t+10,87,22,0.3841984272003174,0.37123996146223487
t+10,87,23,0.316650390625,0.427359691004087
t+10,87,24,0.3251508474349975,0.3969012983598326
t+10,87,25,0.3834843039512634,0.36593015003953316
t+10,87,26,0.3061220347881317,0.38117772804756955
t+10,87,27,0.3948489129543304,0.43830285442452493
t+10,87,28,0.3439422249794006,0.3844125277019296
t+10,87,29,0.3595163226127624,0.3746487721406935
t+10,87,30,0.3444657623767853,0.31040254978552617
t+10,87,31,0.3882785439491272,0.35302253537018247
t+10,87,32,0.3325140178203583,0.42556340131508813
t+10,87,33,0.3857081532478332,0.360975484585593
t+10,87,34,0.3193254768848419,0.3665932154943604
t+10,87,35,0.3764709234237671,0.419389022418438
t+10,87,36,0.40304696559906,0.34623848418927955
t+10,87,37,0.36001718044281,0.42981424936612234
t+10,87,38,0.3420250117778778,0.3796957734603089
t+10,87,39,0.3213481903076172,0.3990995894598422
t+10,87,40,0.330182284116745,0.38159574294808873
t+10,87,41,0.362125962972641,0.4223346018109298
t+10,87,42,0.3844985067844391,0.3685417997161131
t+10,87,43,0.3644749820232391,0.41952263934848644
t+10,87,44,0.3361768126487732,0.35680908005895606
t+10,87,45,0.3941081166267395,0.40970946842847167
t+10,87,46,0.3861277997493744,0.43759133941735145
t+10,87,47,0.4047569632530212,0.39483811421413084
t+10,87,48,0.3675073385238647,0.37629305556985976
t+10,87,49,0.485002726316452,0.35666972202799246
t+10,87,50,0.3826108276844024,0.36550076355198935
t+10,87,51,0.4074155390262604,0.3909000849140853
t+10,87,52,0.3737773001194,0.4155925272516155
t+10,87,53,0.384647011756897,0.3955240798759456
t+10,87,54,0.419511616230011,0.3678754572410872
t+10,87,55,0.3638695776462555,0.4212009707797747
t+10,87,56,0.3702256679534912,0.4183638960096116
t+10,87,57,0.3635642230510711,0.43344620125870836
t+10,87,58,0.4294640719890594,0.39720401876126815
t+10,87,59,0.4379767179489136,0.5083333505069657
t+10,87,60,0.4045454561710357,0.4134981411950457
t+10,87,61,0.4219232201576233,0.43308432780893713
t+10,87,62,0.4962257742881775,0.401676208869903
t+10,87,63,0.4320473372936249,0.4093451417737341
t+10,87,64,0.3978895545005798,0.4440297044197979
t+10,87,65,0.3846292793750763,0.39199448701475587
t+10,87,66,0.4160442948341369,0.39783474178651146
t+10,87,67,0.45734703540802,0.39159274312378856
t+10,87,68,0.5496779680252075,0.4539294061186072
t+10,87,69,0.4063079357147217,0.46229659371737797
t+10,87,70,0.4806245267391205,0.43226155837652136
t+10,87,71,0.47348552942276,0.4422680405232778
t+10,87,72,0.4511522650718689,0.5127387363787622
t+10,87,73,0.4635958075523376,0.45327283192399964
t+10,87,74,0.3952952623367309,0.42028009113863846
t+10,87,75,0.5319974422454834,0.40997928277685547
t+10,87,76,0.4749168753623962,0.4355370580767882
t+10,87,77,0.505628228187561,0.4779429056172928
t+10,87,78,0.4906206727027893,0.5891386771942658
t+10,87,79,0.4978212118148803,0.4281148703251629
t+10,87,80,0.5571582913398743,0.4973228865704879
t+10,87,81,0.4908804893493652,0.4935722573205534
t+10,87,82,0.4974677264690399,0.46708270052429773
t+10,87,83,0.5974487066268921,0.48122634012638565
t+10,87,84,0.6260289549827576,0.4119166211732737
t+10,87,85,0.6022673845291138,0.5717351381010415
t+10,87,86,0.6052372455596924,0.4896608482093359
t+10,87,87,0.5747615098953247,0.5461197793086239
t+10,87,88,0.6170121431350708,0.5046379874178409
t+10,87,89,0.6136601567268372,0.5085871032012503
t+10,87,90,0.6547124981880188,0.5920233360412825
t+10,87,91,0.6548869013786316,0.5023203794009344
t+10,87,92,0.6623857617378235,0.5078943346923209
t+10,87,93,0.6753659248352051,0.6280909603884426
t+10,87,94,0.7273417711257935,0.6540047420883884
t+10,87,95,0.77428138256073,0.631745606855416
t+10,87,96,0.761061429977417,0.6341946499615172
t+10,87,97,0.8180955052375793,0.6066447226368028
t+10,87,98,0.8348755240440369,0.6439887843473232
t+10,87,99,0.9110672473907472,0.6416920939746266
t+10,87,100,0.8737924695014954,0.6783402416589703
t+10,87,101,0.8159469962120056,0.678183866481829
t+10,87,102,0.8735977411270142,0.684836849424751
t+10,87,103,0.8841712474822998,0.6961114501957726
t+10,87,104,0.9369308948516846,0.7417076912043232
t+10,87,105,0.832567572593689,0.7693485171709303
t+10,87,106,0.9228339195251464,0.7573896420919936
t+10,87,107,0.9207190871238708,0.808068221721084
t+10,87,108,0.8416258096694946,0.8209164386573017
t+10,87,109,0.9029605388641356,0.8876875065758303
t+10,87,110,0.993720293045044,0.8554432077938217
t+10,87,111,0.9718614220619202,0.8046649599470271
t+10,87,112,0.9731739163398744,0.8545883630467169
t+10,87,113,0.9475151896476746,0.864508451657614
t+10,87,114,0.9176767468452454,0.9077036439259479
t+10,87,115,0.909143090248108,0.816749600336466
t+10,87,116,0.9263542890548706,0.8956854069786985
t+10,87,117,0.9083951115608216,0.8922371774314518
t+10,87,118,0.9035621285438538,0.823882328776289
t+10,87,119,0.962791919708252,0.8759757530778876
t+10,87,120,0.9294797778129578,0.9557994087680975
t+10,87,121,0.920145869255066,0.9354884376965243
t+10,87,122,0.9093374013900756,0.9355393164745288
t+10,87,123,0.9148963093757628,0.9127781269721847
t+10,87,124,0.8496237397193909,0.8863647783844227
t+10,87,125,0.9243268370628356,0.8801403609841634
t+10,87,126,0.9444602131843568,0.895594277784464
t+10,87,127,0.8814473152160645,0.8803674857240565
t+10,87,128,0.8511391282081604,0.8751604452065761
t+10,87,129,0.8287410140037537,0.924080827207897
t+10,87,130,0.88799649477005,0.8967770462969855
t+10,87,131,0.8845818042755127,0.8861353922206725
t+10,87,132,0.8212671875953674,0.8789087295829885
t+10,87,133,0.9441530704498292,0.8808664521201928
t+10,87,134,0.8594558835029602,0.8278242581066825
t+10,87,135,0.8142420053482056,0.8894745622983917
t+10,87,136,0.8702269792556763,0.905675996848857
t+10,87,137,0.8625680804252625,0.850964711998637
t+10,87,138,0.8534908294677734,0.8243260705838866
t+10,87,139,0.855247974395752,0.8035393943806641
t+10,87,140,0.8433997631072998,0.8549749508049103
t+10,87,141,0.849311113357544,0.8535763441907364
t+10,87,142,0.8450497388839722,0.7977792923732706
t+10,87,143,0.8681721091270447,0.9030207695891855
t+10,87,144,0.8434199094772339,0.828825742461663
t+10,87,145,0.7864151000976562,0.791545966047503
t+10,87,146,0.8203524947166443,0.8398399286421648
t+10,87,147,0.8470693826675415,0.8316154316535054
t+10,87,148,0.7400712966918945,0.8257922003242306
t+10,87,149,0.8385833501815796,0.8264276518023356
t+10,87,150,0.830581784248352,0.8145428186977985
t+10,87,151,0.7436777949333191,0.8220345317225524
t+10,87,152,0.7923262715339661,0.8157441093447543
t+10,87,153,0.7749122381210327,0.8362733243656468
t+10,87,154,0.767605721950531,0.8137527122747236
t+10,87,155,0.8015187382698059,0.7648372999511488
t+10,87,156,0.7666628956794739,0.7942131304045349
t+10,87,157,0.704460084438324,0.814554342781375
t+10,87,158,0.694730281829834,0.7356074082940977
t+10,87,159,0.6812838315963745,0.8057241274728564
t+10,87,160,0.7316664457321167,0.799392268172651
t+10,87,161,0.6955958008766174,0.7373157500966399
t+10,87,162,0.7229042053222656,0.7646315765466457
t+10,87,163,0.7187552452087402,0.7501356673895799
t+10,87,164,0.6652815937995911,0.7421756909873746
t+10,87,165,0.7169031500816345,0.7745679086552534
t+10,87,166,0.7167640924453735,0.7408065977774474
t+10,87,167,0.7082186937332153,0.700177257380122
t+10,87,168,0.6565176248550415,0.691377543912248
t+10,87,169,0.6521614193916321,0.6789775880442749
t+10,87,170,0.6372003555297852,0.7244009590371275
t+10,87,171,0.6050757765769958,0.6911794705100944
t+10,87,172,0.6756496429443359,0.7155479257364724
t+10,87,173,0.6693599224090576,0.7111579546272073
t+10,87,174,0.6105232238769531,0.6626606354722129
t+10,87,175,0.6688128113746643,0.7087050184485247
t+10,87,176,0.6599744558334351,0.7082957397088978
t+10,87,177,0.6549052000045776,0.7000912407820331
t+10,87,178,0.6418594717979431,0.6533563401314547
t+10,87,179,0.6749703288078308,0.648887214485882
t+10,87,180,0.6215955018997192,0.6351343627916366
t+10,87,181,0.6875054240226746,0.6054841949905769
t+10,87,182,0.7090307474136353,0.669249670851535
t+10,87,183,0.7400676608085632,0.6635177063302541
t+10,87,184,0.6661230325698853,0.6094823887937202
t+10,87,185,0.728961706161499,0.6624454346454596
t+10,87,186,0.6448951363563538,0.6536356939263105
t+10,87,187,0.7097075581550598,0.6491927717807405
t+10,87,188,0.6883198022842407,0.637317828036664
t+10,87,189,0.6130340695381165,0.6663605576037661
t+10,87,190,0.6445316076278687,0.6172218127122969
t+10,87,191,0.6635152697563171,0.6770293740785479
t+10,87,192,0.7016432881355286,0.6959267560249287
t+10,87,193,0.7027105689048767,0.7240081369740965
t+10,87,194,0.6376662850379944,0.6566388857532208
t+10,87,195,0.6751272678375244,0.7130685737108107
t+10,87,196,0.6184521913528442,0.6370523010028227
t+10,87,197,0.6669595241546631,0.6952607809871139
t+10,87,198,0.7016996741294861,0.675398353801049
t+10,87,199,0.7178798913955688,0.6066497382043243
t+10,87,200,0.6875515580177307,0.6352553675085578
t+10,87,201,0.6850209832191467,0.65182999364836
t+10,87,202,0.6769314408302307,0.6860882995012368
t+10,87,203,0.7617442607879639,0.6868993324019814
t+10,87,204,0.7253910899162292,0.6278719479409944
t+10,87,205,0.7086202502250671,0.6610041781578961
t+10,87,206,0.7445273399353027,0.6088371238818489
t+10,87,207,0.7020488977432251,0.6531546189206978
t+10,87,208,0.7004163861274719,0.6840347475459467
t+10,87,209,0.7278615236282349,0.6981274852169989
t+10,87,210,0.7436776757240295,0.6706169266993498
t+10,87,211,0.6903629899024963,0.6679845459074037
t+10,87,212,0.7365001440048218,0.6603622372081538
t+10,87,213,0.6905316710472107,0.7215843990762117
t+10,87,214,0.6636725664138794,0.702802556544646
t+10,87,215,0.7402927875518799,0.6876342989990922
t+10,87,216,0.7671977281570435,0.7182743341220518
t+10,87,217,0.7144057750701904,0.6811607689282377
t+10,87,218,0.7076112031936646,0.6793739377513311
t+10,87,219,0.6872786283493042,0.7035542928411522
t+10,87,220,0.739473283290863,0.7167859070675736
t+10,87,221,0.7533235549926758,0.6692650717878001
t+10,87,222,0.7648662328720093,0.7107511127326749
t+10,87,223,0.7875154614448547,0.6689261313052398
t+10,87,224,0.72206711769104,0.6438128459711856
t+10,87,225,0.7107770442962646,0.7125244313633419
t+10,87,226,0.6826932430267334,0.722695118581112
t+10,87,227,0.7209867835044861,0.688926617732645
t+10,87,228,0.7708433866500854,0.6822236434803592
t+10,87,229,0.7360938787460327,0.6638831403844487
t+10,87,230,0.7192260026931763,0.7106620270284927
t+10,87,231,0.723590075969696,0.7073498431597123
t+10,87,232,0.8124272227287292,0.7185383881584926
t+10,87,233,0.8213626146316528,0.7367243452853504
t+10,87,234,0.7755164504051208,0.6935524487304799
t+10,87,235,0.7821241021156311,0.6829841867366688
t+10,87,236,0.7272466421127319,0.6573689433663829
t+10,87,237,0.7809557318687439,0.6912077362911121
t+10,87,238,0.8375592827796936,0.7197949447872998
t+10,87,239,0.7332650423049927,0.7047218759505429
t+10,87,240,0.6859104633331299,0.6887339902820022
t+10,87,241,0.7342034578323364,0.6923697183653897
t+10,87,242,0.7688375115394592,0.7551699854092508
t+10,87,243,0.7547758221626282,0.7646214077767192
t+10,87,244,0.7557613849639893,0.722262231838725
t+10,87,245,0.7449775338172913,0.7296451062409214
t+10,87,246,0.7055944204330444,0.6936498466912147
t+10,87,247,0.7548825740814209,0.7269802259778864
t+10,87,248,0.7048630118370056,0.7758179301077901
t+10,87,249,0.6288811564445496,0.6985366738833164
t+10,87,250,0.6375272870063782,0.6554935907938354
t+10,87,251,0.6339720487594604,0.6980964750041336
t+10,87,252,0.597989559173584,0.7136958422742703
t+10,87,253,0.5685742497444153,0.7016912538847448
t+10,87,254,0.6120936870574951,0.7024210637045621
t+10,87,255,0.6116875410079956,0.7067379715391965
t+10,87,256,0.5783732533454895,0.6713034103507116
t+10,87,257,0.6287113428115845,0.7004231437658764
t+10,87,258,0.497973769903183,0.6701149738286255
t+10,87,259,0.5198135375976562,0.6007908051333615
t+10,87,260,0.5008349418640137,0.6079031078265521
t+10,87,261,0.4937756359577179,0.6047627080476148
t+10,87,262,0.4676518738269806,0.5710366198570161
t+10,87,263,0.491869181394577,0.5441123500934173
t+10,87,264,0.3883974552154541,0.5833756411407642
t+10,87,265,0.4065191447734833,0.583757059537641
t+10,87,266,0.4229570031166076,0.5513666410771
t+10,87,267,0.4604714810848236,0.5980079421212706
t+10,87,268,0.3862117230892181,0.4496617734484641
t+10,87,269,0.4435701966285705,0.49791058579739655
t+10,87,270,0.3458946347236633,0.4783653934115659
t+10,87,271,0.3485758900642395,0.44411920759101525
t+10,87,272,0.3494308292865753,0.41764002605796535
t+10,87,273,0.3524928689002991,0.444223777112882
t+10,87,274,0.3531615138053894,0.3432572242853553
t+10,87,275,0.3435284495353699,0.3609894542780883
t+10,87,276,0.3176272511482239,0.374023575733844
t+10,87,277,0.2782260179519653,0.4118181430449067
t+10,87,278,0.3882230818271637,0.3411711628330416
t+10,87,279,0.3045150339603424,0.392435422968071
t+10,87,280,0.3405322432518005,0.3022817224491259
t+10,87,281,0.3103459477424621,0.304429410490008
t+10,87,282,0.321260392665863,0.3010554045867669
t+10,87,283,0.3510842025279999,0.3067997561938517
t+10,87,284,0.2954766750335693,0.3059162543129136
t+10,87,285,0.3652358055114746,0.2971824823535425
t+10,87,286,0.308242529630661,0.2756100760216339
t+10,87,287,0.3180723786354065,0.23672988258009964
t+10,87,288,0.2673569321632385,0.33806103471808996
t+10,87,289,0.3389505445957184,0.2604717332296364
t+10,88,0,0.2927702963352203,0.36426856627969234
t+10,88,1,0.309912234544754,0.3871504482721167
t+10,88,2,0.2518866956233978,0.33157498495348575
t+10,88,3,0.2983190715312958,0.3603636538128259
t+10,88,4,0.2748298048973083,0.3577344470234246
t+10,88,5,0.2769491076469421,0.40733594779931387
t+10,88,6,0.3642702996730804,0.36243230649353825
t+10,88,7,0.300830066204071,0.3690019954417342
t+10,88,8,0.3458455204963684,0.32583027768241074
t+10,88,9,0.2887968719005584,0.3550241176573263
t+10,88,10,0.3474661409854889,0.33815653329130874
t+10,88,11,0.3044228851795196,0.35896224119835907
t+10,88,12,0.3632989823818207,0.30374918978397886
t+10,88,13,0.2958746552467346,0.3437379158003316
t+10,88,14,0.3292193114757538,0.32306411438285887
t+10,88,15,0.3202848732471466,0.3282899991760842
t+10,88,16,0.3183548748493194,0.4059801117824619
t+10,88,17,0.3012196123600006,0.34541384658260654
t+10,88,18,0.3916284143924713,0.39038278759672373
t+10,88,19,0.2789929211139679,0.3361955455770391
t+10,88,20,0.2823235988616943,0.3900264341216005
t+10,88,21,0.3277861773967743,0.34909797326481995
t+10,88,22,0.4277009963989258,0.4049977547148139
t+10,88,23,0.3439624011516571,0.3404142903900432
t+10,88,24,0.2946401536464691,0.3715982532906403
t+10,88,25,0.3090036511421203,0.36354170734262575
t+10,88,26,0.3905602097511291,0.35850469605318164
t+10,88,27,0.3811069130897522,0.34371697203126483
t+10,88,28,0.3250910937786102,0.4329734148376762
t+10,88,29,0.3524442017078399,0.32256596622032435
t+10,88,30,0.3686197698116302,0.3249895078015171
t+10,88,31,0.3649483919143677,0.3728845494464604
t+10,88,32,0.3264477849006653,0.4632264627268622
t+10,88,33,0.3390043079853058,0.38650510305880464
t+10,88,34,0.3247013986110687,0.3334534528729419
t+10,88,35,0.4074958860874176,0.3472929111810356
t+10,88,36,0.3484004139900207,0.42745463807000755
t+10,88,37,0.4104997217655182,0.4196887692849321
t+10,88,38,0.4331614971160888,0.3620167625216819
t+10,88,39,0.3462800085544586,0.391120331631209
t+10,88,40,0.3871840834617615,0.4038220712438672
t+10,88,41,0.4098749160766601,0.40089953120837457
t+10,88,42,0.4407648146152496,0.3653848114033444
t+10,88,43,0.355860561132431,0.37184250244667333
t+10,88,44,0.4240525662899017,0.3573931125717011
t+10,88,45,0.3928934931755066,0.4398319290371316
t+10,88,46,0.3834470808506012,0.3849872344169473
t+10,88,47,0.3809274733066559,0.4376013863099561
t+10,88,48,0.4103789329528808,0.4668056959495632
t+10,88,49,0.3935901522636413,0.382297029077542
t+10,88,50,0.4342819154262543,0.4153735011026558
t+10,88,51,0.4267738163471222,0.4416814085515514
t+10,88,52,0.4341093003749847,0.4687236633060461
t+10,88,53,0.4348243176937103,0.38691320229281456
t+10,88,54,0.3900955021381378,0.45280272091593876
t+10,88,55,0.452510803937912,0.42083160813668646
t+10,88,56,0.4896075129508972,0.4129872719834953
t+10,88,57,0.4160341620445251,0.40896963538855524
t+10,88,58,0.4238146543502807,0.4373499771449878
t+10,88,59,0.4565561413764953,0.4219078778653385
t+10,88,60,0.4539748430252075,0.46439397569831015
t+10,88,61,0.4688004553318023,0.4551971382335231
t+10,88,62,0.4501497447490692,0.45849371030965747
t+10,88,63,0.5021970868110657,0.45947471381025967
t+10,88,64,0.4693878889083862,0.4185114119421912
t+10,88,65,0.4869114458560943,0.4763858811590864
t+10,88,66,0.4790868163108825,0.509841408887363
t+10,88,67,0.475820779800415,0.4418993575395697
t+10,88,68,0.5192129611968994,0.4455180283041967
t+10,88,69,0.4993561804294586,0.4787447978213614
t+10,88,70,0.4776076078414917,0.4764335914044772
t+10,88,71,0.5110929012298584,0.4889517358628007
t+10,88,72,0.4999082386493683,0.4703842126778439
t+10,88,73,0.5615758299827576,0.5487159903405175
t+10,88,74,0.4882280230522156,0.49111812549260997
t+10,88,75,0.6041656732559204,0.5037654847641757
t+10,88,76,0.6167363524436951,0.4976342584384633
t+10,88,77,0.5457130074501038,0.4937457779986823
t+10,88,78,0.5488865375518799,0.5603101034307328
t+10,88,79,0.6347429156303406,0.5134202679674732
t+10,88,80,0.6192281246185303,0.4965501441947072
t+10,88,81,0.6374151110649109,0.5528608377211398
t+10,88,82,0.62694251537323,0.5135586441446112
t+10,88,83,0.5975233912467957,0.5971610379269234
t+10,88,84,0.6586430072784424,0.5024318436873856
t+10,88,85,0.6932969093322754,0.6367522479153298
t+10,88,86,0.6740955114364624,0.649383416473405
t+10,88,87,0.6580333709716797,0.5825535970656065
t+10,88,88,0.6981067657470703,0.5863158357731779
t+10,88,89,0.6415689587593079,0.6643287613410264
t+10,88,90,0.6348363757133484,0.6503689556104223
t+10,88,91,0.7480152249336243,0.6653427535284785
t+10,88,92,0.7202575206756592,0.6556737495109605
t+10,88,93,0.7123278379440308,0.628312731835496
t+10,88,94,0.6876357197761536,0.6844597904289599
t+10,88,95,0.8006429672241211,0.7149217443085629
t+10,88,96,0.7186873555183411,0.6973059565766309
t+10,88,97,0.7594048976898193,0.6825646999505532
t+10,88,98,0.7866585850715637,0.7183399102182298
t+10,88,99,0.7670018672943115,0.6667203816244303
t+10,88,100,0.7935315370559692,0.660750078629629
t+10,88,101,0.7826980352401733,0.7627465699892341
t+10,88,102,0.8293567299842834,0.7364036257623018
t+10,88,103,0.8540548086166382,0.7292693888572594
t+10,88,104,0.8645039200782776,0.7068229630942522
t+10,88,105,0.7903720736503601,0.7937264628264585
t+10,88,106,0.8820411562919617,0.734208913673026
t+10,88,107,0.8254144191741943,0.755563426145758
t+10,88,108,0.8125585317611694,0.77858753653572
t+10,88,109,0.8202688097953796,0.7624843526146546
t+10,88,110,0.8573377132415771,0.7856143158315595
t+10,88,111,0.8516344428062439,0.7761126401286393
t+10,88,112,0.8965106010437012,0.8151836424321643
t+10,88,113,0.8492864370346069,0.8386766020698418
t+10,88,114,0.8446882963180542,0.8466201550450773
t+10,88,115,0.8288132548332214,0.7804156257208
t+10,88,116,0.8943718671798706,0.858991991064269
t+10,88,117,0.8741525411605835,0.8109677013131414
t+10,88,118,0.8941689133644104,0.7974552993679992
t+10,88,119,0.8539901971817017,0.8055670865614637
t+10,88,120,0.8220217823982239,0.836063756813586
t+10,88,121,0.890483558177948,0.8296809587980787
t+10,88,122,0.882888913154602,0.8700365733434274
t+10,88,123,0.8426167964935303,0.8299741996571225
t+10,88,124,0.834376871585846,0.8231489910595364
t+10,88,125,0.8698809742927551,0.809637994442835
t+10,88,126,0.8442493081092834,0.868625721880197
t+10,88,127,0.8403299450874329,0.847311048549291
t+10,88,128,0.8367244601249695,0.8644600693573848
t+10,88,129,0.8458755612373352,0.8319767869494735
t+10,88,130,0.9114205837249756,0.8027807684616186
t+10,88,131,0.7403547167778015,0.8636421523338065
t+10,88,132,0.7900892496109009,0.8568857331067087
t+10,88,133,0.7583097219467163,0.8214434240046564
t+10,88,134,0.7259368896484375,0.8101688201572114
t+10,88,135,0.7684255242347717,0.8419861967189435
t+10,88,136,0.7951711416244507,0.8225842005585493
t+10,88,137,0.8287652134895325,0.8158466581709793
t+10,88,138,0.7940407991409302,0.8117879978425755
t+10,88,139,0.7748407125473022,0.8210518907868929
t+10,88,140,0.7812936902046204,0.8798126851471771
t+10,88,141,0.7688899040222168,0.7410276498301939
t+10,88,142,0.7542094588279724,0.7717859556284357
t+10,88,143,0.6967291831970215,0.7417916098607925
t+10,88,144,0.7788940072059631,0.727227556215194
t+10,88,145,0.7556827068328857,0.7514260623580862
t+10,88,146,0.7188272476196289,0.7732696640398878
t+10,88,147,0.7055841088294983,0.802724714474768
t+10,88,148,0.7037162184715271,0.7719678471255842
t+10,88,149,0.7899514436721802,0.7542936271301794
t+10,88,150,0.6814395189285278,0.7595972360384665
t+10,88,151,0.7262850403785706,0.74906451971827
t+10,88,152,0.6682650446891785,0.7353182323495321
t+10,88,153,0.7261251211166382,0.6982587692409172
t+10,88,154,0.7259972095489502,0.7576702728920732
t+10,88,155,0.7354121804237366,0.736169243445328
t+10,88,156,0.7677851319313049,0.7173754243438257
t+10,88,157,0.8208716511726379,0.70481603694963
t+10,88,158,0.6988290548324585,0.7029005848673102
t+10,88,159,0.750382125377655,0.7655886466092938
t+10,88,160,0.7094194889068604,0.6821540028031369
t+10,88,161,0.7478249669075012,0.7224290940810122
t+10,88,162,0.7364296913146973,0.6693613409885967
t+10,88,163,0.7537845969200134,0.7205554366135307
t+10,88,164,0.7228512763977051,0.7202457223008346
t+10,88,165,0.7098322510719299,0.7288499080867574
t+10,88,166,0.7473145127296448,0.741724399091223
t+10,88,167,0.7479267716407776,0.78997688059197
t+10,88,168,0.758696436882019,0.6951483171877822
t+10,88,169,0.7343263626098633,0.7272509423478406
t+10,88,170,0.7314236164093018,0.703775830074144
t+10,88,171,0.7829441428184509,0.7375473260496385
t+10,88,172,0.7269622683525085,0.7271947993458829
t+10,88,173,0.7288929224014282,0.7280196621103721
t+10,88,174,0.7404109835624695,0.7145855243460143
t+10,88,175,0.7877248525619507,0.7027015607193591
t+10,88,176,0.6741795539855957,0.7359894108493881
t+10,88,177,0.822478175163269,0.7354816525665361
t+10,88,178,0.7527247071266174,0.7306540156805496
t+10,88,179,0.7451948523521423,0.7224965974961707
t+10,88,180,0.7680323123931885,0.720362812508486
t+10,88,181,0.8065763711929321,0.7500610332270826
t+10,88,182,0.7211914658546448,0.7153298032689993
t+10,88,183,0.7682017087936401,0.7169442074201927
t+10,88,184,0.7765950560569763,0.7268531867701086
t+10,88,185,0.7657887935638428,0.7534571621068957
t+10,88,186,0.7309952974319458,0.6665612777464195
t+10,88,187,0.8000232577323914,0.7817000086810714
t+10,88,188,0.7446891665458679,0.7219546791635199
t+10,88,189,0.8190533518791199,0.7298072411332799
t+10,88,190,0.8115118145942688,0.7331031012266018
t+10,88,191,0.8008923530578613,0.7697480915093378
t+10,88,192,0.7650337815284729,0.7069250413984045
t+10,88,193,0.8529762625694275,0.7333232773687002
t+10,88,194,0.8544607758522034,0.7415518877792071
t+10,88,195,0.8040764331817627,0.7317772158984419
t+10,88,196,0.8263921737670898,0.7144808698440273
t+10,88,197,0.7919126152992249,0.7596786549234912
t+10,88,198,0.9140647053718568,0.7271200150365693
t+10,88,199,0.8716835379600525,0.7774384495113151
t+10,88,200,0.8228288888931274,0.7717920017599613
t+10,88,201,0.8822479844093323,0.7588783983894407
t+10,88,202,0.8759953379631042,0.7280065039728966
t+10,88,203,0.8739148378372192,0.8033352155643911
t+10,88,204,0.926441490650177,0.8044439645046361
t+10,88,205,0.8518128991127014,0.7624085574390251
t+10,88,206,0.9434012174606324,0.7818667548843331
t+10,88,207,0.9009365439414978,0.7504240458564108
t+10,88,208,0.85053950548172,0.8563750024126593
t+10,88,209,0.8870605230331421,0.8175209178001586
t+10,88,210,0.9119828343391418,0.7782754374040628
t+10,88,211,0.9037299752235411,0.8276460020172789
t+10,88,212,0.904483437538147,0.8202731280498666
t+10,88,213,0.9214460253715516,0.8179448481771738
t+10,88,214,0.9190593361854552,0.86651239231008
t+10,88,215,0.930171549320221,0.8012972718044534
t+10,88,216,0.8365898132324219,0.8774722998227595
t+10,88,217,0.920320451259613,0.8438152400485197
t+10,88,218,0.8288136124610901,0.7962301398782026
t+10,88,219,0.8650314807891846,0.8309424554181537
t+10,88,220,0.8536861538887024,0.8516425073711452
t+10,88,221,0.8580129146575928,0.8451330875806525
t+10,88,222,0.8377968668937683,0.8425760070190347
t+10,88,223,0.8362931609153748,0.8602575043949529
t+10,88,224,0.7746585011482239,0.8561443635339789
t+10,88,225,0.7762242555618286,0.8643492458971657
t+10,88,226,0.7945230603218079,0.7853872797585675
t+10,88,227,0.7483413219451904,0.8562377456450865
t+10,88,228,0.8047579526901245,0.7790597874999646
t+10,88,229,0.8088982701301575,0.8072464072519587
t+10,88,230,0.6977772116661072,0.7948989202610757
t+10,88,231,0.6908046007156372,0.8007824412881015
t+10,88,232,0.7248032093048096,0.7825563666257551
t+10,88,233,0.7331238389015198,0.7799445998761263
t+10,88,234,0.6868233680725098,0.7259352969414044
t+10,88,235,0.7375882267951965,0.7278786486884182
t+10,88,236,0.6653951406478882,0.7432559491017758
t+10,88,237,0.6393049955368042,0.7158359660512932
t+10,88,238,0.6397806406021118,0.7491416085829793
t+10,88,239,0.7242358922958374,0.7521031585961068
t+10,88,240,0.6838956475257874,0.6696567171426029
t+10,88,241,0.6601722240447998,0.6629661900968564
t+10,88,242,0.6368701457977295,0.6930476191961491
t+10,88,243,0.5602496266365051,0.700539672041176
t+10,88,244,0.597139835357666,0.6583821580536864
t+10,88,245,0.6239756345748901,0.7033379638222788
t+10,88,246,0.5482529401779175,0.638316377899986
t+10,88,247,0.5615292191505432,0.6144401364703612
t+10,88,248,0.589634120464325,0.6142906494095484
t+10,88,249,0.5709750652313232,0.6900837344901205
t+10,88,250,0.5846440196037292,0.6536668607549425
t+10,88,251,0.5274378657341003,0.6317614392544109
t+10,88,252,0.5009592771530151,0.6101996076421142
t+10,88,253,0.4677206575870514,0.5379647398299624
t+10,88,254,0.5237006545066833,0.5736811715740188
t+10,88,255,0.4593853950500488,0.5974458763210929
t+10,88,256,0.4750494360923767,0.5278562815563984
t+10,88,257,0.479797214269638,0.5386537186312306
t+10,88,258,0.402620404958725,0.5665189167546771
t+10,88,259,0.4501453042030334,0.5484646711998685
t+10,88,260,0.3982775807380676,0.5602230460110348
t+10,88,261,0.4352617263793945,0.5053634940953988
t+10,88,262,0.3890201449394226,0.4805619471087701
t+10,88,263,0.4850392937660217,0.4253468109823117
t+10,88,264,0.45130455493927,0.5034347452153192
t+10,88,265,0.4111283421516418,0.4157038812642529
t+10,88,266,0.4248022735118866,0.43116896296287827
t+10,88,267,0.3717250227928161,0.4338790209860708
t+10,88,268,0.4349928498268127,0.3602632495815095
t+10,88,269,0.4058353304862976,0.4058851482769889
t+10,88,270,0.3765545487403869,0.35582094808080106
t+10,88,271,0.3894103765487671,0.391146388706999
t+10,88,272,0.3769910633563995,0.3468548362388036
t+10,88,273,0.4112568199634552,0.4382036476626296
t+10,88,274,0.3395996689796448,0.40073133012861056
t+10,88,275,0.3506714403629303,0.3650152272636402
t+10,88,276,0.313457578420639,0.3787114249583919
t+10,88,277,0.3293068706989288,0.32508137538029813
t+10,88,278,0.3598877787590027,0.38434646091733443
t+10,88,279,0.3584938645362854,0.35923750854036024
t+10,88,280,0.3256481289863586,0.3318216485981437
t+10,88,281,0.3214466571807861,0.34103447207007215
t+10,88,282,0.2982532382011413,0.3304626217505838
t+10,88,283,0.2949633002281189,0.36336687598527867
t+10,88,284,0.276928573846817,0.29356011398321424
t+10,88,285,0.255626767873764,0.2985587543814996
t+10,88,286,0.3304386138916015,0.2698027445064984
t+10,88,287,0.2935938239097595,0.28200252382993274
t+10,88,288,0.3215568661689758,0.30883463353497315
t+10,88,289,0.3449735343456268,0.3086159666285595
t+10,89,0,0.5533967018127441,0.5079744344305814
t+10,89,1,0.5013695955276489,0.5852888789024551
t+10,89,2,0.5047959089279175,0.5038507053916292
t+10,89,3,0.557978630065918,0.5155096828554545
t+10,89,4,0.6585337519645691,0.6287202157148777
t+10,89,5,0.6181333661079407,0.6004262173481358
t+10,89,6,0.5610552430152893,0.5404996085144351
t+10,89,7,0.4963817894458771,0.6093995690045197
t+10,89,8,0.6614317297935486,0.5895774262401341
t+10,89,9,0.581047534942627,0.6014189972776973
t+10,89,10,0.6074022054672241,0.6167766013268853
t+10,89,11,0.5975863337516785,0.5689428418856678
t+10,89,12,0.6190319061279297,0.5693510560322503
t+10,89,13,0.5923175811767578,0.6189194159977285
t+10,89,14,0.6627614498138428,0.7111540094433826
t+10,89,15,0.5818564295768738,0.6749627859474354
t+10,89,16,0.6081933975219727,0.6205023014781409
t+10,89,17,0.6478139758110046,0.5331263894473193
t+10,89,18,0.6607283353805542,0.7126435718600302
t+10,89,19,0.6905794143676758,0.6394101839302893
t+10,89,20,0.6859312653541565,0.6636552394418761
t+10,89,21,0.6435625553131104,0.6525374321443602
t+10,89,22,0.5840051770210266,0.6721072945195414
t+10,89,23,0.6234689354896545,0.6471831893508765
t+10,89,24,0.6207093596458435,0.711867861610232
t+10,89,25,0.6335659027099609,0.6375531738304625
t+10,89,26,0.6258072853088379,0.6611049249800869
t+10,89,27,0.6242300868034363,0.6978215873133129
t+10,89,28,0.6208466291427612,0.7086456597762139
t+10,89,29,0.6635500192642212,0.7350755385206024
t+10,89,30,0.6151850819587708,0.7305137361389994
t+10,89,31,0.6666314005851746,0.6920441402685287
t+10,89,32,0.6241188645362854,0.6358810840609577
t+10,89,33,0.6124555468559265,0.6730061028141522
t+10,89,34,0.6133094429969788,0.6702254972132701
t+10,89,35,0.6100300550460815,0.6818626229346031
t+10,89,36,0.5555875301361084,0.6739943580832695
t+10,89,37,0.6032789349555969,0.6725970850549996
t+10,89,38,0.5588657855987549,0.6692106451919454
t+10,89,39,0.5687575340270996,0.7071190872158875
t+10,89,40,0.5764322876930237,0.6623919167191389
t+10,89,41,0.605235755443573,0.7096078708872039
t+10,89,42,0.5456379652023315,0.6702582054395892
t+10,89,43,0.5393498539924622,0.659189503606419
t+10,89,44,0.504368245601654,0.6593746289248557
t+10,89,45,0.5710849761962891,0.6566932962612775
t+10,89,46,0.5414122343063354,0.6067214564897551
t+10,89,47,0.540399432182312,0.6504724628989986
t+10,89,48,0.4976798892021179,0.6073567109248657
t+10,89,49,0.5574619174003601,0.617249030447978
t+10,89,50,0.5452919602394104,0.6244749448967092
t+10,89,51,0.5210224986076355,0.6496073143555599
t+10,89,52,0.4695324301719665,0.5974748940755409
t+10,89,53,0.5054733753204346,0.5883133586663171
t+10,89,54,0.4831050634384155,0.5565360742947083
t+10,89,55,0.4453241229057312,0.6175244466355865
t+10,89,56,0.4500083029270172,0.589936779559995
t+10,89,57,0.5152446627616882,0.588292144609098
t+10,89,58,0.4629761874675751,0.5196836314199537
t+10,89,59,0.4327050447463989,0.603990661121162
t+10,89,60,0.4811520576477051,0.5923543259520319
t+10,89,61,0.5056476593017578,0.568352097273239
t+10,89,62,0.5180650353431702,0.495908359150676
t+10,89,63,0.433536946773529,0.5546339921286466
t+10,89,64,0.4637669920921325,0.5052362529152352
t+10,89,65,0.5002316236495972,0.46956190827948263
t+10,89,66,0.4695537686347961,0.47477251197670395
t+10,89,67,0.4852746427059173,0.5575695066015757
t+10,89,68,0.4276746213436126,0.4844097649128715
t+10,89,69,0.4305620193481445,0.4545821602665555
t+10,89,70,0.5500364303588867,0.5010388928122527
t+10,89,71,0.4943324327468872,0.5500200993919355
t+10,89,72,0.4803087413311004,0.5608572899202413
t+10,89,73,0.4811297357082367,0.4535499817084046
t+10,89,74,0.4611040949821472,0.4838699357878583
t+10,89,75,0.4632285833358764,0.5462459481160559
t+10,89,76,0.4248166680335998,0.48831936785052693
t+10,89,77,0.4783324897289276,0.5036722525982812
t+10,89,78,0.4899715483188629,0.45135409053853714
t+10,89,79,0.5066750645637512,0.45052046855876143
t+10,89,80,0.4935775697231293,0.5884305354896846
t+10,89,81,0.5079112648963928,0.5090832440851009
t+10,89,82,0.5282500386238098,0.4968892172489681
t+10,89,83,0.5406867861747742,0.49515505111101304
t+10,89,84,0.5772194266319275,0.4772263211675255
t+10,89,85,0.5460566878318787,0.4804022459328234
t+10,89,86,0.5072203874588013,0.4432825727356223
t+10,89,87,0.5239423513412476,0.4946414767060241
t+10,89,88,0.4974733293056488,0.5025044482211689
t+10,89,89,0.5238020420074463,0.5456136323375963
t+10,89,90,0.5372034311294556,0.5063258271012006
t+10,89,91,0.6028382778167725,0.5445149620704626
t+10,89,92,0.5592384338378906,0.564151764823011
t+10,89,93,0.5865081548690796,0.5741277763454987
t+10,89,94,0.5455599427223206,0.6099015971078425
t+10,89,95,0.5782608389854431,0.5819688137511235
t+10,89,96,0.5383691191673279,0.5438840805694922
t+10,89,97,0.6138153076171875,0.5608803139450684
t+10,89,98,0.6605030298233032,0.508649858285937
t+10,89,99,0.6373170614242554,0.5578089992234527
t+10,89,100,0.6101292371749878,0.5717454935540232
t+10,89,101,0.6040449142456055,0.629790278190327
t+10,89,102,0.6415092349052429,0.5905004027688616
t+10,89,103,0.6525812149047852,0.615102304830386
t+10,89,104,0.7339010834693909,0.5763720181817571
t+10,89,105,0.5988684892654419,0.6070973384445356
t+10,89,106,0.6308344602584839,0.5707570339111271
t+10,89,107,0.6721748113632202,0.6378559445695722
t+10,89,108,0.6599100828170776,0.6809724584857659
t+10,89,109,0.7250273823738098,0.6593244511875301
t+10,89,110,0.6642565727233887,0.6337658580091111
t+10,89,111,0.6840301156044006,0.6287699143722055
t+10,89,112,0.6609455943107605,0.6625766031370246
t+10,89,113,0.7464350461959839,0.6717184122031159
t+10,89,114,0.7519509792327881,0.7445416844153712
t+10,89,115,0.7265868782997131,0.6213597718976352
t+10,89,116,0.7311601042747498,0.6516043038876848
t+10,89,117,0.7778970003128052,0.6884401436353931
t+10,89,118,0.7111362218856812,0.676851471311261
t+10,89,119,0.7119879722595215,0.7357158905049471
t+10,89,120,0.7952515482902527,0.6801964403807725
t+10,89,121,0.769855260848999,0.6977601200399585
t+10,89,122,0.7184503674507141,0.67649285171488
t+10,89,123,0.7828415632247925,0.7536471021608768
t+10,89,124,0.710887610912323,0.743788658812482
t+10,89,125,0.7063195705413818,0.7343208814184128
t+10,89,126,0.7375053763389587,0.7384977770240233
t+10,89,127,0.7642602324485779,0.7653237228605301
t+10,89,128,0.7055830955505371,0.7194480887268996
t+10,89,129,0.6707783937454224,0.719696697438138
t+10,89,130,0.8103830814361572,0.7792803282941456
t+10,89,131,0.7585166096687317,0.7568985497775528
t+10,89,132,0.7384516000747681,0.7244539499917296
t+10,89,133,0.7130770087242126,0.7677969492027276
t+10,89,134,0.7350602149963379,0.717499910880465
t+10,89,135,0.7407417297363281,0.7131822915059146
t+10,89,136,0.6620668172836304,0.7406150572209054
t+10,89,137,0.7088906168937683,0.7489222660903699
t+10,89,138,0.7237987518310547,0.7111672130119163
t+10,89,139,0.671690821647644,0.6796780040945831
t+10,89,140,0.7446560263633728,0.7880376055540896
t+10,89,141,0.698110044002533,0.7438833089783482
t+10,89,142,0.6876136064529419,0.7397459203792001
t+10,89,143,0.7127096652984619,0.7162766010169478
t+10,89,144,0.65153968334198,0.7356949056818082
t+10,89,145,0.6341022849082947,0.7403500950263454
t+10,89,146,0.7521938681602478,0.6696680949718166
t+10,89,147,0.716770350933075,0.7112504510126892
t+10,89,148,0.651128888130188,0.7243362109444484
t+10,89,149,0.6056134104728699,0.6772200980017956
t+10,89,150,0.6637197732925415,0.7423572623586416
t+10,89,151,0.6169131398200989,0.7003170398959033
t+10,89,152,0.5924158096313477,0.6904152284788927
t+10,89,153,0.642462432384491,0.7126110815197596
t+10,89,154,0.5382953882217407,0.656961228299053
t+10,89,155,0.6119303703308105,0.6407565554120461
t+10,89,156,0.5988707542419434,0.7322721491019671
t+10,89,157,0.6755095720291138,0.7147241642557278
t+10,89,158,0.5954223871231079,0.6554314423966373
t+10,89,159,0.6445056200027466,0.6122216916834153
t+10,89,160,0.5973941087722778,0.6660894405160113
t+10,89,161,0.5956493616104126,0.6230728385758705
t+10,89,162,0.5919643640518188,0.599958200281759
t+10,89,163,0.6197093725204468,0.6452241265091296
t+10,89,164,0.6308521032333374,0.5498839509069073
t+10,89,165,0.6006010174751282,0.6173039969686673
t+10,89,166,0.6107159852981567,0.604274043993846
t+10,89,167,0.5668038725852966,0.6744015718152498
t+10,89,168,0.614543616771698,0.6003491455166817
t+10,89,169,0.5510438680648804,0.6453407813257872
t+10,89,170,0.6221006512641907,0.6016319214844463
t+10,89,171,0.5721461176872253,0.599769772810254
t+10,89,172,0.6122934222221375,0.5965432963342697
t+10,89,173,0.6154146790504456,0.6220402540440462
t+10,89,174,0.609362006187439,0.6315110104281018
t+10,89,175,0.5907938480377197,0.6027189792930533
t+10,89,176,0.6146032214164734,0.612776287818208
t+10,89,177,0.6251978874206543,0.5728595275203185
t+10,89,178,0.6336222290992737,0.6144408576170091
t+10,89,179,0.5956703424453735,0.5550132373841
t+10,89,180,0.6346299052238464,0.6213687292703874
t+10,89,181,0.5946206450462341,0.5761202766661502
t+10,89,182,0.6124820709228516,0.6119645163569039
t+10,89,183,0.6484387516975403,0.614757263594908
t+10,89,184,0.6386327147483826,0.6080289985952667
t+10,89,185,0.643302857875824,0.5922013411132525
t+10,89,186,0.6435179710388184,0.6126938395710992
t+10,89,187,0.6279289126396179,0.6220590728994912
t+10,89,188,0.6967033743858337,0.6287521478069946
t+10,89,189,0.6344754695892334,0.5948264948543509
t+10,89,190,0.6918045282363892,0.6291256105934219
t+10,89,191,0.648907482624054,0.5917701989545606
t+10,89,192,0.6431070566177368,0.6092980429720374
t+10,89,193,0.6551094055175781,0.6408740036301606
t+10,89,194,0.7387296557426453,0.6320677787386619
t+10,89,195,0.6640247106552124,0.6352682569102629
t+10,89,196,0.6875035166740417,0.6354150654963928
t+10,89,197,0.7355799674987793,0.6209693182222209
t+10,89,198,0.6957533955574036,0.6829224105304049
t+10,89,199,0.6746392250061035,0.6260043602805475
t+10,89,200,0.6755228638648987,0.6778412791253865
t+10,89,201,0.7317195534706116,0.6384772611417538
t+10,89,202,0.6939501166343689,0.6326655130607689
t+10,89,203,0.6924976706504822,0.6437628030159174
t+10,89,204,0.6972729563713074,0.7181489057840461
t+10,89,205,0.7095788717269897,0.6510582025984345
t+10,89,206,0.7107401490211487,0.6719661521967554
t+10,89,207,0.6878702044487,0.7145016449518081
t+10,89,208,0.6656911373138428,0.6788568786119161
t+10,89,209,0.7452793121337891,0.659376363282735
t+10,89,210,0.7567055821418762,0.6597099785395619
t+10,89,211,0.691582202911377,0.7105101188133618
t+10,89,212,0.7031157612800598,0.6756886411386851
t+10,89,213,0.7135738730430603,0.674065425204714
t+10,89,214,0.6676656603813171,0.6780112778639686
t+10,89,215,0.6908913850784302,0.6889842727733401
t+10,89,216,0.6837692856788635,0.6893843859077197
t+10,89,217,0.7239206433296204,0.6684931833673814
t+10,89,218,0.6921550631523132,0.6479282446635374
t+10,89,219,0.667910099029541,0.7189135220434557
t+10,89,220,0.6272876858711243,0.7137945771715342
t+10,89,221,0.695351779460907,0.6705095622381124
t+10,89,222,0.6694112420082092,0.6807437430070062
t+10,89,223,0.5893073081970215,0.6895432013550599
t+10,89,224,0.6549808979034424,0.6478999636219774
t+10,89,225,0.6773619651794434,0.6685104304060284
t+10,89,226,0.7049885392189026,0.6617263162739173
t+10,89,227,0.6803512573242188,0.6978842146453316
t+10,89,228,0.6439197659492493,0.6685652956232188
t+10,89,229,0.6851246953010559,0.6462657938569472
t+10,89,230,0.6006383299827576,0.6097426114234843
t+10,89,231,0.6728043556213379,0.6704728979469248
t+10,89,232,0.672329306602478,0.6464732897596692
t+10,89,233,0.6428269743919373,0.5731561068203203
t+10,89,234,0.5656420588493347,0.6328924555363614
t+10,89,235,0.4954441785812378,0.6529807058762096
t+10,89,236,0.6535609364509583,0.6775382863138948
t+10,89,237,0.5804906487464905,0.6548307037709793
t+10,89,238,0.5617439150810242,0.6223231616476479
t+10,89,239,0.5655233263969421,0.6585302935666734
t+10,89,240,0.5856894850730896,0.5803676291103342
t+10,89,241,0.4845431745052337,0.6466736025550467
t+10,89,242,0.5701554417610168,0.6460570371372428
t+10,89,243,0.5612998008728027,0.6190204353467574
t+10,89,244,0.5514215230941772,0.5479182533741669
t+10,89,245,0.5428999066352844,0.4535226159041912
t+10,89,246,0.4472806453704834,0.627843343944637
t+10,89,247,0.491934210062027,0.5599715881574953
t+10,89,248,0.5396852493286133,0.5425687375994203
t+10,89,249,0.4901108741760254,0.5471530135717039
t+10,89,250,0.53181391954422,0.5640586148343791
t+10,89,251,0.4942116439342499,0.4405082760736879
t+10,89,252,0.4605900347232818,0.5490022112106344
t+10,89,253,0.5105072855949402,0.5414339112508537
t+10,89,254,0.4903048574924469,0.5306090860952729
t+10,89,255,0.5056160092353821,0.5216929981306686
t+10,89,256,0.4768159389495849,0.4047774807084986
t+10,89,257,0.3890278041362762,0.44855303925881634
t+10,89,258,0.4254825413227081,0.5179553127024231
t+10,89,259,0.3731625080108642,0.44278705348639924
t+10,89,260,0.3675399124622345,0.5106875272709864
t+10,89,261,0.4584473669528961,0.44960370205422545
t+10,89,262,0.4118552207946777,0.4178290848329139
t+10,89,263,0.3900935351848602,0.49011264084338424
t+10,89,264,0.3909298479557037,0.44143348954610206
t+10,89,265,0.4575400054454803,0.4844701998245946
t+10,89,266,0.4256947040557861,0.4278426075851227
t+10,89,267,0.4209008812904358,0.34259564844637735
t+10,89,268,0.4184050559997558,0.38206589468633095
t+10,89,269,0.3688554167747497,0.3305211972602893
t+10,89,270,0.3164815306663513,0.3238328206404432
t+10,89,271,0.3081099390983581,0.4135945696672718
t+10,89,272,0.3964378237724304,0.3659927893529622
t+10,89,273,0.4027194678783417,0.34439939341217674
t+10,89,274,0.3526457548141479,0.34483832603722603
t+10,89,275,0.3518548309803009,0.41140358550422523
t+10,89,276,0.3413726091384887,0.37998839036482157
t+10,89,277,0.3355242013931274,0.3747766579670133
t+10,89,278,0.3580395877361297,0.3723704816301927
t+10,89,279,0.3060476183891296,0.32227040952274905
t+10,89,280,0.3745434880256653,0.2730417522270959
t+10,89,281,0.3089344203472137,0.26224163876996764
t+10,89,282,0.3457051217556,0.3477532300501889
t+10,89,283,0.3045788407325744,0.35697330079384043
t+10,89,284,0.3314518630504608,0.3060178884257205
t+10,89,285,0.3479123413562774,0.301141104787762
t+10,89,286,0.3325845003128052,0.2894073950958702
t+10,89,287,0.3494673073291778,0.2868972616806242
t+10,89,288,0.3327126204967499,0.3096793055645645
t+10,89,289,0.3421461582183838,0.2605659511572406
t+10,90,0,0.2498106807470321,0.36474630781928563
t+10,90,1,0.2910193502902984,0.36101108855984015
t+10,90,2,0.3611792027950287,0.29895672060878525
t+10,90,3,0.2995355129241943,0.3485619111975023
t+10,90,4,0.2493032664060592,0.39705474901443705
t+10,90,5,0.2799752056598663,0.3146616887606967
t+10,90,6,0.3204881250858307,0.3850805739350442
t+10,90,7,0.3663811981678009,0.33119016617927705
t+10,90,8,0.2728736996650696,0.31985859287586715
t+10,90,9,0.3309935629367828,0.38885536172589974
t+10,90,10,0.338823527097702,0.2990558397476085
t+10,90,11,0.383003830909729,0.34134351364095916
t+10,90,12,0.3597946166992187,0.40671477559864905
t+10,90,13,0.3392016291618347,0.34488405724514404
t+10,90,14,0.3366544842720032,0.3006534985284441
t+10,90,15,0.3816987872123718,0.32932500125407144
t+10,90,16,0.3649412095546722,0.3664805051909748
t+10,90,17,0.3537609279155731,0.4115333693396856
t+10,90,18,0.3472160100936889,0.32203476897886985
t+10,90,19,0.3998047709465027,0.37465188907046804
t+10,90,20,0.3716340363025665,0.37921104228990044
t+10,90,21,0.365989625453949,0.42424446540056343
t+10,90,22,0.4288908839225769,0.40230024585356666
t+10,90,23,0.4236489832401275,0.3791513340697465
t+10,90,24,0.3896980285644531,0.38160713869722185
t+10,90,25,0.4495064616203308,0.42193185089480134
t+10,90,26,0.4756557941436767,0.4060075430289641
t+10,90,27,0.4587243795394897,0.3958508210644721
t+10,90,28,0.5033104419708252,0.387657264068266
t+10,90,29,0.417276918888092,0.43890614822212193
t+10,90,30,0.5485016703605652,0.411142341933051
t+10,90,31,0.4906663000583648,0.40471794710381925
t+10,90,32,0.5296807885169983,0.4654520266268853
t+10,90,33,0.4848453104496002,0.45729766774113706
t+10,90,34,0.4723291099071502,0.42837396557846313
t+10,90,35,0.5486615300178528,0.4859160539729518
t+10,90,36,0.5411527156829834,0.5044525221588595
t+10,90,37,0.5631936192512512,0.48887286816977993
t+10,90,38,0.5039225816726685,0.5610256962071086
t+10,90,39,0.5836449265480042,0.4537657241056302
t+10,90,40,0.5818460583686829,0.6011361951699302
t+10,90,41,0.5502853393554688,0.5195125901542578
t+10,90,42,0.5651896595954895,0.5823824527242758
t+10,90,43,0.6056126952171326,0.5131174741225992
t+10,90,44,0.5769334435462952,0.5010386345305023
t+10,90,45,0.5531193614006042,0.5992191107819036
t+10,90,46,0.6085405945777893,0.5918483549067038
t+10,90,47,0.5486969351768494,0.6120047940897515
t+10,90,48,0.5149018168449402,0.5567455062841885
t+10,90,49,0.6433016657829285,0.6309078618794489
t+10,90,50,0.5356877446174622,0.6273003282462156
t+10,90,51,0.604463517665863,0.598311696295461
t+10,90,52,0.5883385539054871,0.611923143910299
t+10,90,53,0.5205448865890503,0.651080073130718
t+10,90,54,0.5811213254928589,0.6238495297333531
t+10,90,55,0.5459907054901123,0.6019898984137794
t+10,90,56,0.5397809743881226,0.6518622305610622
t+10,90,57,0.5045042634010315,0.5964749476784259
t+10,90,58,0.5554024577140808,0.5652396271597133
t+10,90,59,0.5643861293792725,0.6824081223098036
t+10,90,60,0.4815575778484344,0.5833549618448097
t+10,90,61,0.5737772583961487,0.6450678130105271
t+10,90,62,0.5393644571304321,0.6304949541004607
t+10,90,63,0.4327236413955688,0.5680964884412715
t+10,90,64,0.4228107929229736,0.6239506321206112
t+10,90,65,0.5092533826828003,0.5904316531364652
t+10,90,66,0.5019035935401917,0.5864411612775848
t+10,90,67,0.5204012393951416,0.5519109245442625
t+10,90,68,0.5050848722457886,0.5990518600630036
t+10,90,69,0.5654336810112,0.606233307861771
t+10,90,70,0.5037232637405396,0.5006983010071874
t+10,90,71,0.527433454990387,0.6145180799907684
t+10,90,72,0.581237256526947,0.5821036063423165
t+10,90,73,0.5495600700378418,0.4534568044075882
t+10,90,74,0.5452976226806641,0.44713470443399256
t+10,90,75,0.5735050439834595,0.5518329532764602
t+10,90,76,0.5894805788993835,0.5448564885688261
t+10,90,77,0.600303590297699,0.5621808676825354
t+10,90,78,0.5872182250022888,0.548533611675286
t+10,90,79,0.628265380859375,0.6038850667424406
t+10,90,80,0.6470828652381897,0.5477175732958657
t+10,90,81,0.6411404013633728,0.568946965666825
t+10,90,82,0.69374018907547,0.6161889922376479
t+10,90,83,0.6572863459587097,0.5882759235855695
t+10,90,84,0.6628108024597168,0.5836858441371566
t+10,90,85,0.7102925777435303,0.6097900813690076
t+10,90,86,0.6534723043441772,0.6241921366559056
t+10,90,87,0.7145607471466064,0.6335661574203343
t+10,90,88,0.7186945080757141,0.6202633051109889
t+10,90,89,0.7180063724517822,0.6577520785053699
t+10,90,90,0.7974584102630615,0.6750285056974926
t+10,90,91,0.7634199857711792,0.668789904492312
t+10,90,92,0.7445045113563538,0.7163478615543479
t+10,90,93,0.7542939782142639,0.6828432647175308
t+10,90,94,0.7633641362190247,0.6881405956537323
t+10,90,95,0.8071306347846985,0.7300187656941667
t+10,90,96,0.8034021854400635,0.6785791560060761
t+10,90,97,0.7696965336799622,0.7335229307902545
t+10,90,98,0.7573744058609009,0.7364995487125839
t+10,90,99,0.7986889481544495,0.7351981343977638
t+10,90,100,0.7295043468475342,0.7903913764525824
t+10,90,101,0.8228309154510498,0.7614844549819054
t+10,90,102,0.7877600789070129,0.7583792935732172
t+10,90,103,0.769694447517395,0.7517976829834927
t+10,90,104,0.8024245500564575,0.7591047472529711
t+10,90,105,0.7944349050521851,0.7986073079217434
t+10,90,106,0.7366538643836975,0.7953520560970255
t+10,90,107,0.8648456931114197,0.7637503862172963
t+10,90,108,0.745818555355072,0.7534654332855364
t+10,90,109,0.7582469582557678,0.7890060007877652
t+10,90,110,0.8483989238739014,0.7423459198098387
t+10,90,111,0.8260440826416016,0.8102203130413499
t+10,90,112,0.7869054079055786,0.7785602712533217
t+10,90,113,0.7797289490699768,0.7628173994676473
t+10,90,114,0.8090881705284119,0.7913355649922889
t+10,90,115,0.8541859984397888,0.7837631447720476
t+10,90,116,0.7814792990684509,0.7467165159301908
t+10,90,117,0.8614181876182556,0.8451132202364883
t+10,90,118,0.7972004413604736,0.7545798216113236
t+10,90,119,0.9001105427742004,0.7503049294940983
t+10,90,120,0.9037732481956482,0.8283416482223298
t+10,90,121,0.935633420944214,0.8081867184228428
t+10,90,122,0.8822789788246155,0.7745690083921378
t+10,90,123,0.8605706691741943,0.7670002585769439
t+10,90,124,0.8119955658912659,0.7938769446087306
t+10,90,125,0.8381684422492981,0.8342573967957579
t+10,90,126,0.8457880020141602,0.7689612182050317
t+10,90,127,0.828576922416687,0.8381960851704991
t+10,90,128,0.8650622367858887,0.7819947316253058
t+10,90,129,0.8053702116012573,0.8693107980006944
t+10,90,130,0.7948145270347595,0.8721702330239445
t+10,90,131,0.8137438297271729,0.9027465347741872
t+10,90,132,0.8362837433815002,0.8556492303726223
t+10,90,133,0.8234157562255859,0.835091923768808
t+10,90,134,0.8580568432807922,0.7930636940038214
t+10,90,135,0.8126979470252991,0.8185161771055339
t+10,90,136,0.8344330787658691,0.8222790776079988
t+10,90,137,0.7454129457473755,0.8055896002830051
t+10,90,138,0.8069086074829102,0.8365651547264067
t+10,90,139,0.7785924673080444,0.7849137407329403
t+10,90,140,0.7716875076293945,0.7752883055188516
t+10,90,141,0.8132472634315491,0.7906567822217434
t+10,90,142,0.7720576524734497,0.8091071729651936
t+10,90,143,0.7578611373901367,0.7981295604614429
t+10,90,144,0.7363089323043823,0.8280575413626688
t+10,90,145,0.7234805226325989,0.7874753274052306
t+10,90,146,0.724012553691864,0.8073061380912402
t+10,90,147,0.6928666830062866,0.7438481197431387
t+10,90,148,0.7577572464942932,0.7847095497091423
t+10,90,149,0.6334019303321838,0.7581172378581894
t+10,90,150,0.724119246006012,0.7531308327071252
t+10,90,151,0.6810029149055481,0.7874847384311775
t+10,90,152,0.6499387621879578,0.7508762159979602
t+10,90,153,0.6591612696647644,0.7384942497484009
t+10,90,154,0.6368424296379089,0.7334047042001106
t+10,90,155,0.6628153324127197,0.7219671753398563
t+10,90,156,0.6047764420509338,0.7218348676844333
t+10,90,157,0.6630814671516418,0.693452525034599
t+10,90,158,0.6350459456443787,0.7361216072833354
t+10,90,159,0.6146682500839233,0.6384840315845463
t+10,90,160,0.6118284463882446,0.7207043326038836
t+10,90,161,0.5962011218070984,0.6813437083514476
t+10,90,162,0.6422713398933411,0.6525925278704738
t+10,90,163,0.6220099329948425,0.6609167498965047
t+10,90,164,0.6231095194816589,0.6400116910008488
t+10,90,165,0.6679365038871765,0.6633518384939903
t+10,90,166,0.6390184164047241,0.6101858584659767
t+10,90,167,0.584955632686615,0.6634512197597114
t+10,90,168,0.599650502204895,0.6374013274020935
t+10,90,169,0.6481404304504395,0.6181793561308463
t+10,90,170,0.6612107157707214,0.615442389039989
t+10,90,171,0.5953702926635742,0.5998857380504279
t+10,90,172,0.5708991885185242,0.6428412667329817
t+10,90,173,0.6209592223167419,0.624004555030485
t+10,90,174,0.5334637761116028,0.6248742606544543
t+10,90,175,0.6074930429458618,0.66485222259949
t+10,90,176,0.6222169995307922,0.6386328782120139
t+10,90,177,0.5982764363288879,0.5890702424050588
t+10,90,178,0.5136949419975281,0.6023948482775436
t+10,90,179,0.5992039442062378,0.6456027828362993
t+10,90,180,0.6698620915412903,0.6567063505005439
t+10,90,181,0.6059436798095703,0.5963401973146922
t+10,90,182,0.6484359502792358,0.5753519718547735
t+10,90,183,0.549525797367096,0.6194768532535132
t+10,90,184,0.599639356136322,0.5385146910043918
t+10,90,185,0.637165367603302,0.6073389600033602
t+10,90,186,0.6252025961875916,0.619483654757429
t+10,90,187,0.641601026058197,0.5965681013594569
t+10,90,188,0.6566566824913025,0.5178599757425129
t+10,90,189,0.6021835207939148,0.5965867797489791
t+10,90,190,0.6743676662445068,0.66158021279966
t+10,90,191,0.6656115055084229,0.6036959412300389
t+10,90,192,0.657647967338562,0.6414047698985321
t+10,90,193,0.711037278175354,0.5512122538172454
t+10,90,194,0.6951557993888855,0.5955816431875569
t+10,90,195,0.6589398384094238,0.6292748852554353
t+10,90,196,0.6664129495620728,0.6181555340595319
t+10,90,197,0.7094324827194214,0.633561813716802
t+10,90,198,0.6796600818634033,0.6468120743942032
t+10,90,199,0.6616643667221069,0.5970784773123106
t+10,90,200,0.740674614906311,0.6620718718181248
t+10,90,201,0.6859596967697144,0.6539578977090728
t+10,90,202,0.6951183676719666,0.6465108461845809
t+10,90,203,0.6628149151802063,0.694358369725097
t+10,90,204,0.7054175138473511,0.6795920611323492
t+10,90,205,0.6122881174087524,0.646143682664834
t+10,90,206,0.7140551805496216,0.6526146947491909
t+10,90,207,0.7339272499084473,0.6911926568262727
t+10,90,208,0.7178616523742676,0.6641402246460876
t+10,90,209,0.713875949382782,0.6473364908249732
t+10,90,210,0.7077434062957764,0.7179309330038914
t+10,90,211,0.6785898208618164,0.6688407592248715
t+10,90,212,0.671263575553894,0.6768301655292897
t+10,90,213,0.6443526744842529,0.6471982975926925
t+10,90,214,0.6400606632232666,0.6850337445457468
t+10,90,215,0.7399051785469055,0.6007711510753173
t+10,90,216,0.6681760549545288,0.6924134519626967
t+10,90,217,0.7293381094932556,0.7101311148847084
t+10,90,218,0.7325164079666138,0.6954173225842378
t+10,90,219,0.7011709809303284,0.6914066441948211
t+10,90,220,0.6666731238365173,0.6851286443415235
t+10,90,221,0.6871426105499268,0.6587356947760928
t+10,90,222,0.6932126879692078,0.6517545463044391
t+10,90,223,0.7471657991409302,0.626717068092639
t+10,90,224,0.6418532729148865,0.62257080607062
t+10,90,225,0.7047173976898193,0.7127086283465764
t+10,90,226,0.710604190826416,0.6476193569486126
t+10,90,227,0.6462116837501526,0.7021853833820373
t+10,90,228,0.7038144469261169,0.7043965464832792
t+10,90,229,0.6892520785331726,0.6764688627776739
t+10,90,230,0.6610933542251587,0.6448465606721053
t+10,90,231,0.6645122766494751,0.6631051006807709
t+10,90,232,0.6528778672218323,0.6683057818896869
t+10,90,233,0.6682102084159851,0.7168561430254288
t+10,90,234,0.6161827445030212,0.620303199021905
t+10,90,235,0.5893492698669434,0.6773740432906321
t+10,90,236,0.5773598551750183,0.6823302568307535
t+10,90,237,0.5756586194038391,0.6236427402801736
t+10,90,238,0.6254081130027771,0.6756942006317084
t+10,90,239,0.5649414658546448,0.6622568644238322
t+10,90,240,0.5317211747169495,0.6365379673930943
t+10,90,241,0.5069265365600586,0.6393671313844803
t+10,90,242,0.5506317615509033,0.6280598097815697
t+10,90,243,0.5617222785949707,0.6419418754698492
t+10,90,244,0.4902506470680237,0.5947708945752781
t+10,90,245,0.5003371834754944,0.5695220757795345
t+10,90,246,0.5229616761207581,0.5565010501774718
t+10,90,247,0.4631811678409576,0.5561213588622969
t+10,90,248,0.5050556063652039,0.6012926978909504
t+10,90,249,0.5613412261009216,0.547470138074307
t+10,90,250,0.5077394247055054,0.5148188604999657
t+10,90,251,0.5516061186790466,0.48966900779207245
t+10,90,252,0.3975984752178192,0.5306834830597721
t+10,90,253,0.4352316260337829,0.5395465676207104
t+10,90,254,0.4664890170097351,0.44684270994784786
t+10,90,255,0.526466965675354,0.4823741234143932
t+10,90,256,0.4369835555553436,0.5063443418430887
t+10,90,257,0.4059149622917175,0.42151577500245946
t+10,90,258,0.4644566774368286,0.4860256620875367
t+10,90,259,0.398272305727005,0.5391002406990447
t+10,90,260,0.41995769739151,0.48657444687665835
t+10,90,261,0.4294015765190124,0.5304977333813471
t+10,90,262,0.440412700176239,0.3591825146452708
t+10,90,263,0.4175698161125183,0.3890267830562762
t+10,90,264,0.4638152420520782,0.4206281374149153
t+10,90,265,0.3587440848350525,0.5029636202577471
t+10,90,266,0.3936045169830322,0.39268942736471046
t+10,90,267,0.4080583155155182,0.3626684920924881
t+10,90,268,0.3964468240737915,0.4150654097438976
t+10,90,269,0.3805849552154541,0.3531389922437131
t+10,90,270,0.3113827705383301,0.3776895927836033
t+10,90,271,0.3418777287006378,0.38263521088660474
t+10,90,272,0.3212239444255829,0.39316773274145944
t+10,90,273,0.3406495451927185,0.3726029946797411
t+10,90,274,0.3356865644454956,0.4124202326989366
t+10,90,275,0.3043745458126068,0.3136236827482648
t+10,90,276,0.2903254926204681,0.34665065264259565
t+10,90,277,0.3258494436740875,0.3678050861128578
t+10,90,278,0.2791979610919952,0.3529221312278971
t+10,90,279,0.3530560433864593,0.3358893969758306
t+10,90,280,0.3771468698978424,0.26369420062016163
t+10,90,281,0.3031355142593384,0.2982123588634725
t+10,90,282,0.2993995547294616,0.2761483426887219
t+10,90,283,0.283695787191391,0.29548427260597887
t+10,90,284,0.3378477990627289,0.28868528367882984
t+10,90,285,0.3291300535202026,0.25769863010951893
t+10,90,286,0.290129542350769,0.24346508753996476
t+10,90,287,0.3306663632392883,0.27624887484068655
t+10,90,288,0.3145188987255096,0.229460750356484
t+10,90,289,0.3207880556583404,0.30964514664202314
t+10,91,0,0.3129207789897918,0.3081439848712743
t+10,91,1,0.2957097291946411,0.3573460375711577
t+10,91,2,0.3550744652748108,0.3190730182379487
t+10,91,3,0.4156660437583923,0.3141510164224053
t+10,91,4,0.3705671727657318,0.40934204753354003
t+10,91,5,0.3167724013328552,0.38265321945564273
t+10,91,6,0.3331742882728576,0.3303770402598662
t+10,91,7,0.2784624993801117,0.29792564146383443
t+10,91,8,0.2220847308635711,0.39944378943383885
t+10,91,9,0.3320984840393066,0.40341986496932297
t+10,91,10,0.3169889152050018,0.36308800096901
t+10,91,11,0.4100715219974518,0.3440101872832387
t+10,91,12,0.3317900598049164,0.4076832978975041
t+10,91,13,0.3829200863838196,0.45831942411401033
t+10,91,14,0.3756691813468933,0.41422779793235354
t+10,91,15,0.2830285131931305,0.36173483643610316
t+10,91,16,0.3189952075481415,0.3814194709685316
t+10,91,17,0.3250109255313873,0.32259515019109725
t+10,91,18,0.2817829251289367,0.26858013209359705
t+10,91,19,0.3582001030445099,0.3766148349735174
t+10,91,20,0.3407892882823944,0.3624928472809939
t+10,91,21,0.3067612946033478,0.4530565168988913
t+10,91,22,0.3511050939559936,0.3734450494363377
t+10,91,23,0.3427651226520538,0.42454444898270166
t+10,91,24,0.3642664551734924,0.4185650715938531
t+10,91,25,0.3374345004558563,0.3291178745997352
t+10,91,26,0.3425380289554596,0.36424425247114983
t+10,91,27,0.3559776842594147,0.3669554437870227
t+10,91,28,0.3723601996898651,0.3223353402852252
t+10,91,29,0.3562838435173034,0.39785589349330835
t+10,91,30,0.4141734540462494,0.3800705778486529
t+10,91,31,0.3779486715793609,0.34920421374694377
t+10,91,32,0.3634898662567138,0.3910950863634336
t+10,91,33,0.3469365239143371,0.386901112931028
t+10,91,34,0.2860951721668243,0.4020895623263414
t+10,91,35,0.3401907980442047,0.3761399925988162
t+10,91,36,0.3841101229190826,0.38176442072799976
t+10,91,37,0.3910218179225921,0.39536437933682056
t+10,91,38,0.4164753556251526,0.40799220119327323
t+10,91,39,0.3731615543365478,0.3906407008057755
t+10,91,40,0.4462390542030334,0.44844157647885174
t+10,91,41,0.3051307797431946,0.41487418228009243
t+10,91,42,0.4180608987808227,0.40117635065778645
t+10,91,43,0.3495247662067413,0.3796128417518146
t+10,91,44,0.4573302268981933,0.32444937236191296
t+10,91,45,0.441006451845169,0.37439565788702583
t+10,91,46,0.3776655793190002,0.4196529376747727
t+10,91,47,0.3918103277683258,0.4243893713916517
t+10,91,48,0.4637670218944549,0.44619346413890776
t+10,91,49,0.4393591582775116,0.40635640335957285
t+10,91,50,0.4334784150123596,0.4767759607504071
t+10,91,51,0.4130063951015472,0.3421969194705606
t+10,91,52,0.4655123353004455,0.45215903918470096
t+10,91,53,0.4371185004711151,0.3777566352560258
t+10,91,54,0.4431360065937042,0.48177608637246777
t+10,91,55,0.430516242980957,0.4685664232897256
t+10,91,56,0.4790579080581665,0.4054542369881406
t+10,91,57,0.4713597893714905,0.417337413861909
t+10,91,58,0.457400381565094,0.48874348299654014
t+10,91,59,0.4590329527854919,0.4654667404671889
t+10,91,60,0.4871533811092376,0.45881072111599014
t+10,91,61,0.4664484858512878,0.4404404503156995
t+10,91,62,0.5586315989494324,0.48841123730638014
t+10,91,63,0.5395059585571289,0.4574669310994613
t+10,91,64,0.5046220421791077,0.46852374360003396
t+10,91,65,0.5964173674583435,0.45547511486815373
t+10,91,66,0.4892167150974273,0.5002949737801206
t+10,91,67,0.5707149505615234,0.49417457223172645
t+10,91,68,0.5632394552230835,0.48006234933921055
t+10,91,69,0.5415408611297607,0.4810241529262335
t+10,91,70,0.612461268901825,0.5060411655566901
t+10,91,71,0.5981330275535583,0.4827574528888335
t+10,91,72,0.5922664999961853,0.5994008176600116
t+10,91,73,0.6657041311264038,0.5826577742124116
t+10,91,74,0.616202175617218,0.5497900504883731
t+10,91,75,0.6231120824813843,0.6340617751747187
t+10,91,76,0.6033904552459717,0.5058995607301849
t+10,91,77,0.5875187516212463,0.6081827540944919
t+10,91,78,0.6470299363136292,0.6032919933300452
t+10,91,79,0.5876970291137695,0.5815823660847272
t+10,91,80,0.5944302082061768,0.6470237633571626
t+10,91,81,0.6356450915336609,0.6331897898268217
t+10,91,82,0.5637829303741455,0.626855958531493
t+10,91,83,0.6539939641952515,0.694530296704757
t+10,91,84,0.6564199924468994,0.6491641130845692
t+10,91,85,0.6742523312568665,0.6545182375446946
t+10,91,86,0.6155137419700623,0.6377038660495711
t+10,91,87,0.6379274129867554,0.6205378254506305
t+10,91,88,0.6163607239723206,0.6755295729644523
t+10,91,89,0.6239795088768005,0.6212146513299754
t+10,91,90,0.7148080468177795,0.6270668032572857
t+10,91,91,0.6878741979598999,0.664026090904573
t+10,91,92,0.6500042676925659,0.5977335843612611
t+10,91,93,0.6431980133056641,0.6803742780647172
t+10,91,94,0.6787180304527283,0.6820853288953322
t+10,91,95,0.6721157431602478,0.697892411161717
t+10,91,96,0.6895940899848938,0.644816501526564
t+10,91,97,0.7139521837234497,0.6643434723963477
t+10,91,98,0.7515538334846497,0.6439316018675463
t+10,91,99,0.7317988872528076,0.651016767189751
t+10,91,100,0.7652998566627502,0.7330634249527617
t+10,91,101,0.7717673182487488,0.7080453084547036
t+10,91,102,0.7383655309677124,0.67372483407727
t+10,91,103,0.671288013458252,0.6668722919607846
t+10,91,104,0.6609769463539124,0.6988400630531538
t+10,91,105,0.7362765073776245,0.692591407658217
t+10,91,106,0.8019096255302429,0.7078510874117602
t+10,91,107,0.7867714762687683,0.7292333388239512
t+10,91,108,0.7817285656929016,0.7484168521225465
t+10,91,109,0.74699866771698,0.7449926180007851
t+10,91,110,0.7316478490829468,0.7587689559628161
t+10,91,111,0.754915714263916,0.7655881029685608
t+10,91,112,0.7096195816993713,0.7496166068589734
t+10,91,113,0.7655578851699829,0.6888474091180277
t+10,91,114,0.7808929681777954,0.6793965073113234
t+10,91,115,0.7264884114265442,0.7458638164010978
t+10,91,116,0.824468731880188,0.7893731293771675
t+10,91,117,0.741415798664093,0.7758866367597509
t+10,91,118,0.7967392206192017,0.770469928529298
t+10,91,119,0.8733353018760681,0.7547056973391101
t+10,91,120,0.7680109739303589,0.741064554570546
t+10,91,121,0.7768831849098206,0.7462739356071837
t+10,91,122,0.8003349304199219,0.7204514236306465
t+10,91,123,0.7308499813079834,0.7546348556845676
t+10,91,124,0.8124100565910339,0.7680231474451112
t+10,91,125,0.7873653769493103,0.7340875400075908
t+10,91,126,0.7670956254005432,0.8071758417082543
t+10,91,127,0.7746968865394592,0.747090909226
t+10,91,128,0.7603226900100708,0.7812882981686284
t+10,91,129,0.761994481086731,0.8470716268051511
t+10,91,130,0.7925463914871216,0.757913573682424
t+10,91,131,0.7648728489875793,0.7640989097814942
t+10,91,132,0.7849591374397278,0.7831293356590648
t+10,91,133,0.7898789048194885,0.7357110557649229
t+10,91,134,0.7447134256362915,0.7948871018534882
t+10,91,135,0.8061725497245789,0.7714444293501664
t+10,91,136,0.7605602741241455,0.7530026945324854
t+10,91,137,0.8144825100898743,0.7588086138841557
t+10,91,138,0.7557141780853271,0.7458159528203213
t+10,91,139,0.7613011598587036,0.7458929063992735
t+10,91,140,0.7724568247795105,0.7744973367228859
t+10,91,141,0.7857146859169006,0.7481717922982115
t+10,91,142,0.7806171774864197,0.7668040126297344
t+10,91,143,0.7936757802963257,0.7685864483014873
t+10,91,144,0.7815924286842346,0.7450311296735669
t+10,91,145,0.7669194936752319,0.7834745846015311
t+10,91,146,0.7486345767974854,0.7440967706277248
t+10,91,147,0.778622031211853,0.7908520114662562
t+10,91,148,0.7346300482749939,0.738150091019006
t+10,91,149,0.7959188222885132,0.7423398838187371
t+10,91,150,0.7326542735099792,0.7517594399087685
t+10,91,151,0.7494902014732361,0.7627355850845843
t+10,91,152,0.8063985705375671,0.7588186363163929
t+10,91,153,0.7335032820701599,0.7701286228981633
t+10,91,154,0.7558570504188538,0.7584982829935627
t+10,91,155,0.7345919609069824,0.7459339439793639
t+10,91,156,0.7761393785476685,0.743327094978721
t+10,91,157,0.74997878074646,0.7548407703124441
t+10,91,158,0.7865310907363892,0.730840399428096
t+10,91,159,0.7727410197257996,0.7708625702828196
t+10,91,160,0.7632182836532593,0.7279984384981449
t+10,91,161,0.7510420680046082,0.742892668772927
t+10,91,162,0.7489790916442871,0.7787307063425601
t+10,91,163,0.7610465884208679,0.7276926572606409
t+10,91,164,0.7238667011260986,0.7340036386786388
t+10,91,165,0.7608855366706848,0.7286367824847608
t+10,91,166,0.7539421916007996,0.7490901691635232
t+10,91,167,0.7320656180381775,0.740486981663808
t+10,91,168,0.7281394004821777,0.757926710576602
t+10,91,169,0.7403769493103027,0.7463797661280853
t+10,91,170,0.726283848285675,0.7363339817009544
t+10,91,171,0.7022027969360352,0.7260108780835354
t+10,91,172,0.7616451978683472,0.7391323337648918
t+10,91,173,0.7433286905288696,0.7341970621982056
t+10,91,174,0.6997729539871216,0.7152589258580704
t+10,91,175,0.7577304840087891,0.7329052883746048
t+10,91,176,0.7149592638015747,0.726835533867269
t+10,91,177,0.7144057750701904,0.721798952543705
t+10,91,178,0.7365458011627197,0.7178207258197452
t+10,91,179,0.682927668094635,0.728721958066197
t+10,91,180,0.7064433693885803,0.7160581076140846
t+10,91,181,0.7104227542877197,0.6938758242535578
t+10,91,182,0.6858320236206055,0.7315950737496978
t+10,91,183,0.7039591670036316,0.7296054080795735
t+10,91,184,0.639439582824707,0.6907159399470221
t+10,91,185,0.6787652969360352,0.726891372448307
t+10,91,186,0.6547344326972961,0.703088394555514
t+10,91,187,0.7131778001785278,0.7031595465377456
t+10,91,188,0.7035949230194092,0.7215714042173669
t+10,91,189,0.6017568707466125,0.6736019736723252
t+10,91,190,0.6761091351509094,0.6946346525566024
t+10,91,191,0.7420927286148071,0.6973112537412036
t+10,91,192,0.6153482794761658,0.6751977470265422
t+10,91,193,0.7265154719352722,0.6911185939944168
t+10,91,194,0.6984158754348755,0.6322740210524296
t+10,91,195,0.6765236258506775,0.667706001433345
t+10,91,196,0.7121729254722595,0.645811814508638
t+10,91,197,0.676689088344574,0.6976817879443662
t+10,91,198,0.6886466145515442,0.689413424868783
t+10,91,199,0.618514895439148,0.5958891631856486
t+10,91,200,0.712279736995697,0.663822748281017
t+10,91,201,0.681770920753479,0.7219130341924949
t+10,91,202,0.6947018504142761,0.6080966093718179
t+10,91,203,0.6902788281440735,0.7074422623907146
t+10,91,204,0.7701029777526855,0.6825461248873791
t+10,91,205,0.6827535629272461,0.6623597688834914
t+10,91,206,0.7172455787658691,0.6940574562178506
t+10,91,207,0.6589370369911194,0.6617980923538048
t+10,91,208,0.7306041121482849,0.6722806542116456
t+10,91,209,0.7176796197891235,0.6082213238837189
t+10,91,210,0.7124735116958618,0.692669645426778
t+10,91,211,0.6590946316719055,0.6650592354754482
t+10,91,212,0.6674041748046875,0.6764512419782541
t+10,91,213,0.6633573174476624,0.6720399094653651
t+10,91,214,0.7297236323356628,0.7284464188164067
t+10,91,215,0.7108008861541748,0.6646071078308305
t+10,91,216,0.6802922487258911,0.6947190097787286
t+10,91,217,0.6869238615036011,0.6423691754402354
t+10,91,218,0.729046642780304,0.7059868127419466
t+10,91,219,0.7213093042373657,0.6945955056695742
t+10,91,220,0.6882384419441223,0.6895052745320074
t+10,91,221,0.6679533123970032,0.641306594943931
t+10,91,222,0.6823150515556335,0.6483306826133662
t+10,91,223,0.6303983926773071,0.6441088830829197
t+10,91,224,0.6593920588493347,0.7038673179729129
t+10,91,225,0.6725261807441711,0.6863927886883036
t+10,91,226,0.6426656246185303,0.6585765978179255
t+10,91,227,0.7065532803535461,0.6642519775310499
t+10,91,228,0.6421048641204834,0.7016995605175053
t+10,91,229,0.6080282926559448,0.6940320976634619
t+10,91,230,0.6529366970062256,0.6644249369512629
t+10,91,231,0.6091981530189514,0.6458173319777049
t+10,91,232,0.6529942154884338,0.6583697534004371
t+10,91,233,0.6060858964920044,0.6110299292092148
t+10,91,234,0.6101440191268921,0.6370061268179166
t+10,91,235,0.624046266078949,0.6483906849923852
t+10,91,236,0.6443890929222107,0.6212246601969926
t+10,91,237,0.5775756239891052,0.6786328968147097
t+10,91,238,0.5708217620849609,0.6204501835998115
t+10,91,239,0.5896015167236328,0.5876509153692739
t+10,91,240,0.6180625557899475,0.6285425325492349
t+10,91,241,0.5506580471992493,0.5889087086106625
t+10,91,242,0.5341492295265198,0.6283344062253374
t+10,91,243,0.5155346393585205,0.5856084505149118
t+10,91,244,0.514782190322876,0.5892697793267633
t+10,91,245,0.4641228914260864,0.6008130268820884
t+10,91,246,0.575221836566925,0.619513121590668
t+10,91,247,0.5187193751335144,0.558714981538927
t+10,91,248,0.5185852646827698,0.5510753764989532
t+10,91,249,0.5765758752822876,0.5688891952063129
t+10,91,250,0.4993530213832855,0.5941822384152057
t+10,91,251,0.5118337869644165,0.5323446992977764
t+10,91,252,0.4512732625007629,0.5164845271805625
t+10,91,253,0.4687046408653259,0.4969466476956886
t+10,91,254,0.4276250600814819,0.49471550835037953
t+10,91,255,0.4948941171169281,0.4209299408500556
t+10,91,256,0.3745935261249542,0.5516919900104491
t+10,91,257,0.4215854406356811,0.5001318477925255
t+10,91,258,0.4156372547149658,0.5011277948666584
t+10,91,259,0.4236597418785095,0.5540059973648814
t+10,91,260,0.4115851521492004,0.45723643137034364
t+10,91,261,0.4145330786705017,0.4923156295478545
t+10,91,262,0.4476468563079834,0.40991913873448743
t+10,91,263,0.4035824239253998,0.421877559277035
t+10,91,264,0.4745951294898987,0.38427462137644325
t+10,91,265,0.4285796582698822,0.44602717476691983
t+10,91,266,0.3348197042942047,0.3334206885222487
t+10,91,267,0.3637581765651703,0.37512016507843793
t+10,91,268,0.3609562516212463,0.3701615886221488
t+10,91,269,0.3255457878112793,0.37889965768452233
t+10,91,270,0.3694737553596496,0.36738314933117316
t+10,91,271,0.3677890598773956,0.371668527844771
t+10,91,272,0.239094465970993,0.40007778071648625
t+10,91,273,0.2912425994873047,0.35599118805737506
t+10,91,274,0.3792436420917511,0.4243375548771878
t+10,91,275,0.3166014850139618,0.38185720423712766
t+10,91,276,0.3166320025920868,0.289680176995149
t+10,91,277,0.3425616323947906,0.3204486778148333
t+10,91,278,0.3724188208580017,0.31637498313996343
t+10,91,279,0.3732556402683258,0.282158939526138
t+10,91,280,0.2920682430267334,0.3233369152291901
t+10,91,281,0.3615050017833709,0.32198430603772643
t+10,91,282,0.4238562285900116,0.19151881441268087
t+10,91,283,0.3016282916069031,0.2467329065364316
t+10,91,284,0.3110616207122803,0.3310668512055158
t+10,91,285,0.278866171836853,0.2708025251069419
t+10,91,286,0.3017602562904358,0.2695207170506492
t+10,91,287,0.3021501302719116,0.2977023926586014
t+10,91,288,0.328171044588089,0.3225278035058273
t+10,91,289,0.3234126269817352,0.3237882953293187
t+10,92,0,0.2968601882457733,0.40350106514633904
t+10,92,1,0.3117637932300567,0.3635297326491217
t+10,92,2,0.3266074955463409,0.384699742316646
t+10,92,3,0.3800522983074188,0.3538337385519419
t+10,92,4,0.3809046745300293,0.3505600230113048
t+10,92,5,0.4091017246246338,0.3380238517564319
t+10,92,6,0.3750516772270202,0.3799894622448227
t+10,92,7,0.362455815076828,0.37514846716252565
t+10,92,8,0.4642214775085449,0.35574661709770344
t+10,92,9,0.3854866921901703,0.4079934167045791
t+10,92,10,0.4361954927444458,0.3471314197972009
t+10,92,11,0.4803220629692077,0.3659272186124434
t+10,92,12,0.4985918402671814,0.3732474614866369
t+10,92,13,0.433571308851242,0.4250274692932175
t+10,92,14,0.4118295311927795,0.4268113449293222
t+10,92,15,0.4761918187141418,0.4520344136783721
t+10,92,16,0.5045685172080994,0.420450591067717
t+10,92,17,0.4724557399749756,0.4098772960454157
t+10,92,18,0.4465276300907135,0.499703235135354
t+10,92,19,0.4976783394813537,0.4288138120530965
t+10,92,20,0.4497480392456054,0.4773700579559199
t+10,92,21,0.5517563819885254,0.5162649448743919
t+10,92,22,0.6052811741828918,0.5324743376910214
t+10,92,23,0.5216898322105408,0.4715131027250336
t+10,92,24,0.564958393573761,0.4517299080068769
t+10,92,25,0.5213345289230347,0.5134665473548619
t+10,92,26,0.5163261294364929,0.563575985517959
t+10,92,27,0.5441765785217285,0.5071386938820222
t+10,92,28,0.5395926237106323,0.4828684166451767
t+10,92,29,0.5785166621208191,0.5307207329685641
t+10,92,30,0.5386381149291992,0.48350780795882764
t+10,92,31,0.5952948927879333,0.6078900179115123
t+10,92,32,0.5482496619224548,0.6566867367592514
t+10,92,33,0.5079012513160706,0.5793725110791152
t+10,92,34,0.5652777552604675,0.6176373750623939
t+10,92,35,0.5339775085449219,0.5779351040566733
t+10,92,36,0.486946702003479,0.5724107961446676
t+10,92,37,0.4833990633487701,0.5997997099579029
t+10,92,38,0.4482929408550262,0.5951810416491081
t+10,92,39,0.557784914970398,0.630114663230199
t+10,92,40,0.5171794891357422,0.5928638318094727
t+10,92,41,0.527927577495575,0.6445591734839239
t+10,92,42,0.5057052373886108,0.6004630843210257
t+10,92,43,0.4330076575279236,0.5630473888062233
t+10,92,44,0.4852457344532013,0.6163071082119491
t+10,92,45,0.4663927555084228,0.5847913838157562
t+10,92,46,0.4327657520771026,0.5143813670923113
t+10,92,47,0.491736888885498,0.5100651397833917
t+10,92,48,0.5176200866699219,0.47747042393008154
t+10,92,49,0.5013279318809509,0.606912697533235
t+10,92,50,0.4590961337089538,0.5684224113929222
t+10,92,51,0.4371730983257293,0.5778348864243744
t+10,92,52,0.3615894317626953,0.5587535780367482
t+10,92,53,0.4458281993865967,0.46142415099767253
t+10,92,54,0.4647913575172424,0.510086672101489
t+10,92,55,0.4747113883495331,0.4929544240263037
t+10,92,56,0.4756915271282196,0.46062002424034726
t+10,92,57,0.4794052541255951,0.5143650317547852
t+10,92,58,0.4509225189685821,0.5643383206531499
t+10,92,59,0.4323678910732269,0.5485103261636554
t+10,92,60,0.4459791183471679,0.4831603667228857
t+10,92,61,0.474371463060379,0.46493913538966036
t+10,92,62,0.4794295728206634,0.3880622097267241
t+10,92,63,0.408026248216629,0.4700788341340545
t+10,92,64,0.4146957695484161,0.48802838117047387
t+10,92,65,0.4500536918640136,0.4949720754744165
t+10,92,66,0.4603323638439178,0.49921351998120833
t+10,92,67,0.4595049321651459,0.5015362887258886
t+10,92,68,0.4930683970451355,0.47349063970885513
t+10,92,69,0.4425021409988403,0.45338254392482086
t+10,92,70,0.4149848818778991,0.47076657880768297
t+10,92,71,0.4922561645507812,0.49501212967569425
t+10,92,72,0.5042914152145386,0.49949301662400764
t+10,92,73,0.4354115128517151,0.4310192547096273
t+10,92,74,0.4420303106307983,0.43590864774617505
t+10,92,75,0.5056896209716797,0.4692722889806081
t+10,92,76,0.470805287361145,0.4788477916117758
t+10,92,77,0.4828558266162872,0.48031299238978475
t+10,92,78,0.4199085831642151,0.509445747188818
t+10,92,79,0.4077431261539459,0.4617632997747024
t+10,92,80,0.4405902028083801,0.43578953756147853
t+10,92,81,0.4832122325897217,0.5080141600762729
t+10,92,82,0.4773344099521637,0.5443824353520719
t+10,92,83,0.5474831461906433,0.4505714847684706
t+10,92,84,0.524526059627533,0.4604754256811869
t+10,92,85,0.4831506609916687,0.5474870171926555
t+10,92,86,0.5599679946899414,0.48455829732948286
t+10,92,87,0.4463838040828705,0.495037115969914
t+10,92,88,0.5284120440483093,0.4373776265411733
t+10,92,89,0.5477383136749268,0.4287060567569949
t+10,92,90,0.5250158905982971,0.4590349601075933
t+10,92,91,0.4536436796188354,0.49453529863342227
t+10,92,92,0.5802217125892639,0.48874899593796955
t+10,92,93,0.5970426201820374,0.5836985081365391
t+10,92,94,0.5679214000701904,0.5583504160384626
t+10,92,95,0.588396430015564,0.4918750020816908
t+10,92,96,0.5564331412315369,0.5924436492716839
t+10,92,97,0.6108783483505249,0.4602545959988708
t+10,92,98,0.5988049507141113,0.5615684038745113
t+10,92,99,0.6422048807144165,0.5801981883982215
t+10,92,100,0.6571477651596069,0.5605496164836888
t+10,92,101,0.5972982048988342,0.46150039835776463
t+10,92,102,0.6413525938987732,0.6101781439837078
t+10,92,103,0.6536284685134888,0.6250038390820791
t+10,92,104,0.651150107383728,0.5971169068170734
t+10,92,105,0.5556989908218384,0.6160551384126354
t+10,92,106,0.6555888056755066,0.5882708845604547
t+10,92,107,0.6434580683708191,0.6358655716684138
t+10,92,108,0.6846674084663391,0.625048770970865
t+10,92,109,0.7223020195960999,0.6644883437411828
t+10,92,110,0.6543990969657898,0.6771151112710592
t+10,92,111,0.6564227938652039,0.6228155078884984
t+10,92,112,0.7741261124610901,0.6618233102819828
t+10,92,113,0.7170898914337158,0.6728966656526435
t+10,92,114,0.6808886528015137,0.6702459930222423
t+10,92,115,0.713467001914978,0.5809135349721289
t+10,92,116,0.7499315142631531,0.6740404147431421
t+10,92,117,0.7064972519874573,0.6621523685421355
t+10,92,118,0.6902157664299011,0.6993736597184049
t+10,92,119,0.721052885055542,0.7326495261456898
t+10,92,120,0.7473689317703247,0.6712631854544794
t+10,92,121,0.7361505627632141,0.6728313124298158
t+10,92,122,0.6914896368980408,0.7632566535028235
t+10,92,123,0.7394295930862427,0.7268560989472862
t+10,92,124,0.6653090715408325,0.6939159793822016
t+10,92,125,0.7699266672134399,0.7231380917274931
t+10,92,126,0.7324583530426025,0.7552230103876724
t+10,92,127,0.7530220746994019,0.7157689534117402
t+10,92,128,0.7542858719825745,0.7009847329411667
t+10,92,129,0.7173731923103333,0.7282190827104758
t+10,92,130,0.7295317649841309,0.7519971043053874
t+10,92,131,0.7198168039321899,0.7412848005747401
t+10,92,132,0.7401291131973267,0.7007501626663354
t+10,92,133,0.7423326373100281,0.7434587688851998
t+10,92,134,0.7369126081466675,0.6763765491681206
t+10,92,135,0.6596702337265015,0.7548535883408838
t+10,92,136,0.7571747899055481,0.7362565353972028
t+10,92,137,0.7831240296363831,0.7391337242429147
t+10,92,138,0.7397933602333069,0.7408897783012844
t+10,92,139,0.6924680471420288,0.7216554200748055
t+10,92,140,0.7124319672584534,0.7319848033720582
t+10,92,141,0.7402715682983398,0.723142401444766
t+10,92,142,0.6862058043479919,0.741018362799584
t+10,92,143,0.6999684572219849,0.7427072271510818
t+10,92,144,0.6965439319610596,0.7374013089221426
t+10,92,145,0.6728085875511169,0.6674490206307258
t+10,92,146,0.6998183727264404,0.7396323985072418
t+10,92,147,0.6926833987236023,0.7623296832006036
t+10,92,148,0.6806445121765137,0.738334259376936
t+10,92,149,0.669566810131073,0.6958678937712302
t+10,92,150,0.6783827543258667,0.7134329602652891
t+10,92,151,0.698540449142456,0.7382715429906292
t+10,92,152,0.6500051617622375,0.6891634847961707
t+10,92,153,0.6155052185058594,0.7014260856879201
t+10,92,154,0.6286365985870361,0.6977212564280864
t+10,92,155,0.639382004737854,0.6762365283728297
t+10,92,156,0.6272913217544556,0.7000576500870287
t+10,92,157,0.631189227104187,0.693307988230813
t+10,92,158,0.5939427614212036,0.6820602533541964
t+10,92,159,0.5742772817611694,0.6717646770752411
t+10,92,160,0.6125847101211548,0.6794804963164541
t+10,92,161,0.645533561706543,0.6971667985909762
t+10,92,162,0.6259866952896118,0.6531748292948601
t+10,92,163,0.5973199009895325,0.6201958741215393
t+10,92,164,0.6254288554191589,0.6335555332625424
t+10,92,165,0.6465878486633301,0.6422299884323588
t+10,92,166,0.5935615301132202,0.6304552739674549
t+10,92,167,0.5553452372550964,0.6334956186588333
t+10,92,168,0.5808828473091125,0.5997886558949566
t+10,92,169,0.6480839848518372,0.5819454232933416
t+10,92,170,0.6529452204704285,0.6166377725457773
t+10,92,171,0.6066171526908875,0.6467039398692773
t+10,92,172,0.6143375039100647,0.6275767385869384
t+10,92,173,0.5697445273399353,0.6003871590008775
t+10,92,174,0.6166008114814758,0.6265439970465507
t+10,92,175,0.6277559995651245,0.6456998397996516
t+10,92,176,0.580108106136322,0.597355535569722
t+10,92,177,0.5887923836708069,0.5620605711711205
t+10,92,178,0.6182952523231506,0.5834931303320373
t+10,92,179,0.6377654671669006,0.6458754676654397
t+10,92,180,0.6071164608001709,0.6492901479536843
t+10,92,181,0.5782322287559509,0.6067489837555616
t+10,92,182,0.6260243654251099,0.6131972745960267
t+10,92,183,0.5837519764900208,0.5735693632463755
t+10,92,184,0.6502257585525513,0.6147062390276022
t+10,92,185,0.6119853854179382,0.6244524538716194
t+10,92,186,0.6823462247848511,0.5799609994938693
t+10,92,187,0.7153211832046509,0.5882026021712738
t+10,92,188,0.6464857459068298,0.6152407620381047
t+10,92,189,0.6834482550621033,0.6327029179928649
t+10,92,190,0.6904686093330383,0.6033156673599634
t+10,92,191,0.6102909445762634,0.5771852523803377
t+10,92,192,0.6711696982383728,0.620894849873455
t+10,92,193,0.7300640344619751,0.5811051127545366
t+10,92,194,0.720229983329773,0.6420047628201886
t+10,92,195,0.7070738673210144,0.6077008397703815
t+10,92,196,0.6847130060195923,0.670698685302913
t+10,92,197,0.6752402186393738,0.7000582133054923
t+10,92,198,0.7324406504631042,0.6375966684510073
t+10,92,199,0.6695543527603149,0.6706728329938411
t+10,92,200,0.7272505164146423,0.6766918004184185
t+10,92,201,0.7572809457778931,0.6034091102987043
t+10,92,202,0.751184344291687,0.6586343271996159
t+10,92,203,0.7218673229217529,0.7112162287917053
t+10,92,204,0.6638355255126953,0.7016920657637664
t+10,92,205,0.7158007621765137,0.6901904716796831
t+10,92,206,0.7658156752586365,0.6694120801950861
t+10,92,207,0.7479956150054932,0.6605704833956438
t+10,92,208,0.7709173560142517,0.7122313418353193
t+10,92,209,0.7576894164085388,0.6546232797463603
t+10,92,210,0.7209943532943726,0.7058543930855558
t+10,92,211,0.7282865643501282,0.7176898283058594
t+10,92,212,0.7278344631195068,0.7119254679677176
t+10,92,213,0.722107470035553,0.7002415852300835
t+10,92,214,0.7802086472511292,0.6477071590145562
t+10,92,215,0.7246715426445007,0.6942985939013437
t+10,92,216,0.7880830764770508,0.7242154308163773
t+10,92,217,0.7403304576873779,0.7222906244538041
t+10,92,218,0.7002586126327515,0.7268304693912203
t+10,92,219,0.7889419794082642,0.7157080668270152
t+10,92,220,0.7435036897659302,0.6972007105568011
t+10,92,221,0.7552477717399597,0.7034042703131423
t+10,92,222,0.7633656859397888,0.7025823513462015
t+10,92,223,0.7646224498748779,0.6971767605858762
t+10,92,224,0.7464272975921631,0.7338200789958526
t+10,92,225,0.7113569974899292,0.6988308014232659
t+10,92,226,0.7474701404571533,0.7390714705956699
t+10,92,227,0.7646076679229736,0.7117789677064011
t+10,92,228,0.7600948810577393,0.6760374387417185
t+10,92,229,0.818465530872345,0.7397170534879725
t+10,92,230,0.7275264263153076,0.7141977288659641
t+10,92,231,0.7130575180053711,0.7098012904265166
t+10,92,232,0.706713080406189,0.7164234407098228
t+10,92,233,0.6655715107917786,0.7164396253721901
t+10,92,234,0.6709607243537903,0.715899163621666
t+10,92,235,0.6347637176513672,0.6835293445587926
t+10,92,236,0.6540298461914062,0.7151225167317957
t+10,92,237,0.6353552937507629,0.716180273257226
t+10,92,238,0.6965526342391968,0.7107889056714777
t+10,92,239,0.6627568602561951,0.7613996741512259
t+10,92,240,0.6190190315246582,0.6965793843585993
t+10,92,241,0.6050046682357788,0.683212659797819
t+10,92,242,0.6135818958282471,0.676882144956641
t+10,92,243,0.5919758677482605,0.6395838024515638
t+10,92,244,0.5808786749839783,0.6440889341006008
t+10,92,245,0.5897346138954163,0.6108463383151838
t+10,92,246,0.5760746002197266,0.6278022447691156
t+10,92,247,0.5405630469322205,0.6108310765269925
t+10,92,248,0.5740175843238831,0.6657581928932564
t+10,92,249,0.4735900461673736,0.6348314859112554
t+10,92,250,0.5115355849266052,0.5955094072221297
t+10,92,251,0.5010155439376831,0.5812703190870347
t+10,92,252,0.4954988956451416,0.5890757275292481
t+10,92,253,0.5248240232467651,0.5686896798961135
t+10,92,254,0.4758586287498474,0.556935619970626
t+10,92,255,0.4773406982421875,0.56612797216576
t+10,92,256,0.4527903795242309,0.5532402843565362
t+10,92,257,0.4363897144794464,0.5173320666384517
t+10,92,258,0.4504190981388092,0.5500001782890671
t+10,92,259,0.4713031649589538,0.4300054794690409
t+10,92,260,0.4646706581115722,0.4913184563562462
t+10,92,261,0.4731732904911041,0.4841824334913109
t+10,92,262,0.3775933682918548,0.44844146910656985
t+10,92,263,0.4309587180614471,0.5056386837633754
t+10,92,264,0.4142498075962066,0.4303843286890123
t+10,92,265,0.3467016220092773,0.4295832193674711
t+10,92,266,0.3958741426467895,0.4091246873940671
t+10,92,267,0.3713594377040863,0.39136373001434094
t+10,92,268,0.4053693413734436,0.4062708920794616
t+10,92,269,0.3528454899787903,0.4231830453645691
t+10,92,270,0.3627774715423584,0.41612945010736013
t+10,92,271,0.3684380948543548,0.424601924631495
t+10,92,272,0.3965722918510437,0.3357796881195051
t+10,92,273,0.3455111384391784,0.3816172578024195
t+10,92,274,0.3647503554821014,0.36706054176113967
t+10,92,275,0.3239858746528625,0.29909749311648715
t+10,92,276,0.2677780389785766,0.3457239013236633
t+10,92,277,0.4107605516910553,0.3274906273461802
t+10,92,278,0.3867579102516174,0.36184568319651567
t+10,92,279,0.3365193009376526,0.3061607438921138
t+10,92,280,0.3157074749469757,0.3196477667374796
t+10,92,281,0.3395405411720276,0.32203193711182243
t+10,92,282,0.337347000837326,0.3501553672405252
t+10,92,283,0.3654464185237884,0.2988183097081853
t+10,92,284,0.3769043087959289,0.31813825931360773
t+10,92,285,0.2925131916999817,0.27770833577462256
t+10,92,286,0.3217917382717132,0.22077655246568106
t+10,92,287,0.3159507513046264,0.364191004500036
t+10,92,288,0.3449466824531555,0.3359124285134067
t+10,92,289,0.3022260367870331,0.2871485306389754
t+10,93,0,0.3481588661670685,0.3719094728881005
t+10,93,1,0.3419484496116638,0.36949851142435913
t+10,93,2,0.2633683085441589,0.360513234773509
t+10,93,3,0.350995123386383,0.3222354697318985
t+10,93,4,0.2799334526062011,0.46131924031781174
t+10,93,5,0.3843819200992584,0.33277875489856423
t+10,93,6,0.2589358687400818,0.3485332114405089
t+10,93,7,0.3864648938179016,0.36837349820745596
t+10,93,8,0.3496066927909851,0.42512510206132936
t+10,93,9,0.3758545517921448,0.4315001359489425
t+10,93,10,0.4087136089801788,0.3961523238017581
t+10,93,11,0.3966843783855438,0.3927497856604143
t+10,93,12,0.2749979197978973,0.31003845115119155
t+10,93,13,0.4271882176399231,0.3954205846595717
t+10,93,14,0.417284607887268,0.32607385131710437
t+10,93,15,0.3395081758499145,0.4275730752601667
t+10,93,16,0.4412099719047546,0.3089714083030732
t+10,93,17,0.3839943408966064,0.42437828052696586
t+10,93,18,0.3663212060928345,0.3950637873126866
t+10,93,19,0.4227142035961151,0.417187161071022
t+10,93,20,0.3872527480125427,0.4543325302062128
t+10,93,21,0.3814188539981842,0.4379899753386122
t+10,93,22,0.3814626038074493,0.31905535965621185
t+10,93,23,0.4441110491752624,0.46672479020892677
t+10,93,24,0.4685644209384918,0.45865263897293457
t+10,93,25,0.4493121206760406,0.37754571762563466
t+10,93,26,0.4924190044403076,0.48056721658727114
t+10,93,27,0.3821598887443542,0.4218004072368215
t+10,93,28,0.413445770740509,0.4026954060999107
t+10,93,29,0.4915878772735595,0.4575589646520037
t+10,93,30,0.4328081309795379,0.4272199387165144
t+10,93,31,0.4537620842456817,0.42122339538263814
t+10,93,32,0.5213326215744019,0.42092287015728513
t+10,93,33,0.5279552340507507,0.480623590343021
t+10,93,34,0.4795304834842682,0.5021097179826034
t+10,93,35,0.4746552407741546,0.4836715913831965
t+10,93,36,0.4728211164474487,0.524521172551236
t+10,93,37,0.5007501840591431,0.4217222043162969
t+10,93,38,0.5177371501922607,0.44964164697404774
t+10,93,39,0.5239319205284119,0.5203648772178131
t+10,93,40,0.462747186422348,0.46677843844578876
t+10,93,41,0.5490244030952454,0.48572091422594504
t+10,93,42,0.4542916119098663,0.5759771572762138
t+10,93,43,0.5233871936798096,0.5825166191663457
t+10,93,44,0.47215336561203,0.5091329548729384
t+10,93,45,0.5478606224060059,0.5030310025598677
t+10,93,46,0.5764244794845581,0.5024861679542888
t+10,93,47,0.5222448110580444,0.5546490452639197
t+10,93,48,0.5838541984558105,0.568884030983285
t+10,93,49,0.528579831123352,0.5738473125528959
t+10,93,50,0.6128796339035034,0.49053099687973567
t+10,93,51,0.5630875825881958,0.5978646430757417
t+10,93,52,0.6162073612213135,0.48286218052147106
t+10,93,53,0.5193185806274414,0.573395787516031
t+10,93,54,0.558316707611084,0.4993334409864532
t+10,93,55,0.5583046078681946,0.5962757878782624
t+10,93,56,0.5403078198432922,0.6213745099009447
t+10,93,57,0.5609267354011536,0.5718390839791897
t+10,93,58,0.5798018574714661,0.6282957404150232
t+10,93,59,0.5989722013473511,0.5788633926027215
t+10,93,60,0.5689849257469177,0.6541585133450101
t+10,93,61,0.5520003437995911,0.6078821617666444
t+10,93,62,0.5267742872238159,0.6572736146273639
t+10,93,63,0.5480390787124634,0.568428685245572
t+10,93,64,0.5351527333259583,0.6023952455245118
t+10,93,65,0.5651351809501648,0.6015987310891099
t+10,93,66,0.6380947232246399,0.5843781343398339
t+10,93,67,0.5779512524604797,0.6059323571487725
t+10,93,68,0.5903202295303345,0.6208373781968768
t+10,93,69,0.5208715796470642,0.6382720618037656
t+10,93,70,0.5374855995178223,0.6093799638712439
t+10,93,71,0.5398553013801575,0.593773304273419
t+10,93,72,0.594731330871582,0.5690568381773299
t+10,93,73,0.5205287337303162,0.5886188949539428
t+10,93,74,0.6111792325973511,0.5766478480305002
t+10,93,75,0.551971435546875,0.6050817657315213
t+10,93,76,0.5322346687316895,0.6718607127143812
t+10,93,77,0.5335198044776917,0.6159878424604422
t+10,93,78,0.5717525482177734,0.6266829958225529
t+10,93,79,0.5017876029014587,0.5613559203351595
t+10,93,80,0.5408113598823547,0.5771390542944532
t+10,93,81,0.5974142551422119,0.5785927838500091
t+10,93,82,0.534713864326477,0.629355299640816
t+10,93,83,0.5675272345542908,0.5618391688991634
t+10,93,84,0.6013309955596924,0.6443707859453536
t+10,93,85,0.5603840351104736,0.5900231757414982
t+10,93,86,0.594107985496521,0.5702700715433953
t+10,93,87,0.6202180981636047,0.5705780706090452
t+10,93,88,0.5761403441429138,0.6066808024259573
t+10,93,89,0.6277679204940796,0.5406379988088127
t+10,93,90,0.6164828538894653,0.5758987817135502
t+10,93,91,0.5776507258415222,0.6291254627260093
t+10,93,92,0.620549201965332,0.5705013979700136
t+10,93,93,0.5542584657669067,0.5995790478208368
t+10,93,94,0.561909556388855,0.6314490868280433
t+10,93,95,0.5962015390396118,0.5942593718527016
t+10,93,96,0.6266801357269287,0.6239315008113385
t+10,93,97,0.6346930265426636,0.6469932761406473
t+10,93,98,0.6381461024284363,0.6092754793019189
t+10,93,99,0.6820062398910522,0.6539381592122679
t+10,93,100,0.69412761926651,0.6426399400375623
t+10,93,101,0.6600255966186523,0.6084716386617954
t+10,93,102,0.6710206270217896,0.6464420224025983
t+10,93,103,0.6942763328552246,0.5843587816839263
t+10,93,104,0.6655746102333069,0.5926850204038142
t+10,93,105,0.7511836886405945,0.6230916598308021
t+10,93,106,0.76773601770401,0.6505588268561173
t+10,93,107,0.7666764855384827,0.6573963359162702
t+10,93,108,0.7654839754104614,0.6609544439149403
t+10,93,109,0.8420646786689758,0.7000405332029492
t+10,93,110,0.793950080871582,0.7105401867340192
t+10,93,111,0.8405903577804565,0.6796279672812491
t+10,93,112,0.8867921829223633,0.6890663926086597
t+10,93,113,0.8843991160392761,0.7098374119575167
t+10,93,114,0.8884792923927307,0.683368699111533
t+10,93,115,0.9511812925338744,0.7453483640388666
t+10,93,116,0.9120988845825196,0.761125799293925
t+10,93,117,0.9111210107803344,0.7584582779020389
t+10,93,118,0.9408727288246156,0.7569099948450303
t+10,93,119,0.9117013812065125,0.8242058156079599
t+10,93,120,0.9184918403625488,0.7802873747249842
t+10,93,121,0.9453369975090028,0.8233069821934597
t+10,93,122,1.0,0.861476564124785
t+10,93,123,0.9700133204460144,0.8595525858674711
t+10,93,124,0.9727442860603333,0.8615665523213927
t+10,93,125,0.9975483417510986,0.9195029366675745
t+10,93,126,0.9240598678588868,0.8808089632993242
t+10,93,127,0.9669817090034484,0.8835811120773824
t+10,93,128,0.9424473643302916,0.907513930343653
t+10,93,129,0.9443143606185912,0.8832175639223935
t+10,93,130,0.8724431395530701,0.888103784709965
t+10,93,131,0.9116356372833252,0.9095173821552177
t+10,93,132,0.9203338027000428,0.9555697383818805
t+10,93,133,0.9182479977607728,0.9290268547042616
t+10,93,134,0.8360729813575745,0.9351111369144429
t+10,93,135,0.9079408049583436,0.9532271680345774
t+10,93,136,0.920019507408142,0.8899477857462218
t+10,93,137,0.9197061061859132,0.9255087211325224
t+10,93,138,0.9032829403877258,0.9032352472909456
t+10,93,139,0.8952059745788574,0.9045256216355596
t+10,93,140,0.9616492390632628,0.8431936138759186
t+10,93,141,0.8679967522621155,0.8752894926835986
t+10,93,142,0.9168244004249572,0.8831682203434137
t+10,93,143,0.8647072911262512,0.8840686734989043
t+10,93,144,0.8388491272926331,0.811554676944951
t+10,93,145,0.9067066311836244,0.8718706188606866
t+10,93,146,0.905709743499756,0.8856525460608885
t+10,93,147,0.8687098026275635,0.883590030336995
t+10,93,148,0.9084049463272096,0.8694342414042541
t+10,93,149,0.846441388130188,0.8611563548146537
t+10,93,150,0.8531013131141663,0.9181061314445282
t+10,93,151,0.897523045539856,0.8374413375600858
t+10,93,152,0.9393246173858644,0.8774962533910733
t+10,93,153,0.9113783836364746,0.8309807841382436
t+10,93,154,0.8657342791557312,0.8098216453032581
t+10,93,155,0.8087684512138367,0.8699045143643784
t+10,93,156,0.7908570766448975,0.8651904784115318
t+10,93,157,0.7806829214096069,0.8342599774945262
t+10,93,158,0.8602012395858765,0.8701978464583437
t+10,93,159,0.7881930470466614,0.8138858072747562
t+10,93,160,0.8608314394950867,0.8210565809493684
t+10,93,161,0.7578915953636169,0.8561385288770199
t+10,93,162,0.7058851718902588,0.8979011288992079
t+10,93,163,0.7490810751914978,0.8725282778925185
t+10,93,164,0.7285450100898743,0.8298760904132985
t+10,93,165,0.649836003780365,0.7800456131711222
t+10,93,166,0.7335176467895508,0.7629023904976684
t+10,93,167,0.663878321647644,0.7534267784280738
t+10,93,168,0.7421642541885376,0.8225238466144101
t+10,93,169,0.6207563877105713,0.7602339379700048
t+10,93,170,0.6312210559844971,0.8251742720787141
t+10,93,171,0.6789365410804749,0.7323199585280012
t+10,93,172,0.6573914885520935,0.7000260342943935
t+10,93,173,0.6116635799407959,0.7383212678479277
t+10,93,174,0.6779277920722961,0.7196622525331835
t+10,93,175,0.6455042362213135,0.6484973524133942
t+10,93,176,0.6557747721672058,0.72425211771371
t+10,93,177,0.6194894313812256,0.6603993149039491
t+10,93,178,0.6269788146018982,0.7307720284172047
t+10,93,179,0.6646344065666199,0.6200372516279998
t+10,93,180,0.5797130465507507,0.6303182202819727
t+10,93,181,0.6049313545227051,0.6727161952649948
t+10,93,182,0.6490410566329956,0.6528584856429728
t+10,93,183,0.6565114855766296,0.6103453066307477
t+10,93,184,0.6084153056144714,0.67070134841087
t+10,93,185,0.6626339554786682,0.6416965306884607
t+10,93,186,0.6323467493057251,0.6499283785500114
t+10,93,187,0.6614627838134766,0.6168383931506735
t+10,93,188,0.630229651927948,0.6239394526164685
t+10,93,189,0.6483802199363708,0.6569934217955594
t+10,93,190,0.7142625451087952,0.580357359718971
t+10,93,191,0.6178604364395142,0.6018025728031413
t+10,93,192,0.6724156737327576,0.6418885001377339
t+10,93,193,0.6138863563537598,0.6482610397029113
t+10,93,194,0.7107008695602417,0.6041567620045896
t+10,93,195,0.6120030879974365,0.6531720938915179
t+10,93,196,0.6883769035339355,0.6251792952812038
t+10,93,197,0.7061772346496582,0.6514916864976087
t+10,93,198,0.6363153457641602,0.6224272280535345
t+10,93,199,0.7054921984672546,0.63874282400124
t+10,93,200,0.6513168215751648,0.6982099103346593
t+10,93,201,0.6451990008354187,0.6103543380876925
t+10,93,202,0.6671044230461121,0.6596963586910652
t+10,93,203,0.6600446105003357,0.6055615369814871
t+10,93,204,0.7645328044891357,0.6936439413639244
t+10,93,205,0.6712592244148254,0.6034107670851938
t+10,93,206,0.6928644180297852,0.6727519395476403
t+10,93,207,0.6986470222473145,0.6884099144327198
t+10,93,208,0.6904273629188538,0.6248687267724445
t+10,93,209,0.6825774312019348,0.6873446980739739
t+10,93,210,0.697942316532135,0.6383132430663313
t+10,93,211,0.734121561050415,0.6311637427094975
t+10,93,212,0.7286681532859802,0.6515482793366418
t+10,93,213,0.7717456221580505,0.6442964687510874
t+10,93,214,0.7035379409790039,0.7231179634077365
t+10,93,215,0.7818832397460938,0.6541976238623998
t+10,93,216,0.729461133480072,0.6734433916430358
t+10,93,217,0.7279280424118042,0.6783714416435787
t+10,93,218,0.7437655925750732,0.6705070860152645
t+10,93,219,0.7654086947441101,0.6630636611143711
t+10,93,220,0.6786015629768372,0.6767282885894378
t+10,93,221,0.6568789482116699,0.7090289995632388
t+10,93,222,0.6786521077156067,0.7037506905995657
t+10,93,223,0.6756248474121094,0.7269982925441699
t+10,93,224,0.7246851325035095,0.6803004365443489
t+10,93,225,0.6300336718559265,0.7359068015234269
t+10,93,226,0.6600101590156555,0.7032998216929597
t+10,93,227,0.664368748664856,0.7009989531781867
t+10,93,228,0.6110183596611023,0.715167225569346
t+10,93,229,0.6600955128669739,0.7190646661194329
t+10,93,230,0.6462810039520264,0.6557390722214215
t+10,93,231,0.5851793885231018,0.6359082925696956
t+10,93,232,0.6662944555282593,0.6551857501251321
t+10,93,233,0.5598138570785522,0.6520584159412629
t+10,93,234,0.628908097743988,0.6956000293852428
t+10,93,235,0.6159567832946777,0.6104515458113472
t+10,93,236,0.5193287134170532,0.6365974237375072
t+10,93,237,0.6042383313179016,0.6406927565868435
t+10,93,238,0.6026129126548767,0.5904814451126496
t+10,93,239,0.5649780035018921,0.6360672301682969
t+10,93,240,0.5753042697906494,0.6230905203145615
t+10,93,241,0.5542327761650085,0.5663118445602298
t+10,93,242,0.5665407776832581,0.6405093159483884
t+10,93,243,0.534710705280304,0.5408606499646252
t+10,93,244,0.5367404222488403,0.6055855921360292
t+10,93,245,0.4582786560058594,0.59349996674814
t+10,93,246,0.5092834234237671,0.5053120452381241
t+10,93,247,0.5199764370918274,0.5812969344908451
t+10,93,248,0.4952562749385834,0.5792419325419759
t+10,93,249,0.4656095206737518,0.5448711943091795
t+10,93,250,0.4570486843585968,0.5556416148497616
t+10,93,251,0.4696543216705322,0.5324938347520505
t+10,93,252,0.3941805362701416,0.5450745365993105
t+10,93,253,0.4829345643520355,0.5162598821128811
t+10,93,254,0.4362332820892334,0.5180344146344769
t+10,93,255,0.4842546880245209,0.41352706964819774
t+10,93,256,0.4402693212032318,0.49276353682250706
t+10,93,257,0.4705670773983001,0.4995451566737453
t+10,93,258,0.3919701278209686,0.451911683635006
t+10,93,259,0.4534683525562286,0.4222903125071798
t+10,93,260,0.4315071105957031,0.4130712588806078
t+10,93,261,0.4577511548995971,0.42533069388786127
t+10,93,262,0.3837091326713562,0.35196153737443864
t+10,93,263,0.3850222826004028,0.4395288095599808
t+10,93,264,0.3761337101459503,0.39420573077591653
t+10,93,265,0.4137390255928039,0.4363466900640117
t+10,93,266,0.3430439233779907,0.39937407355875226
t+10,93,267,0.3695440292358398,0.42374863057606976
t+10,93,268,0.3537282645702362,0.3506816977703517
t+10,93,269,0.4146186709403991,0.40791035691824745
t+10,93,270,0.3576532006263733,0.38671114588250083
t+10,93,271,0.3799569010734558,0.41136533710527473
t+10,93,272,0.3051396012306213,0.3438078751759957
t+10,93,273,0.3552770018577575,0.3436170848307809
t+10,93,274,0.4116521179676056,0.33239468592929594
t+10,93,275,0.3017443120479584,0.3676717507388532
t+10,93,276,0.322290688753128,0.29710029386770936
t+10,93,277,0.4201291501522064,0.3224883170497558
t+10,93,278,0.344759464263916,0.3076194160464517
t+10,93,279,0.3846639096736908,0.3633273229760162
t+10,93,280,0.3328503668308258,0.3163542165326268
t+10,93,281,0.2859134078025818,0.33409155541261315
t+10,93,282,0.3035110831260681,0.25810758100729353
t+10,93,283,0.3344081044197082,0.3076534626573316
t+10,93,284,0.3186448812484741,0.3624316465139807
t+10,93,285,0.30457204580307,0.253546410782361
t+10,93,286,0.3271448016166687,0.2783273048171088
t+10,93,287,0.2865345180034637,0.3699589822512182
t+10,93,288,0.3447584509849548,0.29402352398059006
t+10,93,289,0.2745817601680755,0.34072980014330395
t+10,94,0,0.3238775134086609,0.35486550180761334
t+10,94,1,0.3258032202720642,0.3037425578972303
t+10,94,2,0.3088614344596863,0.4045059035717375
t+10,94,3,0.3571118414402008,0.4120102229277146
t+10,94,4,0.265837162733078,0.3849453522151294
t+10,94,5,0.3174513280391693,0.35323263934088545
t+10,94,6,0.2655582726001739,0.31422125831676484
t+10,94,7,0.3067983388900757,0.4140570889525202
t+10,94,8,0.3341214060783386,0.37395195486053
t+10,94,9,0.3522883951663971,0.3746111272152073
t+10,94,10,0.2751322090625763,0.3675751666513491
t+10,94,11,0.3372905850410461,0.37409659903304476
t+10,94,12,0.2683822214603424,0.35533175523441146
t+10,94,13,0.3476073741912842,0.401146246958664
t+10,94,14,0.3580464720726013,0.31463061433714123
t+10,94,15,0.3303723931312561,0.3668857992005929
t+10,94,16,0.3267540633678436,0.31258332813762185
t+10,94,17,0.359754353761673,0.3530172264467541
t+10,94,18,0.3321475386619568,0.3800752054763441
t+10,94,19,0.2857136130332947,0.3945852968646633
t+10,94,20,0.3681200742721557,0.3213018380853204
t+10,94,21,0.3138631582260132,0.3810843709166524
t+10,94,22,0.35507732629776,0.31282779659375337
t+10,94,23,0.357915461063385,0.3903193776192085
t+10,94,24,0.3633271753787994,0.4008514836801407
t+10,94,25,0.3168783783912658,0.3748241765252278
t+10,94,26,0.3915082812309265,0.3657826271327806
t+10,94,27,0.3150481581687927,0.401413754024463
t+10,94,28,0.3117082715034485,0.37359180901820765
t+10,94,29,0.2886289060115814,0.3281564998938446
t+10,94,30,0.3998647034168243,0.4053760919590629
t+10,94,31,0.4228975474834442,0.3541993637120047
t+10,94,32,0.3656392693519592,0.3950783714325023
t+10,94,33,0.3408117592334747,0.39565271314536177
t+10,94,34,0.3909141719341278,0.4003679712672999
t+10,94,35,0.3495940864086151,0.3563063536291639
t+10,94,36,0.3873374164104461,0.42704575363653935
t+10,94,37,0.4124954044818878,0.3522902300077675
t+10,94,38,0.4107820689678192,0.3491386115941197
t+10,94,39,0.3259154260158539,0.3292191698521162
t+10,94,40,0.430097371339798,0.4357110085477489
t+10,94,41,0.3491614162921905,0.4575468720501609
t+10,94,42,0.3607107400894165,0.40316194020565715
t+10,94,43,0.426375538110733,0.3777722582065164
t+10,94,44,0.4356000125408172,0.4263445195695486
t+10,94,45,0.3855431675910949,0.38349198105025606
t+10,94,46,0.4208333194255829,0.420014795879524
t+10,94,47,0.358949214220047,0.4399615428427601
t+10,94,48,0.4215672612190246,0.443780505555736
t+10,94,49,0.4082353115081787,0.3609289380100486
t+10,94,50,0.4127233624458313,0.46199192910100423
t+10,94,51,0.4689920842647552,0.38045230001898045
t+10,94,52,0.480623334646225,0.3949147797718358
t+10,94,53,0.404612123966217,0.4559722269225319
t+10,94,54,0.4850811958312988,0.46107385912187604
t+10,94,55,0.4571821093559265,0.4189548657839223
t+10,94,56,0.4724390804767608,0.45007089893282143
t+10,94,57,0.5314887762069702,0.3884350552556068
t+10,94,58,0.5209657549858093,0.4489096616427961
t+10,94,59,0.6066104769706726,0.4347728187514526
t+10,94,60,0.5870649814605713,0.44147528282223863
t+10,94,61,0.5850062370300293,0.4912119392363534
t+10,94,62,0.5612890124320984,0.502383831583454
t+10,94,63,0.5229538679122925,0.43102019819180776
t+10,94,64,0.5420928597450256,0.505999250065624
t+10,94,65,0.598616898059845,0.47988546592901654
t+10,94,66,0.5398682951927185,0.4910284505971973
t+10,94,67,0.6040031909942627,0.5787564542662871
t+10,94,68,0.5978085994720459,0.5662008210715628
t+10,94,69,0.6145445704460144,0.6443826371187249
t+10,94,70,0.5884746313095093,0.6266040142372264
t+10,94,71,0.65518718957901,0.6234181935417105
t+10,94,72,0.6065388321876526,0.6009713575284561
t+10,94,73,0.5961768627166748,0.5664624391749359
t+10,94,74,0.6442025303840637,0.5840435192398411
t+10,94,75,0.6024585366249084,0.6361308434732592
t+10,94,76,0.5742575526237488,0.5826009388732509
t+10,94,77,0.5914384722709656,0.6405385414115077
t+10,94,78,0.6072971820831299,0.6353701720697842
t+10,94,79,0.5798770189285278,0.6499287111432531
t+10,94,80,0.6225090026855469,0.6248202183555865
t+10,94,81,0.5547228455543518,0.6850403907965366
t+10,94,82,0.6250126361846924,0.6407098010727597
t+10,94,83,0.6037471890449524,0.6303370003003039
t+10,94,84,0.6406652331352234,0.6739044295625171
t+10,94,85,0.5538895130157471,0.634678983364265
t+10,94,86,0.5645806193351746,0.610617351195445
t+10,94,87,0.6181133985519409,0.624883551922104
t+10,94,88,0.6209045648574829,0.638943644486506
t+10,94,89,0.6626489758491516,0.6133765338146325
t+10,94,90,0.5933194756507874,0.6529760157348736
t+10,94,91,0.6464690566062927,0.5895638798736063
t+10,94,92,0.641746997833252,0.6544949788674946
t+10,94,93,0.6443690657615662,0.6344242254070745
t+10,94,94,0.6652278304100037,0.668110040788243
t+10,94,95,0.586304247379303,0.5875517120393586
t+10,94,96,0.6811628341674805,0.5973100983447127
t+10,94,97,0.6688709259033203,0.6461634289499734
t+10,94,98,0.7343367338180542,0.6486354005123117
t+10,94,99,0.6967650651931763,0.6863114732222333
t+10,94,100,0.7025543451309204,0.6229710603555644
t+10,94,101,0.6891078352928162,0.670420134804674
t+10,94,102,0.7261163592338562,0.6658591036512428
t+10,94,103,0.6741989850997925,0.6678989502902775
t+10,94,104,0.7437682151794434,0.6868095109084519
t+10,94,105,0.7100553512573242,0.6133690728248617
t+10,94,106,0.730129063129425,0.7003114053457036
t+10,94,107,0.7306718826293945,0.6888674162406769
t+10,94,108,0.8010029792785645,0.7469751061230768
t+10,94,109,0.7260934114456177,0.7133871031344452
t+10,94,110,0.7431044578552246,0.7181745226063058
t+10,94,111,0.7574804425239563,0.7057575351663186
t+10,94,112,0.8093063831329346,0.7382985542138002
t+10,94,113,0.8040898442268372,0.6915840806586738
t+10,94,114,0.7768376469612122,0.753628676508211
t+10,94,115,0.8121075630187988,0.7235161156333944
t+10,94,116,0.8131760954856873,0.7412567888750794
t+10,94,117,0.7842423319816589,0.740806465354815
t+10,94,118,0.8246368765830994,0.7893127480859572
t+10,94,119,0.8378872871398926,0.7362519645101949
t+10,94,120,0.8811569213867188,0.7505299316048581
t+10,94,121,0.8270338177680969,0.7480466356364581
t+10,94,122,0.8058237433433533,0.7931178132541775
t+10,94,123,0.7982163429260254,0.7909033716322317
t+10,94,124,0.8800639510154724,0.7653968516037907
t+10,94,125,0.8085665702819824,0.7960094920894198
t+10,94,126,0.8133611679077148,0.7963960048645796
t+10,94,127,0.8301153779029846,0.771274136134192
t+10,94,128,0.8324529528617859,0.804194084439148
t+10,94,129,0.7808137536048889,0.819099294584679
t+10,94,130,0.7819151878356934,0.8549898345577568
t+10,94,131,0.8110761642456055,0.8085139744746113
t+10,94,132,0.8386185765266418,0.7886577374188358
t+10,94,133,0.7544658184051514,0.7800059770485736
t+10,94,134,0.7458856701850891,0.8500894912115816
t+10,94,135,0.7886478304862976,0.7899855805720971
t+10,94,136,0.7934194803237915,0.7930382254404011
t+10,94,137,0.7949913144111633,0.8074593509110555
t+10,94,138,0.7625904679298401,0.8091937157492118
t+10,94,139,0.7718669176101685,0.7637630378441362
t+10,94,140,0.7019681334495544,0.7650038818819155
t+10,94,141,0.7091026306152344,0.790740673596963
t+10,94,142,0.7811046838760376,0.8120907663092364
t+10,94,143,0.6753173470497131,0.7387379121269068
t+10,94,144,0.7397312521934509,0.7454009282976088
t+10,94,145,0.683492124080658,0.7680067248378019
t+10,94,146,0.7219659090042114,0.7708598922866771
t+10,94,147,0.681483268737793,0.7741202869041384
t+10,94,148,0.6351571083068848,0.7445075103195891
t+10,94,149,0.6287434101104736,0.7521107590150633
t+10,94,150,0.5878032445907593,0.7039938196942481
t+10,94,151,0.6919384002685547,0.7102463021572711
t+10,94,152,0.6835559606552124,0.7586633179244243
t+10,94,153,0.7019528150558472,0.6789254859746804
t+10,94,154,0.6677934527397156,0.7368093464927604
t+10,94,155,0.6881327629089355,0.6856825004242986
t+10,94,156,0.6371153593063354,0.7199602338211833
t+10,94,157,0.6777799129486084,0.6832377416691464
t+10,94,158,0.6526976227760315,0.6407806544584442
t+10,94,159,0.6561594605445862,0.6343694045917613
t+10,94,160,0.6003594398498535,0.5959081344841988
t+10,94,161,0.6136775612831116,0.691241658612656
t+10,94,162,0.6434464454650879,0.6833564924888454
t+10,94,163,0.6372256278991699,0.6994133155146536
t+10,94,164,0.6049898266792297,0.6683232406817329
t+10,94,165,0.6416009664535522,0.6864622975760342
t+10,94,166,0.6174536347389221,0.639914873662346
t+10,94,167,0.6393635272979736,0.6764321370019099
t+10,94,168,0.5893934369087219,0.6529577818078862
t+10,94,169,0.6103256344795227,0.6559482607724382
t+10,94,170,0.5847108364105225,0.6042762152049788
t+10,94,171,0.5811426639556885,0.6163441953116979
t+10,94,172,0.618285059928894,0.643424333661051
t+10,94,173,0.6126119494438171,0.6379630619142824
t+10,94,174,0.6217118501663208,0.60863486743545
t+10,94,175,0.5967013835906982,0.6406066950639446
t+10,94,176,0.5933943390846252,0.6196345427386921
t+10,94,177,0.5914286375045776,0.6382014830518838
t+10,94,178,0.6382893323898315,0.5920724090778211
t+10,94,179,0.6537161469459534,0.6114006250785847
t+10,94,180,0.5722804665565491,0.5865065399547609
t+10,94,181,0.564632773399353,0.5837110219147035
t+10,94,182,0.6382062435150146,0.6180964447451878
t+10,94,183,0.6694722771644592,0.6117852355862897
t+10,94,184,0.6184393167495728,0.6199289285188183
t+10,94,185,0.6243293881416321,0.595882157429203
t+10,94,186,0.6243403553962708,0.5935537916485277
t+10,94,187,0.5689445734024048,0.5902842439896184
t+10,94,188,0.6620643734931946,0.6337229663747846
t+10,94,189,0.5880023241043091,0.6474183353545051
t+10,94,190,0.5952878594398499,0.5717889236567946
t+10,94,191,0.6292983889579773,0.565598043874652
t+10,94,192,0.66305011510849,0.6318328646582877
t+10,94,193,0.6636836528778076,0.6601268407110402
t+10,94,194,0.6468260884284973,0.6130338496870769
t+10,94,195,0.6830796003341675,0.6181200720586338
t+10,94,196,0.6993570923805237,0.6178954705943622
t+10,94,197,0.6710405349731445,0.5667509748153705
t+10,94,198,0.6571288108825684,0.6515932762834747
t+10,94,199,0.7116026282310486,0.5838139702030283
t+10,94,200,0.7408216595649719,0.5898649828657078
t+10,94,201,0.6765255331993103,0.6204080893279419
t+10,94,202,0.709041178226471,0.6513543666966037
t+10,94,203,0.7317638993263245,0.6511144239006451
t+10,94,204,0.7186402678489685,0.6359587257798082
t+10,94,205,0.6803514957427979,0.6682747343312285
t+10,94,206,0.6713807582855225,0.6824673323381075
t+10,94,207,0.732474684715271,0.656654684309773
t+10,94,208,0.6947522163391113,0.6436330502843675
t+10,94,209,0.6966676712036133,0.692242423216801
t+10,94,210,0.6502791047096252,0.7191397328845132
t+10,94,211,0.6777529716491699,0.6603156131731021
t+10,94,212,0.6759297251701355,0.6894542442919909
t+10,94,213,0.6947898268699646,0.7093760347038089
t+10,94,214,0.7091979384422302,0.6973110454500352
t+10,94,215,0.7226244807243347,0.6624014618641366
t+10,94,216,0.6599442958831787,0.6540140674514683
t+10,94,217,0.6350038647651672,0.708318574229916
t+10,94,218,0.7137457132339478,0.6745369301594284
t+10,94,219,0.6964395046234131,0.6758322845026226
t+10,94,220,0.7049262523651123,0.6338576574805592
t+10,94,221,0.6517123579978943,0.6580202072495458
t+10,94,222,0.6865109205245972,0.656082546844462
t+10,94,223,0.7764251232147217,0.6725308868668312
t+10,94,224,0.6516753435134888,0.6856747992516983
t+10,94,225,0.6456475853919983,0.6968597286849096
t+10,94,226,0.6117298007011414,0.6403642491849958
t+10,94,227,0.6391457319259644,0.617376950512036
t+10,94,228,0.6395143270492554,0.6883207416588201
t+10,94,229,0.6835780143737793,0.6719639422584089
t+10,94,230,0.5792533159255981,0.679492771777414
t+10,94,231,0.6324260234832764,0.6309504401745019
t+10,94,232,0.5569707155227661,0.6621516989678969
t+10,94,233,0.6686285734176636,0.7275393357004967
t+10,94,234,0.7083990573883057,0.6304489807005688
t+10,94,235,0.6503185033798218,0.6240505462893906
t+10,94,236,0.6208716630935669,0.5918842558027805
t+10,94,237,0.6533719897270203,0.617062878391577
t+10,94,238,0.5913439989089966,0.6176181615877068
t+10,94,239,0.5375661253929138,0.6571211928882172
t+10,94,240,0.5666689872741699,0.5626163443255654
t+10,94,241,0.5954222679138184,0.6093541422180423
t+10,94,242,0.5589916110038757,0.5393487416571423
t+10,94,243,0.4995067715644836,0.6424045002963003
t+10,94,244,0.5143627524375916,0.6775694824986938
t+10,94,245,0.5785099267959595,0.6249123357028171
t+10,94,246,0.5559054613113403,0.5975783796541378
t+10,94,247,0.5149500966072083,0.6270279766217001
t+10,94,248,0.5207622051239014,0.5694889642430369
t+10,94,249,0.5003244876861572,0.5194581636325961
t+10,94,250,0.5483623147010803,0.5468084228234347
t+10,94,251,0.5501776337623596,0.5725976569587758
t+10,94,252,0.4980067908763885,0.5393495294473298
t+10,94,253,0.4685383439064026,0.45666997454831704
t+10,94,254,0.3685857951641083,0.4952227335785592
t+10,94,255,0.4327739775180816,0.5557098164852584
t+10,94,256,0.4642290771007538,0.5350647585938558
t+10,94,257,0.4647073447704315,0.4981744286634098
t+10,94,258,0.4200955629348755,0.5005076555875811
t+10,94,259,0.368140161037445,0.4814844229779592
t+10,94,260,0.3970993757247925,0.5252738870685574
t+10,94,261,0.4231106340885162,0.5283804430640168
t+10,94,262,0.4061662256717682,0.44911366969115996
t+10,94,263,0.42037433385849,0.420393996162155
t+10,94,264,0.3692140579223633,0.3238028593571875
t+10,94,265,0.3830534517765045,0.38759297754243693
t+10,94,266,0.3929747939109802,0.416890244914672
t+10,94,267,0.4200838208198547,0.4164134994688678
t+10,94,268,0.3727080225944519,0.37454767388423466
t+10,94,269,0.3522785604000091,0.3244566826177302
t+10,94,270,0.4200895130634308,0.3514506239114548
t+10,94,271,0.3698069453239441,0.3774797616734689
t+10,94,272,0.2358854264020919,0.3597291051384719
t+10,94,273,0.3184219598770141,0.3761197809616511
t+10,94,274,0.3254613578319549,0.32320209042865744
t+10,94,275,0.3311524987220764,0.33768185368782516
t+10,94,276,0.3275481462478637,0.3483687722786039
t+10,94,277,0.3611052334308624,0.37193267257788826
t+10,94,278,0.2637316286563873,0.3292207945290513
t+10,94,279,0.29224693775177,0.30679697271776923
t+10,94,280,0.3161104619503021,0.3695208210809213
t+10,94,281,0.3723873496055603,0.3233060709844362
t+10,94,282,0.2983191907405853,0.1927949623978601
t+10,94,283,0.3055665194988251,0.26964989775158216
t+10,94,284,0.3123730719089508,0.2753292700613387
t+10,94,285,0.2229301184415817,0.2875143438485029
t+10,94,286,0.3782587051391601,0.2800716655625387
t+10,94,287,0.3510277569293976,0.3140129285497451
t+10,94,288,0.3395936191082001,0.218858080475616
t+10,94,289,0.3369259238243103,0.2463179494447617
t+10,95,0,0.517249345779419,0.4289388148128977
t+10,95,1,0.4284642934799194,0.4371856290333909
t+10,95,2,0.4570837616920471,0.44284058731887727
t+10,95,3,0.4720915257930755,0.4701658229415653
t+10,95,4,0.5111368894577026,0.45862563629257863
t+10,95,5,0.389793187379837,0.4442219486780152
t+10,95,6,0.4545681476593017,0.4933462714535933
t+10,95,7,0.492550790309906,0.4678195671325255
t+10,95,8,0.4257385432720184,0.43281420751783833
t+10,95,9,0.4690454602241516,0.5874736164330658
t+10,95,10,0.482744961977005,0.5835972363781844
t+10,95,11,0.4790563285350799,0.47154420577669875
t+10,95,12,0.459339439868927,0.5008652465987016
t+10,95,13,0.5332358479499817,0.5134437660926255
t+10,95,14,0.4762250483036041,0.5769667722665012
t+10,95,15,0.5244836807250977,0.4331277940795535
t+10,95,16,0.4837328493595123,0.4943808413982346
t+10,95,17,0.5015226602554321,0.5279127874396272
t+10,95,18,0.4793672859668731,0.46663694659560423
t+10,95,19,0.5295770764350891,0.5076662577566212
t+10,95,20,0.5035207867622375,0.520085994502112
t+10,95,21,0.4575080275535583,0.5158182356033636
t+10,95,22,0.5139416456222534,0.4957487556353002
t+10,95,23,0.5795249938964844,0.5908078212761234
t+10,95,24,0.4231183528900146,0.511823487361126
t+10,95,25,0.478628396987915,0.5836687830888003
t+10,95,26,0.4794642031192779,0.5161220513755567
t+10,95,27,0.4688598811626434,0.5626609678516773
t+10,95,28,0.5047767758369446,0.513176445118706
t+10,95,29,0.4630218744277954,0.5886280616696181
t+10,95,30,0.4960294961929321,0.563468093365448
t+10,95,31,0.4857235252857208,0.4895848827641797
t+10,95,32,0.4254644811153412,0.569629841626913
t+10,95,33,0.4184861481189728,0.6334443616453633
t+10,95,34,0.5166766047477722,0.46059615741572796
t+10,95,35,0.4444175064563751,0.5088405572945655
t+10,95,36,0.4516607522964477,0.5112591837481737
t+10,95,37,0.4996614456176758,0.5009789992589884
t+10,95,38,0.4657657444477081,0.5615744510454779
t+10,95,39,0.4178234338760376,0.49356151511542196
t+10,95,40,0.4258229732513428,0.5241309033314537
t+10,95,41,0.4727991223335266,0.5161830641078912
t+10,95,42,0.4809135496616363,0.45774471827757435
t+10,95,43,0.4191026389598846,0.45187397663216977
t+10,95,44,0.4758602678775787,0.5717771503181139
t+10,95,45,0.414368987083435,0.4734361065413632
t+10,95,46,0.4328165352344513,0.4843335976589768
t+10,95,47,0.3796375691890716,0.5264028923776571
t+10,95,48,0.415983110666275,0.49322696761790974
t+10,95,49,0.4404518604278564,0.4487477649143044
t+10,95,50,0.4354696273803711,0.4571676951716569
t+10,95,51,0.4478638768196106,0.4977830666687156
t+10,95,52,0.3963966965675354,0.5089261442270993
t+10,95,53,0.4144994914531708,0.44879991467798475
t+10,95,54,0.418024867773056,0.5012577607033346
t+10,95,55,0.4816659390926361,0.44398245639793804
t+10,95,56,0.3799463510513305,0.4600032842643886
t+10,95,57,0.4130702018737793,0.40937157701634297
t+10,95,58,0.4199655055999756,0.44397726806915505
t+10,95,59,0.5341663956642151,0.46626165784386037
t+10,95,60,0.4478139877319336,0.45978166310382007
t+10,95,61,0.4259694814682007,0.4730573307295348
t+10,95,62,0.4313453733921051,0.42298359469668895
t+10,95,63,0.3764570951461792,0.4413750627757584
t+10,95,64,0.4369797110557556,0.443585152687495
t+10,95,65,0.4807125926017761,0.5055352603370248
t+10,95,66,0.4310132563114166,0.4065896356081316
t+10,95,67,0.4233631491661072,0.44012318602798356
t+10,95,68,0.4316949248313904,0.4463421305442896
t+10,95,69,0.474498450756073,0.5769149927383742
t+10,95,70,0.4699262678623199,0.4666137760531823
t+10,95,71,0.4913670718669891,0.44764252681370376
t+10,95,72,0.4623765051364898,0.4527410055370472
t+10,95,73,0.4848329126834869,0.40014915726487804
t+10,95,74,0.4312686324119568,0.45771884335359503
t+10,95,75,0.471184641122818,0.49892956445644204
t+10,95,76,0.4312548637390136,0.4550792362022908
t+10,95,77,0.4525030851364136,0.4420277614566411
t+10,95,78,0.4481165409088135,0.4492417753556443
t+10,95,79,0.4794577360153198,0.4922161855754894
t+10,95,80,0.5263409614562988,0.4897506856675995
t+10,95,81,0.508062481880188,0.5078776516169545
t+10,95,82,0.4594265818595886,0.478496785298063
t+10,95,83,0.5253834128379822,0.4996424244137351
t+10,95,84,0.5862358212471008,0.4488006500890132
t+10,95,85,0.5623157620429993,0.48731404249238475
t+10,95,86,0.5464099049568176,0.4492187989048855
t+10,95,87,0.5696942210197449,0.46744969790823904
t+10,95,88,0.5769482851028442,0.4638760667003285
t+10,95,89,0.5521798729896545,0.49191930996282845
t+10,95,90,0.5349294543266296,0.5629360096905979
t+10,95,91,0.6267117857933044,0.5454312921288854
t+10,95,92,0.5734302997589111,0.47057597988093275
t+10,95,93,0.6127794981002808,0.5601901756475409
t+10,95,94,0.5751216411590576,0.6189625506750271
t+10,95,95,0.6576812863349915,0.5959074670144916
t+10,95,96,0.4843261837959289,0.5809745596906501
t+10,95,97,0.5875943899154663,0.6028482319103567
t+10,95,98,0.5005092024803162,0.6078174167409276
t+10,95,99,0.6705429553985596,0.5833420193488366
t+10,95,100,0.5990878939628601,0.5671818285894048
t+10,95,101,0.6711542010307312,0.6524459383823846
t+10,95,102,0.6177409887313843,0.6036320729192012
t+10,95,103,0.6193151473999023,0.6392157339880997
t+10,95,104,0.6354990005493164,0.6040069717525486
t+10,95,105,0.6476317048072815,0.6796875656131964
t+10,95,106,0.707444429397583,0.49062860605675923
t+10,95,107,0.6464609503746033,0.6141295509081915
t+10,95,108,0.6125636100769043,0.533466122982739
t+10,95,109,0.6727688908576965,0.6896948546078021
t+10,95,110,0.7582204937934875,0.6233421205097734
t+10,95,111,0.7742676734924316,0.6896253148385653
t+10,95,112,0.7058061361312866,0.6401800815414711
t+10,95,113,0.6637864708900452,0.6421434877475115
t+10,95,114,0.658778190612793,0.6563546106484569
t+10,95,115,0.7216968536376953,0.6668351837617812
t+10,95,116,0.7303288578987122,0.7203836805542013
t+10,95,117,0.694821298122406,0.6659369327149968
t+10,95,118,0.7250260710716248,0.6347308208519279
t+10,95,119,0.768729031085968,0.6883694526527
t+10,95,120,0.7312725782394409,0.750904026648266
t+10,95,121,0.7278377413749695,0.7630973099434678
t+10,95,122,0.7619121670722961,0.7171136347952902
t+10,95,123,0.7019034028053284,0.6788776062649918
t+10,95,124,0.7489558458328247,0.6740286663011311
t+10,95,125,0.7561932802200317,0.730256449585959
t+10,95,126,0.7449004650115967,0.7373915182930956
t+10,95,127,0.7340328097343445,0.7053531991057667
t+10,95,128,0.7428838014602661,0.7328215409280261
t+10,95,129,0.7812895178794861,0.7570095831202048
t+10,95,130,0.6573084592819214,0.7368289853098847
t+10,95,131,0.7738180160522461,0.7338024113747551
t+10,95,132,0.7358691692352295,0.7490169845701284
t+10,95,133,0.7158694863319397,0.7096581356256989
t+10,95,134,0.7398059964179993,0.7522930230308498
t+10,95,135,0.7514142394065857,0.7436987409209581
t+10,95,136,0.7594339847564697,0.7474031385829423
t+10,95,137,0.709439218044281,0.736730274270044
t+10,95,138,0.6916817426681519,0.7445521669650629
t+10,95,139,0.7185551524162292,0.7652875222386213
t+10,95,140,0.6764060258865356,0.6673714478077484
t+10,95,141,0.7677104473114014,0.7565810849313384
t+10,95,142,0.8347508907318115,0.7369682378345968
t+10,95,143,0.6704164147377014,0.7190193132686779
t+10,95,144,0.7570804953575134,0.7396613610819667
t+10,95,145,0.7196947336196899,0.7345093634392331
t+10,95,146,0.6897854208946228,0.741964728427989
t+10,95,147,0.7215270400047302,0.711786204206571
t+10,95,148,0.7201254367828369,0.6955263883253836
t+10,95,149,0.6963808536529541,0.7196629728276149
t+10,95,150,0.6602797508239746,0.6808796567500236
t+10,95,151,0.68592768907547,0.7474264225498988
t+10,95,152,0.6396373510360718,0.8047521529236134
t+10,95,153,0.7018667459487915,0.674628617538224
t+10,95,154,0.6684595346450806,0.7370738503593243
t+10,95,155,0.7153316140174866,0.7174061837284744
t+10,95,156,0.683263897895813,0.6910438434197015
t+10,95,157,0.6763482093811035,0.7189681189469838
t+10,95,158,0.6532427668571472,0.7181782647093732
t+10,95,159,0.7053411602973938,0.6959005818996975
t+10,95,160,0.6970131397247314,0.6629966272594586
t+10,95,161,0.6820983290672302,0.6858555600982658
t+10,95,162,0.6956525444984436,0.6435643273419785
t+10,95,163,0.7351335883140564,0.6995886145761525
t+10,95,164,0.6998923420906067,0.6689008178364703
t+10,95,165,0.6788058280944824,0.710978956257284
t+10,95,166,0.7408801317214966,0.6817411321057986
t+10,95,167,0.7312631011009216,0.6750829391871859
t+10,95,168,0.6838265061378479,0.6540987981893268
t+10,95,169,0.8369016051292419,0.7005602606980845
t+10,95,170,0.7256131172180176,0.6928539615973522
t+10,95,171,0.7487070560455322,0.6789905930939245
t+10,95,172,0.7051204442977905,0.6907773985676869
t+10,95,173,0.7608861327171326,0.7258722892785691
t+10,95,174,0.7486758232116699,0.6939211810253384
t+10,95,175,0.7612264752388,0.6746385454920022
t+10,95,176,0.7461246252059937,0.7306391665020857
t+10,95,177,0.778500497341156,0.7212005311985558
t+10,95,178,0.7798460125923157,0.6781557384823317
t+10,95,179,0.7824348211288452,0.800762421609638
t+10,95,180,0.7886325120925903,0.7150920340307958
t+10,95,181,0.7706713676452637,0.7351466015736965
t+10,95,182,0.7526919841766357,0.6958762401245353
t+10,95,183,0.8017653226852417,0.7309770504554858
t+10,95,184,0.8912610411643982,0.7343751346293023
t+10,95,185,0.848505437374115,0.7300651388261088
t+10,95,186,0.8154551982879639,0.7305430721936729
t+10,95,187,0.7912987470626831,0.745241956817452
t+10,95,188,0.8298255801200867,0.7453560066949867
t+10,95,189,0.8374653458595276,0.7479096008622449
t+10,95,190,0.8317234516143799,0.7536492523797127
t+10,95,191,0.8722150921821594,0.7367970642820988
t+10,95,192,0.8262931704521179,0.7216900388622598
t+10,95,193,0.7827531099319458,0.7645265814020092
t+10,95,194,0.8520821928977966,0.8423098831621685
t+10,95,195,0.7785780429840088,0.8048703173490684
t+10,95,196,0.8255829215049744,0.7742114944418813
t+10,95,197,0.7355042099952698,0.7540306678682408
t+10,95,198,0.8477086424827576,0.7856399260045674
t+10,95,199,0.7821963429450989,0.7927103106802798
t+10,95,200,0.7875400185585022,0.7879202393984627
t+10,95,201,0.794105052947998,0.8203856496217773
t+10,95,202,0.7642098069190979,0.7830179426291652
t+10,95,203,0.8192116618156433,0.7424766601467591
t+10,95,204,0.7956088185310364,0.8044094861329424
t+10,95,205,0.7044200301170349,0.739502156593045
t+10,95,206,0.8345330357551575,0.7807711519593088
t+10,95,207,0.8188014626502991,0.7154977473572809
t+10,95,208,0.781805157661438,0.7988694664377669
t+10,95,209,0.8292192220687866,0.7407064617474773
t+10,95,210,0.7928176522254944,0.7444986621997023
t+10,95,211,0.7437058091163635,0.750926277835932
t+10,95,212,0.7809867858886719,0.7237210995108545
t+10,95,213,0.733482837677002,0.7723353827573939
t+10,95,214,0.7238155603408813,0.7514417425863243
t+10,95,215,0.7320456504821777,0.6843035411889113
t+10,95,216,0.7112875580787659,0.7826073384936976
t+10,95,217,0.7774843573570251,0.7706058401144497
t+10,95,218,0.7226092219352722,0.7375437935036795
t+10,95,219,0.7244285345077515,0.7804748636805744
t+10,95,220,0.7287985682487488,0.7456659694782408
t+10,95,221,0.6976421475410461,0.7178092727033701
t+10,95,222,0.7362532019615173,0.73595361086857
t+10,95,223,0.6932467818260193,0.7078964112722664
t+10,95,224,0.7288152575492859,0.6984368762406147
t+10,95,225,0.7091369032859802,0.7056204630177878
t+10,95,226,0.6840347647666931,0.6863047997105434
t+10,95,227,0.7019057869911194,0.7302877511472402
t+10,95,228,0.6634451746940613,0.6958561498418813
t+10,95,229,0.7207057476043701,0.6976292549106473
t+10,95,230,0.7052034139633179,0.7015637786873239
t+10,95,231,0.6496315002441406,0.6724809245298099
t+10,95,232,0.7026365995407104,0.7068932737830925
t+10,95,233,0.6792566180229187,0.6677565542683915
t+10,95,234,0.6668760776519775,0.6995998396173541
t+10,95,235,0.7424035668373108,0.681804601041528
t+10,95,236,0.7113808989524841,0.6585691318455479
t+10,95,237,0.6776948571205139,0.6742577962481057
t+10,95,238,0.6614408493041992,0.6394710893436752
t+10,95,239,0.626747190952301,0.6904944260029616
t+10,95,240,0.6328744292259216,0.6763334246852868
t+10,95,241,0.6448937654495239,0.6259941285800698
t+10,95,242,0.6699206829071045,0.673316576614914
t+10,95,243,0.6399933099746704,0.6518496367540283
t+10,95,244,0.5810590386390686,0.6401936154853
t+10,95,245,0.5652497410774231,0.707537714478743
t+10,95,246,0.5847007036209106,0.6800085596510019
t+10,95,247,0.6050548553466797,0.6491342663569833
t+10,95,248,0.6516940593719482,0.6339167492452455
t+10,95,249,0.5282911062240601,0.6028304764890374
t+10,95,250,0.5426739454269409,0.6069722222226349
t+10,95,251,0.5531124472618103,0.6176642720694587
t+10,95,252,0.5755435824394226,0.6402937832508562
t+10,95,253,0.5367017984390259,0.6131340058632745
t+10,95,254,0.5783792734146118,0.5579229944124093
t+10,95,255,0.561007559299469,0.5434947912182955
t+10,95,256,0.5425078272819519,0.5613744882933953
t+10,95,257,0.506976842880249,0.5799713785807774
t+10,95,258,0.5394566655158997,0.6218149836298777
t+10,95,259,0.5694281458854675,0.508895408247537
t+10,95,260,0.5498995780944824,0.5204035246082065
t+10,95,261,0.4711554646492004,0.5301224109089023
t+10,95,262,0.4654280245304107,0.5504219210706738
t+10,95,263,0.5438863039016724,0.5138897906204953
t+10,95,264,0.4972075223922729,0.5531762550904683
t+10,95,265,0.4600944221019745,0.5376208070869387
t+10,95,266,0.4671022295951843,0.5189547885723624
t+10,95,267,0.4796115159988403,0.48785123262689195
t+10,95,268,0.5013704299926758,0.5153559905964264
t+10,95,269,0.4484075307846069,0.5428448036270548
t+10,95,270,0.4658257365226745,0.5228075197340049
t+10,95,271,0.4414961636066437,0.42611592290802147
t+10,95,272,0.4198991060256958,0.4211572562313597
t+10,95,273,0.3885195255279541,0.5173329707028692
t+10,95,274,0.4020622968673706,0.44444266946054983
t+10,95,275,0.4519775211811065,0.40978648244701216
t+10,95,276,0.471208393573761,0.4172939870471433
t+10,95,277,0.3584288358688354,0.42975901683481327
t+10,95,278,0.3992282152175903,0.47790207029839465
t+10,95,279,0.4440763294696808,0.39964011162484786
t+10,95,280,0.3831159174442291,0.41436748986720695
t+10,95,281,0.3936154544353485,0.3913162444270443
t+10,95,282,0.3739994168281555,0.36842842801987746
t+10,95,283,0.4546186923980713,0.34082204680732914
t+10,95,284,0.3403537571430206,0.35379564074936537
t+10,95,285,0.3527974486351013,0.39842689177812285
t+10,95,286,0.4291739463806152,0.41879895651378085
t+10,95,287,0.3806551992893219,0.3089506539308332
t+10,95,288,0.3366086781024933,0.3490566636090818
t+10,95,289,0.4049315750598907,0.39182175747218595
t+10,96,0,0.45982226729393,0.39277181851380155
t+10,96,1,0.4198861420154571,0.42611567851025983
t+10,96,2,0.4594129920005798,0.4038834124133403
t+10,96,3,0.3762776255607605,0.41646146418365015
t+10,96,4,0.3679085373878479,0.40934400850540975
t+10,96,5,0.4160381853580475,0.4841485043325754
t+10,96,6,0.3659249246120453,0.44166596755820625
t+10,96,7,0.3895350694656372,0.4680736259238293
t+10,96,8,0.406088650226593,0.4084435762989318
t+10,96,9,0.4428378939628601,0.4378272574726704
t+10,96,10,0.3901657462120056,0.5008807718809928
t+10,96,11,0.3717385232448578,0.4643099350625129
t+10,96,12,0.3793553411960602,0.5000182416392026
t+10,96,13,0.4106447994709015,0.42233631988730824
t+10,96,14,0.3779006898403168,0.41369312064675007
t+10,96,15,0.4201188385486603,0.45892623396099835
t+10,96,16,0.3751491010189056,0.4108918850163252
t+10,96,17,0.3514413237571716,0.4322060299494578
t+10,96,18,0.3849468231201172,0.44577626171908696
t+10,96,19,0.4046518504619598,0.48274435182961223
t+10,96,20,0.4265406727790832,0.43254487303509664
t+10,96,21,0.3408563435077667,0.4151325764180532
t+10,96,22,0.3739396929740906,0.41916695486551847
t+10,96,23,0.416374921798706,0.44929084393194546
t+10,96,24,0.402086466550827,0.41658586778326534
t+10,96,25,0.3754579722881317,0.4592860913205505
t+10,96,26,0.3704767227172851,0.4165873001346793
t+10,96,27,0.3941569924354553,0.39369782668239517
t+10,96,28,0.3892119824886322,0.42524532462036124
t+10,96,29,0.3933119177818298,0.44142079377518617
t+10,96,30,0.4484614431858063,0.4612465214095145
t+10,96,31,0.389215886592865,0.3816036005666161
t+10,96,32,0.347771942615509,0.4120567508886208
t+10,96,33,0.3618078529834747,0.4509790476336402
t+10,96,34,0.304910659790039,0.44154449063520335
t+10,96,35,0.379018634557724,0.4116324756311233
t+10,96,36,0.4061999917030334,0.4063659297085969
t+10,96,37,0.3890133798122406,0.4319764777612465
t+10,96,38,0.4159234762191772,0.4252642030416337
t+10,96,39,0.4009312391281128,0.4287250754957138
t+10,96,40,0.3474924266338348,0.48180626780612207
t+10,96,41,0.391784518957138,0.4237259861206271
t+10,96,42,0.4343993365764618,0.3878395666348605
t+10,96,43,0.4101631641387939,0.39276120861021363
t+10,96,44,0.3799947202205658,0.34037841547334374
t+10,96,45,0.3348545730113983,0.41396189164688685
t+10,96,46,0.396548867225647,0.43780016992364396
t+10,96,47,0.3852875530719757,0.42538638474106194
t+10,96,48,0.3374497592449188,0.4480399882443714
t+10,96,49,0.3922208249568939,0.4333773362205208
t+10,96,50,0.4053263962268829,0.3839663450201799
t+10,96,51,0.3986923396587372,0.4247601520887892
t+10,96,52,0.3810211718082428,0.46283215189368
t+10,96,53,0.4028740227222442,0.441747120048058
t+10,96,54,0.3511945009231567,0.4083184734126735
t+10,96,55,0.4380360841751098,0.36752647997474136
t+10,96,56,0.3869564235210418,0.4259300317966012
t+10,96,57,0.3821255266666412,0.4143577970622602
t+10,96,58,0.4667347371578216,0.37044573254636837
t+10,96,59,0.4356235861778259,0.4193528348946832
t+10,96,60,0.4402360618114471,0.4327054779630386
t+10,96,61,0.4117848873138428,0.4259616307535807
t+10,96,62,0.4139135479927063,0.41081858563907087
t+10,96,63,0.3970347940921783,0.43089327755811685
t+10,96,64,0.4589150846004486,0.38085248966167917
t+10,96,65,0.4127244055271148,0.4632817418275557
t+10,96,66,0.4682216942310333,0.41440950380485203
t+10,96,67,0.3992131948471069,0.40986723724236584
t+10,96,68,0.3686195015907287,0.4886443609273094
t+10,96,69,0.4777974784374237,0.45751237234015635
t+10,96,70,0.4411299228668213,0.4646729749497684
t+10,96,71,0.4561434984207153,0.4363815453314695
t+10,96,72,0.4414598345756531,0.4353876288236779
t+10,96,73,0.5157323479652405,0.4185632495456016
t+10,96,74,0.4304796159267425,0.48020232412402514
t+10,96,75,0.4872847199440002,0.4361227206250693
t+10,96,76,0.5204660892486572,0.4846216166186697
t+10,96,77,0.4606816470623016,0.4212400811325102
t+10,96,78,0.4605681896209717,0.38919949255180786
t+10,96,79,0.43172687292099,0.495428163291152
t+10,96,80,0.4820202589035034,0.4612254360976021
t+10,96,81,0.4588560163974762,0.4722659031129604
t+10,96,82,0.4887974858283996,0.46191461211130797
t+10,96,83,0.4655035734176636,0.5556898464185089
t+10,96,84,0.5330556631088257,0.44940920597661294
t+10,96,85,0.4674069881439209,0.5012211087571599
t+10,96,86,0.5297778248786926,0.5614807520107773
t+10,96,87,0.5233626961708069,0.4793551535825274
t+10,96,88,0.5329996943473816,0.4739898053736727
t+10,96,89,0.5076087117195129,0.446631642832839
t+10,96,90,0.5770987272262573,0.4937720104512373
t+10,96,91,0.620714008808136,0.47197125313915894
t+10,96,92,0.6229552626609802,0.500917448481291
t+10,96,93,0.511754035949707,0.47879541153117755
t+10,96,94,0.5903624296188354,0.570295390675935
t+10,96,95,0.5196085572242737,0.4794834034539645
t+10,96,96,0.5627526640892029,0.5625614292725122
t+10,96,97,0.5570393204689026,0.5592208239926338
t+10,96,98,0.5596323609352112,0.5654145052330207
t+10,96,99,0.5986132025718689,0.5427510461008604
t+10,96,100,0.5921474099159241,0.6072728476178604
t+10,96,101,0.6467300057411194,0.6472713247251467
t+10,96,102,0.6273207664489746,0.6477625280678672
t+10,96,103,0.6045811176300049,0.5447497475824224
t+10,96,104,0.6580711603164673,0.6179391379352928
t+10,96,105,0.6461248993873596,0.5532095493778627
t+10,96,106,0.755862295627594,0.5922325085369247
t+10,96,107,0.6894665956497192,0.58477084734296
t+10,96,108,0.7036200165748596,0.5898032005533118
t+10,96,109,0.6956741809844971,0.6249130000667608
t+10,96,110,0.7000607252120972,0.6189093428763528
t+10,96,111,0.7233125567436218,0.6670464258608592
t+10,96,112,0.6730059385299683,0.6491480274400715
t+10,96,113,0.7131189703941345,0.6282913083221598
t+10,96,114,0.7703647613525391,0.6767312507014502
t+10,96,115,0.6382931470870972,0.6656059875215123
t+10,96,116,0.7419889569282532,0.7486343456070513
t+10,96,117,0.7196736335754395,0.704010637148355
t+10,96,118,0.7524746060371399,0.7163386177465362
t+10,96,119,0.6695420145988464,0.7088967866422698
t+10,96,120,0.7254701852798462,0.7126569063337176
t+10,96,121,0.7192549109458923,0.7327019178910247
t+10,96,122,0.7155501246452332,0.6876640701757178
t+10,96,123,0.7701004147529602,0.7231090610932702
t+10,96,124,0.7302318215370178,0.758319948623442
t+10,96,125,0.7550047039985657,0.6549623974159505
t+10,96,126,0.7301108837127686,0.7483948819539141
t+10,96,127,0.7570294141769409,0.7276656290917315
t+10,96,128,0.7185784578323364,0.742189215297134
t+10,96,129,0.7545444965362549,0.6821070858858946
t+10,96,130,0.7227892279624939,0.7316216232848783
t+10,96,131,0.7440776824951172,0.7259266523698468
t+10,96,132,0.7652822732925415,0.7220258641720002
t+10,96,133,0.6971791982650757,0.7565861720350722
t+10,96,134,0.7415712475776672,0.7353313732240858
t+10,96,135,0.8086178302764893,0.7415179543137876
t+10,96,136,0.6902542114257812,0.73406439242873
t+10,96,137,0.6658042073249817,0.7434570265551289
t+10,96,138,0.6525024771690369,0.7238181500843406
t+10,96,139,0.6854822635650635,0.7405383884589065
t+10,96,140,0.6990675926208496,0.7262225929763695
t+10,96,141,0.7112603187561035,0.7446473036113342
t+10,96,142,0.7361248731613159,0.747982967335159
t+10,96,143,0.7365891933441162,0.7021041545219595
t+10,96,144,0.6929845809936523,0.7407383215051163
t+10,96,145,0.690951943397522,0.7866216991021082
t+10,96,146,0.7130659818649292,0.6948541013755417
t+10,96,147,0.6735466122627258,0.6724093488111793
t+10,96,148,0.6748981475830078,0.6605667198186694
t+10,96,149,0.6457603573799133,0.6895449823750611
t+10,96,150,0.6949809193611145,0.7015142696291898
t+10,96,151,0.6972025036811829,0.7119922967595158
t+10,96,152,0.7144327759742737,0.7344600474876578
t+10,96,153,0.6179876327514648,0.7341327897756482
t+10,96,154,0.6986950635910034,0.6944339776114795
t+10,96,155,0.6220559477806091,0.6924022235200337
t+10,96,156,0.5666658878326416,0.711636886914524
t+10,96,157,0.6318556070327759,0.6760493637847367
t+10,96,158,0.6143845915794373,0.6768300124845025
t+10,96,159,0.5894022583961487,0.6504458152070484
t+10,96,160,0.6519274711608887,0.6944097351931043
t+10,96,161,0.6327512860298157,0.695944589113387
t+10,96,162,0.6534610390663147,0.7107786358829015
t+10,96,163,0.5574979186058044,0.6234271678757298
t+10,96,164,0.6063427329063416,0.696366855244328
t+10,96,165,0.598237931728363,0.6266083787411979
t+10,96,166,0.6058505773544312,0.5747213763957695
t+10,96,167,0.6522606611251831,0.6340150881523526
t+10,96,168,0.6065390110015869,0.6180140771353841
t+10,96,169,0.6065024733543396,0.595652311656574
t+10,96,170,0.553949236869812,0.6520612958688579
t+10,96,171,0.6583881378173828,0.6341634440281267
t+10,96,172,0.600103497505188,0.6526821402558314
t+10,96,173,0.5472254753112793,0.5630269398025743
t+10,96,174,0.570259690284729,0.6099204124514206
t+10,96,175,0.6073437929153442,0.6004723413400725
t+10,96,176,0.6559447646141052,0.6073386681842398
t+10,96,177,0.5624825954437256,0.6497459113171913
t+10,96,178,0.5437207818031311,0.6076318880921253
t+10,96,179,0.6346809267997742,0.607532935055996
t+10,96,180,0.6512898802757263,0.5593127510728806
t+10,96,181,0.6208690404891968,0.6538918699231222
t+10,96,182,0.6171233654022217,0.6013642157404807
t+10,96,183,0.6491707563400269,0.551085303471044
t+10,96,184,0.5950316190719604,0.5725860175917655
t+10,96,185,0.6282901763916016,0.6065241202608926
t+10,96,186,0.6273855566978455,0.649777256782194
t+10,96,187,0.6575219631195068,0.5645816688202329
t+10,96,188,0.6345076560974121,0.5454208531268812
t+10,96,189,0.6887493133544922,0.6299102800968456
t+10,96,190,0.631507933139801,0.6445473628917204
t+10,96,191,0.7495047450065613,0.6173983821750465
t+10,96,192,0.6340248584747314,0.611860397331984
t+10,96,193,0.6838678121566772,0.6419162305171406
t+10,96,194,0.6819612979888916,0.5925450024263231
t+10,96,195,0.6698104739189148,0.6216806211459809
t+10,96,196,0.7119765281677246,0.6210194982259146
t+10,96,197,0.67385333776474,0.6480545980287966
t+10,96,198,0.681268572807312,0.6266845901862886
t+10,96,199,0.6870822906494141,0.6754785729286925
t+10,96,200,0.7007076144218445,0.6237558390197286
t+10,96,201,0.6639550924301147,0.7297759807701324
t+10,96,202,0.6675187349319458,0.6243472026250388
t+10,96,203,0.7003066539764404,0.6696501508060871
t+10,96,204,0.6705507040023804,0.6676306833379891
t+10,96,205,0.7098188996315002,0.6564060246978685
t+10,96,206,0.6918995976448059,0.693952248707082
t+10,96,207,0.7936023473739624,0.6592770125759533
t+10,96,208,0.7304807901382446,0.6655844600471094
t+10,96,209,0.7333330512046814,0.6704905823283441
t+10,96,210,0.6966711282730103,0.6823209747891629
t+10,96,211,0.6724491715431213,0.6493366900610146
t+10,96,212,0.6895288825035095,0.6519357879811087
t+10,96,213,0.7217519879341125,0.6811016595897612
t+10,96,214,0.6684443354606628,0.6538104101281974
t+10,96,215,0.6822628378868103,0.688963140524141
t+10,96,216,0.7082154154777527,0.672574403539018
t+10,96,217,0.720015823841095,0.7498603261137955
t+10,96,218,0.689630389213562,0.7064762913608288
t+10,96,219,0.6983829736709595,0.7088698115480764
t+10,96,220,0.6198907494544983,0.6754021203963265
t+10,96,221,0.6450165510177612,0.6532809015066784
t+10,96,222,0.6213847398757935,0.6683513046276152
t+10,96,223,0.6672523021697998,0.6968577227510098
t+10,96,224,0.6444054841995239,0.6485732091677517
t+10,96,225,0.6189947724342346,0.6607116307429298
t+10,96,226,0.6608121991157532,0.6838491994860747
t+10,96,227,0.6276694536209106,0.6940585982892135
t+10,96,228,0.5896393060684204,0.6663899665504699
t+10,96,229,0.5632802248001099,0.6739447011457323
t+10,96,230,0.676236093044281,0.6022541342406986
t+10,96,231,0.6575303077697754,0.6251920381425291
t+10,96,232,0.6520234942436218,0.603042906210942
t+10,96,233,0.6122166514396667,0.6445205548156946
t+10,96,234,0.6107376217842102,0.6232637058680269
t+10,96,235,0.6277527213096619,0.6001971771757093
t+10,96,236,0.5303844809532166,0.6375849777392519
t+10,96,237,0.5808475613594055,0.6059887903485955
t+10,96,238,0.5681518316268921,0.5715868500033559
t+10,96,239,0.5448055863380432,0.5460824943300083
t+10,96,240,0.5733972191810608,0.6500355607577056
t+10,96,241,0.5957764983177185,0.6330830733013308
t+10,96,242,0.5898151397705078,0.6274819027639255
t+10,96,243,0.51971834897995,0.5916058192343756
t+10,96,244,0.5814660787582397,0.5891533568584211
t+10,96,245,0.5065479278564453,0.6047938722092265
t+10,96,246,0.4576235115528106,0.514556360062414
t+10,96,247,0.5040618181228638,0.5599330990591562
t+10,96,248,0.5605735778808594,0.5488420024650005
t+10,96,249,0.5118532180786133,0.5257452435917277
t+10,96,250,0.4972338378429413,0.5541158204060613
t+10,96,251,0.5303787589073181,0.5720601059269419
t+10,96,252,0.4690512716770172,0.5688104125903787
t+10,96,253,0.4648602902889251,0.5037145696539903
t+10,96,254,0.4243594706058502,0.5596585599181727
t+10,96,255,0.4520924389362335,0.4871723856153251
t+10,96,256,0.4830300211906433,0.41696110904950134
t+10,96,257,0.4027772545814514,0.4846568191009871
t+10,96,258,0.4725358784198761,0.5385245881507016
t+10,96,259,0.3954587280750274,0.4931672584561733
t+10,96,260,0.4141933023929596,0.45138187698454213
t+10,96,261,0.4115831553936004,0.5088939613955744
t+10,96,262,0.390343427658081,0.42538182331520763
t+10,96,263,0.3810839653015136,0.4202368943330695
t+10,96,264,0.3664051592350006,0.3826239089793042
t+10,96,265,0.3586024641990661,0.40555774137227535
t+10,96,266,0.3883101940155029,0.4368209243502052
t+10,96,267,0.3668795824050903,0.3590162481293446
t+10,96,268,0.3389793634414673,0.42596838755899497
t+10,96,269,0.3545420467853546,0.3502587234796271
t+10,96,270,0.3719404339790344,0.3726475695994885
t+10,96,271,0.3521953225135803,0.3663208356243995
t+10,96,272,0.3224129676818847,0.3470410999325836
t+10,96,273,0.3811310231685638,0.3341313541597733
t+10,96,274,0.3390376567840576,0.3228059885509517
t+10,96,275,0.2838951349258423,0.3166405958275263
t+10,96,276,0.3510253429412842,0.34847974387169406
t+10,96,277,0.3456419706344604,0.3230613627171571
t+10,96,278,0.2962798178195953,0.2935099249419189
t+10,96,279,0.3138699233531952,0.31238819509059934
t+10,96,280,0.3574512600898742,0.3261821193304058
t+10,96,281,0.3385846316814422,0.30632924171540876
t+10,96,282,0.3115761578083038,0.2759881012902854
t+10,96,283,0.3460949063301086,0.33449732542112787
t+10,96,284,0.3235462009906769,0.2909117295517863
t+10,96,285,0.3176234662532806,0.23740113076347125
t+10,96,286,0.2734876871109009,0.3070486921001243
t+10,96,287,0.2805159091949463,0.29906500053277385
t+10,96,288,0.3061608672142029,0.2507749541347079
t+10,96,289,0.3581097722053528,0.2675351675105274
t+10,97,0,0.3618155121803283,0.32694168938933543
t+10,97,1,0.3132060766220093,0.3041490416141301
t+10,97,2,0.3119121789932251,0.3486605211464024
t+10,97,3,0.3640396893024444,0.32915395980797363
t+10,97,4,0.3321896195411682,0.37256025306060103
t+10,97,5,0.3333155214786529,0.3942533630515449
t+10,97,6,0.3109931647777557,0.3536863420860313
t+10,97,7,0.3525279760360718,0.2812190994732644
t+10,97,8,0.366970807313919,0.3001701045142264
t+10,97,9,0.3014475107192993,0.367971693874947
t+10,97,10,0.3426007926464081,0.40543819489772936
t+10,97,11,0.3402551114559173,0.36138168707768314
t+10,97,12,0.300916463136673,0.3578682243905358
t+10,97,13,0.2952424883842468,0.4124172829270526
t+10,97,14,0.3336263597011566,0.37964270188896976
t+10,97,15,0.3181400597095489,0.37633839327397656
t+10,97,16,0.3272171914577484,0.3628583427895648
t+10,97,17,0.3422469794750213,0.39461661905060685
t+10,97,18,0.3612353801727295,0.4106227573508997
t+10,97,19,0.2439923137426376,0.3480041088723061
t+10,97,20,0.3530980050563812,0.38547640586796317
t+10,97,21,0.3232917189598083,0.38415136680714707
t+10,97,22,0.3333374857902527,0.3444640194021591
t+10,97,23,0.3462713658809662,0.3411900837271859
t+10,97,24,0.3240068554878235,0.3772607563887087
t+10,97,25,0.3655286133289337,0.3615396602280151
t+10,97,26,0.3210331797599792,0.3712407879320949
t+10,97,27,0.3599691689014435,0.38335997287867996
t+10,97,28,0.3565320968627929,0.4001754607018689
t+10,97,29,0.3016510903835296,0.29212408814432267
t+10,97,30,0.3827581405639648,0.38955443565608916
t+10,97,31,0.3272883594036102,0.36684077302548296
t+10,97,32,0.3335063457489013,0.3764233110990119
t+10,97,33,0.3471446931362152,0.38625909072803893
t+10,97,34,0.363042265176773,0.36394712501987225
t+10,97,35,0.4037226438522339,0.39956176248585584
t+10,97,36,0.3793257176876068,0.3604894288970214
t+10,97,37,0.3766826689243316,0.39449696603094314
t+10,97,38,0.3845118284225464,0.3938078052751214
t+10,97,39,0.3282665610313415,0.34036575361394733
t+10,97,40,0.3371396660804748,0.4170069344311212
t+10,97,41,0.4039525687694549,0.36619221418301867
t+10,97,42,0.3722348511219024,0.3722446959342542
t+10,97,43,0.3792891502380371,0.3806978658966736
t+10,97,44,0.4117506742477417,0.3978216219759124
t+10,97,45,0.4362683594226837,0.4395404338527564
t+10,97,46,0.3397703468799591,0.41551388618494733
t+10,97,47,0.387939304113388,0.40841345428997977
t+10,97,48,0.3601416051387787,0.4122244435846062
t+10,97,49,0.4061368405818939,0.36186984543507084
t+10,97,50,0.3841311931610107,0.370139825649213
t+10,97,51,0.4192311763763428,0.43326773667194163
t+10,97,52,0.3841533362865448,0.4017298627410817
t+10,97,53,0.3905334770679474,0.4106799535619286
t+10,97,54,0.3838010430335998,0.4416672873839337
t+10,97,55,0.4037986695766449,0.46419359352991774
t+10,97,56,0.3919692933559418,0.36904001194291947
t+10,97,57,0.4131175279617309,0.4204717105636086
t+10,97,58,0.3807815909385681,0.3877833683446373
t+10,97,59,0.4502957761287689,0.434531798243385
t+10,97,60,0.4227578639984131,0.41437081251814323
t+10,97,61,0.4325988888740539,0.44502521994304084
t+10,97,62,0.4379720389842987,0.4155565279835405
t+10,97,63,0.4514719843864441,0.41951489750472815
t+10,97,64,0.4115940034389496,0.4113811961550008
t+10,97,65,0.4418926239013672,0.4308172144693499
t+10,97,66,0.4984909892082214,0.42007286229887875
t+10,97,67,0.4334169328212738,0.4373048210335358
t+10,97,68,0.4579548239707947,0.40988584175492215
t+10,97,69,0.4340005815029144,0.4711306996955894
t+10,97,70,0.4469972252845764,0.44499975324357127
t+10,97,71,0.4199404716491699,0.45778665701681354
t+10,97,72,0.4322001039981842,0.4567190844160611
t+10,97,73,0.4755271673202514,0.4708585054770766
t+10,97,74,0.5224902033805847,0.4315853140753341
t+10,97,75,0.4789866209030151,0.4655500602220956
t+10,97,76,0.4360318183898926,0.5142952848761994
t+10,97,77,0.4635855555534363,0.4531777320132993
t+10,97,78,0.4998995661735534,0.4755691047320555
t+10,97,79,0.4786294102668762,0.45457762257756273
t+10,97,80,0.4628373980522156,0.46619716581489534
t+10,97,81,0.4877966344356537,0.4372364950407056
t+10,97,82,0.5130640864372253,0.45101077015220364
t+10,97,83,0.5124402046203613,0.489592340912458
t+10,97,84,0.5581064820289612,0.5625716673006591
t+10,97,85,0.575951099395752,0.49302789156090715
t+10,97,86,0.6088359951972961,0.4560255037150693
t+10,97,87,0.5889184474945068,0.4810182907018943
t+10,97,88,0.5390264987945557,0.5134530192309273
t+10,97,89,0.5607776641845703,0.4926007723861973
t+10,97,90,0.6041308045387268,0.4763903902635864
t+10,97,91,0.609178364276886,0.49999317854482106
t+10,97,92,0.6197247505187988,0.5524252580823712
t+10,97,93,0.6289528012275696,0.5497015408663402
t+10,97,94,0.5020486116409302,0.5921964598149466
t+10,97,95,0.6186594367027283,0.6078340238679967
t+10,97,96,0.6140580177307129,0.6378883154503872
t+10,97,97,0.5960038900375366,0.6187532023478514
t+10,97,98,0.6245052814483643,0.5731849661172007
t+10,97,99,0.5968737602233887,0.5942337761631215
t+10,97,100,0.5946517586708069,0.6319601645357782
t+10,97,101,0.6425197720527649,0.6364283953447143
t+10,97,102,0.5901207327842712,0.645920219590812
t+10,97,103,0.6573327779769897,0.653262134008493
t+10,97,104,0.6581162214279175,0.5348011449230476
t+10,97,105,0.688221275806427,0.6444544987946123
t+10,97,106,0.6720920205116272,0.6396647473142627
t+10,97,107,0.6375203132629395,0.6228537689245998
t+10,97,108,0.7365031242370605,0.6484230454632394
t+10,97,109,0.6662959456443787,0.6217227679991313
t+10,97,110,0.6961278915405273,0.619814300766347
t+10,97,111,0.6745209693908691,0.6633057405903477
t+10,97,112,0.708134651184082,0.6139918288331694
t+10,97,113,0.7383592128753662,0.6764056714126204
t+10,97,114,0.7277300357818604,0.6764891702599664
t+10,97,115,0.7375231981277466,0.7036476186599208
t+10,97,116,0.6448088884353638,0.6885820481035363
t+10,97,117,0.7860755324363708,0.6567817026173646
t+10,97,118,0.7334197163581848,0.7447692877539774
t+10,97,119,0.745583176612854,0.6826150209198065
t+10,97,120,0.8070142865180969,0.7089230755978739
t+10,97,121,0.6747047305107117,0.6891299748731864
t+10,97,122,0.742059051990509,0.7191973882925474
t+10,97,123,0.7619298696517944,0.7464689232470232
t+10,97,124,0.7436699867248535,0.7363923555014665
t+10,97,125,0.7473816871643066,0.7447044703761992
t+10,97,126,0.8024333119392395,0.6601386480439494
t+10,97,127,0.6937392950057983,0.7713262456402767
t+10,97,128,0.8466776609420776,0.7401896569412957
t+10,97,129,0.7440027594566345,0.7514140338501303
t+10,97,130,0.7763617634773254,0.788694266034987
t+10,97,131,0.734934389591217,0.6859863219520712
t+10,97,132,0.7716816067695618,0.7464623504486487
t+10,97,133,0.806876540184021,0.7486243081639126
t+10,97,134,0.7461366057395935,0.7477509174999181
t+10,97,135,0.7891677618026733,0.7500300330533206
t+10,97,136,0.7004277110099792,0.7838418415324326
t+10,97,137,0.7015472650527954,0.7011336482934291
t+10,97,138,0.7655442953109741,0.8221064006108152
t+10,97,139,0.8495509624481201,0.7450551715309193
t+10,97,140,0.7377217411994934,0.7589533539338577
t+10,97,141,0.7210580110549927,0.736210615938758
t+10,97,142,0.7290616035461426,0.754864529291103
t+10,97,143,0.7023833394050598,0.784139965977054
t+10,97,144,0.772807240486145,0.7458405178889391
t+10,97,145,0.6893957853317261,0.7702053553887145
t+10,97,146,0.8005481362342834,0.7039210423634403
t+10,97,147,0.7501811981201172,0.7047407887150778
t+10,97,148,0.7324636578559875,0.7465224065847754
t+10,97,149,0.7820594906806946,0.8210560101513895
t+10,97,150,0.6938431262969971,0.7361741396199379
t+10,97,151,0.7810184955596924,0.7211335838889087
t+10,97,152,0.7718573212623596,0.7278594562855835
t+10,97,153,0.7204087972640991,0.7033893182247772
t+10,97,154,0.8004406690597534,0.7511686009606013
t+10,97,155,0.6918164491653442,0.691036626563495
t+10,97,156,0.7079468965530396,0.7763524458708516
t+10,97,157,0.7318915128707886,0.7304733461038322
t+10,97,158,0.6903805136680603,0.7282182344387361
t+10,97,159,0.8436362147331238,0.7576334556514729
t+10,97,160,0.7925236821174622,0.6934087298274924
t+10,97,161,0.7518668174743652,0.7553496275801377
t+10,97,162,0.7620856165885925,0.7472121772039723
t+10,97,163,0.6700423955917358,0.7160488614071245
t+10,97,164,0.7177200317382812,0.7744392734306262
t+10,97,165,0.704410195350647,0.6896963008932573
t+10,97,166,0.6510962247848511,0.7040650972631596
t+10,97,167,0.7007716298103333,0.7246821089756631
t+10,97,168,0.6773188710212708,0.6875466995846816
t+10,97,169,0.6989867091178894,0.8095263403040003
t+10,97,170,0.7847142815589905,0.7631153776689071
t+10,97,171,0.6627028584480286,0.7266887667125731
t+10,97,172,0.711593747138977,0.7358709122465603
t+10,97,173,0.7277868390083313,0.6672237679400771
t+10,97,174,0.7203888893127441,0.7100333299104865
t+10,97,175,0.7676937580108643,0.6977291892637576
t+10,97,176,0.6757211685180664,0.6492345704909552
t+10,97,177,0.7311608791351318,0.6937966758155408
t+10,97,178,0.75642329454422,0.6722034888779245
t+10,97,179,0.6822155117988586,0.6914665434859409
t+10,97,180,0.7008649706840515,0.7534516251801558
t+10,97,181,0.7382549047470093,0.6576955507969239
t+10,97,182,0.6851025819778442,0.7016978231495458
t+10,97,183,0.7227553725242615,0.7162134300306527
t+10,97,184,0.7184408903121948,0.7090568414840065
t+10,97,185,0.7321375608444214,0.7358908324864568
t+10,97,186,0.7420316934585571,0.668113978260626
t+10,97,187,0.7467273473739624,0.7177392368879915
t+10,97,188,0.6929988861083984,0.7248320867055893
t+10,97,189,0.7049446702003479,0.6729658102859682
t+10,97,190,0.6531329154968262,0.6894063951616097
t+10,97,191,0.7634146213531494,0.7220658422379763
t+10,97,192,0.6975274085998535,0.6745363526553627
t+10,97,193,0.6951733231544495,0.7080207549885378
t+10,97,194,0.7278262376785278,0.7035983888946417
t+10,97,195,0.7545203566551208,0.7153535570074284
t+10,97,196,0.790539562702179,0.7247650877984761
t+10,97,197,0.6842795014381409,0.7285711765159717
t+10,97,198,0.7496922612190247,0.6796827180166477
t+10,97,199,0.7376833558082581,0.6901323302701026
t+10,97,200,0.6975736021995544,0.6431167032978535
t+10,97,201,0.6968421936035156,0.7269688249761025
t+10,97,202,0.7278618812561035,0.682376548026299
t+10,97,203,0.7533484101295471,0.6798148165861496
t+10,97,204,0.6923345923423767,0.7087502089867749
t+10,97,205,0.7252259850502014,0.7177679911856598
t+10,97,206,0.7200977206230164,0.7487955493380305
t+10,97,207,0.7498475909233093,0.6686774615441351
t+10,97,208,0.7138345241546631,0.7273318215238274
t+10,97,209,0.6631834506988525,0.7161605305912184
t+10,97,210,0.7737390398979187,0.6797236807006073
t+10,97,211,0.757041871547699,0.678562465504968
t+10,97,212,0.7348988652229309,0.7057909871461493
t+10,97,213,0.7228065729141235,0.7137494939952943
t+10,97,214,0.7874475717544556,0.6735640396470474
t+10,97,215,0.7319516539573669,0.7028445960574133
t+10,97,216,0.6625758409500122,0.6974210350516187
t+10,97,217,0.6526052951812744,0.7244599970927238
t+10,97,218,0.7073284387588501,0.6915075694129583
t+10,97,219,0.7360735535621643,0.6451801845565996
t+10,97,220,0.6601088047027588,0.7307411336116294
t+10,97,221,0.6788966059684753,0.7129926758077606
t+10,97,222,0.6535307765007019,0.7090852166243641
t+10,97,223,0.682296633720398,0.6983019528743626
t+10,97,224,0.6678760647773743,0.7405420077060246
t+10,97,225,0.6436439156532288,0.7051648270955396
t+10,97,226,0.6669417023658752,0.6426473688105621
t+10,97,227,0.6440983414649963,0.6329539734341088
t+10,97,228,0.6761545538902283,0.6821100915485347
t+10,97,229,0.6078945994377136,0.7081580682874331
t+10,97,230,0.6347536444664001,0.6393443102354764
t+10,97,231,0.6574151515960693,0.655753824950002
t+10,97,232,0.6849278807640076,0.6323693256590307
t+10,97,233,0.6356636881828308,0.6580520500111287
t+10,97,234,0.6660596132278442,0.6445299048594234
t+10,97,235,0.61516934633255,0.622267482372359
t+10,97,236,0.463775098323822,0.6435191956775149
t+10,97,237,0.5907142162322998,0.6224639299198574
t+10,97,238,0.6275177597999573,0.6507046105593848
t+10,97,239,0.6096348166465759,0.5877984755649618
t+10,97,240,0.5732287168502808,0.6125421036075562
t+10,97,241,0.5001904368400574,0.6328104734903331
t+10,97,242,0.5351134538650513,0.6573300675158604
t+10,97,243,0.4879767596721649,0.6129495173683197
t+10,97,244,0.5032883882522583,0.639565571832651
t+10,97,245,0.5845337510108948,0.5937627040551317
t+10,97,246,0.4798104763031006,0.42348251034726997
t+10,97,247,0.5108422040939331,0.5697487231578454
t+10,97,248,0.5159651041030884,0.6026519421122752
t+10,97,249,0.5083356499671936,0.5877670297938875
t+10,97,250,0.500489354133606,0.5532777960372232
t+10,97,251,0.4732385575771332,0.4836024787104163
t+10,97,252,0.4207465946674347,0.5159173102167744
t+10,97,253,0.403998464345932,0.44630277717221833
t+10,97,254,0.4818935692310333,0.48799150804017716
t+10,97,255,0.4263339638710022,0.5598013403484376
t+10,97,256,0.4635081887245178,0.4369220083648567
t+10,97,257,0.415725976228714,0.4941461742422911
t+10,97,258,0.4113725125789642,0.4991980786395228
t+10,97,259,0.4621129930019378,0.4901035862778676
t+10,97,260,0.4006384909152984,0.4800006068084108
t+10,97,261,0.4167140424251556,0.42881492956378353
t+10,97,262,0.4239511787891388,0.3765041618500274
t+10,97,263,0.4176854193210602,0.3620087678628102
t+10,97,264,0.4107857644557953,0.43842167463436577
t+10,97,265,0.3334346413612366,0.38115045385623264
t+10,97,266,0.403422087430954,0.41758108831855373
t+10,97,267,0.366811603307724,0.37318336951218645
t+10,97,268,0.3674441277980804,0.36594819150699087
t+10,97,269,0.3674739301204681,0.41448972276963275
t+10,97,270,0.3432473540306091,0.3579998535187012
t+10,97,271,0.2690850794315338,0.3746131045548418
t+10,97,272,0.3633090555667877,0.3795203320216382
t+10,97,273,0.3354794681072235,0.3710683542300666
t+10,97,274,0.3491747379302978,0.3705709894976416
t+10,97,275,0.3689718246459961,0.2884126154379939
t+10,97,276,0.3127134442329407,0.35753503267363707
t+10,97,277,0.3500805795192718,0.3238356357932928
t+10,97,278,0.3551312685012817,0.3196227486646267
t+10,97,279,0.3270505368709564,0.3209808794910876
t+10,97,280,0.3289807438850403,0.29952481289537264
t+10,97,281,0.333823412656784,0.22481088991967463
t+10,97,282,0.3075931072235107,0.31353071041032404
t+10,97,283,0.3216714859008789,0.29036535253026097
t+10,97,284,0.3597297072410583,0.30307858131565957
t+10,97,285,0.3486526012420654,0.32061040132717084
t+10,97,286,0.2779554426670074,0.26355988452763235
t+10,97,287,0.2671634256839752,0.303780145159593
t+10,97,288,0.329864889383316,0.30841642848178713
t+10,97,289,0.334782987833023,0.274814697034256
t+10,98,0,0.5253375172615051,0.4100127312646487
t+10,98,1,0.5055944323539734,0.5178377817759052
t+10,98,2,0.4805147349834442,0.4270891432829407
t+10,98,3,0.476109892129898,0.5839654577448583
t+10,98,4,0.5534148216247559,0.428507668084189
t+10,98,5,0.4397242963314056,0.5045322707189408
t+10,98,6,0.5229984521865845,0.4702720996782914
t+10,98,7,0.4872120320796966,0.4606096946775284
t+10,98,8,0.4867848753929138,0.48704001995829915
t+10,98,9,0.4874393045902252,0.4260108488111749
t+10,98,10,0.4712285101413727,0.5894292027849861
t+10,98,11,0.4606994092464447,0.5712165000294884
t+10,98,12,0.4733313024044037,0.5198704688204177
t+10,98,13,0.4262847900390625,0.5176667763928381
t+10,98,14,0.4961898922920227,0.6142750639675286
t+10,98,15,0.5077304244041443,0.48252828944336446
t+10,98,16,0.5257107615470886,0.5876442557979724
t+10,98,17,0.4829608201980591,0.5239937252541522
t+10,98,18,0.4640228450298309,0.5255183232398842
t+10,98,19,0.472743809223175,0.5216155724205968
t+10,98,20,0.4223733246326446,0.5080179173606829
t+10,98,21,0.4882501065731048,0.4955801428882364
t+10,98,22,0.4765442311763763,0.5077950382273088
t+10,98,23,0.4589785635471344,0.4620331587312376
t+10,98,24,0.4148363471031189,0.5312253740557713
t+10,98,25,0.428359717130661,0.5691840476549488
t+10,98,26,0.4447622299194336,0.5879498878177039
t+10,98,27,0.4915724396705627,0.519669365774034
t+10,98,28,0.4715999960899353,0.4982396051329062
t+10,98,29,0.4293586909770965,0.5095152539429133
t+10,98,30,0.4811665713787079,0.45666913408063947
t+10,98,31,0.4503794908523559,0.5224224417223279
t+10,98,32,0.4391627311706543,0.510669851065649
t+10,98,33,0.4529400765895843,0.4916633428404439
t+10,98,34,0.5119304656982422,0.4503894800284227
t+10,98,35,0.5116751194000244,0.46123798962672174
t+10,98,36,0.5705364346504211,0.48019706435251314
t+10,98,37,0.5299270153045654,0.5218808620769785
t+10,98,38,0.5340457558631897,0.5029725064458599
t+10,98,39,0.4827328622341156,0.4637207386619542
t+10,98,40,0.5019895434379578,0.5102089030186832
t+10,98,41,0.4942253530025482,0.479726849034214
t+10,98,42,0.5433468222618103,0.4708662987924669
t+10,98,43,0.50873863697052,0.4820434356933182
t+10,98,44,0.5535591244697571,0.5650305213265631
t+10,98,45,0.4458649158477783,0.5655178358108135
t+10,98,46,0.5388414263725281,0.6172832854340982
t+10,98,47,0.5875481963157654,0.5817206702090207
t+10,98,48,0.5719628930091858,0.5863472374083516
t+10,98,49,0.5245214700698853,0.5110735586880931
t+10,98,50,0.5802670121192932,0.5542829168821787
t+10,98,51,0.5184736251831055,0.5182099021054878
t+10,98,52,0.559737503528595,0.5918216627341523
t+10,98,53,0.4730138480663299,0.5597861444482418
t+10,98,54,0.5470907092094421,0.601690697129517
t+10,98,55,0.4612188935279846,0.47116254177155337
t+10,98,56,0.4539452791213989,0.5861833382188122
t+10,98,57,0.5129055976867676,0.6315635197227805
t+10,98,58,0.5531477928161621,0.6160113809462598
t+10,98,59,0.4842354357242584,0.5733770632407263
t+10,98,60,0.453937828540802,0.6244484827820078
t+10,98,61,0.5019807815551758,0.567907462985727
t+10,98,62,0.4296365082263946,0.604045168672838
t+10,98,63,0.5201123356819153,0.4966800988620255
t+10,98,64,0.5253587961196899,0.5929896990257734
t+10,98,65,0.4527624249458313,0.48714776272013394
t+10,98,66,0.4829888939857483,0.47675701299872913
t+10,98,67,0.5229490399360657,0.5597492165127874
t+10,98,68,0.4389472901821136,0.5963107662040706
t+10,98,69,0.4479747116565704,0.5019281828457688
t+10,98,70,0.491432636976242,0.47498087254610755
t+10,98,71,0.4670443832874298,0.5474353360333615
t+10,98,72,0.4521136283874511,0.4574281614223443
t+10,98,73,0.4584217965602875,0.5653036518482694
t+10,98,74,0.5126170516014099,0.5658058294045961
t+10,98,75,0.4537525475025177,0.4730039419539649
t+10,98,76,0.5547951459884644,0.5036956413675837
t+10,98,77,0.4974526762962341,0.5635306029027783
t+10,98,78,0.4588685035705566,0.4560177575408036
t+10,98,79,0.4320845305919647,0.46660608246822793
t+10,98,80,0.4608370065689087,0.5079390004390077
t+10,98,81,0.4816646873950958,0.48468749377785014
t+10,98,82,0.5026698708534241,0.46899807069209265
t+10,98,83,0.5378788709640503,0.47469430171192456
t+10,98,84,0.4834473729133606,0.5539911897665925
t+10,98,85,0.4700516164302826,0.4696948547261
t+10,98,86,0.5448175072669983,0.5917917940848882
t+10,98,87,0.5405008792877197,0.5112303487771312
t+10,98,88,0.5159720182418823,0.47578264479894583
t+10,98,89,0.5196834206581116,0.45007006182152914
t+10,98,90,0.5176867842674255,0.4759170563693778
t+10,98,91,0.6284042000770569,0.49506349080494017
t+10,98,92,0.5099387168884277,0.5452262963586592
t+10,98,93,0.5222236514091492,0.573067549254508
t+10,98,94,0.5894520282745361,0.496735586627881
t+10,98,95,0.4844835698604584,0.4828645318508065
t+10,98,96,0.6064448952674866,0.5781720037585004
t+10,98,97,0.5692882537841797,0.5757596114571915
t+10,98,98,0.607763946056366,0.5509441845436283
t+10,98,99,0.6325076818466187,0.5560487339529323
t+10,98,100,0.6191918849945068,0.552280543210755
t+10,98,101,0.6552001237869263,0.6546803985149767
t+10,98,102,0.632358729839325,0.5441815011192832
t+10,98,103,0.6057285666465759,0.5558491582837639
t+10,98,104,0.5566733479499817,0.616185134584256
t+10,98,105,0.6795437335968018,0.4934016781252583
t+10,98,106,0.7249428033828735,0.6325787780873947
t+10,98,107,0.6634782552719116,0.5976515139532227
t+10,98,108,0.6588120460510254,0.6337018032618391
t+10,98,109,0.6130203008651733,0.6553591497804976
t+10,98,110,0.755459725856781,0.6420742125776567
t+10,98,111,0.6998289823532104,0.6750840432659485
t+10,98,112,0.7119983434677124,0.65369399971764
t+10,98,113,0.6784924864768982,0.6280828489961445
t+10,98,114,0.7429600358009338,0.5832826971193409
t+10,98,115,0.6952356696128845,0.6957647393646794
t+10,98,116,0.740587592124939,0.7361010193246175
t+10,98,117,0.7091513872146606,0.6805894746542136
t+10,98,118,0.6914148926734924,0.6759672969309694
t+10,98,119,0.7818991541862488,0.6344836900093435
t+10,98,120,0.7028915286064148,0.7470988551787652
t+10,98,121,0.7719087600708008,0.7120405636347564
t+10,98,122,0.7807868123054504,0.722922308588214
t+10,98,123,0.7376362085342407,0.692097446708151
t+10,98,124,0.7339840531349182,0.7499534639259211
t+10,98,125,0.7593420147895813,0.706413133215006
t+10,98,126,0.7469087243080139,0.748105472018761
t+10,98,127,0.7680423855781555,0.7184951592497039
t+10,98,128,0.7418798208236694,0.7020410917515014
t+10,98,129,0.7860676646232605,0.7676349092440224
t+10,98,130,0.7625696063041687,0.711704987120838
t+10,98,131,0.7433796525001526,0.7585145369756363
t+10,98,132,0.7098017334938049,0.7658736230156111
t+10,98,133,0.7547472715377808,0.7423096198837006
t+10,98,134,0.7416882514953613,0.7385697187125148
t+10,98,135,0.7512046098709106,0.7460248548614093
t+10,98,136,0.7624855041503906,0.7495893049841664
t+10,98,137,0.7724108695983887,0.7534426816891757
t+10,98,138,0.7523325085639954,0.7440049440645458
t+10,98,139,0.7414045333862305,0.7674935818246914
t+10,98,140,0.7219128012657166,0.7463998391969101
t+10,98,141,0.7385384440422058,0.7439720633133773
t+10,98,142,0.6814117431640625,0.7139045069535936
t+10,98,143,0.7778367400169373,0.7395405984872087
t+10,98,144,0.726490318775177,0.7425330207230578
t+10,98,145,0.6882385015487671,0.7340919682694029
t+10,98,146,0.6715608239173889,0.7433954713807134
t+10,98,147,0.7363566160202026,0.7522814273206612
t+10,98,148,0.7495898008346558,0.7345922772987412
t+10,98,149,0.7795451283454895,0.74017326711065
t+10,98,150,0.7420428395271301,0.722444367671805
t+10,98,151,0.8016734719276428,0.7364735877612693
t+10,98,152,0.7554928660392761,0.6848787596332749
t+10,98,153,0.8266294598579407,0.7570558889705039
t+10,98,154,0.7499259114265442,0.7245285718201175
t+10,98,155,0.7977199554443359,0.6899584101236662
t+10,98,156,0.7949168682098389,0.674752454200811
t+10,98,157,0.7812827825546265,0.7324695874968744
t+10,98,158,0.7826758623123169,0.7440049908521863
t+10,98,159,0.7585078477859497,0.7542309308145908
t+10,98,160,0.7242783904075623,0.736149386938092
t+10,98,161,0.7722223401069641,0.7744340147300549
t+10,98,162,0.7942418456077576,0.7320648973494569
t+10,98,163,0.7198044657707214,0.7971144089800939
t+10,98,164,0.750629186630249,0.7415200962495418
t+10,98,165,0.7498219609260559,0.7684583075836825
t+10,98,166,0.7708017826080322,0.7684427107069685
t+10,98,167,0.8117174506187439,0.7550581349803241
t+10,98,168,0.7539085149765015,0.7548569200769323
t+10,98,169,0.7925355434417725,0.7342634405004299
t+10,98,170,0.7865269780158997,0.7171970119040322
t+10,98,171,0.7575436234474182,0.7445439650580008
t+10,98,172,0.7968611121177673,0.7639633651218826
t+10,98,173,0.7227457165718079,0.711945000112374
t+10,98,174,0.7348630428314209,0.7255406620438444
t+10,98,175,0.7980238795280457,0.738359813890621
t+10,98,176,0.7008748054504395,0.7427812147250487
t+10,98,177,0.7145453095436096,0.7775972942105811
t+10,98,178,0.7468096613883972,0.7269096095563455
t+10,98,179,0.7401921153068542,0.7596797181202155
t+10,98,180,0.7142598032951355,0.7556129549702109
t+10,98,181,0.7031517028808594,0.7294260204510424
t+10,98,182,0.6592960953712463,0.765241435038872
t+10,98,183,0.7432756423950195,0.7116538002717913
t+10,98,184,0.6719423532485962,0.7221415064064347
t+10,98,185,0.6835258603096008,0.762303351218758
t+10,98,186,0.6926563382148743,0.6907931088266027
t+10,98,187,0.6871032118797302,0.7027430208173556
t+10,98,188,0.7137114405632019,0.7311177923186539
t+10,98,189,0.7138339281082153,0.7247583133643489
t+10,98,190,0.6827421188354492,0.7016172232917837
t+10,98,191,0.6694730520248413,0.6910918159985344
t+10,98,192,0.6697919368743896,0.6511730543775192
t+10,98,193,0.7110186219215393,0.7266085037564728
t+10,98,194,0.7155635952949524,0.6620663570640475
t+10,98,195,0.6648595333099365,0.672094530708681
t+10,98,196,0.6684927344322205,0.6799786488254216
t+10,98,197,0.7094082832336426,0.674626958127217
t+10,98,198,0.7268223762512207,0.6983425097141508
t+10,98,199,0.6495248079299927,0.698213463849785
t+10,98,200,0.7790272235870361,0.6696665400150318
t+10,98,201,0.6817408800125122,0.657304499187256
t+10,98,202,0.6943850517272949,0.6572524983395766
t+10,98,203,0.6832714080810547,0.6939530675209485
t+10,98,204,0.6721374988555908,0.6979165969539407
t+10,98,205,0.681108832359314,0.6518478562632742
t+10,98,206,0.7692126631736755,0.6545955064964326
t+10,98,207,0.7292567491531372,0.6911067036110994
t+10,98,208,0.7201287746429443,0.7069634253200994
t+10,98,209,0.7439188957214355,0.6361255178230709
t+10,98,210,0.7138600945472717,0.7378707675769426
t+10,98,211,0.727994441986084,0.6649668926283331
t+10,98,212,0.6675564646720886,0.6760887589404108
t+10,98,213,0.6808457374572754,0.6657129060412176
t+10,98,214,0.6668577790260315,0.6553089239672223
t+10,98,215,0.7094470262527466,0.6630993727504153
t+10,98,216,0.6560508012771606,0.7260818337277207
t+10,98,217,0.7141962051391602,0.7055612127914027
t+10,98,218,0.6780372262001038,0.6973525238274717
t+10,98,219,0.7230591177940369,0.7179089594966694
t+10,98,220,0.6700477600097656,0.6904178802721826
t+10,98,221,0.6617251038551331,0.703179834633665
t+10,98,222,0.6639087200164795,0.6484987275823828
t+10,98,223,0.6792045831680298,0.6601745938595522
t+10,98,224,0.6406064629554749,0.6469965257594125
t+10,98,225,0.6096593141555786,0.6853256223167813
t+10,98,226,0.6526637077331543,0.6366923225592098
t+10,98,227,0.620964527130127,0.6882769883785859
t+10,98,228,0.6374190449714661,0.6559505881415101
t+10,98,229,0.6541830897331238,0.6967867054741567
t+10,98,230,0.6107735633850098,0.6479631122753176
t+10,98,231,0.6099767088890076,0.639890411604825
t+10,98,232,0.6239323019981384,0.6418393563966606
t+10,98,233,0.6847800612449646,0.6553186259956688
t+10,98,234,0.5371139645576477,0.6199699027445509
t+10,98,235,0.5697590112686157,0.5920340291615688
t+10,98,236,0.5666037797927856,0.6306471160903385
t+10,98,237,0.5861017107963562,0.6021356905279811
t+10,98,238,0.5581086874008179,0.6159315954351576
t+10,98,239,0.6157258749008179,0.6304908655284351
t+10,98,240,0.5696588754653931,0.5901594071423993
t+10,98,241,0.5806643962860107,0.5888261227971615
t+10,98,242,0.538384199142456,0.601143028835974
t+10,98,243,0.5989879965782166,0.6568552145341093
t+10,98,244,0.6319746971130371,0.521525604667064
t+10,98,245,0.4877690076828003,0.5516331120883428
t+10,98,246,0.5115979909896851,0.5475937020680393
t+10,98,247,0.521579921245575,0.5641566141444708
t+10,98,248,0.452767014503479,0.5409118434874457
t+10,98,249,0.512201726436615,0.5917435274489141
t+10,98,250,0.4720625579357147,0.5486232780029209
t+10,98,251,0.523227334022522,0.5583092757179847
t+10,98,252,0.4357999563217163,0.5208591083753153
t+10,98,253,0.4610878527164459,0.5756970317514489
t+10,98,254,0.4330941438674927,0.605342982933145
t+10,98,255,0.4067510962486267,0.44422010752330165
t+10,98,256,0.4475959241390228,0.4922836337825218
t+10,98,257,0.4688661694526672,0.5016025953119295
t+10,98,258,0.398899644613266,0.4120348250188331
t+10,98,259,0.366223931312561,0.49333458586909734
t+10,98,260,0.4041619002819061,0.42583339697450534
t+10,98,261,0.4461075067520141,0.5021833189745684
t+10,98,262,0.4075385928153991,0.39274136811588634
t+10,98,263,0.3816253244876861,0.4171580066934533
t+10,98,264,0.4156859219074249,0.3902203177173132
t+10,98,265,0.3966563940048218,0.3629054561814239
t+10,98,266,0.4627545177936554,0.4010353302038391
t+10,98,267,0.4271025061607361,0.4225594979804105
t+10,98,268,0.3367102444171905,0.35406555328359085
t+10,98,269,0.4118764698505401,0.32294426291233874
t+10,98,270,0.317676693201065,0.3607589645791883
t+10,98,271,0.4182767570018768,0.3994131135502656
t+10,98,272,0.3744233846664428,0.3607655415116401
t+10,98,273,0.3327618837356567,0.34155835409215285
t+10,98,274,0.3725249171257019,0.36934220174680393
t+10,98,275,0.3027822375297546,0.3518610724404465
t+10,98,276,0.3785594403743744,0.41191686334657257
t+10,98,277,0.3737797737121582,0.37754852318500076
t+10,98,278,0.3114427924156189,0.29535550798890187
t+10,98,279,0.3550772964954376,0.36434438809825886
t+10,98,280,0.3229065835475921,0.27157970977033574
t+10,98,281,0.347415417432785,0.3695917735224829
t+10,98,282,0.3572541773319244,0.3248102550895008
t+10,98,283,0.3262699246406555,0.28721548305905475
t+10,98,284,0.3506268262863159,0.3256353075679323
t+10,98,285,0.3101634979248047,0.25821416584323176
t+10,98,286,0.3001195788383484,0.3275976476330158
t+10,98,287,0.377539187669754,0.32468512728933474
t+10,98,288,0.3523432910442352,0.26429987534809607
t+10,98,289,0.34928959608078,0.3062890152404831
t+10,99,0,0.471279501914978,0.45062516864406854
t+10,99,1,0.4523752927780151,0.5747054529640306
t+10,99,2,0.4934735596179962,0.49015763986369254
t+10,99,3,0.3969652354717254,0.47434305671328897
t+10,99,4,0.4875061810016632,0.47058056731156506
t+10,99,5,0.4462868869304657,0.4698487847684678
t+10,99,6,0.4334726631641388,0.49932313935827866
t+10,99,7,0.3785217702388763,0.5272486918429513
t+10,99,8,0.4525811970233917,0.47745077701013594
t+10,99,9,0.4527609050273895,0.480398818805172
t+10,99,10,0.4816277325153351,0.5127870942689626
t+10,99,11,0.4848707318305969,0.493449797856521
t+10,99,12,0.4202027320861816,0.531650931801366
t+10,99,13,0.5122648477554321,0.4412309010206818
t+10,99,14,0.4060324728488922,0.5265009846303957
t+10,99,15,0.4400457441806793,0.4877071241839976
t+10,99,16,0.3950598835945129,0.4746909932252102
t+10,99,17,0.3617792427539825,0.4198234732212674
t+10,99,18,0.4076639115810394,0.4920689701171187
t+10,99,19,0.4297774732112884,0.4935233423295379
t+10,99,20,0.4561933577060699,0.5199526927930839
t+10,99,21,0.3943213224411011,0.5225734168583513
t+10,99,22,0.4307110607624054,0.4580638540204069
t+10,99,23,0.4389752447605133,0.573712052845972
t+10,99,24,0.4132052063941955,0.4468589745757646
t+10,99,25,0.4103221297264099,0.47919832915077337
t+10,99,26,0.3596886694431305,0.43528733750656184
t+10,99,27,0.4258232712745666,0.4024426477814116
t+10,99,28,0.3847809731960296,0.44797379366220164
t+10,99,29,0.3779942095279693,0.46751629830060976
t+10,99,30,0.4424033164978027,0.49371609245627185
t+10,99,31,0.4514256715774536,0.43162401421073376
t+10,99,32,0.3856963217258453,0.466907239267264
t+10,99,33,0.3447031080722809,0.475272350908655
t+10,99,34,0.4574782848358154,0.44840012011788627
t+10,99,35,0.4313910007476806,0.4451396831293129
t+10,99,36,0.3785613775253296,0.39971073271348045
t+10,99,37,0.3974676728248596,0.4590999943530986
t+10,99,38,0.4302020072937011,0.4208920078619339
t+10,99,39,0.4536812007427215,0.41344385638478326
t+10,99,40,0.3932814002037048,0.47454471101244583
t+10,99,41,0.3979149162769317,0.4837756460997657
t+10,99,42,0.3958125114440918,0.4209027661517494
t+10,99,43,0.3943336308002472,0.3787044502918332
t+10,99,44,0.422461450099945,0.4911114407354518
t+10,99,45,0.4025402367115021,0.46243466893309815
t+10,99,46,0.4482655227184295,0.4150792776055652
t+10,99,47,0.4063190817832947,0.42909421917187185
t+10,99,48,0.469307005405426,0.46165224261626797
t+10,99,49,0.3644441068172455,0.4810925486546524
t+10,99,50,0.4269549548625946,0.4213636292415142
t+10,99,51,0.4393332004547119,0.43041257639601743
t+10,99,52,0.4000812172889709,0.42838677472782677
t+10,99,53,0.4146108031272888,0.4228591061716684
t+10,99,54,0.3806372582912445,0.4490286116517848
t+10,99,55,0.4101079404354095,0.4281103590323689
t+10,99,56,0.3158904910087585,0.47388665663810037
t+10,99,57,0.4235090613365173,0.43758228901539076
t+10,99,58,0.4576030969619751,0.49309475580627027
t+10,99,59,0.4634507894515991,0.3911999636007159
t+10,99,60,0.4115446507930755,0.4507244444860283
t+10,99,61,0.4522956609725952,0.46691565804229657
t+10,99,62,0.4380531907081604,0.4291590376961804
t+10,99,63,0.4694962203502655,0.44242648456082767
t+10,99,64,0.4983924031257629,0.4071125551775848
t+10,99,65,0.4800027012825012,0.4361578553005148
t+10,99,66,0.4734677672386169,0.34319325966182307
t+10,99,67,0.516348659992218,0.4451150217356953
t+10,99,68,0.4171941876411438,0.4830411497623859
t+10,99,69,0.5396168828010559,0.4860614367967669
t+10,99,70,0.5137578248977661,0.4388996452146274
t+10,99,71,0.4836399555206299,0.4772037359847691
t+10,99,72,0.4503381252288818,0.4596109601587768
t+10,99,73,0.5215868949890137,0.49080155318722635
t+10,99,74,0.4851136207580566,0.5163592683152955
t+10,99,75,0.5455212593078613,0.4970176003281397
t+10,99,76,0.5319848656654358,0.4922924170003215
t+10,99,77,0.5588585734367371,0.5578596665990802
t+10,99,78,0.5995990633964539,0.44086149300113475
t+10,99,79,0.6187523007392883,0.5777799817997203
t+10,99,80,0.5986717939376831,0.552640965248115
t+10,99,81,0.6032177209854126,0.49993091359093694
t+10,99,82,0.591701328754425,0.46735476803945175
t+10,99,83,0.6809089183807373,0.5612261220700488
t+10,99,84,0.6701590418815613,0.5002615678092173
t+10,99,85,0.6971912384033203,0.5837937762079681
t+10,99,86,0.6916425824165344,0.5712485055893732
t+10,99,87,0.6581177711486816,0.594273138403821
t+10,99,88,0.6658413410186768,0.6326622199558478
t+10,99,89,0.6981238126754761,0.6494708252956213
t+10,99,90,0.6979373693466187,0.6303087529279331
t+10,99,91,0.7026229500770569,0.635342646542406
t+10,99,92,0.7008880376815796,0.6236639528688204
t+10,99,93,0.6575659513473511,0.7045367762202946
t+10,99,94,0.7190299034118652,0.6943979765770109
t+10,99,95,0.7456193566322327,0.7186105715148177
t+10,99,96,0.7132726311683655,0.7132216952430364
t+10,99,97,0.7188045978546143,0.6825464159669626
t+10,99,98,0.8307624459266663,0.6894866991727142
t+10,99,99,0.8168708682060242,0.7180604671884815
t+10,99,100,0.7091184854507446,0.7174707761428575
t+10,99,101,0.7810574173927307,0.7215061979386392
t+10,99,102,0.6780919432640076,0.7195310557277819
t+10,99,103,0.8154520392417908,0.6796171721415258
t+10,99,104,0.8246258497238159,0.7349016821642415
t+10,99,105,0.7961737513542175,0.7587263400147576
t+10,99,106,0.8993815183639526,0.7290927176743389
t+10,99,107,0.8536235690116882,0.733350722690124
t+10,99,108,0.7804837226867676,0.8179222420241021
t+10,99,109,0.8553836941719055,0.8046695310622631
t+10,99,110,0.932076334953308,0.724261995876581
t+10,99,111,0.8246750831604004,0.7739501355862213
t+10,99,112,0.8244259357452393,0.6954926779636343
t+10,99,113,0.8660996556282043,0.8015943431132976
t+10,99,114,0.8588576912879944,0.8098156497218738
t+10,99,115,0.8239790201187134,0.7855096459308983
t+10,99,116,0.8305315971374512,0.8736707567029298
t+10,99,117,0.9072688221931458,0.8382567524215906
t+10,99,118,0.8317418694496155,0.7702090914380492
t+10,99,119,0.7919946908950806,0.8369276219436098
t+10,99,120,0.7880150675773621,0.9029119714889778
t+10,99,121,0.7692354917526245,0.807472284801436
t+10,99,122,0.7709078192710876,0.8064218881937971
t+10,99,123,0.8089554309844971,0.8417973651451162
t+10,99,124,0.7665504217147827,0.8386303510292898
t+10,99,125,0.867414116859436,0.8053715044542551
t+10,99,126,0.8421656489372253,0.8118350181481383
t+10,99,127,0.7940047383308411,0.8799525455500293
t+10,99,128,0.7514509558677673,0.8108134917299983
t+10,99,129,0.828460693359375,0.7781265496850089
t+10,99,130,0.8094317317008972,0.7737341160343575
t+10,99,131,0.8174357414245605,0.7567113517547063
t+10,99,132,0.8180891275405884,0.7577292766589196
t+10,99,133,0.786771833896637,0.7915596355670648
t+10,99,134,0.7718466520309448,0.752906723879424
t+10,99,135,0.7454224228858948,0.8399755851215206
t+10,99,136,0.6980093717575073,0.8178093575511511
t+10,99,137,0.7738738059997559,0.7776949884334358
t+10,99,138,0.7728186845779419,0.7387946168689231
t+10,99,139,0.687355101108551,0.8063152698166702
t+10,99,140,0.6804909110069275,0.7884005714929125
t+10,99,141,0.7392265200614929,0.7947219989060645
t+10,99,142,0.7048901319503784,0.795544383436518
t+10,99,143,0.6778436899185181,0.7666643013296217
t+10,99,144,0.6380543112754822,0.7536451487053013
t+10,99,145,0.6830199360847473,0.745121823401995
t+10,99,146,0.6606274843215942,0.7017591417674297
t+10,99,147,0.6333040595054626,0.7557547680356079
t+10,99,148,0.7088971138000488,0.7534558597561839
t+10,99,149,0.642670214176178,0.6912471523772992
t+10,99,150,0.6467349529266357,0.6847029126412629
t+10,99,151,0.7053689956665039,0.7365676471902867
t+10,99,152,0.6530011296272278,0.706056539273423
t+10,99,153,0.6517410278320312,0.6812886260720736
t+10,99,154,0.6289222240447998,0.6449398705028796
t+10,99,155,0.6077983379364014,0.6852903523701203
t+10,99,156,0.616686999797821,0.6644828233548443
t+10,99,157,0.6093988418579102,0.6395750609545695
t+10,99,158,0.6316442489624023,0.7073166669225901
t+10,99,159,0.5677979588508606,0.6473357767324681
t+10,99,160,0.5613358616828918,0.6506113364281638
t+10,99,161,0.6176418662071228,0.7035277588049176
t+10,99,162,0.597392201423645,0.6557873500420576
t+10,99,163,0.5952383875846863,0.6547461721696382
t+10,99,164,0.5904342532157898,0.6329260036889783
t+10,99,165,0.6075925827026367,0.6140937547267136
t+10,99,166,0.587557852268219,0.6209225856793885
t+10,99,167,0.6205413937568665,0.6147875156781903
t+10,99,168,0.641588568687439,0.6342279820286755
t+10,99,169,0.5394099354743958,0.5753540348413849
t+10,99,170,0.6237860321998596,0.5692256104380733
t+10,99,171,0.5450835824012756,0.6198534526729488
t+10,99,172,0.562372088432312,0.6016397019687281
t+10,99,173,0.4782840013504028,0.5987114035304398
t+10,99,174,0.677160918712616,0.5940532926607062
t+10,99,175,0.5774165391921997,0.6090051271735976
t+10,99,176,0.6507319808006287,0.5918503574603222
t+10,99,177,0.6190319657325745,0.6211440753432371
t+10,99,178,0.5925551652908325,0.6399149930076348
t+10,99,179,0.5820781588554382,0.5462988914256286
t+10,99,180,0.6080214977264404,0.6219343083738966
t+10,99,181,0.7137178778648376,0.5499244808625202
t+10,99,182,0.6293584108352661,0.5654330698862329
t+10,99,183,0.5854761004447937,0.4600501150508071
t+10,99,184,0.6400689482688904,0.6700887862016468
t+10,99,185,0.7015727162361145,0.5797121032615224
t+10,99,186,0.6727657318115234,0.6451047861757137
t+10,99,187,0.6527581214904785,0.6161349765004613
t+10,99,188,0.6394945979118347,0.5908959465047919
t+10,99,189,0.5883110165596008,0.5815634512848666
t+10,99,190,0.6326178312301636,0.6050952507125192
t+10,99,191,0.6496340036392212,0.7004830639461405
t+10,99,192,0.6879106760025024,0.623531829415611
t+10,99,193,0.6571691632270813,0.5833870428318952
t+10,99,194,0.6872302889823914,0.633595645695616
t+10,99,195,0.711810290813446,0.6884113231547772
t+10,99,196,0.6840884685516357,0.6618969438976765
t+10,99,197,0.7221442461013794,0.6440011218495733
t+10,99,198,0.6740842461585999,0.6309602012361535
t+10,99,199,0.6922594308853149,0.5830772228917994
t+10,99,200,0.6951298117637634,0.6246591058200203
t+10,99,201,0.6567512154579163,0.6393875263537093
t+10,99,202,0.6979339122772217,0.6736750379316592
t+10,99,203,0.7538992166519165,0.6458137551305634
t+10,99,204,0.6872395873069763,0.6723561302746743
t+10,99,205,0.7049557566642761,0.6942848286786409
t+10,99,206,0.656211256980896,0.6688275432763462
t+10,99,207,0.6080474257469177,0.7029588709111185
t+10,99,208,0.6766037344932556,0.6590296053045948
t+10,99,209,0.6984132528305054,0.6751180405625691
t+10,99,210,0.750468909740448,0.6773444194640126
t+10,99,211,0.7120658159255981,0.6427370500967011
t+10,99,212,0.737769603729248,0.6794257118386319
t+10,99,213,0.690700113773346,0.7154506091553671
t+10,99,214,0.715548574924469,0.6689427812282431
t+10,99,215,0.7237924337387085,0.6846341276084903
t+10,99,216,0.6808393597602844,0.6405246890687433
t+10,99,217,0.7080712914466858,0.5961823335274161
t+10,99,218,0.6856387257575989,0.6579626247007913
t+10,99,219,0.7261193990707397,0.6772286867499185
t+10,99,220,0.6668145656585693,0.7095953122081525
t+10,99,221,0.6651067137718201,0.6890129766402793
t+10,99,222,0.6413595080375671,0.7111572372523521
t+10,99,223,0.6227565407752991,0.6689996397587404
t+10,99,224,0.6141325831413269,0.6910834573226252
t+10,99,225,0.7549430131912231,0.6976324613804787
t+10,99,226,0.6794644594192505,0.6590515916070918
t+10,99,227,0.6530987024307251,0.6830739850744555
t+10,99,228,0.6557767391204834,0.6627422618343924
t+10,99,229,0.5867668986320496,0.698731470755482
t+10,99,230,0.643028199672699,0.6451024559632259
t+10,99,231,0.6135520935058594,0.6432227391979448
t+10,99,232,0.6220250725746155,0.6219834495526788
t+10,99,233,0.6816188097000122,0.6039475163963448
t+10,99,234,0.5688322186470032,0.5955895708193405
t+10,99,235,0.5097177028656006,0.7068741729184104
t+10,99,236,0.6090282797813416,0.6544587002058763
t+10,99,237,0.580043375492096,0.6303299333979193
t+10,99,238,0.6120970249176025,0.632224845206957
t+10,99,239,0.525709867477417,0.5674139517161682
t+10,99,240,0.5163512825965881,0.6199672548473947
t+10,99,241,0.5836725234985352,0.5929873848839173
t+10,99,242,0.5349780917167664,0.6000488597458387
t+10,99,243,0.559455156326294,0.6540227649280768
t+10,99,244,0.5466001033782959,0.5509279853568384
t+10,99,245,0.5622321963310242,0.49614068823818114
t+10,99,246,0.4834780097007751,0.5868496953801406
t+10,99,247,0.5460588932037354,0.562139370519435
t+10,99,248,0.5098129510879517,0.5888982905477762
t+10,99,249,0.43731889128685,0.5092560839602868
t+10,99,250,0.5077757239341736,0.5003518653860208
t+10,99,251,0.5727607607841492,0.5613441870400022
t+10,99,252,0.4609474241733551,0.5169768757986375
t+10,99,253,0.4665864109992981,0.537448252703846
t+10,99,254,0.4855824112892151,0.5281227165742515
t+10,99,255,0.4487336277961731,0.5423514709576135
t+10,99,256,0.4599733650684356,0.4409945487346923
t+10,99,257,0.4242542386054992,0.5244167219959289
t+10,99,258,0.4757291674613952,0.4916413654694498
t+10,99,259,0.3961732685565948,0.3910410054875736
t+10,99,260,0.4254208207130432,0.48722995621824766
t+10,99,261,0.3811981379985809,0.5492994144042261
t+10,99,262,0.4034192562103271,0.41638737207924137
t+10,99,263,0.393973559141159,0.42105908945213966
t+10,99,264,0.4344525933265686,0.44123991385229994
t+10,99,265,0.4810823798179626,0.40367772814226427
t+10,99,266,0.3281728029251098,0.4147166244147182
t+10,99,267,0.426228791475296,0.37990313479332544
t+10,99,268,0.3924162089824676,0.42926861464501104
t+10,99,269,0.377240926027298,0.35523322512299055
t+10,99,270,0.3425644934177398,0.37927786855410217
t+10,99,271,0.3168130218982696,0.3351869695446331
t+10,99,272,0.3692187666893005,0.36161322233829013
t+10,99,273,0.3893482983112335,0.3482730226904532
t+10,99,274,0.3385381698608398,0.38740375550382755
t+10,99,275,0.3731054365634918,0.43196827762970585
t+10,99,276,0.3719497621059418,0.28312773462171265
t+10,99,277,0.3730955123901367,0.3785495839533639
t+10,99,278,0.3515556752681732,0.3453738110937943
t+10,99,279,0.2590629756450653,0.33603675175152636
t+10,99,280,0.3215076923370361,0.29648740924012684
t+10,99,281,0.3689199984073639,0.27333316186144374
t+10,99,282,0.3964618444442749,0.3238025726208937
t+10,99,283,0.3030993044376373,0.3415912925781246
t+10,99,284,0.3263255357742309,0.2910506739331629
t+10,99,285,0.2988002002239227,0.3233709066392538
t+10,99,286,0.2502939701080322,0.3203005589054317
t+10,99,287,0.3060832321643829,0.32377402291304086
t+10,99,288,0.3465949892997741,0.3053932823726516
t+10,99,289,0.302088975906372,0.21637637996968
