feature_set,episode_id,step,actual,prediction
traffic_only,80,0,0.3171028196811676,0.28116357887009497
traffic_only,80,1,0.3385449051856994,0.3291404635337452
traffic_only,80,2,0.3787165880203247,0.34960657420046226
traffic_only,80,3,0.3115369975566864,0.38794977110581624
traffic_only,80,4,0.3487873673439026,0.3238279797491423
traffic_only,80,5,0.3506577908992767,0.35938283239069957
traffic_only,80,6,0.3575319349765777,0.36116812027558515
traffic_only,80,7,0.3468916714191437,0.3677293754014107
traffic_only,80,8,0.385602742433548,0.3575734224534824
traffic_only,80,9,0.3897936344146728,0.39452248989566263
traffic_only,80,10,0.3964115083217621,0.3985226259393245
traffic_only,80,11,0.4004085063934326,0.40483927548967924
traffic_only,80,12,0.3966313004493713,0.40865434305165566
traffic_only,80,13,0.3335061371326446,0.4050490633858413
traffic_only,80,14,0.4165720045566559,0.34479715467940203
traffic_only,80,15,0.4682942628860473,0.4240821307125102
traffic_only,80,16,0.3528449535369873,0.47345015802860907
traffic_only,80,17,0.4917473495006561,0.36325573029747565
traffic_only,80,18,0.4012103080749511,0.4958357354963062
traffic_only,80,19,0.4175938367843628,0.40941964929685504
traffic_only,80,20,0.4985604286193847,0.4250574524204032
traffic_only,80,21,0.4636311829090118,0.5023387051442693
traffic_only,80,22,0.4481066763401031,0.4689993264694498
traffic_only,80,23,0.424977570772171,0.4541814455586443
traffic_only,80,24,0.4475413858890533,0.43210510256134427
traffic_only,80,25,0.5175599455833435,0.4536418853126235
traffic_only,80,26,0.4909065961837768,0.5204734251423014
traffic_only,80,27,0.4881808161735534,0.49503325056903436
traffic_only,80,28,0.4335328638553619,0.49243153930682687
traffic_only,80,29,0.4903588891029358,0.44027098619191635
traffic_only,80,30,0.4254919588565826,0.4945104733547066
traffic_only,80,31,0.5102866888046265,0.4325960773529047
traffic_only,80,32,0.4839149713516235,0.5135312236428619
traffic_only,80,33,0.5029402375221252,0.4883598620348466
traffic_only,80,34,0.512796938419342,0.5065191592182733
traffic_only,80,35,0.3941155970096588,0.5159272147606566
traffic_only,80,36,0.4693592190742492,0.4026478666836402
traffic_only,80,37,0.4558360874652862,0.4744666408328745
traffic_only,80,38,0.4529505968093872,0.46155903872434256
traffic_only,80,39,0.4297763407230377,0.4588048863318933
traffic_only,80,40,0.472412645816803,0.4366854479227037
traffic_only,80,41,0.4224380254745483,0.47738108540089985
traffic_only,80,42,0.4629472196102142,0.42968114920600003
traffic_only,80,43,0.4144075512886047,0.46834649498240966
traffic_only,80,44,0.4001414179801941,0.4220161964027384
traffic_only,80,45,0.3926469087600708,0.4083994116448211
traffic_only,80,46,0.3771015107631683,0.4012460284042143
traffic_only,80,47,0.4169935882091522,0.38640820697609224
traffic_only,80,48,0.4413856863975525,0.42448452523171154
traffic_only,80,49,0.4449680149555206,0.44776637348344617
traffic_only,80,50,0.4027701318264007,0.4511856459556327
traffic_only,80,51,0.3839549720287323,0.41090847488292004
traffic_only,80,52,0.4844058752059936,0.3929497207053163
traffic_only,80,53,0.3982817828655243,0.48882842152306116
traffic_only,80,54,0.4445187747478485,0.4066244211454827
traffic_only,80,55,0.4610751867294311,0.4507568537187856
traffic_only,80,56,0.3934034705162048,0.46655967102343693
traffic_only,80,57,0.4062438309192657,0.40196815390007484
traffic_only,80,58,0.4063456952571869,0.4142240623542238
traffic_only,80,59,0.391896516084671,0.41432129015477737
traffic_only,80,60,0.3801545798778534,0.4005297911923545
traffic_only,80,61,0.4229834675788879,0.38932231019432045
traffic_only,80,62,0.4507084786891937,0.43020176453827924
traffic_only,80,63,0.4818951785564422,0.4566648222245082
traffic_only,80,64,0.3972775936126709,0.48643200371802003
traffic_only,80,65,0.4018971920013428,0.40566593936091555
traffic_only,80,66,0.3847483694553375,0.41007526847390524
traffic_only,80,67,0.3558823466300964,0.39370700523028285
traffic_only,80,68,0.4513172209262848,0.36615487101626226
traffic_only,80,69,0.421793133020401,0.4572458564708821
traffic_only,80,70,0.4674232006072998,0.42906561018429806
traffic_only,80,71,0.4610809087753296,0.47261874370602924
traffic_only,80,72,0.4380103349685669,0.46656513262019134
traffic_only,80,73,0.4338244795799255,0.44454465720635733
traffic_only,80,74,0.4122577011585235,0.4405493285056718
traffic_only,80,75,0.4593054056167602,0.41996420054301675
traffic_only,80,76,0.477059006690979,0.46487044466063127
traffic_only,80,77,0.4589422047138214,0.4818159588570426
traffic_only,80,78,0.3923071026802063,0.464523775495814
traffic_only,80,79,0.5032588839530945,0.4009216892052936
traffic_only,80,80,0.414623886346817,0.5068233018875296
traffic_only,80,81,0.4858629405498504,0.4222226845841949
traffic_only,80,82,0.4631775319576263,0.4902191659340798
traffic_only,80,83,0.4569431245326996,0.46856632425177114
traffic_only,80,84,0.5104680061340332,0.46261568702140543
traffic_only,80,85,0.524974524974823,0.5137042879900144
traffic_only,80,86,0.483148992061615,0.5275505167032463
traffic_only,80,87,0.5369921326637268,0.48762874766099457
traffic_only,80,88,0.5286455750465393,0.5390211215032464
traffic_only,80,89,0.4715863764286041,0.5310544723709413
traffic_only,80,90,0.5410142540931702,0.4765924251404124
traffic_only,80,91,0.5112188458442688,0.5428601688884722
traffic_only,80,92,0.4506185352802276,0.5144209518891207
traffic_only,80,93,0.5060477256774902,0.45657897275052617
traffic_only,80,94,0.5421308875083923,0.5094852044973004
traffic_only,80,95,0.4628670811653137,0.5439259767384251
traffic_only,80,96,0.552092432975769,0.4682700041820328
traffic_only,80,97,0.5595763325691223,0.5534341046630049
traffic_only,80,98,0.5709052085876465,0.560577361192963
traffic_only,80,99,0.5555046200752258,0.5713905831752943
traffic_only,80,100,0.575937807559967,0.5566909799691997
traffic_only,80,101,0.556587815284729,0.5761941144123538
traffic_only,80,102,0.5270010232925415,0.5577248716131195
traffic_only,80,103,0.542506992816925,0.5294847753287694
traffic_only,80,104,0.5567138195037842,0.5442849629417561
traffic_only,80,105,0.5288419723510742,0.5578451405249802
traffic_only,80,106,0.6168461441993713,0.5312419303012069
traffic_only,80,107,0.5671969056129456,0.6152404350081939
traffic_only,80,108,0.6513944268226624,0.5678510702370634
traffic_only,80,109,0.6409000754356384,0.6482161908116045
traffic_only,80,110,0.6194189190864563,0.6381995085809113
traffic_only,80,111,0.6453680992126465,0.6176961054488561
traffic_only,80,112,0.6014326214790344,0.6424641622715443
traffic_only,80,113,0.6252598762512207,0.6005284863177691
traffic_only,80,114,0.7242890000343323,0.6232712010107294
traffic_only,80,115,0.665152907371521,0.7177928372641074
traffic_only,80,116,0.6687352061271667,0.6613484295324744
traffic_only,80,117,0.6671935319900513,0.6647676735588446
traffic_only,80,118,0.7151774168014526,0.6632961714749847
traffic_only,80,119,0.6916579604148865,0.7090959840240759
traffic_only,80,120,0.7592792510986328,0.6866470577231919
traffic_only,80,121,0.6917210817337036,0.7511904445251565
traffic_only,80,122,0.7586626410484314,0.686707305962388
traffic_only,80,123,0.6905692219734192,0.7506019005832454
traffic_only,80,124,0.7104007601737976,0.6856078751574163
traffic_only,80,125,0.692376434803009,0.7045367454585066
traffic_only,80,126,0.731756329536438,0.6873328294656565
traffic_only,80,127,0.761786699295044,0.724920277920131
traffic_only,80,128,0.6861721277236938,0.7535837617362069
traffic_only,80,129,0.7051014304161072,0.6814109225098838
traffic_only,80,130,0.7187251448631287,0.6994786241644098
traffic_only,80,131,0.7834344506263733,0.7124822309033887
traffic_only,80,132,0.7458070516586304,0.7742461769820989
traffic_only,80,133,0.7124349474906921,0.7383314563169013
traffic_only,80,134,0.7387815117835999,0.7064783431046683
traffic_only,80,135,0.7940657138824463,0.7316256964436176
traffic_only,80,136,0.748999297618866,0.7843935392934658
traffic_only,80,137,0.6986368298530579,0.7413784014978518
traffic_only,80,138,0.7785913944244385,0.6933082714479482
traffic_only,80,139,0.7102235555648804,0.7696235611375263
traffic_only,80,140,0.7760928869247437,0.7043676066340212
traffic_only,80,141,0.7427788376808167,0.7672387776714046
traffic_only,80,142,0.7793301939964294,0.7354410769095747
traffic_only,80,143,0.7127025127410889,0.7703287329267954
traffic_only,80,144,0.7330275774002075,0.7067337296445657
traffic_only,80,145,0.7343423366546631,0.7261336626657163
traffic_only,80,146,0.7894472479820251,0.7273885783032876
traffic_only,80,147,0.680394172668457,0.7799852911215004
traffic_only,80,148,0.666904091835022,0.6758959614039409
traffic_only,80,149,0.6274845004081726,0.6630199057058285
traffic_only,80,150,0.740326464176178,0.6253945674238709
traffic_only,80,151,0.6531727313995361,0.7331003275672847
traffic_only,80,152,0.6930930018424988,0.6499135526779088
traffic_only,80,153,0.6998132467269897,0.6880167806758697
traffic_only,80,154,0.6873787641525269,0.6944311416056571
traffic_only,80,155,0.682712197303772,0.6825626367254515
traffic_only,80,156,0.6490781307220459,0.6781084770057701
traffic_only,80,157,0.6612881422042847,0.6460053250671283
traffic_only,80,158,0.6271708011627197,0.6576595760579924
traffic_only,80,159,0.6779552698135376,0.6250951467601417
traffic_only,80,160,0.6266112923622131,0.6735680695706767
traffic_only,80,161,0.5781399607658386,0.624561105002508
traffic_only,80,162,0.5658770799636841,0.578296032679908
traffic_only,80,163,0.6704471111297607,0.5665913188106992
traffic_only,80,164,0.6711633205413818,0.6664016581461456
traffic_only,80,165,0.6624687910079956,0.6670852680065616
traffic_only,80,166,0.6493512392044067,0.6587864855216343
traffic_only,80,167,0.6716522574424744,0.6462660025288814
traffic_only,80,168,0.6714874505996704,0.6675519500708919
traffic_only,80,169,0.5956723690032959,0.6673946447060408
traffic_only,80,170,0.5986768007278442,0.595030422026785
traffic_only,80,171,0.6296046376228333,0.5978981016726014
traffic_only,80,172,0.5719877481460571,0.627418202804613
traffic_only,80,173,0.602706789970398,0.5724238490112528
traffic_only,80,174,0.6503602862358093,0.6017446587533645
traffic_only,80,175,0.5905218720436096,0.6472291209815264
traffic_only,80,176,0.5992658138275146,0.5901143591399333
traffic_only,80,177,0.5878226161003113,0.5984603047884995
traffic_only,80,178,0.6519365906715393,0.5875379646543474
traffic_only,80,179,0.6213003993034363,0.6487336771040766
traffic_only,80,180,0.6021318435668945,0.6194919467316369
traffic_only,80,181,0.5868434309959412,0.6011958820628208
traffic_only,80,182,0.5694077014923096,0.586603348909764
traffic_only,80,183,0.6812834143638611,0.5699612377913819
traffic_only,80,184,0.6001794934272766,0.6767447276745423
traffic_only,80,185,0.5899714231491089,0.5993323966285725
traffic_only,80,186,0.5563488006591797,0.5895889649104941
traffic_only,80,187,0.6599628925323486,0.5574967361653608
traffic_only,80,188,0.6238842010498047,0.6563946474930382
traffic_only,80,189,0.579551637172699,0.6219581421243777
traffic_only,80,190,0.7080273032188416,0.5796434541125056
traffic_only,80,191,0.6502078175544739,0.7022713206381199
traffic_only,80,192,0.6505934000015259,0.6470835921846769
traffic_only,80,193,0.6444270014762878,0.6474516241576322
traffic_only,80,194,0.715853750705719,0.6415659002803569
traffic_only,80,195,0.6446459889411926,0.7097415333821102
traffic_only,80,196,0.6596695780754089,0.6417749201394755
traffic_only,80,197,0.6503384709358215,0.6561146837677463
traffic_only,80,198,0.6194455027580261,0.6472082986439006
traffic_only,80,199,0.6757854223251343,0.6177214791171106
traffic_only,80,200,0.6080115437507629,0.6714969865681313
traffic_only,80,201,0.5964303016662598,0.6068079571860514
traffic_only,80,202,0.7300138473510742,0.5957538560302013
traffic_only,80,203,0.6039259433746338,0.7232571079251742
traffic_only,80,204,0.688601553440094,0.6029083202118323
traffic_only,80,205,0.7088619470596313,0.6837297685735236
traffic_only,80,206,0.6050713658332825,0.7030679741730239
traffic_only,80,207,0.6995569467544556,0.6040016067204553
traffic_only,80,208,0.7353962659835815,0.6941865075843698
traffic_only,80,209,0.712040901184082,0.7283945361554744
traffic_only,80,210,0.695899248123169,0.7061022325198472
traffic_only,80,211,0.7058555483818054,0.6906952956424348
traffic_only,80,212,0.7097556591033936,0.7001984171033231
traffic_only,80,213,0.7032714486122131,0.7039210073160896
traffic_only,80,214,0.69525146484375,0.697731937252418
traffic_only,80,215,0.7384157776832581,0.6900769973765393
traffic_only,80,216,0.7118659615516663,0.7312766093844039
traffic_only,80,217,0.7134431600570679,0.7059352555774103
traffic_only,80,218,0.6880297064781189,0.7074406650744534
traffic_only,80,219,0.6693724989891052,0.6831839502478886
traffic_only,80,220,0.6764248013496399,0.6653759588973572
traffic_only,80,221,0.6969202160835266,0.672107263113794
traffic_only,80,222,0.7519798874855042,0.6916697924216514
traffic_only,80,223,0.7280279397964478,0.7442233244905253
traffic_only,80,224,0.7065251469612122,0.7213615925016271
traffic_only,80,225,0.7122395038604736,0.7008375377068445
traffic_only,80,226,0.6208182573318481,0.7062917954405284
traffic_only,80,227,0.7141546607017517,0.6190317503134523
traffic_only,80,228,0.6923844218254089,0.7081197804958737
traffic_only,80,229,0.6620033383369446,0.6873404529444594
traffic_only,80,230,0.7078515291213989,0.6583422187606499
traffic_only,80,231,0.6852664947509766,0.7021035472128231
traffic_only,80,232,0.6604700684547424,0.6805465110402465
traffic_only,80,233,0.668019711971283,0.6568787383970228
traffic_only,80,234,0.6218715310096741,0.6640847463980228
traffic_only,80,235,0.6340373754501343,0.6200370823576776
traffic_only,80,236,0.6432082653045654,0.6316491766485944
traffic_only,80,237,0.6723996996879578,0.640402637063319
traffic_only,80,238,0.7282674312591553,0.6682653711469253
traffic_only,80,239,0.6087733507156372,0.7215901830824486
traffic_only,80,240,0.5980424880981445,0.6075350891456035
traffic_only,80,241,0.6325616836547852,0.5972926609157316
traffic_only,80,242,0.6424719095230103,0.6302406536023077
traffic_only,80,243,0.588450014591217,0.6396997978309972
traffic_only,80,244,0.583957850933075,0.5881368059818057
traffic_only,80,245,0.5885170698165894,0.5838491111798654
traffic_only,80,246,0.614035964012146,0.5882008090687704
traffic_only,80,247,0.6108145713806152,0.6125581651938602
traffic_only,80,248,0.5856207609176636,0.6094834000044423
traffic_only,80,249,0.5485867261886597,0.5854363308449575
traffic_only,80,250,0.5657709240913391,0.5500879663848567
traffic_only,80,251,0.5467250347137451,0.5664899948125799
traffic_only,80,252,0.5661910772323608,0.5483110131241846
traffic_only,80,253,0.5521540641784668,0.5668910239325926
traffic_only,80,254,0.5136118531227112,0.5534929306113796
traffic_only,80,255,0.5002930164337158,0.5167050371650846
traffic_only,80,256,0.5285137295722961,0.5039924311281719
traffic_only,80,257,0.5777941346168518,0.5309286280790605
traffic_only,80,258,0.4575885832309723,0.5779659474260687
traffic_only,80,259,0.4964232742786407,0.4632317665136196
traffic_only,80,260,0.5110048055648804,0.5002988272023463
traffic_only,80,261,0.5063185095787048,0.5142166540355293
traffic_only,80,262,0.4814864099025726,0.5097436631853721
traffic_only,80,263,0.524294912815094,0.4860418408998831
traffic_only,80,264,0.5005678534507751,0.5269018383054048
traffic_only,80,265,0.5348376035690308,0.504254758447278
traffic_only,80,266,0.4634305238723755,0.5369646596503455
traffic_only,80,267,0.4803971350193023,0.468807800787435
traffic_only,80,268,0.5708527565002441,0.48500214630941185
traffic_only,80,269,0.5253925323486328,0.5713405185383797
traffic_only,80,270,0.4626824855804443,0.5279494977244761
traffic_only,80,271,0.4819422364234924,0.468093810795073
traffic_only,80,272,0.4844219982624054,0.48647691966216106
traffic_only,80,273,0.4640385806560516,0.4888438107097492
traffic_only,80,274,0.5306750535964966,0.469388180780031
traffic_only,80,275,0.4967930316925049,0.5329915755781073
traffic_only,80,276,0.4528326094150543,0.500651754446778
traffic_only,80,277,0.5032440423965454,0.45869226934465185
traffic_only,80,278,0.5941148400306702,0.506809135870948
traffic_only,80,279,0.507093608379364,0.593543786768585
traffic_only,80,280,0.5449522137641907,0.5104834819790514
traffic_only,80,281,0.4635290503501892,0.5466188852881033
traffic_only,80,282,0.4604954123497009,0.4689018426565485
traffic_only,80,283,0.5169584155082703,0.46600628611063183
traffic_only,80,284,0.5599142909049988,0.5198992747835033
traffic_only,80,285,0.5901612043380737,0.5608999367512651
traffic_only,80,286,0.5541990399360657,0.5897701078695124
traffic_only,80,287,0.5473104119300842,0.5554448256430884
traffic_only,80,288,0.4697040021419525,0.5488697458504784
traffic_only,80,289,0.547893762588501,0.4747957304831389
traffic_only,81,0,0.292133629322052,0.2839770692356146
traffic_only,81,1,0.350722074508667,0.30530779049268403
traffic_only,81,2,0.313109278678894,0.361229477901622
traffic_only,81,3,0.3392404913902282,0.3253286956864745
traffic_only,81,4,0.3279796540737152,0.3502704995559096
traffic_only,81,5,0.2862894833087921,0.3395222193724851
traffic_only,81,6,0.3283544480800628,0.2997296512284529
traffic_only,81,7,0.2991610467433929,0.33987995395989323
traffic_only,81,8,0.2998490631580353,0.3120153424524027
traffic_only,81,9,0.3154588937759399,0.3126720425704772
traffic_only,81,10,0.2596100866794586,0.32757136385371816
traffic_only,81,11,0.3557368218898773,0.27426461501162713
traffic_only,81,12,0.2915495932102203,0.36601597009464065
traffic_only,81,13,0.3511067926883697,0.3047503378281295
traffic_only,81,14,0.3219606876373291,0.36159668494590086
traffic_only,81,15,0.3719346821308136,0.33377721694908286
traffic_only,81,16,0.2963701486587524,0.38147655578183765
traffic_only,81,17,0.30974280834198,0.30935147708129834
traffic_only,81,18,0.3336946070194244,0.3221154562626815
traffic_only,81,19,0.2458582073450088,0.3449770460224975
traffic_only,81,20,0.3533734083175659,0.2611386770390962
traffic_only,81,21,0.3796586096286773,0.36376013151439046
traffic_only,81,22,0.3664734959602356,0.38884891491731294
traffic_only,81,23,0.3548137247562408,0.3762639452587161
traffic_only,81,24,0.3246763348579407,0.3651348893765761
traffic_only,81,25,0.3760676085948944,0.3363692566337046
traffic_only,81,26,0.3702336549758911,0.3854213647125456
traffic_only,81,27,0.3478513956069946,0.37985295391753315
traffic_only,81,28,0.3357807397842407,0.3584894630799378
traffic_only,81,29,0.3244563937187195,0.3469682247266946
traffic_only,81,30,0.295600414276123,0.33615932650846037
traffic_only,81,31,0.3831401467323303,0.30861677853457625
traffic_only,81,32,0.2657869458198547,0.3921719836383375
traffic_only,81,33,0.3304618895053863,0.2801603233704689
traffic_only,81,34,0.3508006334304809,0.34189147142283677
traffic_only,81,35,0.376794695854187,0.3613044610737282
traffic_only,81,36,0.4100293517112732,0.38611535729595814
traffic_only,81,37,0.3848303258419037,0.41783727840282175
traffic_only,81,38,0.3415735960006714,0.39378523122546194
traffic_only,81,39,0.378993958234787,0.3524974087408518
traffic_only,81,40,0.3111057877540588,0.38821451631931875
traffic_only,81,41,0.4070814549922943,0.3234163972312345
traffic_only,81,42,0.3533483147621155,0.41502356047077066
traffic_only,81,43,0.3370544612407684,0.36373618013695747
traffic_only,81,44,0.3401000201702118,0.3481839704750434
traffic_only,81,45,0.3621710836887359,0.3510909053475316
traffic_only,81,46,0.3524441421031952,0.3721573649699777
traffic_only,81,47,0.4482336044311523,0.3628731625123252
traffic_only,81,48,0.3448690772056579,0.4543025962908144
traffic_only,81,49,0.3730905652046203,0.35564289022991147
traffic_only,81,50,0.3749021291732788,0.3825798267720272
traffic_only,81,51,0.3769107162952423,0.384308934169466
traffic_only,81,52,0.3798918128013611,0.38622609685931536
traffic_only,81,53,0.3631698787212372,0.38907150343086805
traffic_only,81,54,0.3617157340049743,0.37311069806177133
traffic_only,81,55,0.3541153073310852,0.3717227413407626
traffic_only,81,56,0.3344120681285858,0.3644682616685681
traffic_only,81,57,0.3963340818881988,0.3456618506072036
traffic_only,81,58,0.4255472123622894,0.40476537325859724
traffic_only,81,59,0.3744909167289734,0.43264881589656357
traffic_only,81,60,0.3764359056949615,0.3839164387943819
traffic_only,81,61,0.3874936997890472,0.38577289811197224
traffic_only,81,62,0.3851379156112671,0.3963273769480676
traffic_only,81,63,0.3538002669811249,0.3940788204968232
traffic_only,81,64,0.4547919332981109,0.36416756094309966
traffic_only,81,65,0.425471156835556,0.4605624110999444
traffic_only,81,66,0.3884560167789459,0.4325762221730374
traffic_only,81,67,0.4272093176841736,0.3972458923605524
traffic_only,81,68,0.4051076769828796,0.43423526752461217
traffic_only,81,69,0.4169133603572845,0.4131396224945101
traffic_only,81,70,0.4411679208278656,0.42440794909388524
traffic_only,81,71,0.4661530256271362,0.4475585199028012
traffic_only,81,72,0.4906343817710876,0.4714063830098353
traffic_only,81,73,0.5020410418510437,0.4947734264817741
traffic_only,81,74,0.4389678537845611,0.5056608920449845
traffic_only,81,75,0.4357987642288208,0.44545859284239697
traffic_only,81,76,0.4627426266670227,0.44243375006081165
traffic_only,81,77,0.4700844287872314,0.46815121445262625
traffic_only,81,78,0.4466111361980438,0.475158841329852
traffic_only,81,79,0.4576982855796814,0.4527539775986162
traffic_only,81,80,0.5153804421424866,0.46333647556389385
traffic_only,81,81,0.5522761344909668,0.5183931256952332
traffic_only,81,82,0.4951763153076172,0.5536094446754718
traffic_only,81,83,0.4891018867492676,0.49910862579715043
traffic_only,81,84,0.5109132528305054,0.49331068570937425
traffic_only,81,85,0.4954085946083069,0.5141292684874602
traffic_only,81,86,0.530428409576416,0.4993303324903962
traffic_only,81,87,0.5648112297058105,0.5327561580013428
traffic_only,81,88,0.5574988722801208,0.5655739826319409
traffic_only,81,89,0.6141123175621033,0.5585944602213467
traffic_only,81,90,0.5869335532188416,0.6126310433755506
traffic_only,81,91,0.6093905568122864,0.5866893690586445
traffic_only,81,92,0.5983434319496155,0.6081242020038431
traffic_only,81,93,0.6606450080871582,0.5975799067700293
traffic_only,81,94,0.5828563570976257,0.6570457153394597
traffic_only,81,95,0.625995397567749,0.5827977538046584
traffic_only,81,96,0.6064115166664124,0.6239732437601913
traffic_only,81,97,0.6871136426925659,0.605280758193624
traffic_only,81,98,0.6984414458274841,0.6823095827425012
traffic_only,81,99,0.6608489155769348,0.6931217806754412
traffic_only,81,100,0.7468450665473938,0.6572403416154653
traffic_only,81,101,0.6879669427871704,0.7393222241031151
traffic_only,81,102,0.6591275930404663,0.6831240433584896
traffic_only,81,103,0.7064635157585144,0.6555973681501728
traffic_only,81,104,0.7372283935546875,0.70077871175847
traffic_only,81,105,0.7242910265922546,0.7301432711662491
traffic_only,81,106,0.8191897869110107,0.7177947715796245
traffic_only,81,107,0.7767675518989563,0.8083740452425072
traffic_only,81,108,0.8138890266418457,0.7678827340637189
traffic_only,81,109,0.8078061938285828,0.8033145585492217
traffic_only,81,110,0.7058576345443726,0.7975085967412127
traffic_only,81,111,0.7567703127861023,0.7002004083104731
traffic_only,81,112,0.6792202591896057,0.7487957050232846
traffic_only,81,113,0.7564374804496765,0.674775480694812
traffic_only,81,114,0.8220800757408142,0.7484780221454083
traffic_only,81,115,0.7572038173675537,0.8111327774114016
traffic_only,81,116,0.7678008675575256,0.7492094778690574
traffic_only,81,117,0.8046013712882996,0.7593241843831642
traffic_only,81,118,0.8236053586006165,0.7944496474257292
traffic_only,81,119,0.7862279415130615,0.8125886342962256
traffic_only,81,120,0.7922059297561646,0.7769125171392326
traffic_only,81,121,0.8317657113075256,0.7826184065650452
traffic_only,81,122,0.8144845366477966,0.8203775539674838
traffic_only,81,123,0.7976115345954895,0.8038829628531013
traffic_only,81,124,0.8204814195632935,0.7877779656405272
traffic_only,81,125,0.8138946890830994,0.8096068869265298
traffic_only,81,126,0.8217812776565552,0.8033199632543432
traffic_only,81,127,0.8844319581985474,0.8108475796558868
traffic_only,81,128,0.8051031827926636,0.8706466025189638
traffic_only,81,129,0.7981600165367126,0.7949286180827567
traffic_only,81,130,0.8676549196243286,0.7883014824460821
traffic_only,81,131,0.7944526076316833,0.8546332008352902
traffic_only,81,132,0.8801574110984802,0.784762822882344
traffic_only,81,133,0.813793957233429,0.8665666190685862
traffic_only,81,134,0.8236103057861328,0.803223816394814
traffic_only,81,135,0.8469284772872925,0.8125933563017528
traffic_only,81,136,0.8637117147445679,0.834850159558477
traffic_only,81,137,0.8559114933013916,0.8508694779719677
traffic_only,81,138,0.8134025931358337,0.8434242975464347
traffic_only,81,139,0.806956946849823,0.8028502659334715
traffic_only,81,140,0.8309255242347717,0.7966980047562586
traffic_only,81,141,0.822184145450592,0.8195756095107242
traffic_only,81,142,0.7934128642082214,0.8112321102023708
traffic_only,81,143,0.8284077048301697,0.7837704052387773
traffic_only,81,144,0.8466830253601074,0.8171723931555566
traffic_only,81,145,0.8152928948402405,0.8346158798143697
traffic_only,81,146,0.8615065813064575,0.8046545271779151
traffic_only,81,147,0.8181616067886353,0.8487647151227706
traffic_only,81,148,0.7951251864433289,0.8073926645757149
traffic_only,81,149,0.80061936378479,0.7854047880675084
traffic_only,81,150,0.7738112211227417,0.7906488881094165
traffic_only,81,151,0.7534091472625732,0.7650609659656185
traffic_only,81,152,0.8020768165588379,0.745587528954816
traffic_only,81,153,0.7512518763542175,0.7920400023160487
traffic_only,81,154,0.7641369104385376,0.7435284500868035
traffic_only,81,155,0.768982470035553,0.7558269988197791
traffic_only,81,156,0.7808986306190491,0.7604520041129317
traffic_only,81,157,0.7787874341011047,0.7718257793538084
traffic_only,81,158,0.7597059011459351,0.7698106777179947
traffic_only,81,159,0.6853318214416504,0.7515976748331507
traffic_only,81,160,0.7407980561256409,0.6806088642698583
traffic_only,81,161,0.7159911394119263,0.7335504541664535
traffic_only,81,162,0.7343721985816956,0.7098726685958469
traffic_only,81,163,0.7681506276130676,0.7274170810113493
traffic_only,81,164,0.7568802833557129,0.759658024484772
traffic_only,81,165,0.7317736744880676,0.7489006700859068
traffic_only,81,166,0.7372280359268188,0.7249368333852926
traffic_only,81,167,0.6630293726921082,0.7301429298164519
traffic_only,81,168,0.7176921367645264,0.6593215513286593
traffic_only,81,169,0.7286456227302551,0.7114962420143349
traffic_only,81,170,0.6781728863716125,0.7219511604929296
traffic_only,81,171,0.7133594155311584,0.6737757809222396
traffic_only,81,172,0.6823645830154419,0.7073607323302885
traffic_only,81,173,0.7274426221847534,0.677776685002945
traffic_only,81,174,0.7281839847564697,0.7208029166669662
traffic_only,81,175,0.667878270149231,0.7215105347964481
traffic_only,81,176,0.735253632068634,0.6639497425532519
traffic_only,81,177,0.6751093864440918,0.7282583944780464
traffic_only,81,178,0.751900851726532,0.6708517216682612
traffic_only,81,179,0.6607617735862732,0.7441478861853562
traffic_only,81,180,0.6786953210830688,0.6571571660482276
traffic_only,81,181,0.6826875805854797,0.6742744360842358
traffic_only,81,182,0.647973358631134,0.6780849807614
traffic_only,81,183,0.6131486892700195,0.644950838652114
traffic_only,81,184,0.6450930237770081,0.6117112763471431
traffic_only,81,185,0.7106585502624512,0.6422016073859069
traffic_only,81,186,0.6614065170288086,0.7047828017706155
traffic_only,81,187,0.6617488861083984,0.6577725628408475
traffic_only,81,188,0.726772665977478,0.6580993483799811
traffic_only,81,189,0.691676139831543,0.7201634547136476
traffic_only,81,190,0.6999061107635498,0.6866644096712134
traffic_only,81,191,0.7061717510223389,0.6945197787696492
traffic_only,81,192,0.645976185798645,0.7005002272156323
traffic_only,81,193,0.6835605502128601,0.6430445707099569
traffic_only,81,194,0.6860611438751221,0.6789182156162312
traffic_only,81,195,0.6769844889640808,0.6813049902895031
traffic_only,81,196,0.6461458206176758,0.6726414755463261
traffic_only,81,197,0.7025894522666931,0.6432064842970694
traffic_only,81,198,0.6303460597991943,0.6970809831892621
traffic_only,81,199,0.6576911211013794,0.6281258778257278
traffic_only,81,200,0.6642996072769165,0.6542262797983064
traffic_only,81,201,0.6803621649742126,0.6605339689164861
traffic_only,81,202,0.7263876795768738,0.6758654105970965
traffic_only,81,203,0.7570784687995911,0.7197959916570208
traffic_only,81,204,0.7614825367927551,0.7490898347651581
traffic_only,81,205,0.7314711809158325,0.753293443733735
traffic_only,81,206,0.7206136584281921,0.7246481083485407
traffic_only,81,207,0.6253201961517334,0.7142847853988465
traffic_only,81,208,0.7484118938446045,0.6233287753431812
traffic_only,81,209,0.8024934530258179,0.7408177344560409
traffic_only,81,210,0.7277992963790894,0.7924376748297228
traffic_only,81,211,0.7214361429214478,0.7211433561979856
traffic_only,81,212,0.7388058304786682,0.7150698330406475
traffic_only,81,213,0.7407541275024414,0.7316489082298235
traffic_only,81,214,0.7206531763076782,0.7335085250330374
traffic_only,81,215,0.7032900452613831,0.7143225045514311
traffic_only,81,216,0.7292273044586182,0.6977496874418695
traffic_only,81,217,0.66848224401474,0.7225063659379862
traffic_only,81,218,0.650264322757721,0.6645262254689972
traffic_only,81,219,0.7631513476371765,0.6471375254526258
traffic_only,81,220,0.6985610127449036,0.7548862956704799
traffic_only,81,221,0.7384238243103027,0.6932359052909534
traffic_only,81,222,0.7662391662597656,0.7312842897548396
traffic_only,81,223,0.7526865005493164,0.757833566710664
traffic_only,81,224,0.6884375810623169,0.7448977747980513
traffic_only,81,225,0.7166809439659119,0.6835732596915326
traffic_only,81,226,0.661686897277832,0.710531075462907
traffic_only,81,227,0.6957025527954102,0.6580401810818093
traffic_only,81,228,0.7325143814086914,0.690507553254005
traffic_only,81,229,0.6932471990585327,0.7256438257068131
traffic_only,81,230,0.5882360339164734,0.6881639593300721
traffic_only,81,231,0.604837954044342,0.5879325650198471
traffic_only,81,232,0.6508719325065613,0.6037788190861854
traffic_only,81,233,0.7205908298492432,0.6477174787579755
traffic_only,81,234,0.6756088137626648,0.7142629959034621
traffic_only,81,235,0.6680223941802979,0.6713284166599744
traffic_only,81,236,0.6111904382705688,0.6640873065215014
traffic_only,81,237,0.6562921404838562,0.6098421586412418
traffic_only,81,238,0.5652129650115967,0.6528909762835075
traffic_only,81,239,0.6502578854560852,0.5659574322374006
traffic_only,81,240,0.6728039979934692,0.6471313811562772
traffic_only,81,241,0.5959540009498596,0.6686512670925978
traffic_only,81,242,0.6553801894187927,0.5952992349920367
traffic_only,81,243,0.5849204659461975,0.6520205343007873
traffic_only,81,244,0.6078157424926758,0.5847679110505144
traffic_only,81,245,0.5903077125549316,0.6066210681721145
traffic_only,81,246,0.5906428694725037,0.5899099475030762
traffic_only,81,247,0.6329941749572754,0.5902298491546341
traffic_only,81,248,0.6025052070617676,0.630653459290322
traffic_only,81,249,0.5399900674819946,0.6015522512510403
traffic_only,81,250,0.4589372277259826,0.5418825999610813
traffic_only,81,251,0.5789996385574341,0.46451902504447035
traffic_only,81,252,0.5663756132125854,0.5791165807006121
traffic_only,81,253,0.5373921394348145,0.5670671604279195
traffic_only,81,254,0.5040422677993774,0.5394029212513533
traffic_only,81,255,0.5715377926826477,0.507571028618176
traffic_only,81,256,0.4451057612895965,0.5719943740748112
traffic_only,81,257,0.4723342359066009,0.45131712251916645
traffic_only,81,258,0.4406733810901642,0.47730624445787573
traffic_only,81,259,0.4972913265228271,0.4470864900249823
traffic_only,81,260,0.4603715538978576,0.5011273684974669
traffic_only,81,261,0.5431140661239624,0.46588806529755383
traffic_only,81,262,0.4624957144260406,0.54486440422241
traffic_only,81,263,0.446303129196167,0.46791554086351395
traffic_only,81,264,0.4676433801651001,0.4524599900858249
traffic_only,81,265,0.4150671362876892,0.4728289013978049
traffic_only,81,266,0.3960182964801788,0.42264575921193986
traffic_only,81,267,0.4461148381233215,0.4044639613877181
traffic_only,81,268,0.4038886427879333,0.45228026941762794
traffic_only,81,269,0.4489640891551971,0.411976074819308
traffic_only,81,270,0.4205141961574554,0.4549998316972998
traffic_only,81,271,0.4070592224597931,0.4278448864180741
traffic_only,81,272,0.3997671604156494,0.4150023398917148
traffic_only,81,273,0.3889397978782654,0.40804218908210865
traffic_only,81,274,0.4010179936885834,0.3977076532986405
traffic_only,81,275,0.3678517043590545,0.4092360884434403
traffic_only,81,276,0.3084422945976257,0.3775794220394642
traffic_only,81,277,0.3750998973846435,0.3208741377253631
traffic_only,81,278,0.3518784046173095,0.3844977006072872
traffic_only,81,279,0.3156361877918243,0.362333175579058
traffic_only,81,280,0.3871869444847107,0.32774058801565287
traffic_only,81,281,0.3427927196025848,0.3960345841595664
traffic_only,81,282,0.2914580404758453,0.35366104175350316
traffic_only,81,283,0.346563458442688,0.30466295228006035
traffic_only,81,284,0.3223986029624939,0.35726014867715244
traffic_only,81,285,0.2834892570972442,0.3341951997756871
traffic_only,81,286,0.3511872887611389,0.29705688231680627
traffic_only,81,287,0.300894021987915,0.361673517096075
traffic_only,81,288,0.3603908121585846,0.31366943823191884
traffic_only,81,289,0.3015971779823303,0.37045812567978914
traffic_only,82,0,0.2848216295242309,0.3070184081094441
traffic_only,82,1,0.2668632268905639,0.298328609431887
traffic_only,82,2,0.2649541199207306,0.2811876155849773
traffic_only,82,3,0.335611492395401,0.2793654050303672
traffic_only,82,4,0.3293169140815735,0.3468066809351956
traffic_only,82,5,0.2729434669017792,0.34079861160146013
traffic_only,82,6,0.347798228263855,0.28699110260695715
traffic_only,82,7,0.2934401333332062,0.35843871574342895
traffic_only,82,8,0.3511495590209961,0.30655482663910455
traffic_only,82,9,0.2704777717590332,0.3616375046924762
traffic_only,82,10,0.322970300912857,0.2846376379847234
traffic_only,82,11,0.2489617317914962,0.33474087587224005
traffic_only,82,12,0.3202316761016845,0.2641009390245383
traffic_only,82,13,0.354662537574768,0.33212690446315174
traffic_only,82,14,0.3186731934547424,0.364990583749833
traffic_only,82,15,0.2968898415565491,0.33063935893882596
traffic_only,82,16,0.3597766458988189,0.30984751522818316
traffic_only,82,17,0.3642047941684723,0.3698719142948252
traffic_only,82,18,0.3497386276721954,0.37409850748307655
traffic_only,82,19,0.3815306425094604,0.3602907944052892
traffic_only,82,20,0.341632604598999,0.39063573887628567
traffic_only,82,21,0.3282309770584106,0.3525537314573807
traffic_only,82,22,0.3597843647003174,0.33976210294242887
traffic_only,82,23,0.3680635988712311,0.36987928176128027
traffic_only,82,24,0.3194507360458374,0.37778167179427274
traffic_only,82,25,0.360693871974945,0.33138151028945245
traffic_only,82,26,0.3492607176303863,0.3707473911870532
traffic_only,82,27,0.3473277986049652,0.35983463729303755
traffic_only,82,28,0.3367885947227478,0.3579896985311009
traffic_only,82,29,0.3748821318149566,0.34793020534668245
traffic_only,82,30,0.4661603271961212,0.38428984702664226
traffic_only,82,31,0.4193439483642578,0.47141335223486036
traffic_only,82,32,0.3812309503555298,0.42672790454436593
traffic_only,82,33,0.4159336984157562,0.3903496877462781
traffic_only,82,34,0.5182345509529114,0.423472878216239
traffic_only,82,35,0.5035513043403625,0.521117324642983
traffic_only,82,36,0.4858568608760834,0.5071024122383286
traffic_only,82,37,0.5180928111076355,0.4902133629875284
traffic_only,82,38,0.4950734972953796,0.5209820363400478
traffic_only,82,39,0.5136616230010986,0.4990104877304712
traffic_only,82,40,0.557331383228302,0.5167525416785207
traffic_only,82,41,0.5601959824562073,0.5584345947330172
traffic_only,82,42,0.5321260094642639,0.5611688066081498
traffic_only,82,43,0.5570881366729736,0.534376488596758
traffic_only,82,44,0.5356668829917908,0.5582024199793255
traffic_only,82,45,0.5453236699104309,0.5377561929382921
traffic_only,82,46,0.5465646982192993,0.5469734339440714
traffic_only,82,47,0.595396101474762,0.5481579746317979
traffic_only,82,48,0.5348877310752869,0.5947667293084904
traffic_only,82,49,0.5708637237548828,0.5370125055135786
traffic_only,82,50,0.5480424761772156,0.5713509865988255
traffic_only,82,51,0.4599903225898742,0.5495684888852346
traffic_only,82,52,0.5159798860549927,0.4655241864137971
traffic_only,82,53,0.4658703207969665,0.5189652848468813
traffic_only,82,54,0.5188630819320679,0.47113654599519206
traffic_only,82,55,0.5434301495552063,0.5217172469114656
traffic_only,82,56,0.5325745940208435,0.5451661005514535
traffic_only,82,57,0.4237171113491058,0.5348046550256437
traffic_only,82,58,0.4870845675468445,0.4309020152013061
traffic_only,82,59,0.4512789845466614,0.4913851883953113
traffic_only,82,60,0.4317769706249237,0.45720936048840405
traffic_only,82,61,0.4658096134662628,0.43859501557956654
traffic_only,82,62,0.4562713503837585,0.4710786018671267
traffic_only,82,63,0.4623600542545318,0.46197448987328465
traffic_only,82,64,0.471502810716629,0.4677860555071302
traffic_only,82,65,0.4521884024143219,0.4765126630711461
traffic_only,82,66,0.4748676717281341,0.45807738457672775
traffic_only,82,67,0.4283007681369781,0.47972436642085203
traffic_only,82,68,0.3637863397598266,0.4352770386596827
traffic_only,82,69,0.4329202175140381,0.3736990997746002
traffic_only,82,70,0.4329983592033386,0.4396862255435903
traffic_only,82,71,0.4000159502029419,0.4397608104742665
traffic_only,82,72,0.4007245004177093,0.408279654757656
traffic_only,82,73,0.4022832810878753,0.40895595404324975
traffic_only,82,74,0.3939917087554931,0.4104437840257398
traffic_only,82,75,0.4005449116230011,0.4025296174247458
traffic_only,82,76,0.4213757812976837,0.4087845395534501
traffic_only,82,77,0.4482718706130981,0.4286672549710297
traffic_only,82,78,0.421486884355545,0.4543391207191089
traffic_only,82,79,0.4472002685070038,0.4287733009746761
traffic_only,82,80,0.5140652656555176,0.45331629449777994
traffic_only,82,81,0.4135554432868957,0.5171378118162319
traffic_only,82,82,0.4396260380744934,0.4212028736194072
traffic_only,82,83,0.414443701505661,0.44608681869822625
traffic_only,82,84,0.4241716861724853,0.4220507011780666
traffic_only,82,85,0.477260023355484,0.43133589923929405
traffic_only,82,86,0.4840294122695923,0.4820078258888546
traffic_only,82,87,0.4660637080669403,0.4884690939699331
traffic_only,82,88,0.4924138784408569,0.4713211308979983
traffic_only,82,89,0.4640916883945465,0.4964719261807355
traffic_only,82,90,0.5142229795455933,0.4694388712249071
traffic_only,82,91,0.4802489280700683,0.5172883470767728
traffic_only,82,92,0.5004281997680664,0.4848606852643116
traffic_only,82,93,0.5424574613571167,0.5041214613514928
traffic_only,82,94,0.5132551789283752,0.5442376859948516
traffic_only,82,95,0.5372191667556763,0.5163645976340653
traffic_only,82,96,0.5249147415161133,0.5392378217328008
traffic_only,82,97,0.5136452317237854,0.5274934543954902
traffic_only,82,98,0.579384982585907,0.5167368964794848
traffic_only,82,99,0.5336397886276245,0.579484385107036
traffic_only,82,100,0.4941330850124359,0.5358213653964405
traffic_only,82,101,0.5621449947357178,0.4981128799930616
traffic_only,82,102,0.5588680505752563,0.563029106110958
traffic_only,82,103,0.5594483017921448,0.559901317919717
traffic_only,82,104,0.6249035000801086,0.560455157965585
traffic_only,82,105,0.6369698643684387,0.6229310459378743
traffic_only,82,106,0.541885495185852,0.6344481880935519
traffic_only,82,107,0.6536485552787781,0.5436917538859507
traffic_only,82,108,0.6408970952033997,0.6503677185830105
traffic_only,82,109,0.6347144842147827,0.6381966639992684
traffic_only,82,110,0.6503056287765503,0.6322954655978559
traffic_only,82,111,0.641502857208252,0.6471769513541961
traffic_only,82,112,0.6594676375389099,0.6387748536639996
traffic_only,82,113,0.6358645558357239,0.655921934915625
traffic_only,82,114,0.6790881752967834,0.6333931896538418
traffic_only,82,115,0.6899893879890442,0.6746494088363997
traffic_only,82,116,0.6457458138465881,0.6850544333529783
traffic_only,82,117,0.6698200106620789,0.6428246845489625
traffic_only,82,118,0.7257755994796753,0.6658031012768515
traffic_only,82,119,0.6817879676818848,0.7192117714792069
traffic_only,82,120,0.6480985283851624,0.6772263153466813
traffic_only,82,121,0.7543278932571411,0.6450703110811148
traffic_only,82,122,0.7651447057723999,0.7464644565836818
traffic_only,82,123,0.7643364071846008,0.7567889225481342
traffic_only,82,124,0.75982266664505,0.7560174151149532
traffic_only,82,125,0.8019208908081055,0.7517091255419186
traffic_only,82,126,0.8051289319992065,0.7918911738044934
traffic_only,82,127,0.7462950944900513,0.7949531952681512
traffic_only,82,128,0.7353840470314026,0.7387972850067388
traffic_only,82,129,0.8282168507575989,0.7283828733707386
traffic_only,82,130,0.7855639457702637,0.8169902261471467
traffic_only,82,131,0.7685571908950806,0.7762787443491997
traffic_only,82,132,0.7902222871780396,0.7600460823124933
traffic_only,82,133,0.7621314525604248,0.7807250530235468
traffic_only,82,134,0.8095600605010986,0.7539128229406549
traffic_only,82,135,0.7870433926582336,0.7991826330380454
traffic_only,82,136,0.8757031559944153,0.7776908515683564
traffic_only,82,137,0.7926930785179138,0.8623151073451434
traffic_only,82,138,0.8291352987289429,0.7830833818803898
traffic_only,82,139,0.8690089583396912,0.8178668693178484
traffic_only,82,140,0.8536616563796997,0.8559256080589146
traffic_only,82,141,0.835811972618103,0.8412768659725945
traffic_only,82,142,0.8261030912399292,0.8242396424640169
traffic_only,82,143,0.8705836534500122,0.8149726781711203
traffic_only,82,144,0.910753846168518,0.8574286281073776
traffic_only,82,145,0.8623653054237366,0.8957704027219099
traffic_only,82,146,0.7798132300376892,0.849584352877349
traffic_only,82,147,0.762546181678772,0.7707897827194727
traffic_only,82,148,0.8126607537269592,0.7543086749220775
traffic_only,82,149,0.8031636476516724,0.8021421926709267
traffic_only,82,150,0.8573543429374695,0.7930773643495729
traffic_only,82,151,0.822702169418335,0.8448014733030168
traffic_only,82,152,0.8019790649414062,0.8117265553835356
traffic_only,82,153,0.7854520678520203,0.7919467000381624
traffic_only,82,154,0.7881987690925598,0.7761719587543261
traffic_only,82,155,0.854619562625885,0.7787936389796667
traffic_only,82,156,0.8415120840072632,0.8421911714042478
traffic_only,82,157,0.7840105295181274,0.8296803030974479
traffic_only,82,158,0.7371453046798706,0.7747960346136669
traffic_only,82,159,0.7581876516342163,0.7300639642300457
traffic_only,82,160,0.7589479088783264,0.7501485311610038
traffic_only,82,161,0.76759934425354,0.7508741839381015
traffic_only,82,162,0.7427546977996826,0.7591318337724728
traffic_only,82,163,0.7753448486328125,0.7354180357982675
traffic_only,82,164,0.7738807201385498,0.7665247876790426
traffic_only,82,165,0.731211245059967,0.7651273016095304
traffic_only,82,166,0.6758127212524414,0.7244000039376489
traffic_only,82,167,0.7388760447502136,0.6715230429359801
traffic_only,82,168,0.73887699842453,0.7317159265733296
traffic_only,82,169,0.7673901319503784,0.7317168368394553
traffic_only,82,170,0.7291476726531982,0.758932144141143
traffic_only,82,171,0.7395834922790527,0.7224303587164885
traffic_only,82,172,0.753006637096405,0.7323911733637156
traffic_only,82,173,0.6853315830230713,0.745203339758129
traffic_only,82,174,0.692870557308197,0.6806086367033269
traffic_only,82,175,0.7500876188278198,0.6878044611020454
traffic_only,82,176,0.7109822630882263,0.7424171858221974
traffic_only,82,177,0.7445015907287598,0.7050917802286647
traffic_only,82,178,0.776049017906189,0.7370854157740558
traffic_only,82,179,0.6619389653205872,0.7671969054296214
traffic_only,82,180,0.7253049612045288,0.6582807757971637
traffic_only,82,181,0.7415498495101929,0.7187625551461638
traffic_only,82,182,0.7130081653594971,0.7342680283316854
traffic_only,82,183,0.6655297875404358,0.7070254699378591
traffic_only,82,184,0.7297919392585754,0.6617081553270325
traffic_only,82,185,0.6994649767875671,0.7230453003760455
traffic_only,82,186,0.6831497550010681,0.6940987237948706
traffic_only,82,187,0.6968829035758972,0.6785261184825772
traffic_only,82,188,0.7014124989509583,0.6916341782594826
traffic_only,82,189,0.7003494501113892,0.6959576010068574
traffic_only,82,190,0.6627418994903564,0.6949429387348435
traffic_only,82,191,0.7161270380020142,0.6590471629833875
traffic_only,82,192,0.7143402099609375,0.710002381518762
traffic_only,82,193,0.6889846324920654,0.7082968841489591
traffic_only,82,194,0.6859473586082458,0.684095411097899
traffic_only,82,195,0.6597443222999573,0.681196384162378
traffic_only,82,196,0.7508012056350708,0.6561860258753496
traffic_only,82,197,0.7540010809898376,0.7430982924507678
traffic_only,82,198,0.7296039462089539,0.746152519760724
traffic_only,82,199,0.6236672401428223,0.722865864166013
traffic_only,82,200,0.6990535855293274,0.6217510565807763
traffic_only,82,201,0.7032679319381714,0.693706057744888
traffic_only,82,202,0.7276185750961304,0.6977285806460793
traffic_only,82,203,0.7950713038444519,0.7209708607671615
traffic_only,82,204,0.7226824760437012,0.7853533580314052
traffic_only,82,205,0.7370185256004333,0.7162594370836984
traffic_only,82,206,0.7766286134719849,0.7299429557269577
traffic_only,82,207,0.7134827375411987,0.767750119667528
traffic_only,82,208,0.7343142032623291,0.7074784411186708
traffic_only,82,209,0.6825927495956421,0.7273617254525789
traffic_only,82,210,0.7621656656265259,0.6779944661735237
traffic_only,82,211,0.7076371312141418,0.7539454787379151
traffic_only,82,212,0.6682195663452148,0.7018989080094346
traffic_only,82,213,0.7197499871253967,0.6642755040429941
traffic_only,82,214,0.7724684476852417,0.713460425638741
traffic_only,82,215,0.7218143343925476,0.7637793112606042
traffic_only,82,216,0.7288285493850708,0.7154308104511286
traffic_only,82,217,0.7228742837905884,0.7221257609141694
traffic_only,82,218,0.7396791577339172,0.7164425143582339
traffic_only,82,219,0.757870614528656,0.732482484434452
traffic_only,82,220,0.7167501449584961,0.7498459245658345
traffic_only,82,221,0.7360289096832275,0.7105971266486546
traffic_only,82,222,0.7093631029129028,0.7289983839466242
traffic_only,82,223,0.6689658164978027,0.70354631902209
traffic_only,82,224,0.7661301493644714,0.6649877872863703
traffic_only,82,225,0.7036031484603882,0.7577295119141677
traffic_only,82,226,0.7058135271072388,0.6980485391892701
traffic_only,82,227,0.6961233615875244,0.7001583085021585
traffic_only,82,228,0.6133595705032349,0.6909092081819792
traffic_only,82,229,0.7304608821868896,0.6119125589441929
traffic_only,82,230,0.6529166102409363,0.7236837951716055
traffic_only,82,231,0.6718389391899109,0.64966908933152
traffic_only,82,232,0.7217315435409546,0.6677301346650016
traffic_only,82,233,0.6791121363639832,0.7153517879730895
traffic_only,82,234,0.7023749351501465,0.6746722792728084
traffic_only,82,235,0.6835764646530151,0.6968762302026079
traffic_only,82,236,0.7094873189926147,0.6789334056822043
traffic_only,82,237,0.6506350040435791,0.7036648811849651
traffic_only,82,238,0.6999731063842773,0.6474913345173668
traffic_only,82,239,0.6941651701927185,0.694583724964981
traffic_only,82,240,0.5925810933113098,0.6890401473677109
traffic_only,82,241,0.6811656355857849,0.5920798512718951
traffic_only,82,242,0.5836540460586548,0.6766323098080159
traffic_only,82,243,0.5979676842689514,0.5835591345271905
traffic_only,82,244,0.5777381658554077,0.5972212619164955
traffic_only,82,245,0.632709801197052,0.5779125261828154
traffic_only,82,246,0.6009684205055237,0.6303820293099587
traffic_only,82,247,0.5795034170150757,0.6000854142810748
traffic_only,82,248,0.619351327419281,0.5795974287815239
traffic_only,82,249,0.556404709815979,0.6176315903371957
traffic_only,82,250,0.5544772148132324,0.5575501005169812
traffic_only,82,251,0.5362400412559509,0.5557103388936345
traffic_only,82,252,0.5880546569824219,0.5383032628798501
traffic_only,82,253,0.5691668391227722,0.5877594437810617
traffic_only,82,254,0.555862545967102,0.5697313387030046
traffic_only,82,255,0.5004023313522339,0.5570326142245091
traffic_only,82,256,0.5593470335006714,0.5040967703828326
traffic_only,82,257,0.5452540516853333,0.56035849908136
traffic_only,82,258,0.4678647816181183,0.5469069845168938
traffic_only,82,259,0.49828040599823,0.4730402253680542
traffic_only,82,260,0.5033180117607117,0.5020714282531047
traffic_only,82,261,0.4557408690452575,0.5068797383873243
traffic_only,82,262,0.4904256463050842,0.46146815434085264
traffic_only,82,263,0.4941296577453613,0.494574191983507
traffic_only,82,264,0.5341489315032959,0.49810960872417226
traffic_only,82,265,0.465509682893753,0.5363073337243096
traffic_only,82,266,0.5585695505142212,0.47079232317058756
traffic_only,82,267,0.5234666466712952,0.5596164046223665
traffic_only,82,268,0.5275653600692749,0.5261112721752166
traffic_only,82,269,0.5371105670928955,0.5300234253086644
traffic_only,82,270,0.4632307589054107,0.5391341651777343
traffic_only,82,271,0.5284565091133118,0.46861712847991294
traffic_only,82,272,0.377069354057312,0.5308740121115173
traffic_only,82,273,0.445965051651001,0.3863775139401656
traffic_only,82,274,0.4402511417865753,0.452137300744257
traffic_only,82,275,0.4958781003952026,0.4466834696978196
traffic_only,82,276,0.4885634183883667,0.4997784678824149
traffic_only,82,277,0.40765181183815,0.4927967266981394
traffic_only,82,278,0.4016739428043365,0.41556795650558437
traffic_only,82,279,0.4692564010620117,0.4098621808630373
traffic_only,82,280,0.4362968206405639,0.4743685027661953
traffic_only,82,281,0.4844339191913605,0.4429091365449691
traffic_only,82,282,0.4422091841697693,0.4888551890363207
traffic_only,82,283,0.3793393075466156,0.44855238828300575
traffic_only,82,284,0.4384151697158813,0.3885441464400952
traffic_only,82,285,0.411031424999237,0.4449310651767256
traffic_only,82,286,0.4340680241584778,0.4187937405344224
traffic_only,82,287,0.4579728245735168,0.4407817877175277
traffic_only,82,288,0.3728101849555969,0.46359851842483557
traffic_only,82,289,0.4073675572872162,0.3823122085310654
traffic_only,83,0,0.2141011953353881,0.23663791133048087
traffic_only,83,1,0.3031775653362274,0.2308271421794953
traffic_only,83,2,0.296620100736618,0.31584904202414
traffic_only,83,3,0.2827654182910919,0.3095900521436864
traffic_only,83,4,0.2943331897258758,0.29636599032738453
traffic_only,83,5,0.2974844872951507,0.3074072339742088
traffic_only,83,6,0.2682856321334839,0.31041509460338623
traffic_only,83,7,0.2837407886981964,0.28254527751148933
traffic_only,83,8,0.2821380198001861,0.2972969650074651
traffic_only,83,9,0.2521823048591614,0.2957671489999262
traffic_only,83,10,0.2701355814933777,0.26717492195400444
traffic_only,83,11,0.2783390581607818,0.28431102312048834
traffic_only,83,12,0.338153600692749,0.29214110388811887
traffic_only,83,13,0.3190743327140808,0.34923308063075265
traffic_only,83,14,0.345634400844574,0.3310222396279572
traffic_only,83,15,0.3272501230239868,0.35637337879580216
traffic_only,83,16,0.3371279239654541,0.33882589423212545
traffic_only,83,17,0.3487566709518432,0.3482540894125404
traffic_only,83,18,0.3356142044067383,0.3593535331997779
traffic_only,83,19,0.3418281078338623,0.34680926950449065
traffic_only,83,20,0.3958832919597626,0.3527403360131534
traffic_only,83,21,0.3338910341262817,0.40433510183929583
traffic_only,83,22,0.3089453876018524,0.3451645323985795
traffic_only,83,23,0.3805106282234192,0.3213543315524971
traffic_only,83,24,0.3417395949363708,0.3896621523631949
traffic_only,83,25,0.3748475611209869,0.35265585193835997
traffic_only,83,26,0.2993309497833252,0.38425684987958486
traffic_only,83,27,0.3251606523990631,0.31217751205186317
traffic_only,83,28,0.4017748534679413,0.33683152959648843
traffic_only,83,29,0.3699840903282165,0.4099584983974651
traffic_only,83,30,0.3358370065689087,0.3796147486507586
traffic_only,83,31,0.397736132144928,0.3470219304281121
traffic_only,83,32,0.384008377790451,0.40610360669248846
traffic_only,83,33,0.3808930516242981,0.3930006956083566
traffic_only,83,34,0.4550047516822815,0.39002716907960877
traffic_only,83,35,0.3472491800785064,0.46076554267506226
traffic_only,83,36,0.4073438346385956,0.3579146584673618
traffic_only,83,37,0.4371148347854614,0.4152739974386095
traffic_only,83,38,0.42807537317276,0.44368991731430585
traffic_only,83,39,0.3845698237419128,0.43506190295003205
traffic_only,83,40,0.4441155791282654,0.3935365863440581
traffic_only,83,41,0.3650324642658233,0.45037201026832085
traffic_only,83,42,0.4209828674793243,0.3748885046969361
traffic_only,83,43,0.4663013219833374,0.4282922253272328
traffic_only,83,44,0.4565274715423584,0.4715479293923849
traffic_only,83,45,0.4597087800502777,0.4622189532196735
traffic_only,83,46,0.4261737167835235,0.4652554587859946
traffic_only,83,47,0.4010814130306244,0.43324680384952907
traffic_only,83,48,0.509443461894989,0.4092966211408007
traffic_only,83,49,0.452875941991806,0.5127263777128265
traffic_only,83,50,0.4479138255119324,0.45873362956173924
traffic_only,83,51,0.520778238773346,0.4539973726805338
traffic_only,83,52,0.518427312374115,0.5235452319668107
traffic_only,83,53,0.4934939742088318,0.5213013121836442
traffic_only,83,54,0.4767076075077057,0.49750285945974676
traffic_only,83,55,0.4769559800624847,0.48148055423553104
traffic_only,83,56,0.5161312818527222,0.48171762166964827
traffic_only,83,57,0.4929609298706054,0.5191097895943394
traffic_only,83,58,0.4837125837802887,0.49699407758710185
traffic_only,83,59,0.5473002791404724,0.4881666864954789
traffic_only,83,60,0.4931778609752655,0.5488600742728926
traffic_only,83,61,0.4239921569824219,0.4972011346848869
traffic_only,83,62,0.5285029411315918,0.4311645416411272
traffic_only,83,63,0.4691263735294342,0.5309183306935132
traffic_only,83,64,0.5243264436721802,0.4742443936691166
traffic_only,83,65,0.4544373750686645,0.5269319339791865
traffic_only,83,66,0.4998330771923065,0.4602239912218914
traffic_only,83,67,0.5131427049636841,0.5035534268432268
traffic_only,83,68,0.4979177117347717,0.5162572431228631
traffic_only,83,69,0.5149680972099304,0.5017252426671666
traffic_only,83,70,0.499349981546402,0.5179995493791248
traffic_only,83,71,0.5153278708457947,0.5030923201589166
traffic_only,83,72,0.57602858543396,0.5183429472750528
traffic_only,83,73,0.5426833629608154,0.5762807603691958
traffic_only,83,74,0.5770493745803833,0.5444533052833815
traffic_only,83,75,0.5081621408462524,0.5772550864735139
traffic_only,83,76,0.5350683927536011,0.5115033782812882
traffic_only,83,77,0.6213038563728333,0.5371849440527697
traffic_only,83,78,0.533560574054718,0.6194952464463426
traffic_only,83,79,0.5497864484786987,0.5357457564163729
traffic_only,83,80,0.6210193037986755,0.5512330811710129
traffic_only,83,81,0.5395860075950623,0.6192236457910807
traffic_only,83,82,0.5321839451789856,0.5414969315819402
traffic_only,83,83,0.5743036866188049,0.5344317872638955
traffic_only,83,84,0.5676344633102417,0.5746343734059319
traffic_only,83,85,0.5397980809211731,0.5682687117138705
traffic_only,83,86,0.5670635104179382,0.5416993520116473
traffic_only,83,87,0.5480676293373108,0.5677237467627283
traffic_only,83,88,0.5562673211097717,0.5495924971543005
traffic_only,83,89,0.5422911047935486,0.5574189653032445
traffic_only,83,90,0.5631128549575806,0.5440789014475462
traffic_only,83,91,0.5681319236755371,0.5639529124452985
traffic_only,83,92,0.5348171591758728,0.5687435292816994
traffic_only,83,93,0.5600923299789429,0.5369451458202753
traffic_only,83,94,0.5250846743583679,0.5610698720586106
traffic_only,83,95,0.5871010422706604,0.5276556524407671
traffic_only,83,96,0.5747937560081482,0.5868492345469741
traffic_only,83,97,0.6529722809791565,0.5751021364112865
traffic_only,83,98,0.5633531808853149,0.649722226116609
traffic_only,83,99,0.612234354019165,0.5641822995089801
traffic_only,83,100,0.6055734753608704,0.6108385586991085
traffic_only,83,101,0.6083823442459106,0.6044808618356472
traffic_only,83,102,0.5382949709892273,0.6071618800340581
traffic_only,83,103,0.6538318991661072,0.5402646588142462
traffic_only,83,104,0.6221299171447754,0.6505427172456802
traffic_only,83,105,0.5917609333992004,0.6202837075861151
traffic_only,83,106,0.6088245511054993,0.5912970224037756
traffic_only,83,107,0.6046690940856934,0.607583959058228
traffic_only,83,108,0.6220930814743042,0.6036176450902999
traffic_only,83,109,0.6644494533538818,0.6202485485570091
traffic_only,83,110,0.634650468826294,0.6606769944814899
traffic_only,83,111,0.6526810526847839,0.6322343639841669
traffic_only,83,112,0.6958943009376526,0.6494442535984671
traffic_only,83,113,0.6821489930152893,0.6906905736369077
traffic_only,83,114,0.6712000370025635,0.6775709079668993
traffic_only,83,115,0.6768984198570251,0.6671203132524018
traffic_only,83,116,0.6747236251831055,0.6725593240284798
traffic_only,83,117,0.6971736550331116,0.6704835190204074
traffic_only,83,118,0.7204599380493164,0.6919116956445617
traffic_only,83,119,0.7260798811912537,0.714138061877707
traffic_only,83,120,0.6488134264945984,0.7195022032649445
traffic_only,83,121,0.6832020282745361,0.6457526693256079
traffic_only,83,122,0.6896859407424927,0.6785760124445932
traffic_only,83,123,0.7284564971923828,0.6847647980501006
traffic_only,83,124,0.7220889329910278,0.7217706433418727
traffic_only,83,125,0.7550848722457886,0.7156929102037032
traffic_only,83,126,0.7699795365333557,0.7471869803209724
traffic_only,83,127,0.6973901987075806,0.7614036873473724
traffic_only,83,128,0.7162885069847107,0.692118382946733
traffic_only,83,129,0.7593672275543213,0.7101565009521731
traffic_only,83,130,0.7823129892349243,0.7512744165752542
traffic_only,83,131,0.7937425374984741,0.7731757609098845
traffic_only,83,132,0.695106565952301,0.7840850728601123
traffic_only,83,133,0.7209279537200928,0.6899386938170626
traffic_only,83,134,0.7233646512031555,0.7145847749789043
traffic_only,83,135,0.7258507609367371,0.7169105618217528
traffic_only,83,136,0.8353650569915771,0.7192835118282402
traffic_only,83,137,0.7751798629760742,0.8238130690008513
traffic_only,83,138,0.7601643204689026,0.766367311639293
traffic_only,83,139,0.7237518429756165,0.7520352283814579
traffic_only,83,140,0.8024316430091858,0.7172801298687953
traffic_only,83,141,0.729516863822937,0.7923786782064496
traffic_only,83,142,0.7137501835823059,0.7227827454904081
traffic_only,83,143,0.7175807356834412,0.7077337138753025
traffic_only,83,144,0.7285674810409546,0.7113899115525242
traffic_only,83,145,0.6759939193725586,0.7218765755622534
traffic_only,83,146,0.7275206446647644,0.671695993499867
traffic_only,83,147,0.7106029987335205,0.7208773878143767
traffic_only,83,148,0.6823193430900574,0.7047297787687922
traffic_only,83,149,0.7506522536277771,0.6777335042536061
traffic_only,83,150,0.6094997525215149,0.7429561202602568
traffic_only,83,151,0.6686477661132812,0.6082284274752381
traffic_only,83,152,0.6893033385276794,0.6646842135334425
traffic_only,83,153,0.6825998425483704,0.6843996106587882
traffic_only,83,154,0.6806365847587585,0.6780012362778337
traffic_only,83,155,0.6134477853775024,0.6761273396747725
traffic_only,83,156,0.6318886876106262,0.611996758560822
traffic_only,83,157,0.6745889186859131,0.6295982901757134
traffic_only,83,158,0.65875643491745,0.6703549439301493
traffic_only,83,159,0.6837878823280334,0.655243103952369
traffic_only,83,160,0.6892660856246948,0.6791352003039499
traffic_only,83,161,0.6768269538879395,0.6843640533882522
traffic_only,83,162,0.7076432704925537,0.6724911109606837
traffic_only,83,163,0.6960387229919434,0.7019047678476189
traffic_only,83,164,0.6100995540618896,0.6908284220633215
traffic_only,83,165,0.6549047827720642,0.6088009279766834
traffic_only,83,166,0.5730913281440735,0.6515667666371157
traffic_only,83,167,0.5977627635002136,0.5734771975936098
traffic_only,83,168,0.6222636699676514,0.5970256684827313
traffic_only,83,169,0.6036070585250854,0.6204113724102474
traffic_only,83,170,0.5729261636734009,0.6026039499760445
traffic_only,83,171,0.6044152975082397,0.5733195508789617
traffic_only,83,172,0.6143606901168823,0.6033754005175926
traffic_only,83,173,0.5866727828979492,0.612868110809668
traffic_only,83,174,0.587147057056427,0.5864404681648928
traffic_only,83,175,0.6025752425193787,0.5868931548875402
traffic_only,83,176,0.6106033325195312,0.6016190989196479
traffic_only,83,177,0.6691328883171082,0.6092817760575953
traffic_only,83,178,0.5881526470184326,0.66514725453327
traffic_only,83,179,0.5897340774536133,0.5878529736254795
traffic_only,83,180,0.570036768913269,0.5893624224284554
traffic_only,83,181,0.5935079455375671,0.5705616720845602
traffic_only,83,182,0.5995336174964905,0.5929645161628296
traffic_only,83,183,0.7144164443016052,0.5987159188949284
traffic_only,83,184,0.6558974981307983,0.7083696485473838
traffic_only,83,185,0.5839918255805969,0.6525142967823577
traffic_only,83,186,0.6052359342575073,0.5838815394105942
traffic_only,83,187,0.6498817205429077,0.604158684518775
traffic_only,83,188,0.5836033225059509,0.6467723380613134
traffic_only,83,189,0.6490206122398376,0.5835107197476288
traffic_only,83,190,0.6538680791854858,0.6459504246414207
traffic_only,83,191,0.6636053323745728,0.6505772504668247
traffic_only,83,192,0.656600296497345,0.6598712951769616
traffic_only,83,193,0.6108061075210571,0.6531851060253808
traffic_only,83,194,0.6454904079437256,0.6094753213925765
traffic_only,83,195,0.6359360218048096,0.642580903902168
traffic_only,83,196,0.6135773658752441,0.6334614027216381
traffic_only,83,197,0.6870871186256409,0.6121204409706543
traffic_only,83,198,0.6628853678703308,0.6822842659658797
traffic_only,83,199,0.6645203828811646,0.6591841011436755
traffic_only,83,200,0.616977870464325,0.6607446955245904
traffic_only,83,201,0.6898699998855591,0.615366165516809
traffic_only,83,202,0.6544792056083679,0.6849404794123647
traffic_only,83,203,0.6266350746154785,0.6511605603785129
traffic_only,83,204,0.6946264505386353,0.6245838047640183
traffic_only,83,205,0.6252698302268982,0.6894804317143952
traffic_only,83,206,0.6502421498298645,0.6232807019134167
traffic_only,83,207,0.6866668462753296,0.6471163617652028
traffic_only,83,208,0.7076451182365417,0.6818831230626012
traffic_only,83,209,0.6455736756324768,0.7019065314882375
traffic_only,83,210,0.7061132788658142,0.64266038151327
traffic_only,83,211,0.7286602258682251,0.7004444165237991
traffic_only,83,212,0.7351614832878113,0.7219650989429797
traffic_only,83,213,0.6893840432167053,0.7281704400136486
traffic_only,83,214,0.6137698292732239,0.6844766419296773
traffic_only,83,215,0.7174543738365173,0.6123041440531513
traffic_only,83,216,0.7193742394447327,0.7112693012908663
traffic_only,83,217,0.698657214641571,0.7131017807852071
traffic_only,83,218,0.7212420105934143,0.6933277283863855
traffic_only,83,219,0.7266510128974915,0.7148845369924306
traffic_only,83,220,0.6776638627052307,0.7200473388909854
traffic_only,83,221,0.6503816843032837,0.6732899263776362
traffic_only,83,222,0.6888995170593262,0.6472495450777224
traffic_only,83,223,0.6956358551979065,0.6840141698461785
traffic_only,83,224,0.7559584379196167,0.6904438915168375
traffic_only,83,225,0.6874715685844421,0.7480207840921324
traffic_only,83,226,0.705336332321167,0.6826512169978107
traffic_only,83,227,0.6833245158195496,0.6997028340895012
traffic_only,83,228,0.6970237493515015,0.6786929247501154
traffic_only,83,229,0.7254590392112732,0.6917686131879249
traffic_only,83,230,0.6676826477050781,0.7189096200171006
traffic_only,83,231,0.6121949553489685,0.6637630242142135
traffic_only,83,232,0.6120196580886841,0.6108009533297898
traffic_only,83,233,0.6476866602897644,0.6106336350375557
traffic_only,83,234,0.713353157043457,0.6446771898980693
traffic_only,83,235,0.7131970524787903,0.7073547587088385
traffic_only,83,236,0.6919280290603638,0.7072057595223846
traffic_only,83,237,0.6023925542831421,0.6869048337116693
traffic_only,83,238,0.6709839701652527,0.6014447260649396
traffic_only,83,239,0.6588706374168396,0.6669140810832933
traffic_only,83,240,0.617517352104187,0.655352108320924
traffic_only,83,241,0.6241234540939331,0.6158810916858025
traffic_only,83,242,0.6063567399978638,0.6221865051386678
traffic_only,83,243,0.5676238536834717,0.6052284747830279
traffic_only,83,244,0.6391928791999817,0.5682585850032218
traffic_only,83,245,0.6032111644744873,0.6365700184326061
traffic_only,83,246,0.644899845123291,0.6022260757506048
traffic_only,83,247,0.5619661211967468,0.6420172216038157
traffic_only,83,248,0.543193519115448,0.5628583743207526
traffic_only,83,249,0.6366094946861267,0.5449402407690092
traffic_only,83,250,0.601345956325531,0.6341042212812952
traffic_only,83,251,0.6051770448684692,0.6004457658835943
traffic_only,83,252,0.5072581171989441,0.6041024755855118
traffic_only,83,253,0.5207852721214294,0.5106405028857381
traffic_only,83,254,0.5799077749252319,0.5235519451794879
traffic_only,83,255,0.5474904775619507,0.5799833816188293
traffic_only,83,256,0.4997753500938415,0.5490416154733411
traffic_only,83,257,0.4260937869548797,0.5034983272968042
traffic_only,83,258,0.4699016213417053,0.43317051216986713
traffic_only,83,259,0.4649396538734436,0.474984354691878
traffic_only,83,260,0.4462313950061798,0.4702482400397547
traffic_only,83,261,0.4715268313884735,0.45239152100568086
traffic_only,83,262,0.5067886710166931,0.47653559039918775
traffic_only,83,263,0.459496408700943,0.5101924243853523
traffic_only,83,264,0.4188981652259826,0.4650527538981233
traffic_only,83,265,0.4646623730659485,0.4263024120222244
traffic_only,83,266,0.4301708936691284,0.46998358016370145
traffic_only,83,267,0.4648493528366089,0.4370620420864041
traffic_only,83,268,0.4805499315261841,0.47016204921597554
traffic_only,83,269,0.4064972400665283,0.48514798801024217
traffic_only,83,270,0.3577718734741211,0.41446593713131763
traffic_only,83,271,0.4016129970550537,0.3679583926694788
traffic_only,83,272,0.3847740888595581,0.4098040091684405
traffic_only,83,273,0.3501970171928406,0.39373155396986087
traffic_only,83,274,0.4519353806972503,0.36072831950778006
traffic_only,83,275,0.4194098114967346,0.45783587959524746
traffic_only,83,276,0.4252746403217315,0.4267907697986735
traffic_only,83,277,0.3576796948909759,0.43238865045950614
traffic_only,83,278,0.4096558690071106,0.36787040975926455
traffic_only,83,279,0.3536595106124878,0.4174807954313365
traffic_only,83,280,0.4047606587409973,0.3640332113521066
traffic_only,83,281,0.3660492300987243,0.4128083994080136
traffic_only,83,282,0.382187932729721,0.37585899061603617
traffic_only,83,283,0.3746121525764465,0.39126311135762204
traffic_only,83,284,0.3861190676689148,0.3840321563756141
traffic_only,83,285,0.3204519152641296,0.39501531366529097
traffic_only,83,286,0.3020198047161102,0.33233711904656027
traffic_only,83,287,0.3290484845638275,0.3147439789475154
traffic_only,83,288,0.3848394453525543,0.3405424001328863
traffic_only,83,289,0.3206633031368255,0.39379393564528914
traffic_only,84,0,0.3090295493602752,0.3192558836745472
traffic_only,84,1,0.3869508802890777,0.3214346625380919
traffic_only,84,2,0.3373607397079468,0.3958092648476341
traffic_only,84,3,0.2597066164016723,0.34847630813048186
traffic_only,84,4,0.3280855417251587,0.27435675101103985
traffic_only,84,5,0.3457939028739929,0.33962328735825653
traffic_only,84,6,0.2919804453849792,0.3565256208053289
traffic_only,84,7,0.3103758692741394,0.30516157899624013
traffic_only,84,8,0.3260398805141449,0.32271970229526126
traffic_only,84,9,0.2590573728084564,0.3376707380727698
traffic_only,84,10,0.2334595620632171,0.27373705890013933
traffic_only,84,11,0.3371576964855194,0.24930437825314616
traffic_only,84,12,0.2928961515426636,0.3482825067831527
traffic_only,84,13,0.3024704158306122,0.30603560515183037
traffic_only,84,14,0.2635688781738281,0.31517407969191835
traffic_only,84,15,0.2659800946712494,0.27804321503694185
traffic_only,84,16,0.2782478034496307,0.2803446807067438
traffic_only,84,17,0.2659871876239776,0.29205400279821403
traffic_only,84,18,0.2744947671890259,0.2803514508110538
traffic_only,84,19,0.3354778885841369,0.2884717926895235
traffic_only,84,20,0.3106091022491455,0.3466791583401454
traffic_only,84,21,0.3575336635112762,0.3229423192546328
traffic_only,84,22,0.3582018613815307,0.3677310252587636
traffic_only,84,23,0.2967589199542999,0.3683688089089129
traffic_only,84,24,0.3466182053089142,0.3097225527566116
traffic_only,84,25,0.3211387991905212,0.35731240364193206
traffic_only,84,26,0.3441083133220672,0.3329927382236104
traffic_only,84,27,0.2234925627708435,0.35491675387393445
traffic_only,84,28,0.3030866980552673,0.23979104474416002
traffic_only,84,29,0.3784258663654327,0.31576231072984867
traffic_only,84,30,0.342093288898468,0.3876722821665536
traffic_only,84,31,0.3688343167304992,0.35299344688773654
traffic_only,84,32,0.3916927278041839,0.37851730905293696
traffic_only,84,33,0.3861893117427826,0.40033527869961455
traffic_only,84,34,0.3410302102565765,0.39508236045461353
traffic_only,84,35,0.3491488099098205,0.3519787561699061
traffic_only,84,36,0.3272924423217773,0.3597278232523476
traffic_only,84,37,0.3610928952693939,0.33886628729145424
traffic_only,84,38,0.3351210951805115,0.37112825222321794
traffic_only,84,39,0.4128882884979248,0.34633860502586034
traffic_only,84,40,0.36161008477211,0.420566085572833
traffic_only,84,41,0.4163956940174103,0.3716219009215227
traffic_only,84,42,0.4052112698554992,0.4239138452625177
traffic_only,84,43,0.3563973009586334,0.4132385001524165
traffic_only,84,44,0.2868762910366058,0.3666463862783349
traffic_only,84,45,0.4160508215427398,0.3002897493539352
traffic_only,84,46,0.2704551517963409,0.423584670274804
traffic_only,84,47,0.416361927986145,0.28461604761005393
traffic_only,84,48,0.2648134529590606,0.4238816161525039
traffic_only,84,49,0.3461365103721618,0.27923114077682337
traffic_only,84,50,0.4142807722091675,0.3568526339109939
traffic_only,84,51,0.4034440219402313,0.4218951878996505
traffic_only,84,52,0.3234583139419555,0.4115516916840073
traffic_only,84,53,0.3409254848957062,0.33520667611626104
traffic_only,84,54,0.3641291260719299,0.3518787975709755
traffic_only,84,55,0.3645561635494232,0.3740262835551639
traffic_only,84,56,0.4262700378894806,0.37443388365877167
traffic_only,84,57,0.3429348170757293,0.43333874072822687
traffic_only,84,58,0.4423918128013611,0.3537966714062355
traffic_only,84,59,0.3799946010112762,0.4487267042460812
traffic_only,84,60,0.4524700343608856,0.3891696130517308
traffic_only,84,61,0.4166700839996338,0.4583461975419795
traffic_only,84,62,0.4077500700950622,0.4241757458943773
traffic_only,84,63,0.3829192817211151,0.41566174236234993
traffic_only,84,64,0.4465935826301574,0.39196117169278394
traffic_only,84,65,0.4474513232707977,0.45273722301273955
traffic_only,84,66,0.4559327661991119,0.4535559220553758
traffic_only,84,67,0.433184951543808,0.46165131695283745
traffic_only,84,68,0.4423506259918213,0.43993890973092703
traffic_only,84,69,0.4216673970222473,0.44868739212777664
traffic_only,84,70,0.4484405815601349,0.42894559728478515
traffic_only,84,71,0.3940316140651703,0.4545001524859122
traffic_only,84,72,0.466292530298233,0.4025677063729439
traffic_only,84,73,0.4132792055606842,0.47153953787653835
traffic_only,84,74,0.4621614813804626,0.4209392093469291
traffic_only,84,75,0.3644017875194549,0.46759652103226534
traffic_only,84,76,0.4275206923484802,0.37428653432967063
traffic_only,84,77,0.4199583232402801,0.4345324694146599
traffic_only,84,78,0.5083733201026917,0.4273143150500448
traffic_only,84,79,0.536750316619873,0.5117049453365025
traffic_only,84,80,0.4095156788825989,0.5387903121487434
traffic_only,84,81,0.4617349803447723,0.4173469863108556
traffic_only,84,82,0.5068368911743164,0.4671894329533533
traffic_only,84,83,0.4768464267253876,0.510238449716334
traffic_only,84,84,0.5474590063095093,0.48161305484845623
traffic_only,84,85,0.4823782444000244,0.5490115766911923
traffic_only,84,86,0.532082736492157,0.48689308195651393
traffic_only,84,87,0.5516109466552734,0.5343351852713034
traffic_only,84,88,0.4894195795059204,0.5529745340527817
traffic_only,84,89,0.493786871433258,0.4936139181125049
traffic_only,84,90,0.5232334733009338,0.4977824249436086
traffic_only,84,91,0.4954186677932739,0.5258887121074779
traffic_only,84,92,0.5359028577804565,0.49933994717634916
traffic_only,84,93,0.5183039307594299,0.5379814269127751
traffic_only,84,94,0.5445958375930786,0.5211835465036291
traffic_only,84,95,0.5789815187454224,0.5462787302152481
traffic_only,84,96,0.5512811541557312,0.5790992856442234
traffic_only,84,97,0.5150208473205566,0.5526597526481811
traffic_only,84,98,0.5238779187202454,0.5180498984742037
traffic_only,84,99,0.5896919369697571,0.5265038244419336
traffic_only,84,100,0.554177463054657,0.5893222000440251
traffic_only,84,101,0.6505113244056702,0.555424230871994
traffic_only,84,102,0.5575259327888489,0.6473732843791874
traffic_only,84,103,0.6481321454048157,0.5586202890226641
traffic_only,84,104,0.7015451192855835,0.6451023979620464
traffic_only,84,105,0.6309431195259094,0.6960841848899655
traffic_only,84,106,0.6693698167800903,0.6286957613120616
traffic_only,84,107,0.6680452823638916,0.6653733987738787
traffic_only,84,108,0.6985920071601868,0.6641091529085187
traffic_only,84,109,0.7575698494911194,0.6932654889400394
traffic_only,84,110,0.7070069313049316,0.7495588493864355
traffic_only,84,111,0.7525128722190857,0.701297392775232
traffic_only,84,112,0.7711164951324463,0.7447320494715373
traffic_only,84,113,0.7471515536308289,0.7624888952441298
traffic_only,84,114,0.775328516960144,0.7396147608792686
traffic_only,84,115,0.7620783448219299,0.7665091993716396
traffic_only,84,116,0.7913244962692261,0.7538621324957788
traffic_only,84,117,0.7965555191040039,0.7817770930983482
traffic_only,84,118,0.7838990092277527,0.7867700165811904
traffic_only,84,119,0.8536019325256348,0.7746895903685904
traffic_only,84,120,0.8602616190910339,0.8412198605564712
traffic_only,84,121,0.8095176219940186,0.8475764195872755
traffic_only,84,122,0.922889769077301,0.7991421261954508
traffic_only,84,123,0.8717756271362305,0.9073539374131323
traffic_only,84,124,0.8833072781562805,0.8585663469812624
traffic_only,84,125,0.8900174498558044,0.8695731142985751
traffic_only,84,126,0.9360905289649964,0.8759778605424097
traffic_only,84,127,0.899025559425354,0.9199538411253544
traffic_only,84,128,0.8833284974098206,0.8845759499078004
traffic_only,84,129,0.8777374625205994,0.8695933677198724
traffic_only,84,130,0.911918878555298,0.8642568187745707
traffic_only,84,131,0.9563152194023132,0.8968824065777433
traffic_only,84,132,0.9404596090316772,0.9392579686367729
traffic_only,84,133,0.957718789577484,0.9241240547054438
traffic_only,84,134,0.948171854019165,0.9405976528073018
traffic_only,84,135,1.0,0.9314852630808791
traffic_only,84,136,0.9657516479492188,0.9809543583827494
traffic_only,84,137,0.9691392183303832,0.9482648812758778
traffic_only,84,138,0.9981985092163086,0.9514982603377024
traffic_only,84,139,0.9977738857269288,0.9792348656712635
traffic_only,84,140,1.0,0.9788295696787865
traffic_only,84,141,1.0,0.9809543583827494
traffic_only,84,142,0.986448049545288,0.9809543583827494
traffic_only,84,143,1.0,0.9680192491697307
traffic_only,84,144,0.9585955142974854,0.9809543583827494
traffic_only,84,145,1.0,0.9414344718350033
traffic_only,84,146,0.9909291863441468,0.9809543583827494
traffic_only,84,147,0.9642682075500488,0.9722964190195926
traffic_only,84,148,0.9803814888000488,0.9468489623173197
traffic_only,84,149,0.9697484374046326,0.9622288187774919
traffic_only,84,150,1.0,0.9520797497171393
traffic_only,84,151,1.0,0.9809543583827494
traffic_only,84,152,0.9428313970565796,0.9809543583827494
traffic_only,84,153,1.0,0.9263878865601105
traffic_only,84,154,1.0,0.9809543583827494
traffic_only,84,155,0.9649089574813844,0.9809543583827494
traffic_only,84,156,0.9280272126197816,0.9474605473705382
traffic_only,84,157,0.9766827821731568,0.9122575410323883
traffic_only,84,158,0.9431031942367554,0.958698465392151
traffic_only,84,159,0.9816377758979796,0.9266473124059408
traffic_only,84,160,0.966306746006012,0.9634279237232298
traffic_only,84,161,0.977350115776062,0.9487947130526799
traffic_only,84,162,0.9281340837478638,0.9593354241136238
traffic_only,84,163,0.9693515300750732,0.9123595477301017
traffic_only,84,164,1.0,0.9517009083339409
traffic_only,84,165,0.865571141242981,0.9809543583827494
traffic_only,84,166,0.8497396111488342,0.8526442693505911
traffic_only,84,167,0.9699724912643432,0.8375333396389365
traffic_only,84,168,0.9118040800094604,0.9522936053650506
traffic_only,84,169,0.9732986688613892,0.8967728332928596
traffic_only,84,170,0.9100133180618286,0.955468386045032
traffic_only,84,171,0.8452412486076355,0.8950635810752882
traffic_only,84,172,0.8309721946716309,0.833239728107179
traffic_only,84,173,0.8656854629516602,0.8196201556592516
traffic_only,84,174,0.9307070970535278,0.8527533875024118
traffic_only,84,175,0.8811399340629578,0.9148154457372955
traffic_only,84,176,0.8584480881690979,0.8675044207446098
traffic_only,84,177,0.9627841114997864,0.8458454347659524
traffic_only,84,178,0.8818169236183167,0.9454324175508002
traffic_only,84,179,0.8841939568519592,0.8681505959106055
traffic_only,84,180,0.8538246750831604,0.8704194342289636
traffic_only,84,181,0.9177463054656982,0.8414324645884599
traffic_only,84,182,0.8462536334991455,0.9024445877389579
traffic_only,84,183,0.8469944596290588,0.834206032491264
traffic_only,84,184,0.8304295539855957,0.8349131385960502
traffic_only,84,185,0.805879533290863,0.8191022142337167
traffic_only,84,186,0.8468602895736694,0.795669631600726
traffic_only,84,187,0.782307505607605,0.834785075530488
traffic_only,84,188,0.8206443786621094,0.7731705268796617
traffic_only,84,189,0.7746988534927368,0.8097624286507623
traffic_only,84,190,0.7382451295852661,0.7659081961621328
traffic_only,84,191,0.7543999552726746,0.7311137286395327
traffic_only,84,192,0.7448028922080994,0.7465332385678066
traffic_only,84,193,0.8050300478935242,0.7373730029781506
traffic_only,84,194,0.665279746055603,0.7948588120492406
traffic_only,84,195,0.7257853150367737,0.6614694949271952
traffic_only,84,196,0.8009005784988403,0.7192210448153626
traffic_only,84,197,0.8050910234451294,0.7909173028332382
traffic_only,84,198,0.7805954813957214,0.7949170121896538
traffic_only,84,199,0.7992739677429199,0.771536428509095
traffic_only,84,200,0.7358545660972595,0.7893647301725564
traffic_only,84,201,0.7324094176292419,0.728831975920516
traffic_only,84,202,0.7353204488754272,0.7255436395413509
traffic_only,84,203,0.7555311322212219,0.7283221699984797
traffic_only,84,204,0.6947510838508606,0.7476129279761767
traffic_only,84,205,0.7600277066230774,0.6895993921187004
traffic_only,84,206,0.810079038143158,0.7519048327589485
traffic_only,84,207,0.7082661986351013,0.7996779884853359
traffic_only,84,208,0.7786410450935364,0.7024993423026129
traffic_only,84,209,0.7894477248191833,0.7696709518676966
traffic_only,84,210,0.6932916641235352,0.7799857462545633
traffic_only,84,211,0.7762575745582581,0.6882064004881838
traffic_only,84,212,0.7599809169769287,0.7673959692529899
traffic_only,84,213,0.7276799082756042,0.7518601728271553
traffic_only,84,214,0.7580689191818237,0.721029402257372
traffic_only,84,215,0.733849823474884,0.7500352030283516
traffic_only,84,216,0.7441631555557251,0.7269184827409859
traffic_only,84,217,0.7666788101196289,0.7367623850826908
traffic_only,84,218,0.7057327628135681,0.7582531993946212
traffic_only,84,219,0.7494338154792786,0.7000812203396366
traffic_only,84,220,0.739557683467865,0.7417931415013832
traffic_only,84,221,0.7714859843254089,0.7323665392866883
traffic_only,84,222,0.6755991578102112,0.7628415664762135
traffic_only,84,223,0.679422914981842,0.6713192002154516
traffic_only,84,224,0.6842879056930542,0.6749689122465276
traffic_only,84,225,0.71833735704422,0.6796124642119916
traffic_only,84,226,0.7368757724761963,0.7121120939400176
traffic_only,84,227,0.6654563546180725,0.7298067002662639
traffic_only,84,228,0.6926705241203308,0.661638064835352
traffic_only,84,229,0.744115948677063,0.6876135327821755
traffic_only,84,230,0.7182289958000183,0.7367173269094676
traffic_only,84,231,0.6714566349983215,0.7120086649514826
traffic_only,84,232,0.6244763731956482,0.6673652317318535
traffic_only,84,233,0.6652823686599731,0.6225233604968172
traffic_only,84,234,0.651286780834198,0.6614719981590409
traffic_only,84,235,0.6734586358070374,0.6481134445226638
traffic_only,84,236,0.7102919816970825,0.669276107896272
traffic_only,84,237,0.635079562664032,0.7044329182285417
traffic_only,84,238,0.6075491905212402,0.6326439268491082
traffic_only,84,239,0.6703881621360779,0.6063666487899756
traffic_only,84,240,0.6592382788658142,0.6663453923212495
traffic_only,84,241,0.688072919845581,0.6557030159123892
traffic_only,84,242,0.610814094543457,0.6832251966817102
traffic_only,84,243,0.6327936053276062,0.6094829448713794
traffic_only,84,244,0.5555737614631653,0.6304620189457564
traffic_only,84,245,0.6925021409988403,0.5567569742633144
traffic_only,84,246,0.5394546985626221,0.687452813919353
traffic_only,84,247,0.5678358674049377,0.5413715993147551
traffic_only,84,248,0.519152045249939,0.568460948541296
traffic_only,84,249,0.5104865431785583,0.5219930575475589
traffic_only,84,250,0.5069911479949951,0.5137219812878332
traffic_only,84,251,0.56072598695755,0.5103856852621693
traffic_only,84,252,0.5148293375968933,0.561674687007519
traffic_only,84,253,0.5441178679466248,0.5178671056578324
traffic_only,84,254,0.5084571242332458,0.5458225162113636
traffic_only,84,255,0.5124368071556091,0.5117849349723002
traffic_only,84,256,0.4732552170753479,0.5155834755149314
traffic_only,84,257,0.447010338306427,0.47818530552297384
traffic_only,84,258,0.4888657629489898,0.4531350093096794
traffic_only,84,259,0.5214990377426147,0.49308530950580914
traffic_only,84,260,0.4029371440410614,0.5242332224829568
traffic_only,84,261,0.4033330976963043,0.4110678852381869
traffic_only,84,262,0.5017778277397156,0.41144581635525945
traffic_only,84,263,0.4873807430267334,0.5054096585942858
traffic_only,84,264,0.4627583920955658,0.49166788291898034
traffic_only,84,265,0.3959965705871582,0.4681662622895171
traffic_only,84,266,0.4218454658985138,0.4044432243875416
traffic_only,84,267,0.4285750389099121,0.429115561037947
traffic_only,84,268,0.4507934749126434,0.43553882550827666
traffic_only,84,269,0.4357842206954956,0.456745949692963
traffic_only,84,270,0.3459863662719726,0.44241986850239445
traffic_only,84,271,0.3470467925071716,0.35670932388782584
traffic_only,84,272,0.3840548694133758,0.35772148292799405
traffic_only,84,273,0.3751449584960937,0.3930450710819855
traffic_only,84,274,0.4174605309963226,0.3845407106817275
traffic_only,84,275,0.4245987236499786,0.42493021428351735
traffic_only,84,276,0.3936879932880401,0.4317434993429018
traffic_only,84,277,0.307133287191391,0.40223972610952025
traffic_only,84,278,0.3425671756267547,0.3196247121303626
traffic_only,84,279,0.3575423955917358,0.3534457638147703
traffic_only,84,280,0.3186485767364502,0.36773935988297723
traffic_only,84,281,0.3585380613803863,0.33061586269445586
traffic_only,84,282,0.3155615627765655,0.3686897061640458
traffic_only,84,283,0.3532752096652984,0.3276693596913153
traffic_only,84,284,0.3710125088691711,0.36366640254925764
traffic_only,84,285,0.3088224530220032,0.3805963568840824
traffic_only,84,286,0.3653621971607208,0.32123699255972843
traffic_only,84,287,0.2631274163722992,0.37520322920990395
traffic_only,84,288,0.2881471812725067,0.2776218471581826
traffic_only,84,289,0.3778850138187408,0.3015027927497234
traffic_only,85,0,0.2408831864595413,0.263187828317175
traffic_only,85,1,0.3216919898986816,0.25639010311937716
traffic_only,85,2,0.2893929779529571,0.3335207494681611
traffic_only,85,3,0.2469449043273925,0.3026918847680785
traffic_only,85,4,0.3641032874584198,0.2621759110664464
traffic_only,85,5,0.3479703664779663,0.37400162103232015
traffic_only,85,6,0.2648462951183319,0.3586030187791215
traffic_only,85,7,0.3010938167572021,0.2792624880665279
traffic_only,85,8,0.2866390645503998,0.3138601389852573
traffic_only,85,9,0.3288427293300628,0.3000633206551623
traffic_only,85,10,0.2973056137561798,0.34034601021626204
traffic_only,85,11,0.3019271194934845,0.31024436281318085
traffic_only,85,12,0.3409030139446258,0.314655512458422
traffic_only,85,13,0.3251490890979767,0.35185734942538816
traffic_only,85,14,0.2967411279678345,0.3368204926197141
traffic_only,85,15,0.2740500569343567,0.3097055706042037
traffic_only,85,16,0.3522816896438598,0.28804732421677354
traffic_only,85,17,0.3376028835773468,0.362718104366972
traffic_only,85,18,0.321540892124176,0.34870743038896557
traffic_only,85,19,0.3641106188297272,0.33337652917886734
traffic_only,85,20,0.375366061925888,0.37400861870316165
traffic_only,85,21,0.2990169823169708,0.3847517501938125
traffic_only,85,22,0.3552393317222595,0.3118778353757861
traffic_only,85,23,0.2912508845329284,0.3655411240809953
traffic_only,85,24,0.3588109612464905,0.30446522541006404
traffic_only,85,25,0.3179858922958374,0.368950184505084
traffic_only,85,26,0.3587079346179962,0.3299833415203459
traffic_only,85,27,0.3591089844703674,0.3688518473176898
traffic_only,85,28,0.3106456100940704,0.36923464266937156
traffic_only,85,29,0.3282721042633056,0.32297716537975796
traffic_only,85,30,0.345074862241745,0.3398013581691005
traffic_only,85,31,0.3538050055503845,0.35583930859235213
traffic_only,85,32,0.3493655323982239,0.36417208382791183
traffic_only,85,33,0.3082545697689056,0.3599346812294176
traffic_only,85,34,0.2946597635746002,0.3206949575276783
traffic_only,85,35,0.3626028299331665,0.30771894323063526
traffic_only,85,36,0.394676148891449,0.37256945951258125
traffic_only,85,37,0.3770683109760284,0.4031829040448488
traffic_only,85,38,0.4169071018695831,0.3863765183365906
traffic_only,85,39,0.3688689172267914,0.4244019754724352
traffic_only,85,40,0.3858977556228637,0.3785503346458108
traffic_only,85,41,0.3347688317298889,0.3948040750324909
traffic_only,85,42,0.4218519628047943,0.34600237547567236
traffic_only,85,43,0.3530651926994324,0.42912176222592846
traffic_only,85,44,0.4004373252391815,0.36346594488088424
traffic_only,85,45,0.4606382250785827,0.4086818501561423
traffic_only,85,46,0.4181177616119385,0.4661425984629584
traffic_only,85,47,0.5357157588005066,0.4255575298732209
traffic_only,85,48,0.4521473348140716,0.5378028440772353
traffic_only,85,49,0.4577842652797699,0.45803818624168885
traffic_only,85,50,0.4138117134571075,0.4634185417442908
traffic_only,85,51,0.4810064435005188,0.4214474791948782
traffic_only,85,52,0.4812136888504028,0.48558372102629793
traffic_only,85,53,0.5133638381958008,0.4857815332337435
traffic_only,85,54,0.5272814631462097,0.5164683110807645
traffic_only,85,55,0.4928373098373413,0.529752450461364
traffic_only,85,56,0.6077223420143127,0.4968760843405554
traffic_only,85,57,0.5341193079948425,0.6065319189834267
traffic_only,85,58,0.6337398886680603,0.5362790585827794
traffic_only,85,59,0.5579142570495605,0.6313652305090025
traffic_only,85,60,0.5867737531661987,0.5589909380107309
traffic_only,85,61,0.6091674566268921,0.5865368425909535
traffic_only,85,62,0.6088892817497253,0.6079112566220575
traffic_only,85,63,0.6020387411117554,0.6076457433715113
traffic_only,85,64,0.5700402855873108,0.6011070173322973
traffic_only,85,65,0.6179357171058655,0.5705650286908988
traffic_only,85,66,0.6565617322921753,0.6162804140568295
traffic_only,85,67,0.6892292499542236,0.6531482971389221
traffic_only,85,68,0.5753815770149231,0.6843288943591462
traffic_only,85,69,0.645548403263092,0.5756632016945274
traffic_only,85,70,0.5536928176879883,0.6426362594609384
traffic_only,85,71,0.5643821358680725,0.5549616450052295
traffic_only,85,72,0.5469687581062317,0.5651644197669996
traffic_only,85,73,0.5818183422088623,0.548543643010939
traffic_only,85,74,0.5493072271347046,0.5818069860184445
traffic_only,85,75,0.5040608644485474,0.5507756724428384
traffic_only,85,76,0.5078914761543274,0.5075887788076275
traffic_only,85,77,0.5450246930122375,0.5112450333764822
traffic_only,85,78,0.5275543928146362,0.546688065513658
traffic_only,85,79,0.5540993809700012,0.5300129572482186
traffic_only,85,80,0.5127618312835693,0.5553497028329506
traffic_only,85,81,0.534042239189148,0.5158937055889035
traffic_only,85,82,0.5903869867324829,0.5362054977014946
traffic_only,85,83,0.4775853753089905,0.5899856133747767
traffic_only,85,84,0.483967661857605,0.4823183688668074
traffic_only,85,85,0.4774039387702942,0.4884101542382927
traffic_only,85,86,0.5553323030471802,0.48214519073638906
traffic_only,85,87,0.4987315833568573,0.5565265062586086
traffic_only,85,88,0.5032379627227783,0.5025020694680198
traffic_only,85,89,0.4735894501209259,0.5068033329243966
traffic_only,85,90,0.4916554391384125,0.47850432535422244
traffic_only,85,91,0.5413879156112671,0.49574800859844
traffic_only,85,92,0.4636971056461334,0.543216822534856
traffic_only,85,93,0.4544464349746704,0.46906224861539025
traffic_only,85,94,0.5248624086380005,0.4602326387500858
traffic_only,85,95,0.5952385067939758,0.5274435035418413
traffic_only,85,96,0.5142565369606018,0.594616307831215
traffic_only,85,97,0.5538788437843323,0.5173203770660717
traffic_only,85,98,0.5734590888023376,0.5551392037913778
traffic_only,85,99,0.5692688226699829,0.5738282189683408
traffic_only,85,100,0.6221858263015747,0.5698286802868239
traffic_only,85,101,0.5270251631736755,0.6203370719377354
traffic_only,85,102,0.5787867307662964,0.5295078164400766
traffic_only,85,103,0.5396316051483154,0.578913363788045
traffic_only,85,104,0.5346507430076599,0.5415404536810762
traffic_only,85,105,0.5772222876548767,0.5367863043813371
traffic_only,85,106,0.6021949052810669,0.5774201291004335
traffic_only,85,107,0.5927553772926331,0.601256073410384
traffic_only,85,108,0.6153526306152344,0.5922462024063705
traffic_only,85,109,0.6432334780693054,0.6138149013636829
traffic_only,85,110,0.5997374653816223,0.6404267022240178
traffic_only,85,111,0.6865419745445251,0.5989104882793012
traffic_only,85,112,0.6554638147354126,0.6817639350917647
traffic_only,85,113,0.6622887849807739,0.6521003532616864
traffic_only,85,114,0.6536219716072083,0.6586146727904045
traffic_only,85,115,0.6442446708679199,0.650342344914756
traffic_only,85,116,0.7079511284828186,0.6413918687754457
traffic_only,85,117,0.6519138216972351,0.702198613131328
traffic_only,85,118,0.7307555079460144,0.648711944500325
traffic_only,85,119,0.7309861183166504,0.7239650105128204
traffic_only,85,120,0.6696420907974243,0.7241851242403461
traffic_only,85,121,0.6732867360115051,0.6656332797527719
traffic_only,85,122,0.6838766932487488,0.6691120324271109
traffic_only,85,123,0.7355490326881409,0.6792199688369076
traffic_only,85,124,0.7055885195732117,0.7285403494104883
traffic_only,85,125,0.7363371253013611,0.6999435425881214
traffic_only,85,126,0.7245942950248718,0.7292925705801305
traffic_only,85,127,0.7408461570739746,0.7180842362076035
traffic_only,85,128,0.7096253633499146,0.7335963657141694
traffic_only,85,129,0.7455824017524719,0.703796642206663
traffic_only,85,130,0.7182980179786682,0.7381170317526613
traffic_only,85,131,0.7288074493408203,0.7120745454623317
traffic_only,85,132,0.7111488580703735,0.7221056212761378
traffic_only,85,133,0.7163585424423218,0.7052507923425014
traffic_only,85,134,0.7894689440727234,0.7102233486207806
traffic_only,85,135,0.7084066271781921,0.7800059996758605
traffic_only,85,136,0.741349458694458,0.7026333789896253
traffic_only,85,137,0.6769367456436157,0.7340767586620184
traffic_only,85,138,0.7424066662788391,0.6725959053484073
traffic_only,85,139,0.6826867461204529,0.7350858455540124
traffic_only,85,140,0.7896850109100342,0.6780841842785399
traffic_only,85,141,0.7454360127449036,0.780212231844969
traffic_only,85,142,0.7531178593635559,0.7379773059023632
traffic_only,85,143,0.7196076512336731,0.7453094995450412
traffic_only,85,144,0.7577570676803589,0.7133245684194772
traffic_only,85,145,0.694739043712616,0.749737546005241
traffic_only,85,146,0.73568195104599,0.6895879000088632
traffic_only,85,147,0.7130197882652283,0.7286672177517606
traffic_only,85,148,0.6604405641555786,0.7070365638062663
traffic_only,85,149,0.7098009586334229,0.6568505770387584
traffic_only,85,150,0.667306125164032,0.7039642449570613
traffic_only,85,151,0.6752563118934631,0.6634036397694525
traffic_only,85,152,0.692659854888916,0.6709919595432551
traffic_only,85,153,0.6786961555480957,0.6876033491798941
traffic_only,85,154,0.6516680121421814,0.6742752325670958
traffic_only,85,155,0.663131833076477,0.6484773234064206
traffic_only,85,156,0.5541199445724487,0.6594193480455414
traffic_only,85,157,0.6603580713272095,0.5553693304462864
traffic_only,85,158,0.6794278025627136,0.6567718390188836
traffic_only,85,159,0.6288624405860901,0.6749735773604219
traffic_only,85,160,0.6528914570808411,0.6267097881922712
traffic_only,85,161,0.6268107295036316,0.6496450810624541
traffic_only,85,162,0.6562423706054688,0.6247514644060493
traffic_only,85,163,0.61396324634552,0.6528434717700714
traffic_only,85,164,0.64286208152771,0.612488757401774
traffic_only,85,165,0.6385948061943054,0.6400722104596825
traffic_only,85,166,0.6550321578979492,0.6359991677885137
traffic_only,85,167,0.646074652671814,0.6516883440565322
traffic_only,85,168,0.6582053303718567,0.6431385556874375
traffic_only,85,169,0.6078804731369019,0.6547170839149683
traffic_only,85,170,0.6089959144592285,0.6066828524853978
traffic_only,85,171,0.604149580001831,0.6077475225026935
traffic_only,85,172,0.5964552164077759,0.6031217776183138
traffic_only,85,173,0.5156486630439758,0.5957776367327358
traffic_only,85,174,0.6013097167015076,0.5186491380430921
traffic_only,85,175,0.5848973989486694,0.6004111757708169
traffic_only,85,176,0.5946318507194519,0.5847458939885986
traffic_only,85,177,0.5761880278587341,0.5940372647919911
traffic_only,85,178,0.5730963349342346,0.5764329454870898
traffic_only,85,179,0.5878621935844421,0.5734819764907699
traffic_only,85,180,0.5408012866973877,0.5875757406985648
traffic_only,85,181,0.5182204842567444,0.5426568950842723
traffic_only,85,182,0.6380488872528076,0.5211038982176286
traffic_only,85,183,0.5399388074874878,0.6354780973231716
traffic_only,85,184,0.5572540760040283,0.541833673156824
traffic_only,85,185,0.5119040608406067,0.5583608062852009
traffic_only,85,186,0.6367816925048828,0.5150749781004509
traffic_only,85,187,0.6773067116737366,0.6342685812086206
traffic_only,85,188,0.6370826363563538,0.6729490317135539
traffic_only,85,189,0.6324077844619751,0.6345558270629182
traffic_only,85,190,0.620439350605011,0.6300937594062697
traffic_only,85,191,0.5863428711891174,0.618670090203377
traffic_only,85,192,0.6263580322265625,0.5861255729770264
traffic_only,85,193,0.5698826909065247,0.6243193724544965
traffic_only,85,194,0.6806033253669739,0.5704146072136235
traffic_only,85,195,0.600042462348938,0.676095594143638
traffic_only,85,196,0.5899943709373474,0.5992016027646331
traffic_only,85,197,0.6567063331604004,0.5896108681891442
traffic_only,85,198,0.6602951288223267,0.6532863162402344
traffic_only,85,199,0.6131295561790466,0.656711761454586
traffic_only,85,200,0.6203474998474121,0.6116930141329957
traffic_only,85,201,0.6175327301025391,0.6185824201971436
traffic_only,85,202,0.6286581754684448,0.6158957697270797
traffic_only,85,203,0.6697224378585815,0.6265148205664685
traffic_only,85,204,0.6250464916229248,0.6657099696738638
traffic_only,85,205,0.6965975165367126,0.6230675289650994
traffic_only,85,206,0.7035382390022278,0.6913617811213608
traffic_only,85,207,0.6887638568878174,0.6979865842010883
traffic_only,85,208,0.6771620512008667,0.6838846844897947
traffic_only,85,209,0.6029368042945862,0.6728109557206087
traffic_only,85,210,0.6902325749397278,0.6019642035645617
traffic_only,85,211,0.6877644062042236,0.685286551215037
traffic_only,85,212,0.7121922373771667,0.6829307255900398
traffic_only,85,213,0.7045737504959106,0.7062466803756724
traffic_only,85,214,0.6913555860519409,0.698974962538722
traffic_only,85,215,0.7155682444572449,0.6863584464697057
traffic_only,85,216,0.7286565899848938,0.7094690224607227
traffic_only,85,217,0.6246933341026306,0.7219616285533754
traffic_only,85,218,0.7899852395057678,0.6227304460404186
traffic_only,85,219,0.7414621114730835,0.7804987949996725
traffic_only,85,220,0.6806319952011108,0.7341842838481192
traffic_only,85,221,0.6845424771308899,0.6761229590190424
traffic_only,85,222,0.7138336896896362,0.6798554483759262
traffic_only,85,223,0.7089660167694092,0.7078134190529358
traffic_only,85,224,0.7709736227989197,0.7031673069639931
traffic_only,85,225,0.687004029750824,0.7623525260001702
traffic_only,85,226,0.7003841996192932,0.6822049590296763
traffic_only,85,227,0.6946234107017517,0.6949761065567994
traffic_only,85,228,0.7091525197029114,0.6894775302411195
traffic_only,85,229,0.725053608417511,0.7033453208832043
traffic_only,85,230,0.6995734572410583,0.7185226431304037
traffic_only,85,231,0.6663265228271484,0.6942022665666713
traffic_only,85,232,0.6957055330276489,0.6624686257834391
traffic_only,85,233,0.6569865345954895,0.6905103978356479
traffic_only,85,234,0.6734269261360168,0.6535537638062976
traffic_only,85,235,0.6427282094955444,0.6692458415475918
traffic_only,85,236,0.6444112658500671,0.6399444318522846
traffic_only,85,237,0.6945911645889282,0.6415508808892825
traffic_only,85,238,0.6683496832847595,0.6894467518677436
traffic_only,85,239,0.5833709239959717,0.6643996984775221
traffic_only,85,240,0.6238833069801331,0.5832888992711174
traffic_only,85,241,0.7042062878608704,0.6219572887498849
traffic_only,85,242,0.6533228158950806,0.6986242256221554
traffic_only,85,243,0.6490866541862488,0.650056805809444
traffic_only,85,244,0.5950582027435303,0.6460134605706268
traffic_only,85,245,0.6905631422996521,0.5944442106418211
traffic_only,85,246,0.6664869785308838,0.6856020722108649
traffic_only,85,247,0.6326026916503906,0.6626217780590915
traffic_only,85,248,0.643217146396637,0.6302797950457137
traffic_only,85,249,0.6493759751319885,0.6404111139166149
traffic_only,85,250,0.6582733988761902,0.6462896125565173
traffic_only,85,251,0.6451696753501892,0.6547820541596916
traffic_only,85,252,0.5948621034622192,0.6422747700257617
traffic_only,85,253,0.6398168802261353,0.5942570371697198
traffic_only,85,254,0.5818926095962524,0.6371656169369916
traffic_only,85,255,0.6549302935600281,0.581877872992985
traffic_only,85,256,0.5884889364242554,0.6515911162559787
traffic_only,85,257,0.6182299256324768,0.5881739562180617
traffic_only,85,258,0.5641838312149048,0.6165612311566142
traffic_only,85,259,0.5726664662361145,0.5649751413044826
traffic_only,85,260,0.546334445476532,0.5730716740346014
traffic_only,85,261,0.5802105069160461,0.5479382022540693
traffic_only,85,262,0.5430542230606079,0.5802723342221128
traffic_only,85,263,0.5837442874908447,0.5448072850230211
traffic_only,85,264,0.5497528910636902,0.5836452684593368
traffic_only,85,265,0.5119702816009521,0.5512010511817141
traffic_only,85,266,0.5339450836181641,0.5151381847045555
traffic_only,85,267,0.516599178314209,0.5361127643399368
traffic_only,85,268,0.4814682602882385,0.5195563889122711
traffic_only,85,269,0.4857414364814758,0.48602451739767805
traffic_only,85,270,0.5123878121376038,0.49010319234049976
traffic_only,85,271,0.4533734321594238,0.5155367105927225
traffic_only,85,272,0.4641579985618591,0.4592084755753846
traffic_only,85,273,0.4448389112949371,0.46950216316646104
traffic_only,85,274,0.4776682257652282,0.4510624186788633
traffic_only,85,275,0.4112662971019745,0.4823974482364793
traffic_only,85,276,0.456456184387207,0.4190179220136976
traffic_only,85,277,0.4357622563838959,0.46215091082677584
traffic_only,85,278,0.3421161770820617,0.4423989039356864
traffic_only,85,279,0.4325590133666992,0.3530152932747538
traffic_only,85,280,0.4350280463695526,0.4393414622484737
traffic_only,85,281,0.3323806226253509,0.44169811280214744
traffic_only,85,282,0.4061061143875122,0.34372286997615337
traffic_only,85,283,0.3911747634410858,0.41409261423650656
traffic_only,85,284,0.3670359849929809,0.39984089041008275
traffic_only,85,285,0.384024828672409,0.37680083159799255
traffic_only,85,286,0.4043361246585846,0.3930163976990253
traffic_only,85,287,0.3679437041282654,0.41240318875298587
traffic_only,85,288,0.3554543852806091,0.37766723427477983
traffic_only,85,289,0.335071861743927,0.36574638909234525
traffic_only,86,0,0.248634934425354,0.32847352292175647
traffic_only,86,1,0.277019739151001,0.26378901642448876
traffic_only,86,2,0.3259996473789215,0.29088183604063406
traffic_only,86,3,0.3605213761329651,0.33763233622059097
traffic_only,86,4,0.2979192435741424,0.37058274680156356
traffic_only,86,5,0.3358434736728668,0.310830062173449
traffic_only,86,6,0.3527739644050598,0.3470281031702771
traffic_only,86,7,0.30595862865448,0.36318797236274236
traffic_only,86,8,0.3353493809700012,0.3185035202758229
traffic_only,86,9,0.3598250150680542,0.34655649997970467
traffic_only,86,10,0.3736912608146667,0.3699180818548891
traffic_only,86,11,0.3220770061016083,0.38315318064796533
traffic_only,86,12,0.2912523448467254,0.3338882409706043
traffic_only,86,13,0.2651080191135406,0.304466619255069
traffic_only,86,14,0.317026138305664,0.2795122992264053
traffic_only,86,15,0.275516927242279,0.329067272448074
traffic_only,86,16,0.3536053299903869,0.28944742730139716
traffic_only,86,17,0.2802582383155823,0.3639814968578391
traffic_only,86,18,0.3100194931030273,0.293972929128682
traffic_only,86,19,0.304796814918518,0.3223795472224061
traffic_only,86,20,0.3741020262241363,0.31739458856816394
traffic_only,86,21,0.3388349711894989,0.383545249335803
traffic_only,86,22,0.3520027101039886,0.34988343733176347
traffic_only,86,23,0.3463060259819031,0.36245182307938234
traffic_only,86,24,0.2923073172569275,0.35701443371484076
traffic_only,86,25,0.2930857241153717,0.30547357271083087
traffic_only,86,26,0.4053330421447754,0.30621654899013373
traffic_only,86,27,0.3368337750434875,0.4133547297583444
traffic_only,86,28,0.3403298854827881,0.3479733292043884
traffic_only,86,29,0.2963769435882568,0.3513103079296467
traffic_only,86,30,0.3442853689193725,0.3093579627274441
traffic_only,86,31,0.3491473793983459,0.3550857504693377
traffic_only,86,32,0.3407860398292541,0.359726457853159
traffic_only,86,33,0.3375900983810425,0.35174569959590524
traffic_only,86,34,0.3605215847492218,0.34869522713371764
traffic_only,86,35,0.3566792905330658,0.3705829459222786
traffic_only,86,36,0.3712740242481231,0.3669155405933839
traffic_only,86,37,0.3225443065166473,0.3808459689232448
traffic_only,86,38,0.3109581470489502,0.3343342713722073
traffic_only,86,39,0.3662992417812347,0.32327547665664647
traffic_only,86,40,0.3657407760620117,0.3760976225700571
traffic_only,86,41,0.3923577070236206,0.37556457641599855
traffic_only,86,42,0.371993213891983,0.40096999020158963
traffic_only,86,43,0.3629066348075866,0.3815324233653037
traffic_only,86,44,0.3058160245418548,0.37285943616525596
traffic_only,86,45,0.3727141916751861,0.3183674070442112
traffic_only,86,46,0.2995397448539734,0.38222058455634833
traffic_only,86,47,0.4353666305541992,0.31237680344176305
traffic_only,86,48,0.4200557172298431,0.44202128572259464
traffic_only,86,49,0.437212586402893,0.427407275978134
traffic_only,86,50,0.4075237512588501,0.44378321959219214
traffic_only,86,51,0.3940956592559814,0.41544572483238995
traffic_only,86,52,0.3858923017978668,0.4026288364324493
traffic_only,86,53,0.4311588704586029,0.3947988694480845
traffic_only,86,54,0.4259069263935089,0.438005049346834
traffic_only,86,55,0.451604425907135,0.4329921569008588
traffic_only,86,56,0.4767382442951202,0.4575199888038061
traffic_only,86,57,0.4444444179534912,0.48150979653481973
traffic_only,86,58,0.4874519109725952,0.45068588140679583
traffic_only,86,59,0.4988664090633392,0.49173581152861223
traffic_only,86,60,0.4731066823005676,0.5026307583415435
traffic_only,86,61,0.4988121390342712,0.4780435315738929
traffic_only,86,62,0.4156916439533233,0.5025789585098267
traffic_only,86,63,0.4599297940731048,0.42324184129520454
traffic_only,86,64,0.530219554901123,0.4654664129606303
traffic_only,86,65,0.5989048480987549,0.53255680971981
traffic_only,86,66,0.4898914098739624,0.5981157690599144
traffic_only,86,67,0.4979100525379181,0.49406427227820504
traffic_only,86,68,0.5180138945579529,0.5017179320923445
traffic_only,86,69,0.5842896699905396,0.5209067118181444
traffic_only,86,70,0.547989010810852,0.5841658268999832
traffic_only,86,71,0.5978419184684753,0.5495174570905613
traffic_only,86,72,0.6761962175369263,0.5971012205711661
traffic_only,86,73,0.6778292655944824,0.6718890837017854
traffic_only,86,74,0.6258755922317505,0.6734478006588158
traffic_only,86,75,0.6508378982543945,0.6238588915781477
traffic_only,86,76,0.6535926461219788,0.6476849936356138
traffic_only,86,77,0.7622716426849365,0.6503143542313901
traffic_only,86,78,0.7531633377075195,0.7540466320611358
traffic_only,86,79,0.7328495383262634,0.7453529078609115
traffic_only,86,80,0.6759456992149353,0.7259637273583709
traffic_only,86,81,0.697603702545166,0.6716499681688852
traffic_only,86,82,0.6978572607040405,0.6923221687756287
traffic_only,86,83,0.7657251954078674,0.6925641857818046
traffic_only,86,84,0.7842663526535034,0.7573429901605336
traffic_only,86,85,0.7941957712173462,0.7750402135018913
traffic_only,86,86,0.7864792346954346,0.7845176768363609
traffic_only,86,87,0.7682040333747864,0.7771523722633599
traffic_only,86,88,0.7844245433807373,0.7597089993878124
traffic_only,86,89,0.8267738819122314,0.7751912038954952
traffic_only,86,90,0.8098640441894531,0.8156129366072988
traffic_only,86,91,0.7890095114707947,0.7994727803656188
traffic_only,86,92,0.7765824198722839,0.7795674789697947
traffic_only,86,93,0.7690972089767456,0.7677060286520634
traffic_only,86,94,0.7975433468818665,0.7605615205061824
traffic_only,86,95,0.8085353374481201,0.7877128816125382
traffic_only,86,96,0.8237535953521729,0.7982045520859588
traffic_only,86,97,0.8615551590919495,0.8127301237871423
traffic_only,86,98,0.850592315196991,0.8488110818035496
traffic_only,86,99,0.8006967306137085,0.8383472313385962
traffic_only,86,100,0.8088565468788147,0.7907227334488656
traffic_only,86,101,0.7792081236839294,0.798511141095428
traffic_only,86,102,0.7563031911849976,0.7702122188627032
traffic_only,86,103,0.7968184351921082,0.7483498452965802
traffic_only,86,104,0.7714390754699707,0.7870209655737249
traffic_only,86,105,0.8188083171844482,0.7627967927611546
traffic_only,86,106,0.8254382610321045,0.808009938792219
traffic_only,86,107,0.8231313228607178,0.8143381088982274
traffic_only,86,108,0.752797544002533,0.8121361751401097
traffic_only,86,109,0.7959428429603577,0.7450037639100648
traffic_only,86,110,0.7423591017723083,0.7861852274870479
traffic_only,86,111,0.7300894260406494,0.7350404460309921
traffic_only,86,112,0.7821832895278931,0.7233292465156375
traffic_only,86,113,0.8068202137947083,0.7730519647167866
traffic_only,86,114,0.7658403515815735,0.7965674953504834
traffic_only,86,115,0.8302331566810608,0.7574529047952144
traffic_only,86,116,0.8541993498802185,0.8189147563034511
traffic_only,86,117,0.8448225259780884,0.8417900853926022
traffic_only,86,118,0.7727307081222534,0.8328400643863548
traffic_only,86,119,0.8163195848464966,0.7640296344451772
traffic_only,86,120,0.791484534740448,0.805634485553886
traffic_only,86,121,0.803630530834198,0.7819298471325706
traffic_only,86,122,0.7653446197509766,0.7935229965097458
traffic_only,86,123,0.7816731333732605,0.7569797370847383
traffic_only,86,124,0.878733217716217,0.772565029231159
traffic_only,86,125,0.8552166819572449,0.8652072503930885
traffic_only,86,126,0.8340741991996765,0.8427611117822146
traffic_only,86,127,0.755986213684082,0.8225809669080558
traffic_only,86,128,0.7840349674224854,0.748047295593044
traffic_only,86,129,0.8325924277305603,0.7748193601831385
traffic_only,86,130,0.7902882695198059,0.8211666409152177
traffic_only,86,131,0.7629184722900391,0.7807880320611201
traffic_only,86,132,0.7497597336769104,0.7546640200609056
traffic_only,86,133,0.8076013922691345,0.7421042249498482
traffic_only,86,134,0.8021759986877441,0.7973131170907142
traffic_only,86,135,0.7913348078727722,0.7921346699931237
traffic_only,86,136,0.7825229167938232,0.7817869353508325
traffic_only,86,137,0.8192774653434753,0.7733761332408088
traffic_only,86,138,0.788878858089447,0.8084577328344407
traffic_only,86,139,0.7614795565605164,0.779442772510571
traffic_only,86,140,0.7980819344520569,0.7532905991520921
traffic_only,86,141,0.7416008114814758,0.7882269544070387
traffic_only,86,142,0.6990472674369812,0.7343166706777786
traffic_only,86,143,0.764957845211029,0.6937000272318051
traffic_only,86,144,0.739187479019165,0.7566105672791259
traffic_only,86,145,0.766747772693634,0.7320131853550103
traffic_only,86,146,0.6917431950569153,0.7583190230138374
traffic_only,86,147,0.6631312370300293,0.6867284127581782
traffic_only,86,148,0.7105582356452942,0.6594187791292129
traffic_only,86,149,0.7300015091896057,0.7046870531525162
traffic_only,86,150,0.6793653964996338,0.7232453313571726
traffic_only,86,151,0.7067612409591675,0.67491401182082
traffic_only,86,152,0.6816074252128601,0.7010628854645933
traffic_only,86,153,0.6554076075553894,0.6770539905907559
traffic_only,86,154,0.6892107129096985,0.6520467044519017
traffic_only,86,155,0.6588323712348938,0.6843112010613276
traffic_only,86,156,0.6597440838813782,0.6553155838926294
traffic_only,86,157,0.679355263710022,0.6561857983088182
traffic_only,86,158,0.6792317628860474,0.6749043402432342
traffic_only,86,159,0.6829004287719727,0.6747864607799534
traffic_only,86,160,0.65656578540802,0.6782881407823341
traffic_only,86,161,0.6404706835746765,0.6531521657699564
traffic_only,86,162,0.6543090343475342,0.6377896612578058
traffic_only,86,163,0.6303732991218567,0.6509981347667047
traffic_only,86,164,0.6401992440223694,0.6281518773019437
traffic_only,86,165,0.5941824913024902,0.6375305767617726
traffic_only,86,166,0.6044031977653503,0.5936083587718782
traffic_only,86,167,0.6275426149368286,0.6033638515161225
traffic_only,86,168,0.5946868658065796,0.6254500367659069
traffic_only,86,169,0.592835009098053,0.5940897757691186
traffic_only,86,170,0.5684829354286194,0.5923222096278682
traffic_only,86,171,0.6476632356643677,0.5690785641075974
traffic_only,86,172,0.5771461129188538,0.6446548314863563
traffic_only,86,173,0.6302152276039124,0.5773474215936416
traffic_only,86,174,0.594182550907135,0.6280010006916056
traffic_only,86,175,0.5810256600379944,0.5936084156635111
traffic_only,86,176,0.5585874319076538,0.5810503841930723
traffic_only,86,177,0.5821516513824463,0.5596334721122238
traffic_only,86,178,0.5981432199478149,0.5821251240293838
traffic_only,86,179,0.5733755826950073,0.5973888077752608
traffic_only,86,180,0.570289134979248,0.5737485137907073
traffic_only,86,181,0.6083645820617676,0.570802551258079
traffic_only,86,182,0.6585382223129272,0.6071449263274665
traffic_only,86,183,0.5789494514465332,0.6550348236844776
traffic_only,86,184,0.5552205443382263,0.579068677945746
traffic_only,86,185,0.561810314655304,0.5564198344470007
traffic_only,86,186,0.6444274187088013,0.5627096595924631
traffic_only,86,187,0.5609878897666931,0.6415662985217869
traffic_only,86,188,0.5078450441360474,0.5619246688422949
traffic_only,86,189,0.5942655801773071,0.5112007147944861
traffic_only,86,190,0.5536075830459595,0.5936876657080816
traffic_only,86,191,0.6514474153518677,0.5548802899702432
traffic_only,86,192,0.6694729924201965,0.6482667674732149
traffic_only,86,193,0.6002095341682434,0.665471878190355
traffic_only,86,194,0.6525466442108154,0.5993610700115327
traffic_only,86,195,0.6237838268280029,0.6493159629663734
traffic_only,86,196,0.6862812638282776,0.6218623366146456
traffic_only,86,197,0.6285315155982971,0.6815150910896459
traffic_only,86,198,0.6428033709526062,0.6263939258466462
traffic_only,86,199,0.5800225734710693,0.6400161722013179
traffic_only,86,200,0.7273865938186646,0.5800929549037129
traffic_only,86,201,0.7072773575782776,0.7207494385320801
traffic_only,86,202,0.6567370891571045,0.7015555101135066
traffic_only,86,203,0.6464520692825317,0.6533156723227889
traffic_only,86,204,0.6984462141990662,0.6434987935066914
traffic_only,86,205,0.714849054813385,0.6931263320060698
traffic_only,86,206,0.6238267421722412,0.7087825680186638
traffic_only,86,207,0.6385817527770996,0.621903298590303
traffic_only,86,208,0.6587174534797668,0.6359867085209179
traffic_only,86,209,0.6084877848625183,0.6552058968244802
traffic_only,86,210,0.730441689491272,0.6072625213325831
traffic_only,86,211,0.6214902997016907,0.7236654760658254
traffic_only,86,212,0.6899097561836243,0.619673203473921
traffic_only,86,213,0.7497379779815674,0.6849784261314806
traffic_only,86,214,0.7417869567871094,0.7420834595038551
traffic_only,86,215,0.6841238737106323,0.7344943432471926
traffic_only,86,216,0.7000949382781982,0.6794558984383677
traffic_only,86,217,0.6966591477394104,0.6947000114625418
traffic_only,86,218,0.7527952194213867,0.6914206070697354
traffic_only,86,219,0.7406913638114929,0.7450015451363834
traffic_only,86,220,0.6368454694747925,0.7334486181436385
traffic_only,86,221,0.732804536819458,0.6343294552557782
traffic_only,86,222,0.781853437423706,0.7259207741755634
traffic_only,86,223,0.715451717376709,0.772737126420553
traffic_only,86,224,0.6835325956344604,0.7093577993184862
traffic_only,86,225,0.7642828822135925,0.6788915334404211
traffic_only,86,226,0.6782864332199097,0.7559663264286473
traffic_only,86,227,0.7007512450218201,0.6738841594828331
traffic_only,86,228,0.6858758926391602,0.6953264452319361
traffic_only,86,229,0.714415967464447,0.6811281710945819
traffic_only,86,230,0.679938554763794,0.708369193414321
traffic_only,86,231,0.7218383550643921,0.675461081762378
traffic_only,86,232,0.6959193348884583,0.7154537377791701
traffic_only,86,233,0.6949188113212585,0.6907144681227079
traffic_only,86,234,0.6997774839401245,0.6897594851735614
traffic_only,86,235,0.6652465462684631,0.6943970066259426
traffic_only,86,236,0.6319604516029358,0.6614378062876936
traffic_only,86,237,0.630885124206543,0.629666787701674
traffic_only,86,238,0.6545335054397583,0.6286404057532913
traffic_only,86,239,0.6262404918670654,0.6512123886560461
traffic_only,86,240,0.6339855194091797,0.6242071821545014
traffic_only,86,241,0.604144275188446,0.6315996809280083
traffic_only,86,242,0.6069496870040894,0.6031167142629894
traffic_only,86,243,0.5736991167068481,0.6057944327466946
traffic_only,86,244,0.6327283382415771,0.574057321573858
traffic_only,86,245,0.5596875548362732,0.6303997226077774
traffic_only,86,246,0.5826773643493652,0.5606835209798752
traffic_only,86,247,0.6100137233734131,0.5826269082311871
traffic_only,86,248,0.5635133385658264,0.6087190040253686
traffic_only,86,249,0.5123588442802429,0.5643351673264683
traffic_only,86,250,0.5329420566558838,0.5155090612591537
traffic_only,86,251,0.5065218210220337,0.5351553919422104
traffic_only,86,252,0.5644110441207886,0.5099377205450492
traffic_only,86,253,0.5100487470626831,0.5651920122089354
traffic_only,86,254,0.4903767108917236,0.5133041122444947
traffic_only,86,255,0.4475681185722351,0.49452748395293095
traffic_only,86,256,0.4819744527339935,0.4536674012099602
traffic_only,86,257,0.5385992527008057,0.4865076695897205
traffic_only,86,258,0.512694239616394,0.5405550905999839
traffic_only,86,259,0.4573507010936737,0.5158291904772431
traffic_only,86,260,0.5143495798110962,0.4630047120068852
traffic_only,86,261,0.4902649223804474,0.5174091849049622
traffic_only,86,262,0.4296135604381561,0.49442078369550674
traffic_only,86,263,0.3994342386722564,0.4365300768733697
traffic_only,86,264,0.4391220211982727,0.4077244208667829
traffic_only,86,265,0.491821676492691,0.44560574305078304
traffic_only,86,266,0.3909986019134521,0.49590667936247956
traffic_only,86,267,0.4179359674453735,0.3996727471891723
traffic_only,86,268,0.4922537505626678,0.4253840103930054
traffic_only,86,269,0.4502978026866913,0.4963190868090637
traffic_only,86,270,0.4955378770828247,0.45627283887411985
traffic_only,86,271,0.4467291831970215,0.4994537304420642
traffic_only,86,272,0.4751920402050018,0.4528666514774905
traffic_only,86,273,0.4779287576675415,0.48003397068686265
traffic_only,86,274,0.3899033367633819,0.48264612156369957
traffic_only,86,275,0.4942851662635803,0.3986273349895988
traffic_only,86,276,0.4295566976070404,0.4982580389942976
traffic_only,86,277,0.4741455614566803,0.4364758022556237
traffic_only,86,278,0.4435823261737823,0.47903512428878314
traffic_only,86,279,0.533859372138977,0.4498630292749609
traffic_only,86,280,0.4194510877132416,0.5360309541718877
traffic_only,86,281,0.5069314241409302,0.4268301672544273
traffic_only,86,282,0.4467724859714508,0.510328679846046
traffic_only,86,283,0.4381650984287262,0.45290798324876147
traffic_only,86,284,0.4162781536579132,0.4446923763310719
traffic_only,86,285,0.4590961635112762,0.42380165496252264
traffic_only,86,286,0.5098627209663391,0.4646707265834849
traffic_only,86,287,0.4329353868961334,0.5131265534583463
traffic_only,86,288,0.5717045068740845,0.43970070446415255
traffic_only,86,289,0.5419456958770752,0.5721534999719138
traffic_only,87,0,0.2448954880237579,0.31833995683135746
traffic_only,87,1,0.2939430773258209,0.2602197776080897
traffic_only,87,2,0.2976603806018829,0.30703487823715636
traffic_only,87,3,0.3279819190502167,0.31058298181194877
traffic_only,87,4,0.2943626344203949,0.3395243812545337
traffic_only,87,5,0.3000553846359253,0.3074353384408405
traffic_only,87,6,0.28311687707901,0.3128689729576135
traffic_only,87,7,0.2833133041858673,0.29670145184052893
traffic_only,87,8,0.331951767206192,0.29688893821661094
traffic_only,87,9,0.3422831594944,0.3433135346777435
traffic_only,87,10,0.3781936764717102,0.3531746751842042
traffic_only,87,11,0.3254862129688263,0.38745066081075713
traffic_only,87,12,0.3188015520572662,0.33714227169515626
traffic_only,87,13,0.3417248427867889,0.3307618750701847
traffic_only,87,14,0.3665553629398346,0.3526417712592277
traffic_only,87,15,0.3084195256233215,0.3763420859164459
traffic_only,87,16,0.2298859059810638,0.3208524051216115
traffic_only,87,17,0.3055950701236725,0.24589338351354034
traffic_only,87,18,0.310266762971878,0.3181565097612084
traffic_only,87,19,0.3594435453414917,0.32261556216131554
traffic_only,87,20,0.3076466619968414,0.36955397540460094
traffic_only,87,21,0.3333837985992431,0.3201147197641644
traffic_only,87,22,0.3833883106708526,0.34468038460296196
traffic_only,87,23,0.3581154942512512,0.39240885195173975
traffic_only,87,24,0.3201003968715668,0.3682863729329024
traffic_only,87,25,0.3401918709278106,0.3320016006417831
traffic_only,87,26,0.3959469795227051,0.351178575353765
traffic_only,87,27,0.3421288728713989,0.4043958905490041
traffic_only,87,28,0.3316528797149658,0.3530274111925525
traffic_only,87,29,0.2639959156513214,0.34302825158477945
traffic_only,87,30,0.3115582764148712,0.2784508151405496
traffic_only,87,31,0.3841984272003174,0.32384829006207244
traffic_only,87,32,0.316650390625,0.39318209457972286
traffic_only,87,33,0.3251508474349975,0.32870862759454017
traffic_only,87,34,0.3834843039512634,0.33682217092288336
traffic_only,87,35,0.3061220347881317,0.39250047592645687
traffic_only,87,36,0.3948489129543304,0.3186594886873018
traffic_only,87,37,0.3439422249794006,0.4033478044426863
traffic_only,87,38,0.3595163226127624,0.35475822533897694
traffic_only,87,39,0.3444657623767853,0.36962344008831993
traffic_only,87,40,0.3882785439491272,0.3552579329961811
traffic_only,87,41,0.3325140178203583,0.3970764975237191
traffic_only,87,42,0.3857081532478332,0.34385019345048856
traffic_only,87,43,0.3193254768848419,0.3946231027483711
traffic_only,87,44,0.3764709234237671,0.3312619525230024
traffic_only,87,45,0.40304696559906,0.38580632194627607
traffic_only,87,46,0.36001718044281,0.41117270807172684
traffic_only,87,47,0.3420250117778778,0.3701015004792217
traffic_only,87,48,0.3213481903076172,0.3529282775222983
traffic_only,87,49,0.330182284116745,0.33319259852983896
traffic_only,87,50,0.362125962972641,0.34162459277310214
traffic_only,87,51,0.3844985067844391,0.3721142980039046
traffic_only,87,52,0.3644749820232391,0.3934685155053441
traffic_only,87,53,0.3361768126487732,0.3743563972548196
traffic_only,87,54,0.3941081166267395,0.3473462696270328
traffic_only,87,55,0.3861277997493744,0.4026407267837166
traffic_only,87,56,0.4047569632530212,0.3950236482895046
traffic_only,87,57,0.3675073385238647,0.4128048721267764
traffic_only,87,58,0.485002726316452,0.37725073063062986
traffic_only,87,59,0.3826108276844024,0.48939810588868005
traffic_only,87,60,0.4074155390262604,0.3916667574927462
traffic_only,87,61,0.3737773001194,0.41534243807293714
traffic_only,87,62,0.384647011756897,0.3832353037199952
traffic_only,87,63,0.419511616230011,0.39361026100860863
traffic_only,87,64,0.3638695776462555,0.4268879407075941
traffic_only,87,65,0.3702256679534912,0.3737785489398858
traffic_only,87,66,0.3635642230510711,0.37984533043873026
traffic_only,87,67,0.4294640719890594,0.37348709310475664
traffic_only,87,68,0.4379767179489136,0.43638739265816306
traffic_only,87,69,0.4045454561710357,0.4445125703254257
traffic_only,87,70,0.4219232201576233,0.41260299216758145
traffic_only,87,71,0.4962257742881775,0.42918977617300963
traffic_only,87,72,0.4320473372936249,0.5001103167768729
traffic_only,87,73,0.3978895545005798,0.43885307602620827
traffic_only,87,74,0.3846292793750763,0.4062500457554637
traffic_only,87,75,0.4160442948341369,0.3935933357478335
traffic_only,87,76,0.45734703540802,0.4235784406410061
traffic_only,87,77,0.5496779680252075,0.4630012131714645
traffic_only,87,78,0.4063079357147217,0.5511295383992122
traffic_only,87,79,0.4806245267391205,0.41428524930536215
traffic_only,87,80,0.47348552942276,0.48521918788876334
traffic_only,87,81,0.4511522650718689,0.4784051347923353
traffic_only,87,82,0.4635958075523376,0.4570884088769489
traffic_only,87,83,0.3952952623367309,0.46896556128534883
traffic_only,87,84,0.5319974422454834,0.4037738374353399
traffic_only,87,85,0.4749168753623962,0.5342537733446843
traffic_only,87,86,0.505628228187561,0.4797713304637759
traffic_only,87,87,0.4906206727027893,0.5090848011852491
traffic_only,87,88,0.4978212118148803,0.4947603414062169
traffic_only,87,89,0.5571582913398743,0.5016331351135703
traffic_only,87,90,0.4908804893493652,0.5582693814311989
traffic_only,87,91,0.4974677264690399,0.49500833203384276
traffic_only,87,92,0.5974487066268921,0.5012957392849088
traffic_only,87,93,0.6260289549827576,0.596725906469205
traffic_only,87,94,0.6022673845291138,0.6240052737494901
traffic_only,87,95,0.6052372455596924,0.6013252536359388
traffic_only,87,96,0.5747615098953247,0.6041599361346979
traffic_only,87,97,0.6170121431350708,0.5750713580379105
traffic_only,87,98,0.6136601567268372,0.6153988782057022
traffic_only,87,99,0.6547124981880188,0.6121994634486935
traffic_only,87,100,0.6548869013786316,0.6513832342295173
traffic_only,87,101,0.6623857617378235,0.6515496991472585
traffic_only,87,102,0.6753659248352051,0.6587072354770638
traffic_only,87,103,0.7273417711257935,0.67109658325608
traffic_only,87,104,0.77428138256073,0.7207066560241713
traffic_only,87,105,0.761061429977417,0.7655097271655986
traffic_only,87,106,0.8180955052375793,0.7528915043475966
traffic_only,87,107,0.8348755240440369,0.807329571754876
traffic_only,87,108,0.9110672473907472,0.8233458180201924
traffic_only,87,109,0.8737924695014954,0.896069538927475
traffic_only,87,110,0.8159469962120056,0.8604913891622625
traffic_only,87,111,0.8735977411270142,0.8052788559568935
traffic_only,87,112,0.8841712474822998,0.860305524197717
traffic_only,87,113,0.9369308948516846,0.8703977585168449
traffic_only,87,114,0.832567572593689,0.9207559562570126
traffic_only,87,115,0.9228339195251464,0.8211429171043161
traffic_only,87,116,0.9207190871238708,0.9073006299531448
traffic_only,87,117,0.8416258096694946,0.905282057927727
traffic_only,87,118,0.9029605388641356,0.8297888523329401
traffic_only,87,119,0.993720293045044,0.8883318217257884
traffic_only,87,120,0.9718614220619202,0.9749604835114118
traffic_only,87,121,0.9731739163398744,0.9540965581019385
traffic_only,87,122,0.9475151896476746,0.9553493118574613
traffic_only,87,123,0.9176767468452454,0.9308584879616878
traffic_only,87,124,0.909143090248108,0.9023781952034131
traffic_only,87,125,0.9263542890548706,0.8942329632355683
traffic_only,87,126,0.9083951115608216,0.910660763572976
traffic_only,87,127,0.9035621285438538,0.8935190301348392
traffic_only,87,128,0.962791919708252,0.8889060289762195
traffic_only,87,129,0.9294797778129578,0.9454398703547044
traffic_only,87,130,0.920145869255066,0.9136439901251261
traffic_only,87,131,0.9093374013900756,0.9047349310945362
traffic_only,87,132,0.9148963093757628,0.8944184299586837
traffic_only,87,133,0.8496237397193909,0.8997243143138751
traffic_only,87,134,0.9243268370628356,0.8374227423046614
traffic_only,87,135,0.9444602131843568,0.9087255946813272
traffic_only,87,136,0.8814473152160645,0.9279425642112082
traffic_only,87,137,0.8511391282081604,0.867797810895256
traffic_only,87,138,0.8287410140037537,0.8388691551784312
traffic_only,87,139,0.88799649477005,0.8174905311664958
traffic_only,87,140,0.8845818042755127,0.8740488928387423
traffic_only,87,141,0.8212671875953674,0.8707896280839675
traffic_only,87,142,0.9441530704498292,0.8103568893224906
traffic_only,87,143,0.8594558835029602,0.9276494016270934
traffic_only,87,144,0.8142420053482056,0.8468073584943074
traffic_only,87,145,0.8702269792556763,0.803651470799004
traffic_only,87,146,0.8625680804252625,0.8570881885763582
traffic_only,87,147,0.8534908294677734,0.8497778982123303
traffic_only,87,148,0.855247974395752,0.8411138145528249
traffic_only,87,149,0.8433997631072998,0.8427909798894647
traffic_only,87,150,0.849311113357544,0.8314820611100457
traffic_only,87,151,0.8450497388839722,0.8371243456903237
traffic_only,87,152,0.8681721091270447,0.8330569352908077
traffic_only,87,153,0.8434199094772339,0.855126849533595
traffic_only,87,154,0.7864151000976562,0.8315012904819515
traffic_only,87,155,0.8203524947166443,0.7770911568664052
traffic_only,87,156,0.8470693826675415,0.809483830324659
traffic_only,87,157,0.7400712966918945,0.8349846513785522
traffic_only,87,158,0.8385833501815796,0.7328567744870216
traffic_only,87,159,0.830581784248352,0.8268848758253605
traffic_only,87,160,0.7436777949333191,0.8192475154640347
traffic_only,87,161,0.7923262715339661,0.736299116516332
traffic_only,87,162,0.7749122381210327,0.7827332707717846
traffic_only,87,163,0.767605721950531,0.7661118682077627
traffic_only,87,164,0.8015187382698059,0.7591379211771886
traffic_only,87,165,0.7666628956794739,0.7915073259576036
traffic_only,87,166,0.704460084438324,0.7582380093286483
traffic_only,87,167,0.694730281829834,0.6988664701948627
traffic_only,87,168,0.6812838315963745,0.6895795369388331
traffic_only,87,169,0.7316664457321167,0.6767451259159724
traffic_only,87,170,0.6955958008766174,0.7248344853377818
traffic_only,87,171,0.7229042053222656,0.6904056603395572
traffic_only,87,172,0.7187552452087402,0.7164710739579284
traffic_only,87,173,0.6652815937995911,0.7125109611779817
traffic_only,87,174,0.7169031500816345,0.6614712585678137
traffic_only,87,175,0.7167640924453735,0.7107431674701998
traffic_only,87,176,0.7082186937332153,0.7106104392907433
traffic_only,87,177,0.6565176248550415,0.7024539996712255
traffic_only,87,178,0.6521614193916321,0.6531061973306075
traffic_only,87,179,0.6372003555297852,0.6489482723432152
traffic_only,87,180,0.6050757765769958,0.6346681880378119
traffic_only,87,181,0.6756496429443359,0.6040058167012868
traffic_only,87,182,0.6693599224090576,0.6713673874284819
traffic_only,87,183,0.6105232238769531,0.6653639547628243
traffic_only,87,184,0.6688128113746643,0.6092053137030347
traffic_only,87,185,0.6599744558334351,0.6648417464648251
traffic_only,87,186,0.6549052000045776,0.6564056844698125
traffic_only,87,187,0.6418594717979431,0.6515671648785457
traffic_only,87,188,0.6749703288078308,0.6391152363033861
traffic_only,87,189,0.6215955018997192,0.6707189934888046
traffic_only,87,190,0.6875054240226746,0.6197736172059144
traffic_only,87,191,0.7090307474136353,0.6826835314452737
traffic_only,87,192,0.7400676608085632,0.7032290912772764
traffic_only,87,193,0.6661230325698853,0.7328533040974173
traffic_only,87,194,0.728961706161499,0.6622743977488634
traffic_only,87,195,0.6448951363563538,0.722252856821973
traffic_only,87,196,0.7097075581550598,0.6420127271648199
traffic_only,87,197,0.6883198022842407,0.7038750957683736
traffic_only,87,198,0.6130340695381165,0.6834608418250061
traffic_only,87,199,0.6445316076278687,0.611601873737158
traffic_only,87,200,0.6635152697563171,0.6416657450960218
traffic_only,87,201,0.7016432881355286,0.6597853319197139
traffic_only,87,202,0.7027105689048767,0.6961778854092818
traffic_only,87,203,0.6376662850379944,0.6971965869872286
traffic_only,87,204,0.6751272678375244,0.6351129099318592
traffic_only,87,205,0.6184521913528442,0.6708687891581185
traffic_only,87,206,0.6669595241546631,0.6167733800555399
traffic_only,87,207,0.7016996741294861,0.663072814924386
traffic_only,87,208,0.7178798913955688,0.696231704893965
traffic_only,87,209,0.6875515580177307,0.7116754506578361
traffic_only,87,210,0.6850209832191467,0.6827275655691055
traffic_only,87,211,0.6769314408302307,0.6803121744045064
traffic_only,87,212,0.7617442607879639,0.6725908419930829
traffic_only,87,213,0.7253910899162292,0.7535432548936123
traffic_only,87,214,0.7086202502250671,0.718844763555643
traffic_only,87,215,0.7445273399353027,0.7028372786017866
traffic_only,87,216,0.7020488977432251,0.7371099929594502
traffic_only,87,217,0.7004163861274719,0.6965650329708772
traffic_only,87,218,0.7278615236282349,0.6950068280385424
traffic_only,87,219,0.7436776757240295,0.7212027510626888
traffic_only,87,220,0.6903629899024963,0.7362990027330663
traffic_only,87,221,0.7365001440048218,0.6854110301077293
traffic_only,87,222,0.6905316710472107,0.7294481691959958
traffic_only,87,223,0.6636725664138794,0.6855720334287161
traffic_only,87,224,0.7402927875518799,0.6599354689388249
traffic_only,87,225,0.7671977281570435,0.7330681837947202
traffic_only,87,226,0.7144057750701904,0.7587484979502788
traffic_only,87,227,0.7076112031936646,0.7083594649451024
traffic_only,87,228,0.6872786283493042,0.7018741601491416
traffic_only,87,229,0.739473283290863,0.6824670587822509
traffic_only,87,230,0.7533235549926758,0.7322859807345621
traffic_only,87,231,0.7648662328720093,0.7455058325700326
traffic_only,87,232,0.7875154614448547,0.7565231248394239
traffic_only,87,233,0.72206711769104,0.7781414333005879
traffic_only,87,234,0.7107770442962646,0.7156720878660773
traffic_only,87,235,0.6826932430267334,0.7048959023367362
traffic_only,87,236,0.7209867835044861,0.6780903854665215
traffic_only,87,237,0.7708433866500854,0.7146409270205347
traffic_only,87,238,0.7360938787460327,0.7622282177823765
traffic_only,87,239,0.7192260026931763,0.7290603958264389
traffic_only,87,240,0.723590075969696,0.7129602912942905
traffic_only,87,241,0.8124272227287292,0.71712572597722
traffic_only,87,242,0.8213626146316528,0.8019192912533909
traffic_only,87,243,0.7755164504051208,0.8104479728266956
traffic_only,87,244,0.7821241021156311,0.7666885786900395
traffic_only,87,245,0.7272466421127319,0.7729954713253591
traffic_only,87,246,0.7809557318687439,0.7206158569781306
traffic_only,87,247,0.8375592827796936,0.7718802815380859
traffic_only,87,248,0.7332650423049927,0.8259074206812353
traffic_only,87,249,0.6859104633331299,0.7263603189310207
traffic_only,87,250,0.7342034578323364,0.6811611682416392
traffic_only,87,251,0.7688375115394592,0.7272560207987296
traffic_only,87,252,0.7547758221626282,0.7603136436618222
traffic_only,87,253,0.7557613849639893,0.7468919972046061
traffic_only,87,254,0.7449775338172913,0.7478327003539054
traffic_only,87,255,0.7055944204330444,0.7375396954624232
traffic_only,87,256,0.7548825740814209,0.6999491748597744
traffic_only,87,257,0.7048630118370056,0.7469938901190539
traffic_only,87,258,0.6288811564445496,0.6992510576329796
traffic_only,87,259,0.6375272870063782,0.6267276521649884
traffic_only,87,260,0.6339720487594604,0.6349802386440354
traffic_only,87,261,0.597989559173584,0.6315868234189825
traffic_only,87,262,0.5685742497444153,0.5972421411457541
traffic_only,87,263,0.6120936870574951,0.5691657220891351
traffic_only,87,264,0.6116875410079956,0.6107042944455648
traffic_only,87,265,0.5783732533454895,0.6103166348592736
traffic_only,87,266,0.6287113428115845,0.5785187065309123
traffic_only,87,267,0.497973769903183,0.6265655679029773
traffic_only,87,268,0.5198135375976562,0.5017787492478691
traffic_only,87,269,0.5008349418640137,0.5226244408890117
traffic_only,87,270,0.4937756359577179,0.5045096898541126
traffic_only,87,271,0.4676518738269806,0.497771700870815
traffic_only,87,272,0.491869181394577,0.4728370084554871
traffic_only,87,273,0.3883974552154541,0.49595202199386706
traffic_only,87,274,0.4065191447734833,0.3971899963312699
traffic_only,87,275,0.4229570031166076,0.41448684480639275
traffic_only,87,276,0.4604714810848236,0.4301765046532905
traffic_only,87,277,0.3862117230892181,0.46598344412003956
traffic_only,87,278,0.4435701966285705,0.39510375170856793
traffic_only,87,279,0.3458946347236633,0.44985145182767444
traffic_only,87,280,0.3485758900642395,0.3566217676648581
traffic_only,87,281,0.3494308292865753,0.3591809808773211
traffic_only,87,282,0.3524928689002991,0.359997006013213
traffic_only,87,283,0.3531615138053894,0.36291967142218623
traffic_only,87,284,0.3435284495353699,0.363557881759582
traffic_only,87,285,0.3176272511482239,0.3543632836236801
traffic_only,87,286,0.2782260179519653,0.3296410245654422
traffic_only,87,287,0.3882230818271637,0.2920332089064046
traffic_only,87,288,0.3045150339603424,0.3970235598593452
traffic_only,87,289,0.3405322432518005,0.31712563337383004
traffic_only,88,0,0.3381139934062958,0.3248722256702422
traffic_only,88,1,0.2795419096946716,0.3491952761407188
traffic_only,88,2,0.3137282133102417,0.2932892054850002
traffic_only,88,3,0.3092173635959625,0.3259194584020671
traffic_only,88,4,0.3574336469173431,0.321613928073226
traffic_only,88,5,0.3128551840782165,0.36763556109882867
traffic_only,88,6,0.3139807283878326,0.32508616665560286
traffic_only,88,7,0.2701657116413116,0.32616047980466795
traffic_only,88,8,0.3109394013881683,0.2843397818408978
traffic_only,88,9,0.2927702963352203,0.3232575842381127
traffic_only,88,10,0.309912234544754,0.30591547846905165
traffic_only,88,11,0.2518866956233978,0.32227717072907897
traffic_only,88,12,0.2983190715312958,0.26689276790084754
traffic_only,88,13,0.2748298048973083,0.3112116912466574
traffic_only,88,14,0.2769491076469421,0.2887915805578156
traffic_only,88,15,0.3642702996730804,0.2908144194556978
traffic_only,88,16,0.300830066204071,0.3741610313875869
traffic_only,88,17,0.3458455204963684,0.31360839350986275
traffic_only,88,18,0.2887968719005584,0.35657488895938355
traffic_only,88,19,0.3474661409854889,0.3021229115478704
traffic_only,88,20,0.3044228851795196,0.35812174401096325
traffic_only,88,21,0.3632989823818207,0.31703767890943224
traffic_only,88,22,0.2958746552467346,0.3732339253385407
traffic_only,88,23,0.3292193114757538,0.3088785369373538
traffic_only,88,24,0.3202848732471466,0.34070545155265597
traffic_only,88,25,0.3183548748493194,0.3321776802454771
traffic_only,88,26,0.3012196123600006,0.33033552917355036
traffic_only,88,27,0.3916284143924713,0.31398020877640315
traffic_only,88,28,0.2789929211139679,0.40027389262776136
traffic_only,88,29,0.2823235988616943,0.29276520510056603
traffic_only,88,30,0.3277861773967743,0.2959442810988281
traffic_only,88,31,0.4277009963989258,0.33933754913222963
traffic_only,88,32,0.3439624011516571,0.43470456660405393
traffic_only,88,33,0.2946401536464691,0.35477748315669927
traffic_only,88,34,0.3090036511421203,0.30770022588342516
traffic_only,88,35,0.3905602097511291,0.32140994312361526
traffic_only,88,36,0.3811069130897522,0.39925430922950517
traffic_only,88,37,0.3250910937786102,0.3902312962583016
traffic_only,88,38,0.3524442017078399,0.3367651370609437
traffic_only,88,39,0.3686197698116302,0.36287321940395806
traffic_only,88,40,0.3649483919143677,0.3783125276204663
traffic_only,88,41,0.3264477849006653,0.3748082590487906
traffic_only,88,42,0.3390043079853058,0.3380600759622303
traffic_only,88,43,0.3247013986110687,0.3500450664607117
traffic_only,88,44,0.4074958860874176,0.3363931795653212
traffic_only,88,45,0.3484004139900207,0.4154191279940291
traffic_only,88,46,0.4104997217655182,0.3590134919101885
traffic_only,88,47,0.4331614971160888,0.41828623872351695
traffic_only,88,48,0.3462800085544586,0.43991652287339755
traffic_only,88,49,0.3871840834617615,0.3569896005170985
traffic_only,88,50,0.4098749160766601,0.39603185336118923
traffic_only,88,51,0.4407648146152496,0.41768987218208786
traffic_only,88,52,0.355860561132431,0.4471737617897857
traffic_only,88,53,0.4240525662899017,0.36613407712445284
traffic_only,88,54,0.3928934931755066,0.4312222013110283
traffic_only,88,55,0.3834470808506012,0.40148138908934594
traffic_only,88,56,0.3809274733066559,0.39246494710173735
traffic_only,88,57,0.4103789329528808,0.390060023997584
traffic_only,88,58,0.3935901522636413,0.4181709478295311
traffic_only,88,59,0.4342819154262543,0.40214633849418463
traffic_only,88,60,0.4267738163471222,0.44098594334203695
traffic_only,88,61,0.4341093003749847,0.4338195888091387
traffic_only,88,62,0.4348243176937103,0.4408211851732815
traffic_only,88,63,0.3900955021381378,0.4415036572010404
traffic_only,88,64,0.452510803937912,0.3988107536139315
traffic_only,88,65,0.4896075129508972,0.4583851114188541
traffic_only,88,66,0.4160341620445251,0.49379329743090467
traffic_only,88,67,0.4238146543502807,0.4235687690634203
traffic_only,88,68,0.4565561413764953,0.4309951183584775
traffic_only,88,69,0.4539748430252075,0.4622463180950779
traffic_only,88,70,0.4688004553318023,0.4597825121509171
traffic_only,88,71,0.4501497447490692,0.4739333102206516
traffic_only,88,72,0.5021970868110657,0.45613152005810176
traffic_only,88,73,0.4693878889083862,0.5058098343398056
traffic_only,88,74,0.4869114458560943,0.47449400570827893
traffic_only,88,75,0.4790868163108825,0.49121994664767654
traffic_only,88,76,0.475820779800415,0.48375146909848843
traffic_only,88,77,0.5192129611968994,0.4806340920760603
traffic_only,88,78,0.4993561804294586,0.5220512007963393
traffic_only,88,79,0.4776076078414917,0.5030982368887338
traffic_only,88,80,0.5110929012298584,0.48233958944586325
traffic_only,88,81,0.4999082386493683,0.5143007398688928
traffic_only,88,82,0.5615758299827576,0.5036251671922601
traffic_only,88,83,0.4882280230522156,0.5624858479088015
traffic_only,88,84,0.6041656732559204,0.49247659748005007
traffic_only,88,85,0.6167363524436951,0.6031371383591853
traffic_only,88,86,0.5457130074501038,0.6151356406204703
traffic_only,88,87,0.5488865375518799,0.5473450500898968
traffic_only,88,88,0.6347429156303406,0.55037413129813
traffic_only,88,89,0.6192281246185303,0.6323226029067289
traffic_only,88,90,0.6374151110649109,0.6175139953320792
traffic_only,88,91,0.62694251537323,0.6348731685909975
traffic_only,88,92,0.5975233912467957,0.6248772518062974
traffic_only,88,93,0.6586430072784424,0.5967971916851754
traffic_only,88,94,0.6932969093322754,0.6551348391750411
traffic_only,88,95,0.6740955114364624,0.6882114069518753
traffic_only,88,96,0.6580333709716797,0.6698839949933547
traffic_only,88,97,0.6981067657470703,0.6545529515541744
traffic_only,88,98,0.6415689587593079,0.6928023341569461
traffic_only,88,99,0.6348363757133484,0.6388379464848385
traffic_only,88,100,0.7480152249336243,0.6324118089870495
traffic_only,88,101,0.7202575206756592,0.7404391206393741
traffic_only,88,102,0.7123278379440308,0.7139448578925228
traffic_only,88,103,0.6876357197761536,0.7063761088404233
traffic_only,88,104,0.8006429672241211,0.6828078965547003
traffic_only,88,105,0.7186873555183411,0.7906714171960281
traffic_only,88,106,0.7594048976898193,0.712446161608157
traffic_only,88,107,0.7866585850715637,0.7513103720872202
traffic_only,88,108,0.7670018672943115,0.7773235591866282
traffic_only,88,109,0.7935315370559692,0.758561552044709
traffic_only,88,110,0.7826980352401733,0.7838836764797966
traffic_only,88,111,0.8293567299842834,0.7735432808581442
traffic_only,88,112,0.8540548086166382,0.8180782217339141
traffic_only,88,113,0.8645039200782776,0.8416521231829228
traffic_only,88,114,0.7903720736503601,0.851625624664277
traffic_only,88,115,0.8820411562919617,0.7808680216969177
traffic_only,88,116,0.8254144191741943,0.8683646222334155
traffic_only,88,117,0.8125585317611694,0.8143153522450844
traffic_only,88,118,0.8202688097953796,0.802044623520576
traffic_only,88,119,0.8573377132415771,0.8094039544721271
traffic_only,88,120,0.8516344428062439,0.8447856005374496
traffic_only,88,121,0.8965106010437012,0.8393419246474773
traffic_only,88,122,0.8492864370346069,0.8821754643510099
traffic_only,88,123,0.8446882963180542,0.8371007925543207
traffic_only,88,124,0.8288132548332214,0.8327119444291597
traffic_only,88,125,0.8943718671798706,0.8175594838255191
traffic_only,88,126,0.8741525411605835,0.8801340787808162
traffic_only,88,127,0.8941689133644104,0.8608350715163549
traffic_only,88,128,0.8539901971817017,0.8799403627709363
traffic_only,88,129,0.8220217823982239,0.8415904526529052
traffic_only,88,130,0.890483558177948,0.8110771373944669
traffic_only,88,131,0.882888913154602,0.8764227531113555
traffic_only,88,132,0.8426167964935303,0.8691737919275481
traffic_only,88,133,0.834376871585846,0.8307347326208293
traffic_only,88,134,0.8698809742927551,0.8228698626197063
traffic_only,88,135,0.8442493081092834,0.8567579326476202
traffic_only,88,136,0.8403299450874329,0.832292937553164
traffic_only,88,137,0.8367244601249695,0.8285519713429845
traffic_only,88,138,0.8458755612373352,0.8251105964714328
traffic_only,88,139,0.9114205837249756,0.8338451688640488
traffic_only,88,140,0.7403547167778015,0.8964067925270544
traffic_only,88,141,0.7900892496109009,0.7331272942012591
traffic_only,88,142,0.7583097219467163,0.7805980708990088
traffic_only,88,143,0.7259368896484375,0.750265045225096
traffic_only,88,144,0.7684255242347717,0.7193657202377194
traffic_only,88,145,0.7951711416244507,0.759920408695511
traffic_only,88,146,0.8287652134895325,0.7854486515164415
traffic_only,88,147,0.7940407991409302,0.8175136291694359
traffic_only,88,148,0.7748407125473022,0.7843697585909314
traffic_only,88,149,0.7812936902046204,0.7660435982483337
traffic_only,88,150,0.7688899040222168,0.772202857096388
traffic_only,88,151,0.7542094588279724,0.7603636514071039
traffic_only,88,152,0.6967291831970215,0.7463514129091939
traffic_only,88,153,0.7788940072059631,0.691487454738343
traffic_only,88,154,0.7556827068328857,0.769912399957544
traffic_only,88,155,0.7188272476196289,0.7477576033985334
traffic_only,88,156,0.7055841088294983,0.7125796862704736
traffic_only,88,157,0.7037162184715271,0.6999393326072899
traffic_only,88,158,0.7899514436721802,0.6981564626168009
traffic_only,88,159,0.6814395189285278,0.7804665374438422
traffic_only,88,160,0.7262850403785706,0.6768937268609962
traffic_only,88,161,0.6682650446891785,0.7196980242652401
traffic_only,88,162,0.7261251211166382,0.6643189123588644
traffic_only,88,163,0.7259972095489502,0.7195453840142834
traffic_only,88,164,0.7354121804237366,0.7194232945701712
traffic_only,88,165,0.7677851319313049,0.7284097262214474
traffic_only,88,166,0.8208716511726379,0.7593091649920898
traffic_only,88,167,0.6988290548324585,0.809979356446848
traffic_only,88,168,0.750382125377655,0.6934917469639137
traffic_only,88,169,0.7094194889068604,0.7426982873801464
traffic_only,88,170,0.7478249669075012,0.7036001385067732
traffic_only,88,171,0.7364296913146973,0.7402575225472929
traffic_only,88,172,0.7537845969200134,0.7293809232859582
traffic_only,88,173,0.7228512763977051,0.7459458893501855
traffic_only,88,174,0.7098322510719299,0.7164205541879509
traffic_only,88,175,0.7473145127296448,0.7039941130643116
traffic_only,88,176,0.7479267716407776,0.7397703026035011
traffic_only,88,177,0.758696436882019,0.7403546934562135
traffic_only,88,178,0.7343263626098633,0.7506341581390756
traffic_only,88,179,0.7314236164093018,0.7273733313456818
traffic_only,88,180,0.7829441428184509,0.7246027088255204
traffic_only,88,181,0.7269622683525085,0.7737781864102129
traffic_only,88,182,0.7288929224014282,0.7203444269977674
traffic_only,88,183,0.7404109835624695,0.7221872038776554
traffic_only,88,184,0.7877248525619507,0.7331809999026767
traffic_only,88,185,0.6741795539855957,0.7783412936068165
traffic_only,88,186,0.822478175163269,0.6699642121956838
traffic_only,88,187,0.7527247071266174,0.811512756627257
traffic_only,88,188,0.7451948523521423,0.744934242334713
traffic_only,88,189,0.7680323123931885,0.7377471223558217
traffic_only,88,190,0.8065763711929321,0.7595450945935499
traffic_only,88,191,0.7211914658546448,0.7963347516804633
traffic_only,88,192,0.7682017087936401,0.7148362928877674
traffic_only,88,193,0.7765950560569763,0.759706780614131
traffic_only,88,194,0.7657887935638428,0.7677180896782292
traffic_only,88,195,0.7309952974319458,0.7574036935327926
traffic_only,88,196,0.8000232577323914,0.7241938855518062
traffic_only,88,197,0.7446891665458679,0.7900799148892084
traffic_only,88,198,0.8190533518791199,0.7372644537426585
traffic_only,88,199,0.8115118145942688,0.8082438202948964
traffic_only,88,200,0.8008923530578613,0.8010455495559651
traffic_only,88,201,0.7650337815284729,0.790909451787904
traffic_only,88,202,0.8529762625694275,0.7566830472193864
traffic_only,88,203,0.8544607758522034,0.8406226690863658
traffic_only,88,204,0.8040764331817627,0.8420396120943154
traffic_only,88,205,0.8263921737670898,0.793948602815153
traffic_only,88,206,0.7919126152992249,0.8152486025904793
traffic_only,88,207,0.9140647053718568,0.7823384428397534
traffic_only,88,208,0.8716835379600525,0.8989305622522471
traffic_only,88,209,0.8228288888931274,0.8584784494084975
traffic_only,88,210,0.8822479844093323,0.8118475069949906
traffic_only,88,211,0.8759953379631042,0.8685620361994312
traffic_only,88,212,0.8739148378372192,0.862593990129411
traffic_only,88,213,0.926441490650177,0.860608187684519
traffic_only,88,214,0.8518128991127014,0.9107439960318466
traffic_only,88,215,0.9434012174606324,0.8395122581962526
traffic_only,88,216,0.9009365439414978,0.9269317705702286
traffic_only,88,217,0.85053950548172,0.8863999525488455
traffic_only,88,218,0.8870605230331421,0.8382968253518844
traffic_only,88,219,0.9119828343391418,0.8731555235279806
traffic_only,88,220,0.9037299752235411,0.8969434512997994
traffic_only,88,221,0.904483437538147,0.8890662358143462
traffic_only,88,222,0.9214460253715516,0.8897854029452983
traffic_only,88,223,0.9190593361854552,0.9059759082820574
traffic_only,88,224,0.930171549320221,0.9036978535191762
traffic_only,88,225,0.8365898132324219,0.9143042744160705
traffic_only,88,226,0.920320451259613,0.8249820782728077
traffic_only,88,227,0.8288136124610901,0.9049015666871758
traffic_only,88,228,0.8650314807891846,0.8175598251753162
traffic_only,88,229,0.8536861538887024,0.8521291725066991
traffic_only,88,230,0.8580129146575928,0.841300248433699
traffic_only,88,231,0.8377968668937683,0.8454300689544596
traffic_only,88,232,0.8362931609153748,0.8261341907298054
traffic_only,88,233,0.7746585011482239,0.8246989286160757
traffic_only,88,234,0.7762242555618286,0.7658696805266882
traffic_only,88,235,0.7945230603218079,0.7673641668302226
traffic_only,88,236,0.7483413219451904,0.7848300687923816
traffic_only,88,237,0.8047579526901245,0.7407503747627376
traffic_only,88,238,0.8088982701301575,0.794599101745246
traffic_only,88,239,0.6977772116661072,0.7985509652384283
traffic_only,88,240,0.6908046007156372,0.6924877803188769
traffic_only,88,241,0.7248032093048096,0.6858325402155707
traffic_only,88,242,0.7331238389015198,0.7182836413807692
traffic_only,88,243,0.6868233680725098,0.7262255426527813
traffic_only,88,244,0.7375882267951965,0.6820325204904851
traffic_only,88,245,0.6653951406478882,0.7304867259538099
traffic_only,88,246,0.6393049955368042,0.6615796371284074
traffic_only,88,247,0.6397806406021118,0.6366770315940111
traffic_only,88,248,0.7242358922958374,0.6371310268242142
traffic_only,88,249,0.6838956475257874,0.7177421468192313
traffic_only,88,250,0.6601722240447998,0.6792380603761563
traffic_only,88,251,0.6368701457977295,0.6565944509076338
traffic_only,88,252,0.5602496266365051,0.6343530083917812
traffic_only,88,253,0.597139835357666,0.5612200090777216
traffic_only,88,254,0.6239756345748901,0.5964310940277373
traffic_only,88,255,0.5482529401779175,0.6220454138891812
traffic_only,88,256,0.5615292191505432,0.5497693732408545
traffic_only,88,257,0.589634120464325,0.5624413586519069
traffic_only,88,258,0.5709750652313232,0.5892670151601533
traffic_only,88,259,0.5846440196037292,0.5714572601690033
traffic_only,88,260,0.5274378657341003,0.5845040476573212
traffic_only,88,261,0.5009592771530151,0.5299017341059822
traffic_only,88,262,0.4677206575870514,0.5046283658002534
traffic_only,88,263,0.5237006545066833,0.4729026613998047
traffic_only,88,264,0.4593853950500488,0.5263346287258153
traffic_only,88,265,0.4750494360923767,0.46494679323192606
traffic_only,88,266,0.479797214269638,0.4798978574552511
traffic_only,88,267,0.402620404958725,0.48442953202470085
traffic_only,88,268,0.4501453042030334,0.410765563101182
traffic_only,88,269,0.3982775807380676,0.45612728163145383
traffic_only,88,270,0.4352617263793945,0.4066204102853662
traffic_only,88,271,0.3890201449394226,0.44192115644876534
traffic_only,88,272,0.4850392937660217,0.39778434321973244
traffic_only,88,273,0.45130455493927,0.4894330089054381
traffic_only,88,274,0.4111283421516418,0.4572337669988999
traffic_only,88,275,0.4248022735118866,0.41888624632944876
traffic_only,88,276,0.3717250227928161,0.4319377842691103
traffic_only,88,277,0.4349928498268127,0.38127643946326123
traffic_only,88,278,0.4058353304862976,0.441664518292945
traffic_only,88,279,0.3765545487403869,0.41383415554843483
traffic_only,88,280,0.3894103765487671,0.38588614090717516
traffic_only,88,281,0.3769910633563995,0.39815681274005066
traffic_only,88,282,0.4112568199634552,0.38630278678040725
traffic_only,88,283,0.3395996689796448,0.41900887624407324
traffic_only,88,284,0.3506714403629303,0.3506133285355091
traffic_only,88,285,0.313457578420639,0.36118114845950955
traffic_only,88,286,0.3293068706989288,0.32566114194307744
traffic_only,88,287,0.3598877787590027,0.3407890253613236
traffic_only,88,288,0.3584938645362854,0.36997798874428806
traffic_only,88,289,0.3256481289863586,0.36864752101828197
traffic_only,89,0,0.5173516869544983,0.46936653351372876
traffic_only,89,1,0.4596565663814544,0.5202746457770973
traffic_only,89,2,0.4734630584716797,0.46520562171561136
traffic_only,89,3,0.5649706125259399,0.478383686646748
traffic_only,89,4,0.5359925031661987,0.5657261108582019
traffic_only,89,5,0.4997884631156921,0.5380669919285929
traffic_only,89,6,0.5457741618156433,0.5035108434560329
traffic_only,89,7,0.5219637751579285,0.5474034209052085
traffic_only,89,8,0.5348378419876099,0.5246768065443469
traffic_only,89,9,0.5533967018127441,0.5369648872168769
traffic_only,89,10,0.5013695955276489,0.5546790073731933
traffic_only,89,11,0.5047959089279175,0.5050200078008446
traffic_only,89,12,0.557978630065918,0.5082903664240266
traffic_only,89,13,0.6585337519645691,0.559052380974217
traffic_only,89,14,0.6181333661079407,0.6550305568120133
traffic_only,89,15,0.5610552430152893,0.616469066711385
traffic_only,89,16,0.4963817894458771,0.561988956387424
traffic_only,89,17,0.6614317297935486,0.5002592306258775
traffic_only,89,18,0.581047534942627,0.6577966280015461
traffic_only,89,19,0.6074022054672241,0.581071263422331
traffic_only,89,20,0.5975863337516785,0.6062263540233489
traffic_only,89,21,0.6190319061279297,0.596857269249473
traffic_only,89,22,0.5923175811767578,0.6173267080767123
traffic_only,89,23,0.6627614498138428,0.591828333363032
traffic_only,89,24,0.5818564295768738,0.6590658234389647
traffic_only,89,25,0.6081933975219727,0.5818433397718404
traffic_only,89,26,0.6478139758110046,0.6069815335578997
traffic_only,89,27,0.6607283353805542,0.6447987104258529
traffic_only,89,28,0.6905794143676758,0.6571252498421946
traffic_only,89,29,0.6859312653541565,0.6856176036266349
traffic_only,89,30,0.6435625553131104,0.6811810234215065
traffic_only,89,31,0.5840051770210266,0.6407408009290242
traffic_only,89,32,0.6234689354896545,0.5838942831363543
traffic_only,89,33,0.6207093596458435,0.6215617781182593
traffic_only,89,34,0.6335659027099609,0.6189278093002216
traffic_only,89,35,0.6258072853088379,0.6311991638326914
traffic_only,89,36,0.6242300868034363,0.623793693766893
traffic_only,89,37,0.6208466291427612,0.62228828426985
traffic_only,89,38,0.6635500192642212,0.6190588307306925
traffic_only,89,39,0.6151850819587708,0.6598184997416698
traffic_only,89,40,0.6666314005851746,0.6136549789837203
traffic_only,89,41,0.6241188645362854,0.6627596264855053
traffic_only,89,42,0.6124555468559265,0.6221821244829379
traffic_only,89,43,0.6133094429969788,0.6110496835486429
traffic_only,89,44,0.6100300550460815,0.6118647130809598
traffic_only,89,45,0.5555875301361084,0.6087345923327715
traffic_only,89,46,0.6032789349555969,0.5567701162305045
traffic_only,89,47,0.5588657855987549,0.6022907615371639
traffic_only,89,48,0.5687575340270996,0.5598991560376684
traffic_only,89,49,0.5764322876930237,0.569340663860172
traffic_only,89,50,0.605235755443573,0.5766660873985399
traffic_only,89,51,0.5456379652023315,0.6041585138438764
traffic_only,89,52,0.5393498539924622,0.5472734235241291
traffic_only,89,53,0.504368245601654,0.5412715269325586
traffic_only,89,54,0.5710849761962891,0.5078821689582739
traffic_only,89,55,0.5414122343063354,0.5715621683399926
traffic_only,89,56,0.540399432182312,0.5432400343210619
traffic_only,89,57,0.4976798892021179,0.5422733316955469
traffic_only,89,58,0.5574619174003601,0.5014982450520651
traffic_only,89,59,0.5452919602394104,0.5585591874089751
traffic_only,89,60,0.5210224986076355,0.5469431675953912
traffic_only,89,61,0.4695324301719665,0.5237783738782609
traffic_only,89,62,0.5054733753204346,0.4746319679179584
traffic_only,89,63,0.4831050634384155,0.5089369967230852
traffic_only,89,64,0.4453241229057312,0.48758681852757857
traffic_only,89,65,0.4500083029270172,0.45152554501614006
traffic_only,89,66,0.5152446627616882,0.45599651621333087
traffic_only,89,67,0.4629761874675751,0.5182635265555837
traffic_only,89,68,0.4327050447463989,0.4683741443159785
traffic_only,89,69,0.4811520576477051,0.43948084674897464
traffic_only,89,70,0.5056476593017578,0.48572270728536887
traffic_only,89,71,0.5180650353431702,0.5091033478575606
traffic_only,89,72,0.433536946773529,0.5209555248391362
traffic_only,89,73,0.4637669920921325,0.44027488326876707
traffic_only,89,74,0.5002316236495972,0.46912895405491567
traffic_only,89,75,0.4695537686347961,0.5039338327463286
traffic_only,89,76,0.4852746427059173,0.4746523351225214
traffic_only,89,77,0.4276746213436126,0.489657645517776
traffic_only,89,78,0.4305620193481445,0.4346793920565144
traffic_only,89,79,0.5500364303588867,0.4374353649812151
traffic_only,89,80,0.4943324327468872,0.5514716846792174
traffic_only,89,81,0.4803087413311004,0.4983031540591536
traffic_only,89,82,0.4811297357082367,0.4849177760178841
traffic_only,89,83,0.4611040949821472,0.48570140136886375
traffic_only,89,84,0.4632285833358764,0.4665872634653729
traffic_only,89,85,0.4248166680335998,0.4686150519353136
traffic_only,89,86,0.4783324897289276,0.4319515235984453
traffic_only,89,87,0.4899715483188629,0.48303147703886007
traffic_only,89,88,0.5066750645637512,0.494140763078582
traffic_only,89,89,0.4935775697231293,0.5100839889331258
traffic_only,89,90,0.5079112648963928,0.4975826499748295
traffic_only,89,91,0.5282500386238098,0.5112639213985909
traffic_only,89,92,0.5406867861747742,0.5306769394952988
traffic_only,89,93,0.5772194266319275,0.542547606257553
traffic_only,89,94,0.5460566878318787,0.5774173983020564
traffic_only,89,95,0.5072203874588013,0.5476730872449532
traffic_only,89,96,0.5239423513412476,0.5106044904821393
traffic_only,89,97,0.4974733293056488,0.5265653242970525
traffic_only,89,98,0.5238020420074463,0.5013010870983974
traffic_only,89,99,0.5372034311294556,0.5264314013933059
traffic_only,89,100,0.6028382778167725,0.5392228023417264
traffic_only,89,101,0.5592384338378906,0.6018701616954482
traffic_only,89,102,0.5865081548690796,0.5602548425262937
traffic_only,89,103,0.5455599427223206,0.5862833334749403
traffic_only,89,104,0.5782608389854431,0.5471989523767186
traffic_only,89,105,0.5383691191673279,0.578411408911343
traffic_only,89,106,0.6138153076171875,0.5403354320055209
traffic_only,89,107,0.6605030298233032,0.6123475523690216
traffic_only,89,108,0.6373170614242554,0.6569101994699931
traffic_only,89,109,0.6101292371749878,0.6347795818549469
traffic_only,89,110,0.6040449142456055,0.6088292600098465
traffic_only,89,111,0.6415092349052429,0.603021875911016
traffic_only,89,112,0.6525812149047852,0.6387809410687153
traffic_only,89,113,0.7339010834693909,0.6493489601134307
traffic_only,89,114,0.5988684892654419,0.7269674095452434
traffic_only,89,115,0.6308344602584839,0.5980810651638713
traffic_only,89,116,0.6721748113632202,0.6285920478653624
traffic_only,89,117,0.6599100828170776,0.6680507190161538
traffic_only,89,118,0.7250273823738098,0.6563442415063264
traffic_only,89,119,0.6642565727233887,0.7184976108119464
traffic_only,89,120,0.6840301156044006,0.6604928931575629
traffic_only,89,121,0.6609455943107605,0.6793664078998829
traffic_only,89,122,0.7464350461959839,0.6573326198439602
traffic_only,89,123,0.7519509792327881,0.7389308665606882
traffic_only,89,124,0.7265868782997131,0.7441957320485894
traffic_only,89,125,0.7311601042747498,0.7199861234940307
traffic_only,89,126,0.7778970003128052,0.7243511909166572
traffic_only,89,127,0.7111362218856812,0.7689607736147361
traffic_only,89,128,0.7119879722595215,0.7052387313163356
traffic_only,89,129,0.7952515482902527,0.7060517127498697
traffic_only,89,130,0.769855260848999,0.7855253983291662
traffic_only,89,131,0.7184503674507141,0.7612850682928645
traffic_only,89,132,0.7828415632247925,0.7122199604759155
traffic_only,89,133,0.710887610912323,0.773680275910065
traffic_only,89,134,0.7063195705413818,0.7050014363156869
traffic_only,89,135,0.7375053763389587,0.700641318465119
traffic_only,89,136,0.7642602324485779,0.730407646584138
traffic_only,89,137,0.7055830955505371,0.7559447076081613
traffic_only,89,138,0.6707783937454224,0.6999383654495314
traffic_only,89,139,0.8103830814361572,0.6667178618415677
traffic_only,89,140,0.7585166096687317,0.7999681927045421
traffic_only,89,141,0.7384516000747681,0.7504625160827445
traffic_only,89,142,0.7130770087242126,0.7313108012557512
traffic_only,89,143,0.7350602149963379,0.7070911797738095
traffic_only,89,144,0.7407417297363281,0.7280737811294237
traffic_only,89,145,0.6620668172836304,0.733496691573403
traffic_only,89,146,0.7088906168937683,0.6584028083496432
traffic_only,89,147,0.7237987518310547,0.7030953390484284
traffic_only,89,148,0.671690821647644,0.7173249035838541
traffic_only,89,149,0.7446560263633728,0.6675887589573507
traffic_only,89,150,0.698110044002533,0.7372328219947897
traffic_only,89,151,0.6876136064529419,0.6928054631967534
traffic_only,89,152,0.7127096652984619,0.6827867897589102
traffic_only,89,153,0.65153968334198,0.7067405566405086
traffic_only,89,154,0.6341022849082947,0.6483548357208784
traffic_only,89,155,0.7521938681602478,0.6317111316367763
traffic_only,89,156,0.716770350933075,0.7444275654524838
traffic_only,89,157,0.651128888130188,0.7106164129121932
traffic_only,89,158,0.6056134104728699,0.6479627385872243
traffic_only,89,159,0.6637197732925415,0.6045189792296617
traffic_only,89,160,0.6169131398200989,0.659980527112048
traffic_only,89,161,0.5924158096313477,0.6153043812035258
traffic_only,89,162,0.642462432384491,0.5919220907739812
traffic_only,89,163,0.5382953882217407,0.6396907520613728
traffic_only,89,164,0.6119303703308105,0.5402650570556762
traffic_only,89,165,0.5988707542419434,0.6105484113715351
traffic_only,89,166,0.6755095720291138,0.5980832270459198
traffic_only,89,167,0.5954223871231079,0.6712336920912667
traffic_only,89,168,0.6445056200027466,0.5947918185185805
traffic_only,89,169,0.5973941087722778,0.641640940344096
traffic_only,89,170,0.5956493616104126,0.5966737937335075
traffic_only,89,171,0.5919643640518188,0.595008461856502
traffic_only,89,172,0.6197093725204468,0.5914911935467183
traffic_only,89,173,0.6308521032333374,0.6179733383757708
traffic_only,89,174,0.6006010174751282,0.6286088877886882
traffic_only,89,175,0.6107159852981567,0.599734734256141
traffic_only,89,176,0.5668038725852966,0.609389301243696
traffic_only,89,177,0.614543616771698,0.5674759268100008
traffic_only,89,178,0.5510438680648804,0.6130427112309077
traffic_only,89,179,0.6221006512641907,0.5524332670577753
traffic_only,89,180,0.5721461176872253,0.620255773794382
traffic_only,89,181,0.6122934222221375,0.5725750100797552
traffic_only,89,182,0.6154146790504456,0.6108949383072704
traffic_only,89,183,0.609362006187439,0.6138741255534875
traffic_only,89,184,0.5907938480377197,0.6080969509117043
traffic_only,89,185,0.6146032214164734,0.5903739556606622
traffic_only,89,186,0.6251978874206543,0.6130996028637652
traffic_only,89,187,0.6336222290992737,0.6232120337125576
traffic_only,89,188,0.5956703424453735,0.6312529264257417
traffic_only,89,189,0.6346299052238464,0.5950284877112678
traffic_only,89,190,0.5946206450462341,0.632214736370831
traffic_only,89,191,0.6124820709228516,0.594026569165014
traffic_only,89,192,0.6484387516975403,0.6110750003252644
traffic_only,89,193,0.6386327147483826,0.6453950485214656
traffic_only,89,194,0.643302857875824,0.6360353508670111
traffic_only,89,195,0.6435179710388184,0.640492924084664
traffic_only,89,196,0.6279289126396179,0.6406982459876468
traffic_only,89,197,0.6967033743858337,0.6258187514384566
traffic_only,89,198,0.6344754695892334,0.6914628206613157
traffic_only,89,199,0.6918045282363892,0.6320673301500972
traffic_only,89,200,0.648907482624054,0.6867869542483885
traffic_only,89,201,0.6431070566177368,0.6458424443222571
traffic_only,89,202,0.6551094055175781,0.640306035070727
traffic_only,89,203,0.7387296557426453,0.6517620756127156
traffic_only,89,204,0.6640247106552124,0.7315762007230315
traffic_only,89,205,0.6875035166740417,0.6602715847057471
traffic_only,89,206,0.7355799674987793,0.6826817109130223
traffic_only,89,207,0.6957533955574036,0.7285698761679413
traffic_only,89,208,0.6746392250061035,0.6905560818168325
traffic_only,89,209,0.6755228638648987,0.6704029604682811
traffic_only,89,210,0.7317195534706116,0.6712463789253938
traffic_only,89,211,0.6939501166343689,0.724885175782658
traffic_only,89,212,0.6924976706504822,0.6888348823563609
traffic_only,89,213,0.6972729563713074,0.6874485470468887
traffic_only,89,214,0.7095788717269897,0.6920064771049023
traffic_only,89,215,0.7107401490211487,0.7037522667330343
traffic_only,89,216,0.6878702044487,0.7048606864159974
traffic_only,89,217,0.6656911373138428,0.6830317082383618
traffic_only,89,218,0.7452793121337891,0.6618621609771779
traffic_only,89,219,0.7567055821418762,0.7378277377995808
traffic_only,89,220,0.691582202911377,0.7487339207100013
traffic_only,89,221,0.7031157612800598,0.68657474845783
traffic_only,89,222,0.7135738730430603,0.6975833363073941
traffic_only,89,223,0.6676656603813171,0.7075654284253099
traffic_only,89,224,0.6908913850784302,0.6637468100988491
traffic_only,89,225,0.6837692856788635,0.6859153744330112
traffic_only,89,226,0.7239206433296204,0.6791174501144983
traffic_only,89,227,0.6921550631523132,0.7174412469730478
traffic_only,89,228,0.667910099029541,0.6871215339412237
traffic_only,89,229,0.6272876858711243,0.6639801226851978
traffic_only,89,230,0.695351779460907,0.6252067112521753
traffic_only,89,231,0.6694112420082092,0.6901727459946385
traffic_only,89,232,0.5893073081970215,0.6654129384587146
traffic_only,89,233,0.6549808979034424,0.5889550783371955
traffic_only,89,234,0.6773619651794434,0.6516394172522747
traffic_only,89,235,0.7049885392189026,0.6730017702572129
traffic_only,89,236,0.6803512573242188,0.6993708714117776
traffic_only,89,237,0.6439197659492493,0.6758549994282835
traffic_only,89,238,0.6851246953010559,0.6410817524847393
traffic_only,89,239,0.6006383299827576,0.6804111658456785
traffic_only,89,240,0.6728043556213379,0.5997703484183098
traffic_only,89,241,0.672329306602478,0.668651608442395
traffic_only,89,242,0.6428269743919373,0.6681981821285206
traffic_only,89,243,0.5656420588493347,0.6400387012879295
traffic_only,89,244,0.4954441785812378,0.566366995102342
traffic_only,89,245,0.6535609364509583,0.49936429679521216
traffic_only,89,246,0.5804906487464905,0.6502840878827099
traffic_only,89,247,0.5617439150810242,0.5805397248965432
traffic_only,89,248,0.5655233263969421,0.5626462823134598
traffic_only,89,249,0.5856894850730896,0.5662536669696898
traffic_only,89,250,0.4845431745052337,0.5855019268976422
traffic_only,89,251,0.5701554417610168,0.4889594713993485
traffic_only,89,252,0.5612998008728027,0.5706749433255796
traffic_only,89,253,0.5514215230941772,0.5622223827570384
traffic_only,89,254,0.5428999066352844,0.5527937324435606
traffic_only,89,255,0.4472806453704834,0.544659992585553
traffic_only,89,256,0.491934210062027,0.4533930128646883
traffic_only,89,257,0.5396852493286133,0.4960140907653146
traffic_only,89,258,0.4901108741760254,0.541591656150648
traffic_only,89,259,0.53181391954422,0.4942737472703865
traffic_only,89,260,0.4942116439342499,0.5340786040071159
traffic_only,89,261,0.4605900347232818,0.49818786316516783
traffic_only,89,262,0.5105072855949402,0.4660966015777931
traffic_only,89,263,0.4903048574924469,0.5137417795760676
traffic_only,89,264,0.5056160092353821,0.4944589010895213
traffic_only,89,265,0.4768159389495849,0.5090731384005133
traffic_only,89,266,0.3890278041362762,0.48158395477824956
traffic_only,89,267,0.4254825413227081,0.3977916537945546
traffic_only,89,268,0.3731625080108642,0.4325870884749132
traffic_only,89,269,0.3675399124622345,0.38264849497288617
traffic_only,89,270,0.4584473669528961,0.37728182190798654
traffic_only,89,271,0.4118552207946777,0.4640514611598308
traffic_only,89,272,0.3900935351848602,0.4195800397921463
traffic_only,89,273,0.3909298479557037,0.3988088761900472
traffic_only,89,274,0.4575400054454803,0.3996071226906711
traffic_only,89,275,0.4256947040557861,0.4631853998328406
traffic_only,89,276,0.4209008812904358,0.43278959424206953
traffic_only,89,277,0.4184050559997558,0.42821397088623736
traffic_only,89,278,0.3688554167747497,0.4258317475435941
traffic_only,89,279,0.3164815306663513,0.3785374486909685
traffic_only,89,280,0.3081099390983581,0.3285474535986548
traffic_only,89,281,0.3964378237724304,0.32055690998054953
traffic_only,89,282,0.4027194678783417,0.40486439314558587
traffic_only,89,283,0.3526457548141479,0.4108601169949912
traffic_only,89,284,0.3518548309803009,0.36306559846046577
traffic_only,89,285,0.3413726091384887,0.36231067493826286
traffic_only,89,286,0.3355242013931274,0.35230557015485614
traffic_only,89,287,0.3580395877361297,0.3467233631388757
traffic_only,89,288,0.3060476183891296,0.36821392143845827
traffic_only,89,289,0.3745434880256653,0.31858845948367914
traffic_only,90,0,0.3130016326904297,0.3263557603344514
traffic_only,90,1,0.2476247102022171,0.32522594939753385
traffic_only,90,2,0.3008928000926971,0.2628247743620948
traffic_only,90,3,0.3469280898571014,0.31366827195344527
traffic_only,90,4,0.2637799680233001,0.3576081832411583
traffic_only,90,5,0.3314352929592132,0.27824469675470676
traffic_only,90,6,0.2763629555702209,0.342820568679033
traffic_only,90,7,0.2711656093597412,0.2902549471381769
traffic_only,90,8,0.3399376273155212,0.28529416742789926
traffic_only,90,9,0.2498106807470321,0.3509359040938112
traffic_only,90,10,0.2910193502902984,0.26491124655132803
traffic_only,90,11,0.3611792027950287,0.304244229862229
traffic_only,90,12,0.2995355129241943,0.3712106313075957
traffic_only,90,13,0.2493032664060592,0.31237276413583015
traffic_only,90,14,0.2799752056598663,0.2644269280808119
traffic_only,90,15,0.3204881250858307,0.293702779210058
traffic_only,90,16,0.3663811981678009,0.33237168071352124
traffic_only,90,17,0.2728736996650696,0.3761758485652362
traffic_only,90,18,0.3309935629367828,0.2869245109506974
traffic_only,90,19,0.338823527097702,0.3423989447879259
traffic_only,90,20,0.383003830909729,0.3498725141382548
traffic_only,90,21,0.3597946166992187,0.39204187247399236
traffic_only,90,22,0.3392016291618347,0.3698890671221317
traffic_only,90,23,0.3366544842720032,0.35023340621128657
traffic_only,90,24,0.3816987872123718,0.347802199172753
traffic_only,90,25,0.3649412095546722,0.3907962301725768
traffic_only,90,26,0.3537609279155731,0.37480140360703124
traffic_only,90,27,0.3472160100936889,0.3641300124654137
traffic_only,90,28,0.3998047709465027,0.3578829982736766
traffic_only,90,29,0.3716340363025665,0.40807808770244175
traffic_only,90,30,0.365989625453949,0.3811895943857042
traffic_only,90,31,0.4288908839225769,0.37580209898317873
traffic_only,90,32,0.4236489832401275,0.4358402942707887
traffic_only,90,33,0.3896980285644531,0.43083698806494997
traffic_only,90,34,0.4495064616203308,0.3984313717602211
traffic_only,90,35,0.4756557941436767,0.45551751711048694
traffic_only,90,36,0.4587243795394897,0.48047661603631064
traffic_only,90,37,0.5033104419708252,0.4643158650235361
traffic_only,90,38,0.417276918888092,0.5068725131499513
traffic_only,90,39,0.5485016703605652,0.42475495960849974
traffic_only,90,40,0.4906663000583648,0.5500067820247689
traffic_only,90,41,0.5296807885169983,0.49480389195116925
traffic_only,90,42,0.4848453104496002,0.5320425662504108
traffic_only,90,43,0.4723291099071502,0.4892478550863033
traffic_only,90,44,0.5486615300178528,0.47730135177745
traffic_only,90,45,0.5411527156829834,0.5501593653840928
traffic_only,90,46,0.5631936192512512,0.5429923281516003
traffic_only,90,47,0.5039225816726685,0.5640300006078205
traffic_only,90,48,0.5836449265480042,0.5074567902193982
traffic_only,90,49,0.5818460583686829,0.5835504301073634
traffic_only,90,50,0.5502853393554688,0.5818334406277232
traffic_only,90,51,0.5651896595954895,0.5517092641380305
traffic_only,90,52,0.6056126952171326,0.5659351876089533
traffic_only,90,53,0.5769334435462952,0.6045182965300674
traffic_only,90,54,0.5531193614006042,0.5771444322476059
traffic_only,90,55,0.6085405945777893,0.5544142906055072
traffic_only,90,56,0.5486969351768494,0.6073129273192949
traffic_only,90,57,0.5149018168449402,0.5501931590140102
traffic_only,90,58,0.6433016657829285,0.5179362858833872
traffic_only,90,59,0.5356877446174622,0.6404917862520068
traffic_only,90,60,0.604463517665863,0.5377761050097923
traffic_only,90,61,0.5883385539054871,0.6034214258485744
traffic_only,90,62,0.5205448865890503,0.5880304186283621
traffic_only,90,63,0.5811213254928589,0.5233225012241736
traffic_only,90,64,0.5459907054901123,0.5811416952638085
traffic_only,90,65,0.5397809743881226,0.54761010820738
traffic_only,90,66,0.5045042634010315,0.5416830241130172
traffic_only,90,67,0.5554024577140808,0.5080119956644548
traffic_only,90,68,0.5643861293792725,0.5565934677104819
traffic_only,90,69,0.4815575778484344,0.565168231506401
traffic_only,90,70,0.5737772583961487,0.486109769509515
traffic_only,90,71,0.5393644571304321,0.5741319065045343
traffic_only,90,72,0.4327236413955688,0.5412854653826088
traffic_only,90,73,0.4228107929229736,0.43949859693842613
traffic_only,90,74,0.5092533826828003,0.430036949477891
traffic_only,90,75,0.5019035935401917,0.5125449502956438
traffic_only,90,76,0.5204012393951416,0.5055296999396152
traffic_only,90,77,0.5050848722457886,0.5231853923889869
traffic_only,90,78,0.5654336810112,0.5085661770601199
traffic_only,90,79,0.5037232637405396,0.566168101953872
traffic_only,90,80,0.527433454990387,0.5072665445991226
traffic_only,90,81,0.581237256526947,0.5298975241251507
traffic_only,90,82,0.5495600700378418,0.5812523494897165
traffic_only,90,83,0.5452976226806641,0.55101700674942
traffic_only,90,84,0.5735050439834595,0.5469485723005126
traffic_only,90,85,0.5894805788993835,0.5738720824172739
traffic_only,90,86,0.600303590297699,0.5891204623139124
traffic_only,90,87,0.5872182250022888,0.5994508450081819
traffic_only,90,88,0.628265380859375,0.586961083497172
traffic_only,90,89,0.6470828652381897,0.6261399047059373
traffic_only,90,90,0.6411404013633728,0.6441008776572226
traffic_only,90,91,0.69374018907547,0.6384288956445929
traffic_only,90,92,0.6572863459587097,0.6886345100254367
traffic_only,90,93,0.6628108024597168,0.653839928719571
traffic_only,90,94,0.7102925777435303,0.6591129297109708
traffic_only,90,95,0.6534723043441772,0.7044334871448702
traffic_only,90,96,0.7145607471466064,0.6501994900246507
traffic_only,90,97,0.7186945080757141,0.708507383190532
traffic_only,90,98,0.7180063724517822,0.7124529886040999
traffic_only,90,99,0.7974584102630615,0.7117961747027598
traffic_only,90,100,0.7634199857711792,0.7876318110357161
traffic_only,90,101,0.7445045113563538,0.7551427062597689
traffic_only,90,102,0.7542939782142639,0.7370882034640658
traffic_only,90,103,0.7633641362190247,0.7464320852445859
traffic_only,90,104,0.8071306347846985,0.7550893987997813
traffic_only,90,105,0.8034021854400635,0.7968637869744055
traffic_only,90,106,0.7696965336799622,0.7933050446642687
traffic_only,90,107,0.7573744058609009,0.7611335658745649
traffic_only,90,108,0.7986889481544495,0.7493723017222956
traffic_only,90,109,0.7295043468475342,0.7888063387960598
traffic_only,90,110,0.8228309154510498,0.722770798247508
traffic_only,90,111,0.7877600789070129,0.8118494413105078
traffic_only,90,112,0.769694447517395,0.7783749165618352
traffic_only,90,113,0.8024245500564575,0.7611315746674149
traffic_only,90,114,0.7944349050521851,0.7923719081021395
traffic_only,90,115,0.7366538643836975,0.7847459260673854
traffic_only,90,116,0.8648456931114197,0.7295948927171354
traffic_only,90,117,0.745818555355072,0.8519518412870821
traffic_only,90,118,0.7582469582557678,0.7383424364020429
traffic_only,90,119,0.8483989238739014,0.750205138335697
traffic_only,90,120,0.8260440826416016,0.8362536761410722
traffic_only,90,121,0.7869054079055786,0.8149163554545913
traffic_only,90,122,0.7797289490699768,0.7775591474382912
traffic_only,90,123,0.8090881705284119,0.7707093379506122
traffic_only,90,124,0.8541859984397888,0.7987322219807124
traffic_only,90,125,0.7814792990684509,0.8417773416668421
traffic_only,90,126,0.8614181876182556,0.7723800176411063
traffic_only,90,127,0.7972004413604736,0.848680344831243
traffic_only,90,128,0.9001105427742004,0.7873855840487088
traffic_only,90,129,0.9037732481956482,0.8856115483007059
traffic_only,90,130,0.935633420944214,0.8891075391398009
traffic_only,90,131,0.8822789788246155,0.9195175391929701
traffic_only,90,132,0.8605706691741943,0.8685916198485171
traffic_only,90,133,0.8119955658912659,0.8478714027036418
traffic_only,90,134,0.8381684422492981,0.8015072820482367
traffic_only,90,135,0.8457880020141602,0.8264888531690392
traffic_only,90,136,0.828576922416687,0.833761595055381
traffic_only,90,137,0.8650622367858887,0.817333908501239
traffic_only,90,138,0.8053702116012573,0.8521585285892536
traffic_only,90,139,0.7948145270347595,0.7951834925979584
traffic_only,90,140,0.8137438297271729,0.7851082688770549
traffic_only,90,141,0.8362837433815002,0.8031759705315809
traffic_only,90,142,0.8234157562255859,0.8246899397380842
traffic_only,90,143,0.8580568432807922,0.8124076620121059
traffic_only,90,144,0.8126979470252991,0.8454719980878757
traffic_only,90,145,0.8344330787658691,0.8021776930498298
traffic_only,90,146,0.7454129457473755,0.8229235114294909
traffic_only,90,147,0.8069086074829102,0.7379552888404474
traffic_only,90,148,0.7785924673080444,0.7966518656420112
traffic_only,90,149,0.7716875076293945,0.7696245851869178
traffic_only,90,150,0.8132472634315491,0.7630339170869048
traffic_only,90,151,0.7720576524734497,0.8027020063382447
traffic_only,90,152,0.7578611373901367,0.7633872141269501
traffic_only,90,153,0.7363089323043823,0.7498368787962102
traffic_only,90,154,0.7234805226325989,0.7292656608377889
traffic_only,90,155,0.724012553691864,0.7170211591560278
traffic_only,90,156,0.6928666830062866,0.7175289738709141
traffic_only,90,157,0.7577572464942932,0.6878007631459097
traffic_only,90,158,0.6334019303321838,0.7497377166801396
traffic_only,90,159,0.724119246006012,0.6310426549507003
traffic_only,90,160,0.6810029149055481,0.7176308098937291
traffic_only,90,161,0.6499387621879578,0.6764769956503148
traffic_only,90,162,0.6591612696647644,0.646826783353958
traffic_only,90,163,0.6368424296379089,0.6556295119227373
traffic_only,90,164,0.6628153324127197,0.6343265537825025
traffic_only,90,165,0.6047764420509338,0.6591172534750679
traffic_only,90,166,0.6630814671516418,0.6037201069210764
traffic_only,90,167,0.6350459456443787,0.6593712746157768
traffic_only,90,168,0.6146682500839233,0.6326118399681766
traffic_only,90,169,0.6118284463882446,0.6131616716352127
traffic_only,90,170,0.5962011218070984,0.6104511266793489
traffic_only,90,171,0.6422713398933411,0.5955351077018641
traffic_only,90,172,0.6220099329948425,0.6395083574864316
traffic_only,90,173,0.6231095194816589,0.6201691847291728
traffic_only,90,174,0.6679365038871765,0.6212187215721284
traffic_only,90,175,0.6390184164047241,0.6640053256785537
traffic_only,90,176,0.584955632686615,0.6364034966232321
traffic_only,90,177,0.599650502204895,0.5848014771139004
traffic_only,90,178,0.6481404304504395,0.598827483386962
traffic_only,90,179,0.6612107157707214,0.6451103058990136
traffic_only,90,180,0.5953702926635742,0.6575856738269105
traffic_only,90,181,0.5708991885185242,0.594742095231463
traffic_only,90,182,0.6209592223167419,0.5713848371203758
traffic_only,90,183,0.5334637761116028,0.6191662990251604
traffic_only,90,184,0.6074930429458618,0.5356533644046123
traffic_only,90,185,0.6222169995307922,0.6063130568718238
traffic_only,90,186,0.5982764363288879,0.6203668262617199
traffic_only,90,187,0.5136949419975281,0.5975159605746975
traffic_only,90,188,0.5992039442062378,0.516784344101288
traffic_only,90,189,0.6698620915412903,0.5984012512735933
traffic_only,90,190,0.6059436798095703,0.665843266769649
traffic_only,90,191,0.6484359502792358,0.6048342157673253
traffic_only,90,192,0.549525797367096,0.6453923746147212
traffic_only,90,193,0.599639356136322,0.550984294060527
traffic_only,90,194,0.637165367603302,0.5988168446516177
traffic_only,90,195,0.6252025961875916,0.6346347926493245
traffic_only,90,196,0.641601026058197,0.6232165281515534
traffic_only,90,197,0.6566566824913025,0.6388685541833159
traffic_only,90,198,0.6021835207939148,0.653238925510064
traffic_only,90,199,0.6743676662445068,0.6012452071085083
traffic_only,90,200,0.6656115055084229,0.6701437621889822
traffic_only,90,201,0.657647967338562,0.6617861537556802
traffic_only,90,202,0.711037278175354,0.6541850902561176
traffic_only,90,203,0.6951557993888855,0.7051442912057921
traffic_only,90,204,0.6589398384094238,0.6899856863058029
traffic_only,90,205,0.6664129495620728,0.6554181595066716
traffic_only,90,206,0.7094324827194214,0.6625511186510825
traffic_only,90,207,0.6796600818634033,0.7036125408827362
traffic_only,90,208,0.6616643667221069,0.6751952840536676
traffic_only,90,209,0.740674614906311,0.6580186760445891
traffic_only,90,210,0.6859596967697144,0.7334326315948055
traffic_only,90,211,0.6951183676719666,0.6812081607303796
traffic_only,90,212,0.6628149151802063,0.6899499583603684
traffic_only,90,213,0.7054175138473511,0.6591168552336379
traffic_only,90,214,0.6122881174087524,0.6997803204934532
traffic_only,90,215,0.7140551805496216,0.610889874951946
traffic_only,90,216,0.7339272499084473,0.7080248283606344
traffic_only,90,217,0.7178616523742676,0.7269923849720679
traffic_only,90,218,0.713875949382782,0.7116580418181817
traffic_only,90,219,0.7077434062957764,0.7078537552206319
traffic_only,90,220,0.6785898208618164,0.7020003457908196
traffic_only,90,221,0.671263575553894,0.6741737378940779
traffic_only,90,222,0.6443526744842529,0.6671809597330279
traffic_only,90,223,0.6400606632232666,0.6414949564141835
traffic_only,90,224,0.7399051785469055,0.6373983037153789
traffic_only,90,225,0.6681760549545288,0.7326982175062476
traffic_only,90,226,0.7293381094932556,0.6642339731510081
traffic_only,90,227,0.7325164079666138,0.7226121274834684
traffic_only,90,228,0.7011709809303284,0.7256457600223302
traffic_only,90,229,0.6666731238365173,0.6957270761105188
traffic_only,90,230,0.6871426105499268,0.6627994506285055
traffic_only,90,231,0.6932126879692078,0.68233723207607
traffic_only,90,232,0.7471657991409302,0.6881310190746476
traffic_only,90,233,0.6418532729148865,0.7396283579795215
traffic_only,90,234,0.7047173976898193,0.639109319573569
traffic_only,90,235,0.710604190826416,0.6991120713739086
traffic_only,90,236,0.6462116837501526,0.7047309166014494
traffic_only,90,237,0.7038144469261169,0.6432693495513769
traffic_only,90,238,0.6892520785331726,0.6982502200277501
traffic_only,90,239,0.6610933542251587,0.6843506838545307
traffic_only,90,240,0.6645122766494751,0.657473654201814
traffic_only,90,241,0.6528778672218323,0.6607369582625217
traffic_only,90,242,0.6682102084159851,0.6496321097701626
traffic_only,90,243,0.6161827445030212,0.6642665720566354
traffic_only,90,244,0.5893492698669434,0.6146072311344897
traffic_only,90,245,0.5773598551750183,0.5889951300467272
traffic_only,90,246,0.5756586194038391,0.5775514349890687
traffic_only,90,247,0.6254081130027771,0.5759276340040492
traffic_only,90,248,0.5649414658546448,0.623412690501646
traffic_only,90,249,0.5317211747169495,0.5656982908497346
traffic_only,90,250,0.5069265365600586,0.5339900806263896
traffic_only,90,251,0.5506317615509033,0.5103240147321517
traffic_only,90,252,0.5617222785949707,0.5520399183081983
traffic_only,90,253,0.4902506470680237,0.5626256306507325
traffic_only,90,254,0.5003371834754944,0.49440715814943736
traffic_only,90,255,0.5229616761207581,0.5040345878281194
traffic_only,90,256,0.4631811678409576,0.5256292862616476
traffic_only,90,257,0.5050556063652039,0.4685697946413755
traffic_only,90,258,0.5613412261009216,0.5085382432683868
traffic_only,90,259,0.5077394247055054,0.5622619224418743
traffic_only,90,260,0.5516061186790466,0.5110999028210627
traffic_only,90,261,0.3975984752178192,0.5529699258305203
traffic_only,90,262,0.4352316260337829,0.405972215466404
traffic_only,90,263,0.4664890170097351,0.44189242617417224
traffic_only,90,264,0.526466965675354,0.4717270811442532
traffic_only,90,265,0.4369835555553436,0.5289750262983659
traffic_only,90,266,0.4059149622917175,0.4435646134929371
traffic_only,90,267,0.4644566774368286,0.4139101627699324
traffic_only,90,268,0.398272305727005,0.4697872471387102
traffic_only,90,269,0.41995769739151,0.40661537537585835
traffic_only,90,270,0.4294015765190124,0.4273137176878999
traffic_only,90,271,0.440412700176239,0.43632774178111194
traffic_only,90,272,0.4175698161125183,0.4468376744686799
traffic_only,90,273,0.4638152420520782,0.42503452509236167
traffic_only,90,274,0.3587440848350525,0.46917500783171384
traffic_only,90,275,0.3936045169830322,0.36888635209301784
traffic_only,90,276,0.4080583155155182,0.40216004937770333
traffic_only,90,277,0.3964468240737915,0.4159559574416727
traffic_only,90,278,0.3805849552154541,0.4048729837821473
traffic_only,90,279,0.3113827705383301,0.38973309622936825
traffic_only,90,280,0.3418777287006378,0.3236807726491235
traffic_only,90,281,0.3212239444255829,0.35278769829750733
traffic_only,90,282,0.3406495451927185,0.33307400792114744
traffic_only,90,283,0.3356865644454956,0.35161541775666155
traffic_only,90,284,0.3043745458126068,0.3468783359467797
traffic_only,90,285,0.2903254926204681,0.31699153979518485
traffic_only,90,286,0.3258494436740875,0.3035819543641345
traffic_only,90,287,0.2791979610919952,0.33748896930579003
traffic_only,90,288,0.3530560433864593,0.29296091231759586
traffic_only,90,289,0.3771468698978424,0.36345721201524056
traffic_only,91,0,0.3084191381931305,0.2702818593618032
traffic_only,91,1,0.2669930160045624,0.320852035325998
traffic_only,91,2,0.2632984817028045,0.2813114971155246
traffic_only,91,3,0.3579925298690796,0.27778512614448364
traffic_only,91,4,0.3354243636131286,0.3681690054943173
traffic_only,91,5,0.2743414342403412,0.34662806965383935
traffic_only,91,6,0.2429990172386169,0.28832543896399754
traffic_only,91,7,0.3487453162670135,0.25840962807964535
traffic_only,91,8,0.3505622148513794,0.35934269534371854
traffic_only,91,9,0.3129207789897918,0.36107689454229813
traffic_only,91,10,0.2957097291946411,0.3251487758975626
traffic_only,91,11,0.3550744652748108,0.308721117789237
traffic_only,91,12,0.4156660437583923,0.36538376182451143
traffic_only,91,13,0.3705671727657318,0.4232174063388922
traffic_only,91,14,0.3167724013328552,0.3801712910491874
traffic_only,91,15,0.3331742882728576,0.3288250847669995
traffic_only,91,16,0.2784624993801117,0.3444804105134677
traffic_only,91,17,0.2220847308635711,0.29225892645976687
traffic_only,91,18,0.3320984840393066,0.23844729282188162
traffic_only,91,19,0.3169889152050018,0.34345357343202226
traffic_only,91,20,0.4100715219974518,0.32903174362335447
traffic_only,91,21,0.3317900598049164,0.4178775292330685
traffic_only,91,22,0.3829200863838196,0.34315918767780107
traffic_only,91,23,0.3756691813468933,0.3919619397298275
traffic_only,91,24,0.2830285131931305,0.3850410725927095
traffic_only,91,25,0.3189952075481415,0.29661710999481766
traffic_only,91,26,0.3250109255313873,0.3309467159853388
traffic_only,91,27,0.2817829251289367,0.3366886178147503
traffic_only,91,28,0.3582001030445099,0.2954282170971775
traffic_only,91,29,0.3407892882823944,0.36836713060574366
traffic_only,91,30,0.3067612946033478,0.351748800189896
traffic_only,91,31,0.3511050939559936,0.31926965144969877
traffic_only,91,32,0.3427651226520538,0.36159506353436444
traffic_only,91,33,0.3642664551734924,0.3536347009274901
traffic_only,91,34,0.3374345004558563,0.3741573618772676
traffic_only,91,35,0.3425380289554596,0.348546711526143
traffic_only,91,36,0.3559776842594147,0.353417943806303
traffic_only,91,37,0.3723601996898651,0.36624586918301794
traffic_only,91,38,0.3562838435173034,0.3818827051488075
traffic_only,91,39,0.4141734540462494,0.3665380930551906
traffic_only,91,40,0.3779486715793609,0.42179275451469056
traffic_only,91,41,0.3634898662567138,0.3872168077538962
traffic_only,91,42,0.3469365239143371,0.37341612079276687
traffic_only,91,43,0.2860951721668243,0.35761623340720766
traffic_only,91,44,0.3401907980442047,0.2995441845053373
traffic_only,91,45,0.3841101229190826,0.3511775513043736
traffic_only,91,46,0.3910218179225921,0.3930978096256444
traffic_only,91,47,0.4164753556251526,0.39969490648017025
traffic_only,91,48,0.3731615543365478,0.42398988092983175
traffic_only,91,49,0.4462390542030334,0.38264758470676047
traffic_only,91,50,0.3051307797431946,0.45239883158050304
traffic_only,91,51,0.4180608987808227,0.3177133523870647
traffic_only,91,52,0.3495247662067413,0.4255032552554748
traffic_only,91,53,0.4573302268981933,0.36008666722659644
traffic_only,91,54,0.441006451845169,0.46298516973099857
traffic_only,91,55,0.3776655793190002,0.4474044004693901
traffic_only,91,56,0.3918103277683258,0.3869466009436394
traffic_only,91,57,0.4637670218944549,0.40044752589124255
traffic_only,91,58,0.4393591582775116,0.4691289825007321
traffic_only,91,59,0.4334784150123596,0.4458320864121067
traffic_only,91,60,0.4130063951015472,0.44021901568530103
traffic_only,91,61,0.4655123353004455,0.42067881634334015
traffic_only,91,62,0.4371185004711151,0.47079485484824973
traffic_only,91,63,0.4431360065937042,0.44369341614972657
traffic_only,91,64,0.430516242980957,0.44943702472812386
traffic_only,91,65,0.4790579080581665,0.4373916722071805
traffic_only,91,66,0.4713597893714905,0.4837238766565526
traffic_only,91,67,0.457400381565094,0.47637615159810454
traffic_only,91,68,0.4590329527854919,0.4630521311828719
traffic_only,91,69,0.4871533811092376,0.46461039300683954
traffic_only,91,70,0.4664484858512878,0.4914508697854453
traffic_only,91,71,0.5586315989494324,0.47168839483391006
traffic_only,91,72,0.5395059585571289,0.5596756288121711
traffic_only,91,73,0.5046220421791077,0.5414205261190126
traffic_only,91,74,0.5964173674583435,0.5081244135309811
traffic_only,91,75,0.4892167150974273,0.5957415105458712
traffic_only,91,76,0.5707149505615234,0.4934202874400742
traffic_only,91,77,0.5632394552230835,0.5712089850832132
traffic_only,91,78,0.5415408611297607,0.5640737502734879
traffic_only,91,79,0.612461268901825,0.5433628064647685
traffic_only,91,80,0.5981330275535583,0.6110551451453972
traffic_only,91,81,0.5922664999961853,0.5973790793060422
traffic_only,91,82,0.6657041311264038,0.5917795772336731
traffic_only,91,83,0.616202175617218,0.6618745633531408
traffic_only,91,84,0.6231120824813843,0.6146257778068012
traffic_only,91,85,0.6033904552459717,0.6212211679123414
traffic_only,91,86,0.5875187516212463,0.6023972057822403
traffic_only,91,87,0.6470299363136292,0.5872479311100397
traffic_only,91,88,0.5876970291137695,0.6440503578872451
traffic_only,91,89,0.5944302082061768,0.5874180939839165
traffic_only,91,90,0.6356450915336609,0.5938448003980341
traffic_only,91,91,0.5637829303741455,0.6331837146616605
traffic_only,91,92,0.6539939641952515,0.5645924881818829
traffic_only,91,93,0.6564199924468994,0.6506974055954198
traffic_only,91,94,0.6742523312568665,0.6530130088359868
traffic_only,91,95,0.6155137419700623,0.6700336768794029
traffic_only,91,96,0.6379274129867554,0.6139686794472968
traffic_only,91,97,0.6163607239723206,0.635362152175408
traffic_only,91,98,0.6239795088768005,0.6147771095502023
traffic_only,91,99,0.7148080468177795,0.6220491118453169
traffic_only,91,100,0.6878741979598999,0.7087434265752578
traffic_only,91,101,0.6500042676925659,0.6830355199777632
traffic_only,91,102,0.6431980133056641,0.6468893072584685
traffic_only,91,103,0.6787180304527283,0.6403928517024676
traffic_only,91,104,0.6721157431602478,0.6742961117963544
traffic_only,91,105,0.6895940899848938,0.667994339407992
traffic_only,91,106,0.7139521837234497,0.6846771280438672
traffic_only,91,107,0.7515538334846497,0.7079265196190566
traffic_only,91,108,0.7317988872528076,0.7438166630988597
traffic_only,91,109,0.7652998566627502,0.7249608985459913
traffic_only,91,110,0.7717673182487488,0.7569370114684624
traffic_only,91,111,0.7383655309677124,0.7631100949833011
traffic_only,91,112,0.671288013458252,0.7312286497379049
traffic_only,91,113,0.6609769463539124,0.6672042853024995
traffic_only,91,114,0.7362765073776245,0.6573625448428433
traffic_only,91,115,0.8019096255302429,0.7292347117895144
traffic_only,91,116,0.7867714762687683,0.7918804212858833
traffic_only,91,117,0.7817285656929016,0.7774313119392603
traffic_only,91,118,0.74699866771698,0.7726179384497165
traffic_only,91,119,0.7316478490829468,0.739468833840989
traffic_only,91,120,0.754915714263916,0.7248167351483303
traffic_only,91,121,0.7096195816993713,0.7470255218669227
traffic_only,91,122,0.7655578851699829,0.7037911237182759
traffic_only,91,123,0.7808929681777954,0.7571832953471026
traffic_only,91,124,0.7264884114265442,0.7718203746486868
traffic_only,91,125,0.824468731880188,0.71989213851655
traffic_only,91,126,0.741415798664093,0.8134127095981669
traffic_only,91,127,0.7967392206192017,0.7341400790493888
traffic_only,91,128,0.8733353018760681,0.7869453565936573
traffic_only,91,129,0.7680109739303589,0.8600550303382453
traffic_only,91,130,0.7768831849098206,0.7595247273889869
traffic_only,91,131,0.8003349304199219,0.7679931038314625
traffic_only,91,132,0.7308499813079834,0.7903774012374204
traffic_only,91,133,0.8124100565910339,0.7240551837508995
traffic_only,91,134,0.7873653769493103,0.801902906463128
traffic_only,91,135,0.7670956254005432,0.7779981801690528
traffic_only,91,136,0.7746968865394592,0.7586510425831938
traffic_only,91,137,0.7603226900100708,0.7659063187382484
traffic_only,91,138,0.761994481086731,0.7521863894499603
traffic_only,91,139,0.7925463914871216,0.7537820859683483
traffic_only,91,140,0.7648728489875793,0.7829433715719275
traffic_only,91,141,0.7849591374397278,0.756529439810671
traffic_only,91,142,0.7898789048194885,0.7757014649505944
traffic_only,91,143,0.7447134256362915,0.7803973003266546
traffic_only,91,144,0.8061725497245789,0.7372876086372314
traffic_only,91,145,0.7605602741241455,0.7959493108678536
traffic_only,91,146,0.8144825100898743,0.7524131594985305
traffic_only,91,147,0.7557141780853271,0.8038810285375841
traffic_only,91,148,0.7613011598587036,0.7477876421806822
traffic_only,91,149,0.7724568247795105,0.7531203224949495
traffic_only,91,150,0.7857146859169006,0.7637682173921969
traffic_only,91,151,0.7806171774864197,0.7764226232886964
traffic_only,91,152,0.7936757802963257,0.7715571370634551
traffic_only,91,153,0.7815924286842346,0.7840213542313118
traffic_only,91,154,0.7669194936752319,0.7724879979602699
traffic_only,91,155,0.7486345767974854,0.7584829278080999
traffic_only,91,156,0.778622031211853,0.7410302815963966
traffic_only,91,157,0.7346300482749939,0.7696528034368151
traffic_only,91,158,0.7959188222885132,0.727663194215091
traffic_only,91,159,0.7326542735099792,0.7861623001590062
traffic_only,91,160,0.7494902014732361,0.7257773503691297
traffic_only,91,161,0.8063985705375671,0.7418469609860664
traffic_only,91,162,0.7335032820701599,0.7961650439396494
traffic_only,91,163,0.7558570504188538,0.7265877147875522
traffic_only,91,164,0.7345919609069824,0.7479240114246416
traffic_only,91,165,0.7761393785476685,0.727626840461695
traffic_only,91,166,0.74997878074646,0.7672831531450335
traffic_only,91,167,0.7865310907363892,0.7423133017005996
traffic_only,91,168,0.7727410197257996,0.777201867983946
traffic_only,91,169,0.7632182836532593,0.7640394766976616
traffic_only,91,170,0.7510420680046082,0.754950184974179
traffic_only,91,171,0.7489790916442871,0.743328191539145
traffic_only,91,172,0.7610465884208679,0.7413591152343132
traffic_only,91,173,0.7238667011260986,0.752877338331015
traffic_only,91,174,0.7608855366706848,0.7173897600453117
traffic_only,91,175,0.7539421916007996,0.752723617139034
traffic_only,91,176,0.7320656180381775,0.7460963108274608
traffic_only,91,177,0.7281394004821777,0.7252154886030288
traffic_only,91,178,0.7403769493103027,0.7214679798550706
traffic_only,91,179,0.726283848285675,0.7331485147803151
traffic_only,91,180,0.7022027969360352,0.719696886432583
traffic_only,91,181,0.7616451978683472,0.6967119271669153
traffic_only,91,182,0.7433286905288696,0.7534487009998031
traffic_only,91,183,0.6997729539871216,0.7359659022226854
traffic_only,91,184,0.7577304840087891,0.6943926828618455
traffic_only,91,185,0.7149592638015747,0.7497121723369865
traffic_only,91,186,0.7144057750701904,0.7088877606478173
traffic_only,91,187,0.7365458011627197,0.7083594649451024
traffic_only,91,188,0.682927668094635,0.7294917481867647
traffic_only,91,189,0.7064433693885803,0.6783141402585501
traffic_only,91,190,0.7104227542877197,0.700759482386564
traffic_only,91,191,0.6858320236206055,0.7045577384710311
traffic_only,91,192,0.7039591670036316,0.6810862988527987
traffic_only,91,193,0.639439582824707,0.698388352912328
traffic_only,91,194,0.6787652969360352,0.6368054929010034
traffic_only,91,195,0.6547344326972961,0.6743412268612105
traffic_only,91,196,0.7131778001785278,0.6514041703504089
traffic_only,91,197,0.7035949230194092,0.7071873835249717
traffic_only,91,198,0.6017568707466125,0.6980406881439357
traffic_only,91,199,0.6761091351509094,0.6008379768005141
traffic_only,91,200,0.7420927286148071,0.6718059650261805
traffic_only,91,201,0.6153482794761658,0.7347861973237517
traffic_only,91,202,0.7265154719352722,0.6138107482744843
traffic_only,91,203,0.6984158754348755,0.7199179673178674
traffic_only,91,204,0.6765236258506775,0.6930973741649453
traffic_only,91,205,0.7121729254722595,0.6722015894410718
traffic_only,91,206,0.676689088344574,0.7062282474866266
traffic_only,91,207,0.6886466145515442,0.6723595206138843
traffic_only,91,208,0.618514895439148,0.6837727786479639
traffic_only,91,209,0.712279736995697,0.616833230053306
traffic_only,91,210,0.681770920753479,0.7063301972927073
traffic_only,91,211,0.6947018504142761,0.677210044339684
traffic_only,91,212,0.6902788281440735,0.6895523996299601
traffic_only,91,213,0.7701029777526855,0.6853306991221344
traffic_only,91,214,0.6827535629272461,0.7615215099190203
traffic_only,91,215,0.7172455787658691,0.6781479597989732
traffic_only,91,216,0.6589370369911194,0.7110700099009664
traffic_only,91,217,0.7306041121482849,0.6554154855999273
traffic_only,91,218,0.7176796197891235,0.7238205057653622
traffic_only,91,219,0.7124735116958618,0.7114842947714348
traffic_only,91,220,0.6590946316719055,0.7065151519911271
traffic_only,91,221,0.6674041748046875,0.6555659070772026
traffic_only,91,222,0.6633573174476624,0.6634972265055031
traffic_only,91,223,0.7297236323356628,0.6596345690926414
traffic_only,91,224,0.7108008861541748,0.7229801025647908
traffic_only,91,225,0.6802922487258911,0.7049186589898792
traffic_only,91,226,0.6869238615036011,0.6757986767117545
traffic_only,91,227,0.729046642780304,0.6821284397834829
traffic_only,91,228,0.7213093042373657,0.7223339273987951
traffic_only,91,229,0.6882384419441223,0.7149487676459267
traffic_only,91,230,0.6679533123970032,0.6833831847461557
traffic_only,91,231,0.6823150515556335,0.6640213691190195
traffic_only,91,232,0.6303983926773071,0.6777294080560404
traffic_only,91,233,0.6593920588493347,0.6281758286793767
traffic_only,91,234,0.6725261807441711,0.6558497963251616
traffic_only,91,235,0.6426656246185303,0.6683860951918489
traffic_only,91,236,0.7065532803535461,0.6398846956377842
traffic_only,91,237,0.6421048641204834,0.7008643905575533
traffic_only,91,238,0.6080282926559448,0.6393494591558605
traffic_only,91,239,0.6529366970062256,0.6068239437348844
traffic_only,91,240,0.6091981530189514,0.6496882618117931
traffic_only,91,241,0.6529942154884338,0.607940555812979
traffic_only,91,242,0.6060858964920044,0.6497431622375005
traffic_only,91,243,0.6101440191268921,0.6049699592033233
traffic_only,91,244,0.624046266078949,0.6088433691347951
traffic_only,91,245,0.6443890929222107,0.6221128304741174
traffic_only,91,246,0.5775756239891052,0.6415297172018595
traffic_only,91,247,0.5708217620849609,0.577757382700013
traffic_only,91,248,0.5896015167236328,0.5713109348892939
traffic_only,91,249,0.6180625557899475,0.5892358954369803
traffic_only,91,250,0.5506580471992493,0.6164014794515503
traffic_only,91,251,0.5341492295265198,0.5520650075182885
traffic_only,91,252,0.5155346393585205,0.5363076181824739
traffic_only,91,253,0.514782190322876,0.5185403043494357
traffic_only,91,254,0.4641228914260864,0.5178221043762422
traffic_only,91,255,0.575221836566925,0.469468653994708
traffic_only,91,256,0.5187193751335144,0.5755107321184693
traffic_only,91,257,0.5185852646827698,0.521580081184646
traffic_only,91,258,0.5765758752822876,0.5214520750107167
traffic_only,91,259,0.4993530213832855,0.5768031393420937
traffic_only,91,260,0.5118337869644165,0.5030952216321923
traffic_only,91,261,0.4512732625007629,0.5150079028653118
traffic_only,91,262,0.4687046408653259,0.45720389889164964
traffic_only,91,263,0.4276250600814819,0.4738418569208332
traffic_only,91,264,0.4948941171169281,0.4346320866637934
traffic_only,91,265,0.3745935261249542,0.4988392723613865
traffic_only,91,266,0.4215854406356811,0.38401437774034614
traffic_only,91,267,0.4156372547149658,0.428867371289606
traffic_only,91,268,0.4236597418785095,0.4231899276802221
traffic_only,91,269,0.4115851521492004,0.4308472570046808
traffic_only,91,270,0.4145330786705017,0.4193222638036689
traffic_only,91,271,0.4476468563079834,0.4221360101815364
traffic_only,91,272,0.4035824239253998,0.453742555056965
traffic_only,91,273,0.4745951294898987,0.4116837940555025
traffic_only,91,274,0.4285796582698822,0.47946422942961103
traffic_only,91,275,0.3348197042942047,0.43554323460982314
traffic_only,91,276,0.3637581765651703,0.34605093248431623
traffic_only,91,277,0.3609562516212463,0.3736722184780751
traffic_only,91,278,0.3255457878112793,0.370997828154892
traffic_only,91,279,0.3694737553596496,0.3371991348821973
traffic_only,91,280,0.3677890598773956,0.3791276424902325
traffic_only,91,281,0.239094465970993,0.37751962893333096
traffic_only,91,282,0.2912425994873047,0.254682799440231
traffic_only,91,283,0.3792436420917511,0.3044573174730969
traffic_only,91,284,0.3166014850139618,0.38845283536935893
traffic_only,91,285,0.3166320025920868,0.3286619480097806
traffic_only,91,286,0.3425616323947906,0.32869107652580365
traffic_only,91,287,0.3724188208580017,0.3534404728929145
traffic_only,91,288,0.3732556402683258,0.3819386580697229
traffic_only,91,289,0.2920682430267334,0.38273738814922614
traffic_only,92,0,0.3125549554824829,0.359498037947236
traffic_only,92,1,0.330889493227005,0.3247996035008996
traffic_only,92,2,0.3036400079727173,0.3422996119969567
traffic_only,92,3,0.3026585280895233,0.31629043575766513
traffic_only,92,4,0.2908272445201874,0.3153536296852167
traffic_only,92,5,0.329629123210907,0.3040608681295292
traffic_only,92,6,0.3261440098285675,0.34109660997436786
traffic_only,92,7,0.3050097227096557,0.3377701277553719
traffic_only,92,8,0.3620617389678955,0.317597805480731
traffic_only,92,9,0.2968601882457733,0.37205299726950064
traffic_only,92,10,0.3117637932300567,0.30981921164083653
traffic_only,92,11,0.3266074955463409,0.3240444524121652
traffic_only,92,12,0.3800522983074188,0.33821251709247196
traffic_only,92,13,0.3809046745300293,0.38922468415233696
traffic_only,92,14,0.4091017246246338,0.390038262948016
traffic_only,92,15,0.3750516772270202,0.4169518739206601
traffic_only,92,16,0.362455815076828,0.38445167527630547
traffic_only,92,17,0.4642214775085449,0.37242913630013813
traffic_only,92,18,0.3854866921901703,0.46956275275545434
traffic_only,92,19,0.4361954927444458,0.39441172188648904
traffic_only,92,20,0.4803220629692077,0.44281242076911137
traffic_only,92,21,0.4985918402671814,0.4849304912978278
traffic_only,92,22,0.433571308851242,0.5023686870347853
traffic_only,92,23,0.4118295311927795,0.44030768129510944
traffic_only,92,24,0.4761918187141418,0.4195555194983847
traffic_only,92,25,0.5045685172080994,0.48098824249059835
traffic_only,92,26,0.4724557399749756,0.5080733248446752
traffic_only,92,27,0.4465276300907135,0.47742221805145585
traffic_only,92,28,0.4976783394813537,0.4526742724209828
traffic_only,92,29,0.4497480392456054,0.5014967658696108
traffic_only,92,30,0.5517563819885254,0.4557480988984584
traffic_only,92,31,0.6052811741828918,0.5531133496369541
traffic_only,92,32,0.5216898322105408,0.6042018652681139
traffic_only,92,33,0.564958393573761,0.5244153325997337
traffic_only,92,34,0.5213345289230347,0.5657144480734662
traffic_only,92,35,0.5163261294364929,0.52407620157627
traffic_only,92,36,0.5441765785217285,0.5192957683421507
traffic_only,92,37,0.5395926237106323,0.5458785544697283
traffic_only,92,38,0.5785166621208191,0.5415032465531874
traffic_only,92,39,0.5386381149291992,0.5786555877995676
traffic_only,92,40,0.5952948927879333,0.540592183944607
traffic_only,92,41,0.5482496619224548,0.5946701273158983
traffic_only,92,42,0.5079012513160706,0.5497662442010474
traffic_only,92,43,0.5652777552604675,0.5112543636042708
traffic_only,92,44,0.5339775085449219,0.5660192734423167
traffic_only,92,45,0.486946702003479,0.5361437133882113
traffic_only,92,46,0.4833990633487701,0.4912535980485118
traffic_only,92,47,0.4482929408550262,0.48786743650664827
traffic_only,92,48,0.557784914970398,0.45435923191132405
traffic_only,92,49,0.5171794891357422,0.5588674831674301
traffic_only,92,50,0.527927577495575,0.5201102858497719
traffic_only,92,51,0.5057052373886108,0.5303691557615395
traffic_only,92,52,0.4330076575279236,0.509158305174901
traffic_only,92,53,0.4852457344532013,0.4397696855689923
traffic_only,92,54,0.4663927555084228,0.4896300530758402
traffic_only,92,55,0.4327657520771026,0.47163520115718827
traffic_only,92,56,0.491736888885498,0.43953879087704
traffic_only,92,57,0.5176200866699219,0.4958257510147397
traffic_only,92,58,0.5013279318809509,0.5205308287998547
traffic_only,92,59,0.4590961337089538,0.5049802405494771
traffic_only,92,60,0.4371730983257293,0.4646706981376685
traffic_only,92,61,0.3615894317626953,0.443745528885424
traffic_only,92,62,0.4458281993865967,0.3716021879707376
traffic_only,92,63,0.4647913575172424,0.4520066775552161
traffic_only,92,64,0.4747113883495331,0.4701066936572051
traffic_only,92,65,0.4756915271282196,0.47957519655949965
traffic_only,92,66,0.4794052541255951,0.48051072257020877
traffic_only,92,67,0.4509225189685821,0.4840554126470298
traffic_only,92,68,0.4323678910732269,0.45686912007809954
traffic_only,92,69,0.4459791183471679,0.439159039227716
traffic_only,92,70,0.474371463060379,0.45215072716961136
traffic_only,92,71,0.4794295728206634,0.4792507435773131
traffic_only,92,72,0.408026248216629,0.4840786244332356
traffic_only,92,73,0.4146957695484161,0.4159253497431953
traffic_only,92,74,0.4500536918640136,0.422291295893421
traffic_only,92,75,0.4603323638439178,0.45603983919175184
traffic_only,92,76,0.4595049321651459,0.46585065904895
traffic_only,92,77,0.4930683970451355,0.4650608894016219
traffic_only,92,78,0.4425021409988403,0.49709665320114405
traffic_only,92,79,0.4149848818778991,0.4488320106585004
traffic_only,92,80,0.4922561645507812,0.4225672487585964
traffic_only,92,81,0.5042914152145386,0.4963213909201945
traffic_only,92,82,0.4354115128517151,0.5078088356435205
traffic_only,92,83,0.4420303106307983,0.44206412512213633
traffic_only,92,84,0.5056896209716797,0.44838165649280026
traffic_only,92,85,0.470805287361145,0.5091433995670923
traffic_only,92,86,0.4828558266162872,0.475846888737631
traffic_only,92,87,0.4199085831642151,0.48734892616478476
traffic_only,92,88,0.4077431261539459,0.42726683898242523
traffic_only,92,89,0.4405902028083801,0.41565511448712206
traffic_only,92,90,0.4832122325897217,0.44700709775132963
traffic_only,92,91,0.4773344099521637,0.4876891096834564
traffic_only,92,92,0.5474831461906433,0.4820788266466608
traffic_only,92,93,0.524526059627533,0.5490346178024995
traffic_only,92,94,0.4831506609916687,0.5271224640576263
traffic_only,92,95,0.5599679946899414,0.48763034062671456
traffic_only,92,96,0.4463838040828705,0.5609511961124698
traffic_only,92,97,0.5284120440483093,0.45253699291089755
traffic_only,92,98,0.5477383136749268,0.5308315709534055
traffic_only,92,99,0.5250158905982971,0.5492781708827627
traffic_only,92,100,0.4536436796188354,0.5275899994964495
traffic_only,92,101,0.5802217125892639,0.4594664222387606
traffic_only,92,102,0.5970426201820374,0.58028302984909
traffic_only,92,103,0.5679214000701904,0.5963383037745467
traffic_only,92,104,0.588396430015564,0.5685425880344466
traffic_only,92,105,0.5564331412315369,0.5880856604038668
traffic_only,92,106,0.6108783483505249,0.5575772378258542
traffic_only,92,107,0.5988049507141113,0.6095442740515998
traffic_only,92,108,0.6422048807144165,0.5980204186832451
traffic_only,92,109,0.6571477651596069,0.6394449233157955
traffic_only,92,110,0.5972982048988342,0.6537076556731772
traffic_only,92,111,0.6413525938987732,0.5965822550962397
traffic_only,92,112,0.6536284685134888,0.6386314298575657
traffic_only,92,113,0.651150107383728,0.6503485461027375
traffic_only,92,114,0.5556989908218384,0.6479829920085215
traffic_only,92,115,0.6555888056755066,0.556876503583948
traffic_only,92,116,0.6434580683708191,0.6522196550157886
traffic_only,92,117,0.6846674084663391,0.640641069896625
traffic_only,92,118,0.7223020195960999,0.6799746932383955
traffic_only,92,119,0.6543990969657898,0.7158962977911688
traffic_only,92,120,0.6564227938652039,0.6510840980239524
traffic_only,92,121,0.7741261124610901,0.6530156827427311
traffic_only,92,122,0.7170898914337158,0.7653615244620048
traffic_only,92,123,0.6808886528015137,0.7109214089559425
traffic_only,92,124,0.713467001914978,0.676367934390127
traffic_only,92,125,0.7499315142631531,0.7074634217275964
traffic_only,92,126,0.7064972519874573,0.7422681866357436
traffic_only,92,127,0.6902157664299011,0.7008109124226672
traffic_only,92,128,0.721052885055542,0.6852705077745712
traffic_only,92,129,0.7473689317703247,0.7147040198413737
traffic_only,92,130,0.7361505627632141,0.7398222446642999
traffic_only,92,131,0.6914896368980408,0.7291144997692864
traffic_only,92,132,0.7394295930862427,0.6864863957520022
traffic_only,92,133,0.6653090715408325,0.7322442791676775
traffic_only,92,134,0.7699266672134399,0.6614974856105611
traffic_only,92,135,0.7324583530426025,0.7613532244690278
traffic_only,92,136,0.7530220746994019,0.725590347571927
traffic_only,92,137,0.7542858719825745,0.7452180746910392
traffic_only,92,138,0.7173731923103333,0.7464243479825172
traffic_only,92,139,0.7295317649841309,0.7111918148869143
traffic_only,92,140,0.7198168039321899,0.7227969683986224
traffic_only,92,141,0.7401291131973267,0.7135242011591743
traffic_only,92,142,0.7423326373100281,0.7329119593708934
traffic_only,92,143,0.7369126081466675,0.7350151861460033
traffic_only,92,144,0.6596702337265015,0.7298418592953699
traffic_only,92,145,0.7571747899055481,0.6561153095757077
traffic_only,92,146,0.7831240296363831,0.7491817716438558
traffic_only,92,147,0.7397933602333069,0.7739498853581769
traffic_only,92,148,0.6924680471420288,0.732591488803007
traffic_only,92,149,0.7124319672584534,0.6874202719053585
traffic_only,92,150,0.7402715682983398,0.7064754985230254
traffic_only,92,151,0.6862058043479919,0.7330479303734229
traffic_only,92,152,0.6999684572219849,0.6814430662824483
traffic_only,92,153,0.6965439319610596,0.6945792874176182
traffic_only,92,154,0.6728085875511169,0.6913106355434219
traffic_only,92,155,0.6998183727264404,0.6686556477483279
traffic_only,92,156,0.6926833987236023,0.6944360342860829
traffic_only,92,157,0.6806445121765137,0.6876258213748727
traffic_only,92,158,0.669566810131073,0.6761349062619425
traffic_only,92,159,0.6783827543258667,0.6655614256204727
traffic_only,92,160,0.698540449142456,0.6739760963615309
traffic_only,92,161,0.6500051617622375,0.6932162776776175
traffic_only,92,162,0.6155052185058594,0.6468901606329613
traffic_only,92,163,0.6286365985870361,0.6139605439437982
traffic_only,92,164,0.639382004737854,0.626494225795374
traffic_only,92,165,0.6272913217544556,0.636750535583663
traffic_only,92,166,0.631189227104187,0.6252101816417797
traffic_only,92,167,0.5939427614212036,0.6289306668641303
traffic_only,92,168,0.5742772817611694,0.5933795406245252
traffic_only,92,169,0.6125847101211548,0.5746091704125761
traffic_only,92,170,0.645533561706543,0.6111729677170451
traffic_only,92,171,0.6259866952896118,0.6426220934443568
traffic_only,92,172,0.5973199009895325,0.623964937581794
traffic_only,92,173,0.6254288554191589,0.5966029636505998
traffic_only,92,174,0.6465878486633301,0.6234324887898806
traffic_only,92,175,0.5935615301132202,0.6436283926463408
traffic_only,92,176,0.5553452372550964,0.5930156617407686
traffic_only,92,177,0.5808828473091125,0.5565388517429386
traffic_only,92,178,0.6480839848518372,0.5809140718407456
traffic_only,92,179,0.6529452204704285,0.6450564295226976
traffic_only,92,180,0.6066171526908875,0.6496963973152916
traffic_only,92,181,0.6143375039100647,0.6054770343269824
traffic_only,92,182,0.5697445273399353,0.6128459799644864
traffic_only,92,183,0.6166008114814758,0.5702827324086598
traffic_only,92,184,0.6277559995651245,0.6150062690473523
traffic_only,92,185,0.580108106136322,0.6256537088115369
traffic_only,92,186,0.5887923836708069,0.5801745943968635
traffic_only,92,187,0.6182952523231506,0.5884635915209393
traffic_only,92,188,0.6377654671669006,0.6166235843862261
traffic_only,92,189,0.6071164608001709,0.6352075776089341
traffic_only,92,190,0.5782322287559509,0.6059536155354299
traffic_only,92,191,0.6260243654251099,0.5783841009275714
traffic_only,92,192,0.5837519764900208,0.6240008930937601
traffic_only,92,193,0.6502257585525513,0.5836526074799755
traffic_only,92,194,0.6119853854179382,0.6471007165661671
traffic_only,92,195,0.6823462247848511,0.6106009223486627
traffic_only,92,196,0.7153211832046509,0.6777591623800249
traffic_only,92,197,0.6464857459068298,0.7092332066425283
traffic_only,92,198,0.6834482550621033,0.6435309372792558
traffic_only,92,199,0.6904686093330383,0.6788110317799277
traffic_only,92,200,0.6102909445762634,0.6855118420811528
traffic_only,92,201,0.6711696982383728,0.6089836070097889
traffic_only,92,202,0.7300640344619751,0.6670913554112774
traffic_only,92,203,0.720229983329773,0.7233050106800402
traffic_only,92,204,0.7070738673210144,0.7139185739581426
traffic_only,92,205,0.6847130060195923,0.701361282078931
traffic_only,92,206,0.6752402186393738,0.6800182153375315
traffic_only,92,207,0.7324406504631042,0.6709765988023835
traffic_only,92,208,0.6695543527603149,0.7255734507569683
traffic_only,92,209,0.7272505164146423,0.6655495352692056
traffic_only,92,210,0.7572809457778931,0.7206195549342663
traffic_only,92,211,0.751184344291687,0.749283095641975
traffic_only,92,212,0.7218673229217529,0.7434639918667759
traffic_only,92,213,0.6638355255126953,0.7154813871127389
traffic_only,92,214,0.7158007621765137,0.6600910106630573
traffic_only,92,215,0.7658156752586365,0.7096909567204999
traffic_only,92,216,0.7479956150054932,0.7574293516592113
traffic_only,92,217,0.7709173560142517,0.740420403292164
traffic_only,92,218,0.7576894164085388,0.7622988202987527
traffic_only,92,219,0.7209943532943726,0.7496729740019477
traffic_only,92,220,0.7282865643501282,0.7146481522579076
traffic_only,92,221,0.7278344631195068,0.7216084452965958
traffic_only,92,222,0.722107470035553,0.7211769222613715
traffic_only,92,223,0.7802086472511292,0.7157106035015218
traffic_only,92,224,0.7246715426445007,0.7711672018118496
traffic_only,92,225,0.7880830764770508,0.7181579677637869
traffic_only,92,226,0.7403304576873779,0.7786832123202901
traffic_only,92,227,0.7002586126327515,0.7331041393066862
traffic_only,92,228,0.7889419794082642,0.6948562358863686
traffic_only,92,229,0.7435036897659302,0.7795030207497672
traffic_only,92,230,0.7552477717399597,0.7361329360567551
traffic_only,92,231,0.7633656859397888,0.747342465153572
traffic_only,92,232,0.7646224498748779,0.7550908779822356
traffic_only,92,233,0.7464272975921631,0.7562904380610366
traffic_only,92,234,0.7113569974899292,0.7389234706484168
traffic_only,92,235,0.7474701404571533,0.7054494579244399
traffic_only,92,236,0.7646076679229736,0.739918846656892
traffic_only,92,237,0.7600948810577393,0.7562763289360879
traffic_only,92,238,0.818465530872345,0.7519689496291789
traffic_only,92,239,0.7275264263153076,0.8076827550116554
traffic_only,92,240,0.7130575180053711,0.7208829063027639
traffic_only,92,241,0.706713080406189,0.7070725762098652
traffic_only,92,242,0.6655715107917786,0.7010169170252444
traffic_only,92,243,0.6709607243537903,0.6617479794700328
traffic_only,92,244,0.6347637176513672,0.6668918933464789
traffic_only,92,245,0.6540298461914062,0.6323424580865962
traffic_only,92,246,0.6353552937507629,0.6507316543584001
traffic_only,92,247,0.6965526342391968,0.6329071075427072
traffic_only,92,248,0.6627568602561951,0.6913189417218191
traffic_only,92,249,0.6190190315246582,0.6590614427832348
traffic_only,92,250,0.6050046682357788,0.617314419484015
traffic_only,92,251,0.6135818958282471,0.6039379449832878
traffic_only,92,252,0.5919758677482605,0.6121247647347515
traffic_only,92,253,0.5808786749839783,0.5915021736318598
traffic_only,92,254,0.5897346138954163,0.5809100894264456
traffic_only,92,255,0.5760746002197266,0.5893629344531511
traffic_only,92,256,0.5405630469322205,0.5763246807097618
traffic_only,92,257,0.5740175843238831,0.5424294992277408
traffic_only,92,258,0.4735900461673736,0.5743612935682157
traffic_only,92,259,0.5115355849266052,0.47850489427055093
traffic_only,92,260,0.5010155439376831,0.5147232740261256
traffic_only,92,261,0.4954988956451416,0.5046820715016709
traffic_only,92,262,0.5248240232467651,0.49941652331417535
traffic_only,92,263,0.4758586287498474,0.527406865330281
traffic_only,92,264,0.4773406982421875,0.4806702182629249
traffic_only,92,265,0.4527903795242309,0.4820848287139272
traffic_only,92,266,0.4363897144794464,0.4586519616227723
traffic_only,92,267,0.4504190981388092,0.44299780215477763
traffic_only,92,268,0.4713031649589538,0.45638861334698494
traffic_only,92,269,0.4646706581115722,0.47632210454688984
traffic_only,92,270,0.4731732904911041,0.4699914881006686
traffic_only,92,271,0.3775933682918548,0.47810710797361117
traffic_only,92,272,0.4309587180614471,0.38687767673043255
traffic_only,92,273,0.4142498075962066,0.43781400724369834
traffic_only,92,274,0.3467016220092773,0.421865632696381
traffic_only,92,275,0.3958741426467895,0.35739202348211613
traffic_only,92,276,0.3713594377040863,0.40432636897365215
traffic_only,92,277,0.4053693413734436,0.38092749463312964
traffic_only,92,278,0.3528454899787903,0.41338937676275467
traffic_only,92,279,0.3627774715423584,0.3632562423221714
traffic_only,92,280,0.3684380948543548,0.3727361519968538
traffic_only,92,281,0.3965722918510437,0.37813912192351656
traffic_only,92,282,0.3455111384391784,0.4049927406693124
traffic_only,92,283,0.3647503554821014,0.35625572689905277
traffic_only,92,284,0.3239858746528625,0.3746192365986214
traffic_only,92,285,0.2677780389785766,0.335710223958683
traffic_only,92,286,0.4107605516910553,0.28206078836607457
traffic_only,92,287,0.3867579102516174,0.4185351965089015
traffic_only,92,288,0.3365193009376526,0.39562507818625786
traffic_only,92,289,0.3157074749469757,0.3476731689494322
traffic_only,93,0,0.3246715664863586,0.33397010803028626
traffic_only,93,1,0.3072186112403869,0.33636470530307594
traffic_only,93,2,0.2695581912994385,0.3197061525027981
traffic_only,93,3,0.411451518535614,0.2837599138729975
traffic_only,93,4,0.2849099934101105,0.41919471276280235
traffic_only,93,5,0.3005172908306122,0.2984129512775983
traffic_only,93,6,0.3209386169910431,0.3133098546664429
traffic_only,93,7,0.379187673330307,0.33280166767465846
traffic_only,93,8,0.387524276971817,0.3883994141261057
traffic_only,93,9,0.3481588661670685,0.39635656235572353
traffic_only,93,10,0.3419484496116638,0.3587829385680334
traffic_only,93,11,0.2633683085441589,0.35285520021989275
traffic_only,93,12,0.350995123386383,0.27785177469237626
traffic_only,93,13,0.2799334526062011,0.3614900984717423
traffic_only,93,14,0.3843819200992584,0.29366292662124127
traffic_only,93,15,0.2589358687400818,0.3933572354714748
traffic_only,93,16,0.3864648938179016,0.27362108530655926
traffic_only,93,17,0.3496066927909851,0.3953453989191303
traffic_only,93,18,0.3758545517921448,0.36016486477595916
traffic_only,93,19,0.4087136089801788,0.3852180055708964
traffic_only,93,20,0.3966843783855438,0.4165814240533083
traffic_only,93,21,0.2749979197978973,0.405099725384901
traffic_only,93,22,0.4271882176399231,0.2889520434082903
traffic_only,93,23,0.417284607887268,0.4342151278865806
traffic_only,93,24,0.3395081758499145,0.42476229862913834
traffic_only,93,25,0.4412099719047546,0.35052599987907274
traffic_only,93,26,0.3839943408966064,0.4475986569497821
traffic_only,93,27,0.3663212060928345,0.3929872976288187
traffic_only,93,28,0.4227142035961151,0.37611858713676516
traffic_only,93,29,0.3872527480125427,0.42994475658684544
traffic_only,93,30,0.3814188539981842,0.3960973925222411
traffic_only,93,31,0.3814626038074493,0.39052903861886146
traffic_only,93,32,0.4441110491752624,0.39057079707737885
traffic_only,93,33,0.4685644209384918,0.4503676865042236
traffic_only,93,34,0.4493121206760406,0.4737080193545358
traffic_only,93,35,0.4924190044403076,0.4553320219415549
traffic_only,93,36,0.3821598887443542,0.4964768188611613
traffic_only,93,37,0.413445770740509,0.39123634384436257
traffic_only,93,38,0.4915878772735595,0.4210981930149494
traffic_only,93,39,0.4328081309795379,0.4956835219325959
traffic_only,93,40,0.4537620842456817,0.4395792408280017
traffic_only,93,41,0.5213326215744019,0.4595794374674321
traffic_only,93,42,0.5279552340507507,0.5240743810440186
traffic_only,93,43,0.4795304834842682,0.5303955534791854
traffic_only,93,44,0.4746552407741546,0.4841749419676635
traffic_only,93,45,0.4728211164474487,0.4795216046413478
traffic_only,93,46,0.5007501840591431,0.4777709637608724
traffic_only,93,47,0.5177371501922607,0.5044287899521892
traffic_only,93,48,0.5239319205284119,0.5206425639667869
traffic_only,93,49,0.462747186422348,0.5265553682613024
traffic_only,93,50,0.5490244030952454,0.4681555666625399
traffic_only,93,51,0.4542916119098663,0.5505057216449295
traffic_only,93,52,0.5233871936798096,0.46008486273373833
traffic_only,93,53,0.47215336561203,0.5260354356286175
traffic_only,93,54,0.5478606224060059,0.47713360679796957
traffic_only,93,55,0.5764244794845581,0.5493949125133862
traffic_only,93,56,0.5222448110580444,0.5766586345946355
traffic_only,93,57,0.5838541984558105,0.5249450505932701
traffic_only,93,58,0.528579831123352,0.5837501766303261
traffic_only,93,59,0.6128796339035034,0.5309917208998994
traffic_only,93,60,0.5630875825881958,0.6114544675164242
traffic_only,93,61,0.6162073612213135,0.563928790392967
traffic_only,93,62,0.5193185806274414,0.6146307273788598
traffic_only,93,63,0.558316707611084,0.5221520127697628
traffic_only,93,64,0.5583046078681946,0.5593750703157849
traffic_only,93,65,0.5403078198432922,0.5593635213143148
traffic_only,93,66,0.5609267354011536,0.5421858892558449
traffic_only,93,67,0.5798018574714661,0.5618662980269831
traffic_only,93,68,0.5989722013473511,0.5798822851872415
traffic_only,93,69,0.5689849257469177,0.5981800566050434
traffic_only,93,70,0.5520003437995911,0.5695577054395234
traffic_only,93,71,0.5267742872238159,0.55334620709024
traffic_only,93,72,0.5480390787124634,0.5292683595573793
traffic_only,93,73,0.5351527333259583,0.5495652460621617
traffic_only,93,74,0.5651351809501648,0.5372654457132632
traffic_only,93,75,0.6380947232246399,0.5658831886565215
traffic_only,93,76,0.5779512524604797,0.6355218469888391
traffic_only,93,77,0.5903202295303345,0.578115913770281
traffic_only,93,78,0.5208715796470642,0.5899218947459763
traffic_only,93,79,0.5374855995178223,0.5236343242638656
traffic_only,93,80,0.5398553013801575,0.5394921273316738
traffic_only,93,81,0.594731330871582,0.5417539679791905
traffic_only,93,82,0.5205287337303162,0.5941322169272304
traffic_only,93,83,0.6111792325973511,0.5233070835916691
traffic_only,93,84,0.551971435546875,0.6098314630142646
traffic_only,93,85,0.5322346687316895,0.5533186146483041
traffic_only,93,86,0.5335198044776917,0.5344802020434573
traffic_only,93,87,0.5717525482177734,0.5357068425394984
traffic_only,93,88,0.5017876029014587,0.572199354627997
traffic_only,93,89,0.5408113598823547,0.5054189888220744
traffic_only,93,90,0.5974142551422119,0.5426665097702252
traffic_only,93,91,0.534713864326477,0.5966930231054133
traffic_only,93,92,0.5675272345542908,0.5368465526205332
traffic_only,93,93,0.6013309955596924,0.5681663636663598
traffic_only,93,94,0.5603840351104736,0.6004314860837471
traffic_only,93,95,0.594107985496521,0.5613482997098154
traffic_only,93,96,0.6202180981636047,0.5935372442308063
traffic_only,93,97,0.5761403441429138,0.6184589084622099
traffic_only,93,98,0.6277679204940796,0.5763874321808037
traffic_only,93,99,0.6164828538894653,0.6256650871381084
traffic_only,93,100,0.5776507258415222,0.6148936805059273
traffic_only,93,101,0.620549201965332,0.5778290661574135
traffic_only,93,102,0.5542584657669067,0.6187749414827335
traffic_only,93,103,0.561909556388855,0.5555015466010473
traffic_only,93,104,0.5962015390396118,0.5628043841611708
traffic_only,93,105,0.6266801357269287,0.5955355059432941
traffic_only,93,106,0.6346930265426636,0.6246268148384585
traffic_only,93,107,0.6381461024284363,0.6322749846100272
traffic_only,93,108,0.6820062398910522,0.6355708875763623
traffic_only,93,109,0.69412761926651,0.6774346525062056
traffic_only,93,110,0.6600255966186523,0.6890043056390106
traffic_only,93,111,0.6710206270217896,0.6564544974908043
traffic_only,93,112,0.6942763328552246,0.6669490694375007
traffic_only,93,113,0.6655746102333069,0.6891462502629901
traffic_only,93,114,0.7511836886405945,0.6617509378349414
traffic_only,93,115,0.76773601770401,0.7434633660588145
traffic_only,93,116,0.7666764855384827,0.7592622862866152
traffic_only,93,117,0.7654839754104614,0.7582509806209398
traffic_only,93,118,0.8420646786689758,0.7571127497223592
traffic_only,93,119,0.793950080871582,0.83020774542567
traffic_only,93,120,0.8405903577804565,0.7842831695257222
traffic_only,93,121,0.8867921829223633,0.8288005308869391
traffic_only,93,122,0.8843991160392761,0.8728993973968561
traffic_only,93,123,0.8884792923927307,0.8706152552292592
traffic_only,93,124,0.9511812925338744,0.8745097150648883
traffic_only,93,125,0.9120988845825196,0.9343577216238554
traffic_only,93,126,0.9111210107803344,0.8970542193089731
traffic_only,93,127,0.9408727288246156,0.8961208551803123
traffic_only,93,128,0.9117013812065125,0.9245183706127794
traffic_only,93,129,0.9184918403625488,0.8966748090094462
traffic_only,93,130,0.9453369975090028,0.9031561882827398
traffic_only,93,131,1.0,0.9287794401305425
traffic_only,93,132,0.9700133204460144,0.9809543583827494
traffic_only,93,133,0.9727442860603333,0.952332576133558
traffic_only,93,134,0.9975483417510986,0.9549392369678242
traffic_only,93,135,0.9240598678588868,0.9786142917400537
traffic_only,93,136,0.9669817090034484,0.9084707770577586
traffic_only,93,137,0.9424473643302916,0.9494389539031585
traffic_only,93,138,0.9443143606185912,0.9260213337696094
traffic_only,93,139,0.8724431395530701,0.9278033503856057
traffic_only,93,140,0.9116356372833252,0.8592034763776338
traffic_only,93,141,0.9203338027000428,0.8966120575384043
traffic_only,93,142,0.9182479977607728,0.904914310412936
traffic_only,93,143,0.8360729813575745,0.9029234446127198
traffic_only,93,144,0.9079408049583436,0.8244887709243001
traffic_only,93,145,0.920019507408142,0.8930854021091992
traffic_only,93,146,0.9197061061859132,0.9046143208328781
traffic_only,93,147,0.9032829403877258,0.9043151846273134
traffic_only,93,148,0.8952059745788574,0.8886395485679149
traffic_only,93,149,0.9616492390632628,0.8809302202910244
traffic_only,93,150,0.8679967522621155,0.9443492008611928
traffic_only,93,151,0.9168244004249572,0.8549594743497281
traffic_only,93,152,0.8647072911262512,0.9015646448535504
traffic_only,93,153,0.8388491272926331,0.8518197389155869
traffic_only,93,154,0.9067066311836244,0.8271385556162721
traffic_only,93,155,0.905709743499756,0.8919074039592513
traffic_only,93,156,0.8687098026275635,0.8909558913997092
traffic_only,93,157,0.9084049463272096,0.8556400689536027
traffic_only,93,158,0.846441388130188,0.8935284172542608
traffic_only,93,159,0.8531013131141663,0.8343852411347653
traffic_only,93,160,0.897523045539856,0.8407420277321009
traffic_only,93,161,0.9393246173858644,0.8831418256267278
traffic_only,93,162,0.9113783836364746,0.9230407242325709
traffic_only,93,163,0.8657342791557312,0.8963665132509913
traffic_only,93,164,0.8087684512138367,0.8527999817497222
traffic_only,93,165,0.7908570766448975,0.7984270552620646
traffic_only,93,166,0.7806829214096069,0.7813309489134794
traffic_only,93,167,0.8602012395858765,0.7716198885344969
traffic_only,93,168,0.7881930470466614,0.8475187883631908
traffic_only,93,169,0.8608314394950867,0.7787881773829123
traffic_only,93,170,0.7578915953636169,0.8481203035973934
traffic_only,93,171,0.7058851718902588,0.7498659504206004
traffic_only,93,172,0.7490810751914978,0.7002266922448533
traffic_only,93,173,0.7285450100898743,0.7414564568181324
traffic_only,93,174,0.649836003780365,0.7218551274166661
traffic_only,93,175,0.7335176467895508,0.6467287021789117
traffic_only,93,176,0.663878321647644,0.7266014256710709
traffic_only,93,177,0.7421642541885376,0.660131858855449
traffic_only,93,178,0.6207563877105713,0.7348544672831808
traffic_only,93,179,0.6312210559844971,0.6189726967985462
traffic_only,93,180,0.6789365410804749,0.6289610469960764
traffic_only,93,181,0.6573914885520935,0.6745046765224101
traffic_only,93,182,0.6116635799407959,0.6539402855599317
traffic_only,93,183,0.6779277920722961,0.6102937644228649
traffic_only,93,184,0.6455042362213135,0.6735418425279294
traffic_only,93,185,0.6557747721672058,0.6425941027609909
traffic_only,93,186,0.6194894313812256,0.6523971569103041
traffic_only,93,187,0.6269788146018982,0.6177634082505267
traffic_only,93,188,0.6646344065666199,0.6249118988107076
traffic_only,93,189,0.5797130465507507,0.6608535292182468
traffic_only,93,190,0.6049313545227051,0.5797975166542838
traffic_only,93,191,0.6490410566329956,0.6038679682748731
traffic_only,93,192,0.6565114855766296,0.6459699384714909
traffic_only,93,193,0.6084153056144714,0.6531003374924231
traffic_only,93,194,0.6626339554786682,0.6071933411070283
traffic_only,93,195,0.6323467493057251,0.6589441322362825
traffic_only,93,196,0.6614627838134766,0.6300355023742236
traffic_only,93,197,0.630229651927948,0.657826268542265
traffic_only,93,198,0.6483802199363708,0.6280147684667571
traffic_only,93,199,0.7142625451087952,0.6453391809379995
traffic_only,93,200,0.6178604364395142,0.7082227543513457
traffic_only,93,201,0.6724156737327576,0.6162085599245304
traffic_only,93,202,0.6138863563537598,0.6682806181045311
traffic_only,93,203,0.7107008695602417,0.6124153671953878
traffic_only,93,204,0.6120030879974365,0.7048231948299443
traffic_only,93,205,0.6883769035339355,0.6106178191636213
traffic_only,93,206,0.7061772346496582,0.6835153440092837
traffic_only,93,207,0.6363153457641602,0.7005054612458552
traffic_only,93,208,0.7054921984672546,0.6338234610731434
traffic_only,93,209,0.6513168215751648,0.6998516057094236
traffic_only,93,210,0.6451990008354187,0.648142117905624
traffic_only,93,211,0.6671044230461121,0.6423027607091276
traffic_only,93,212,0.6600446105003357,0.6632111184838626
traffic_only,93,213,0.7645328044891357,0.6564726459216859
traffic_only,93,214,0.6712592244148254,0.7562048730452189
traffic_only,93,215,0.6928644180297852,0.6671768066438294
traffic_only,93,216,0.6986470222473145,0.687798601263861
traffic_only,93,217,0.6904273629188538,0.6933179999171668
traffic_only,93,218,0.6825774312019348,0.6854724730712154
traffic_only,93,219,0.697942316532135,0.6779798450238792
traffic_only,93,220,0.734121561050415,0.6926453701418923
traffic_only,93,221,0.7286681532859802,0.7271778516951833
traffic_only,93,222,0.7717456221580505,0.7219726655301497
traffic_only,93,223,0.7035379409790039,0.7630893864289409
traffic_only,93,224,0.7818832397460938,0.6979862997429239
traffic_only,93,225,0.729461133480072,0.7727655722369817
traffic_only,93,226,0.7279280424118042,0.7227295518136863
traffic_only,93,227,0.7437655925750732,0.7212662421249578
traffic_only,93,228,0.7654086947441101,0.7363829178915311
traffic_only,93,229,0.6786015629768372,0.7570408955900602
traffic_only,93,230,0.6568789482116699,0.6741849455457508
traffic_only,93,231,0.6786521077156067,0.6534510744089898
traffic_only,93,232,0.6756248474121094,0.674233189650414
traffic_only,93,233,0.7246851325035095,0.6713437205092131
traffic_only,93,234,0.6300336718559265,0.7181709390560784
traffic_only,93,235,0.6600101590156555,0.6278277087779215
traffic_only,93,236,0.664368748664856,0.6564397625578942
traffic_only,93,237,0.6110183596611023,0.6605999632106008
traffic_only,93,238,0.6600955128669739,0.6096779124971822
traffic_only,93,239,0.6462810039520264,0.6565212313761462
traffic_only,93,240,0.5851793885231018,0.6433355145203903
traffic_only,93,241,0.6662944555282593,0.5850150483036476
traffic_only,93,242,0.5598138570785522,0.6624380180849617
traffic_only,93,243,0.628908097743988,0.5608040743499002
traffic_only,93,244,0.6159567832946777,0.62675336718304
traffic_only,93,245,0.5193287134170532,0.6143915549543267
traffic_only,93,246,0.6042383313179016,0.5221616843473486
traffic_only,93,247,0.6026129126548767,0.6032064892596386
traffic_only,93,248,0.5649780035018921,0.6016550544316138
traffic_only,93,249,0.5753042697906494,0.5657331654206763
traffic_only,93,250,0.5542327761650085,0.5755894132467112
traffic_only,93,251,0.5665407776832581,0.5554770263072858
traffic_only,93,252,0.534710705280304,0.5672248071425677
traffic_only,93,253,0.5367404222488403,0.5368435373639917
traffic_only,93,254,0.4582786560058594,0.5387808681376891
traffic_only,93,255,0.5092834234237671,0.4638904293930276
traffic_only,93,256,0.5199764370918274,0.512573623678604
traffic_only,93,257,0.4952562749385834,0.5227799257216112
traffic_only,93,258,0.4656095206737518,0.4991849459226288
traffic_only,93,259,0.4570486843585968,0.47088761665562395
traffic_only,93,260,0.4696543216705322,0.4627164421031961
traffic_only,93,261,0.3941805362701416,0.4747483113071521
traffic_only,93,262,0.4829345643520355,0.4027098501176385
traffic_only,93,263,0.4362332820892334,0.4874240800117896
traffic_only,93,264,0.4842546880245209,0.442848490064343
traffic_only,93,265,0.4402693212032318,0.4886841158963181
traffic_only,93,266,0.4705670773983001,0.44670082164584113
traffic_only,93,267,0.3919701278209686,0.4756195213269158
traffic_only,93,268,0.4534683525562286,0.4006000523589335
traffic_only,93,269,0.4315071105957031,0.4592990755007102
traffic_only,93,270,0.4577511548995971,0.4383374387118041
traffic_only,93,271,0.3837091326713562,0.46338693844223844
traffic_only,93,272,0.3850222826004028,0.39271507116559545
traffic_only,93,273,0.3761337101459503,0.39396845072907954
traffic_only,93,274,0.4137390255928039,0.3854844575333846
traffic_only,93,275,0.3430439233779907,0.4213780998486084
traffic_only,93,276,0.3695440292358398,0.3539008115401812
traffic_only,93,277,0.3537282645702362,0.3791947177253715
traffic_only,93,278,0.4146186709403991,0.36409883585060776
traffic_only,93,279,0.3576532006263733,0.4222177065663198
traffic_only,93,280,0.3799569010734558,0.36784512142845943
traffic_only,93,281,0.3051396012306213,0.3891336290939485
traffic_only,93,282,0.3552770018577575,0.31772177234872756
traffic_only,93,283,0.4116521179676056,0.36557707959296126
traffic_only,93,284,0.3017443120479584,0.41938618155318436
traffic_only,93,285,0.322290688753128,0.31448102582044796
traffic_only,93,286,0.4201291501522064,0.3340921974743985
traffic_only,93,287,0.344759464263916,0.42747736646981455
traffic_only,93,288,0.3846639096736908,0.35553826651708653
traffic_only,93,289,0.3328503668308258,0.39362638978652376
traffic_only,94,0,0.2495006024837494,0.31833074038683457
traffic_only,94,1,0.3548376858234405,0.264615282054295
traffic_only,94,2,0.3614366948604584,0.3651577598129849
traffic_only,94,3,0.3365260362625122,0.37145640316154016
traffic_only,94,4,0.3030116558074951,0.3476795977039451
traffic_only,94,5,0.2628867924213409,0.3156906841640811
traffic_only,94,6,0.3672299981117248,0.2773921756363367
traffic_only,94,7,0.324889063835144,0.3769860138629438
traffic_only,94,8,0.3256235122680664,0.3365723028713731
traffic_only,94,9,0.3238775134086609,0.3372733215714436
traffic_only,94,10,0.3258032202720642,0.33560679497014806
traffic_only,94,11,0.3088614344596863,0.337444849844509
traffic_only,94,12,0.3571118414402008,0.3212741996876173
traffic_only,94,13,0.265837162733078,0.36732840317303095
traffic_only,94,14,0.3174513280391693,0.28020825457115145
traffic_only,94,15,0.2655582726001739,0.3294731089110632
traffic_only,94,16,0.3067983388900757,0.279942058621011
traffic_only,94,17,0.3341214060783386,0.31930500959951974
traffic_only,94,18,0.3522883951663971,0.3453844185595739
traffic_only,94,19,0.2751322090625763,0.3627245046756685
traffic_only,94,20,0.3372905850410461,0.2890802202571183
traffic_only,94,21,0.2683822214603424,0.3484093466786085
traffic_only,94,22,0.3476073741912842,0.28263747040253495
traffic_only,94,23,0.3580464720726013,0.35825654873501916
traffic_only,94,24,0.3303723931312561,0.3682204924220534
traffic_only,94,25,0.3267540633678436,0.3418060486361012
traffic_only,94,26,0.359754353761673,0.33835241361766866
traffic_only,94,27,0.3321475386619568,0.3698506368241365
traffic_only,94,28,0.2857136130332947,0.34350039524586407
traffic_only,94,29,0.3681200742721557,0.29917999271759993
traffic_only,94,30,0.3138631582260132,0.3778355766164052
traffic_only,94,31,0.35507732629776,0.32604826105885654
traffic_only,94,32,0.357915461063385,0.3653864926228886
traffic_only,94,33,0.3633271753787994,0.36809544461303256
traffic_only,94,34,0.3168783783912658,0.37326083508088226
traffic_only,94,35,0.3915082812309265,0.32892623809022015
traffic_only,94,36,0.3150481581687927,0.400159227541737
traffic_only,94,37,0.3117082715034485,0.32717932361169705
traffic_only,94,38,0.2886289060115814,0.3239914578561584
traffic_only,94,39,0.3998647034168243,0.3019625909264779
traffic_only,94,40,0.4228975474834442,0.40813529223927997
traffic_only,94,41,0.3656392693519592,0.4301197552495152
traffic_only,94,42,0.3408117592334747,0.3754676899652421
traffic_only,94,43,0.3909141719341278,0.35177024833548326
traffic_only,94,44,0.3495940864086151,0.3995921601912296
traffic_only,94,45,0.3873374164104461,0.3601528321956098
traffic_only,94,46,0.4124954044818878,0.39617820708671514
traffic_only,94,47,0.4107820689678192,0.42019108437485264
traffic_only,94,48,0.3259154260158539,0.418555734388363
traffic_only,94,49,0.430097371339798,0.3375519483433633
traffic_only,94,50,0.3491614162921905,0.4369918662572743
traffic_only,94,51,0.3607107400894165,0.3597398558326969
traffic_only,94,52,0.426375538110733,0.37076349151915194
traffic_only,94,53,0.4356000125408172,0.43343943891838466
traffic_only,94,54,0.3855431675910949,0.4422440449110482
traffic_only,94,55,0.4208333194255829,0.39446562670862145
traffic_only,94,56,0.358949214220047,0.42814948422039334
traffic_only,94,57,0.4215672612190246,0.36908214464749706
traffic_only,94,58,0.4082353115081787,0.42885001934158445
traffic_only,94,59,0.4127233624458313,0.4161248971454431
traffic_only,94,60,0.4689920842647552,0.42040866642471625
traffic_only,94,61,0.480623334646225,0.47411621682028854
traffic_only,94,62,0.404612123966217,0.4852180500561062
traffic_only,94,63,0.4850811958312988,0.4126666254589326
traffic_only,94,64,0.4571821093559265,0.48947300372333696
traffic_only,94,65,0.4724390804767608,0.4628437940233477
traffic_only,94,66,0.5314887762069702,0.4774063168400721
traffic_only,94,67,0.5209657549858093,0.5337682601498782
traffic_only,94,68,0.6066104769706726,0.5237242130437805
traffic_only,94,69,0.5870649814605713,0.6054706624641024
traffic_only,94,70,0.5850062370300293,0.5868148151090954
traffic_only,94,71,0.5612890124320984,0.5848497781101964
traffic_only,94,72,0.5229538679122925,0.5622120853714911
traffic_only,94,73,0.5420928597450256,0.5256218334577433
traffic_only,94,74,0.598616898059845,0.543889679876662
traffic_only,94,75,0.5398682951927185,0.5978409255815796
traffic_only,94,76,0.6040031909942627,0.5417663703551534
traffic_only,94,77,0.5978085994720459,0.6029820517680157
traffic_only,94,78,0.6145445704460144,0.5970694181483988
traffic_only,94,79,0.5884746313095093,0.6130436214970334
traffic_only,94,80,0.65518718957901,0.5881603022261759
traffic_only,94,81,0.6065388321876526,0.6518363191935946
traffic_only,94,82,0.5961768627166748,0.6054022787214077
traffic_only,94,83,0.6442025303840637,0.5955119528072911
traffic_only,94,84,0.6024585366249084,0.6413516463910155
traffic_only,94,85,0.5742575526237488,0.6015077051025128
traffic_only,94,86,0.5914384722709656,0.5745903392821002
traffic_only,94,87,0.6072971820831299,0.5909892386700163
traffic_only,94,88,0.5798770189285278,0.606126110966254
traffic_only,94,89,0.6225090026855469,0.5799540255362748
traffic_only,94,90,0.5547228455543518,0.6206455383710889
traffic_only,94,91,0.6250126361846924,0.5559447893126404
traffic_only,94,92,0.6037471890449524,0.6230352145176364
traffic_only,94,93,0.6406652331352234,0.6027377022048925
traffic_only,94,94,0.5538895130157471,0.6379753555474528
traffic_only,94,95,0.5645806193351746,0.5551493873936593
traffic_only,94,96,0.6181133985519409,0.5653538689044152
traffic_only,94,97,0.6209045648574829,0.6164500080143778
traffic_only,94,98,0.6626489758491516,0.61911412939783
traffic_only,94,99,0.5933194756507874,0.6589584689277626
traffic_only,94,100,0.6464690566062927,0.5927846248197342
traffic_only,94,101,0.641746997833252,0.6435150076220557
traffic_only,94,102,0.6443690657615662,0.6390078817921839
traffic_only,94,103,0.6652278304100037,0.6415106016132194
traffic_only,94,104,0.586304247379303,0.6614199423149763
traffic_only,94,105,0.6811628341674805,0.5860887071989348
traffic_only,94,106,0.6688709259033203,0.6766296359012716
traffic_only,94,107,0.7343367338180542,0.6648972158068611
traffic_only,94,108,0.6967650651931763,0.727383230489799
traffic_only,94,109,0.7025543451309204,0.6915217035013232
traffic_only,94,110,0.6891078352928162,0.6970474740175091
traffic_only,94,111,0.7261163592338562,0.6842130061030155
traffic_only,94,112,0.6741989850997925,0.7195370209442533
traffic_only,94,113,0.7437682151794434,0.6699827588679954
traffic_only,94,114,0.7100553512573242,0.7363854211233768
traffic_only,94,115,0.730129063129425,0.7042070584460973
traffic_only,94,116,0.7306718826293945,0.7233670794514877
traffic_only,94,117,0.8010029792785645,0.7238851915519212
traffic_only,94,118,0.7260934114456177,0.7910150426584875
traffic_only,94,119,0.7431044578552246,0.7195151176656032
traffic_only,94,120,0.7574804425239563,0.7357518758998755
traffic_only,94,121,0.8093063831329346,0.7494735119371492
traffic_only,94,122,0.8040898442268372,0.7989405022486037
traffic_only,94,123,0.7768376469612122,0.793961403432546
traffic_only,94,124,0.8121075630187988,0.7679496386239594
traffic_only,94,125,0.8131760954856873,0.8016141814263761
traffic_only,94,126,0.7842423319816589,0.802634077728613
traffic_only,94,127,0.8246368765830994,0.7750172861738498
traffic_only,94,128,0.8378872871398926,0.813573200894458
traffic_only,94,129,0.8811569213867188,0.8262204953368503
traffic_only,94,130,0.8270338177680969,0.8675206348599741
traffic_only,94,131,0.8058237433433533,0.8158610410181906
traffic_only,94,132,0.7982163429260254,0.7956163810323713
traffic_only,94,133,0.8800639510154724,0.7883552450391325
traffic_only,94,134,0.8085665702819824,0.8664774129882656
traffic_only,94,135,0.8133611679077148,0.7982343633015762
traffic_only,94,136,0.8301153779029846,0.8028107262486355
traffic_only,94,137,0.8324529528617859,0.8188023384369246
traffic_only,94,138,0.7808137536048889,0.821033514494331
traffic_only,94,139,0.7819151878356934,0.7717447656686192
traffic_only,94,140,0.8110761642456055,0.7727960661521934
traffic_only,94,141,0.8386185765266418,0.8006297286114094
traffic_only,94,142,0.7544658184051514,0.8269184987803793
traffic_only,94,143,0.7458856701850891,0.7465961038221142
traffic_only,94,144,0.7886478304862976,0.7384064963806404
traffic_only,94,145,0.7934194803237915,0.7792222605416153
traffic_only,94,146,0.7949913144111633,0.7837767202100245
traffic_only,94,147,0.7625904679298401,0.7852770094601104
traffic_only,94,148,0.7718669176101685,0.7543509454052907
traffic_only,94,149,0.7019681334495544,0.763205160901806
traffic_only,94,150,0.7091026306152344,0.6964879448083553
traffic_only,94,151,0.7811046838760376,0.7032977025865026
traffic_only,94,152,0.6753173470497131,0.7720224537285968
traffic_only,94,153,0.7397312521934509,0.6710502165753012
traffic_only,94,154,0.683492124080658,0.7325322077215695
traffic_only,94,155,0.7219659090042114,0.6788529040217108
traffic_only,94,156,0.681483268737793,0.7155754858734853
traffic_only,94,157,0.6351571083068848,0.6769354853195136
traffic_only,94,158,0.6287434101104736,0.6327179428634558
traffic_only,94,159,0.5878032445907593,0.6265961756014546
traffic_only,94,160,0.6919384002685547,0.5875194748736687
traffic_only,94,161,0.6835559606552124,0.6869147328557865
traffic_only,94,162,0.7019528150558472,0.6789138349605013
traffic_only,94,163,0.6677934527397156,0.696473323658711
traffic_only,94,164,0.6881327629089355,0.6638687857596957
traffic_only,94,165,0.6371153593063354,0.6832823158810992
traffic_only,94,166,0.6777799129486084,0.6345870605693571
traffic_only,94,167,0.6526976227760315,0.6734006943868098
traffic_only,94,168,0.6561594605445862,0.6494600694724015
traffic_only,94,169,0.6003594398498535,0.6527643355087666
traffic_only,94,170,0.6136775612831116,0.5995041524681693
traffic_only,94,171,0.6434464454650879,0.6122160758054879
traffic_only,94,172,0.6372256278991699,0.6406299760282177
traffic_only,94,173,0.6049898266792297,0.6346923100901435
traffic_only,94,174,0.6416009664535522,0.6039237789667062
traffic_only,94,175,0.6174536347389221,0.638868497291683
traffic_only,94,176,0.6393635272979736,0.6158202745302779
traffic_only,94,177,0.5893934369087219,0.6367328991774772
traffic_only,94,178,0.6103256344795227,0.5890372867466747
traffic_only,94,179,0.5847108364105225,0.609016717940112
traffic_only,94,180,0.5811426639556885,0.5845678231777546
traffic_only,94,181,0.618285059928894,0.5811620624683715
traffic_only,94,182,0.6126119494438171,0.6166138559170075
traffic_only,94,183,0.6217118501663208,0.611198967193261
traffic_only,94,184,0.5967013835906982,0.6198846696732523
traffic_only,94,185,0.5933943390846252,0.5960125991764373
traffic_only,94,186,0.5914286375045776,0.5928560807106031
traffic_only,94,187,0.6382893323898315,0.5909798515505948
traffic_only,94,188,0.6537161469459534,0.6357075981701189
traffic_only,94,189,0.5722804665565491,0.6504322336946708
traffic_only,94,190,0.564632773399353,0.5727032438202161
traffic_only,94,191,0.6382062435150146,0.5654036490831654
traffic_only,94,192,0.6694722771644592,0.6356282912339155
traffic_only,94,193,0.6184393167495728,0.6654711954907607
traffic_only,94,194,0.6243293881416321,0.6167610914628427
traffic_only,94,195,0.6243403553962708,0.6223830657301905
traffic_only,94,196,0.5689445734024048,0.6223935337906363
traffic_only,94,197,0.6620643734931946,0.5695191898040789
traffic_only,94,198,0.5880023241043091,0.658400475792696
traffic_only,94,199,0.5952878594398499,0.5877094929274128
traffic_only,94,200,0.6292983889579773,0.5946634141032211
traffic_only,94,201,0.66305011510849,0.627125893594991
traffic_only,94,202,0.6636836528778076,0.6593413496168937
traffic_only,94,203,0.6468260884284973,0.6599460507825364
traffic_only,94,204,0.6830796003341675,0.6438557885028723
traffic_only,94,205,0.6993570923805237,0.6784591570307039
traffic_only,94,206,0.6710405349731445,0.6939957499393985
traffic_only,94,207,0.6571288108825684,0.666968071242875
traffic_only,94,208,0.7116026282310486,0.6536895641339285
traffic_only,94,209,0.7408216595649719,0.7056839083434457
traffic_only,94,210,0.6765255331993103,0.733572983253065
traffic_only,94,211,0.709041178226471,0.6722034099733232
traffic_only,94,212,0.7317638993263245,0.7032390473130264
traffic_only,94,213,0.7186402678489685,0.724927503157504
traffic_only,94,214,0.6803514957427979,0.7124012172181996
traffic_only,94,215,0.6713807582855225,0.6758552269948149
traffic_only,94,216,0.732474684715271,0.6672928086832258
traffic_only,94,217,0.6947522163391113,0.72560593587933
traffic_only,94,218,0.6966676712036133,0.6896004730597246
traffic_only,94,219,0.6502791047096252,0.6914287425732341
traffic_only,94,220,0.6777529716491699,0.6471516345775745
traffic_only,94,221,0.6759297251701355,0.6733749793687582
traffic_only,94,222,0.6947898268699646,0.6716347212112793
traffic_only,94,223,0.7091979384422302,0.6896363716800578
traffic_only,94,224,0.7226244807243347,0.7033886723074417
traffic_only,94,225,0.6599442958831787,0.7162040815249281
traffic_only,94,226,0.6350038647651672,0.6563768973035866
traffic_only,94,227,0.7137457132339478,0.6325716744753792
traffic_only,94,228,0.6964395046234131,0.7077294470028381
traffic_only,94,229,0.7049262523651123,0.6912109614026555
traffic_only,94,230,0.6517123579978943,0.6993114196554414
traffic_only,94,231,0.6865109205245972,0.6485196507812666
traffic_only,94,232,0.7764251232147217,0.681734294551046
traffic_only,94,233,0.6516753435134888,0.7675558916329525
traffic_only,94,234,0.6456475853919983,0.6484843210772621
traffic_only,94,235,0.6117298007011414,0.6427309271380133
traffic_only,94,236,0.6391457319259644,0.6103569710269696
traffic_only,94,237,0.6395143270492554,0.6365250171510158
traffic_only,94,238,0.6835780143737793,0.6368768350086067
traffic_only,94,239,0.5792533159255981,0.6789348848646586
traffic_only,94,240,0.6324260234832764,0.5793587114900537
traffic_only,94,241,0.5569707155227661,0.6301111682459241
traffic_only,94,242,0.6686285734176636,0.5580903434625962
traffic_only,94,243,0.7083990573883057,0.6646658944276624
traffic_only,94,244,0.6503185033798218,0.7026261537522523
traffic_only,94,245,0.6208716630935669,0.6471892399468934
traffic_only,94,246,0.6533719897270203,0.6190827252164927
traffic_only,94,247,0.5913439989089966,0.6501037414065516
traffic_only,94,248,0.5375661253929138,0.5908990654319372
traffic_only,94,249,0.5666689872741699,0.5395689879276644
traffic_only,94,250,0.5954222679138184,0.5673471810448443
traffic_only,94,251,0.5589916110038757,0.5947917047353148
traffic_only,94,252,0.4995067715644836,0.5600192542746306
traffic_only,94,253,0.5143627524375916,0.5032419735991482
traffic_only,94,254,0.5785099267959595,0.5174217579558238
traffic_only,94,255,0.5559054613113403,0.5786491590450547
traffic_only,94,256,0.5149500966072083,0.5570735762001665
traffic_only,94,257,0.5207622051239014,0.5179823681060018
traffic_only,94,258,0.5003244876861572,0.523529928117572
traffic_only,94,259,0.5483623147010803,0.5040224699103207
traffic_only,94,260,0.5501776337623596,0.549873769387148
traffic_only,94,261,0.4980067908763885,0.5516064609574569
traffic_only,94,262,0.4685383439064026,0.5018102672124722
traffic_only,94,263,0.3685857951641083,0.47368312926516065
traffic_only,94,264,0.4327739775180816,0.37828009938973756
traffic_only,94,265,0.4642290771007538,0.4395466419223743
traffic_only,94,266,0.4647073447704315,0.46957000643864366
traffic_only,94,267,0.4200955629348755,0.4700265049006925
traffic_only,94,268,0.368140161037445,0.4274453080346993
traffic_only,94,269,0.3970993757247925,0.3778547490966782
traffic_only,94,270,0.4231106340885162,0.4054958333786715
traffic_only,94,271,0.4061662256717682,0.4303231428369808
traffic_only,94,272,0.42037433385849,0.4141499894482434
traffic_only,94,273,0.3692140579223633,0.42771139020157395
traffic_only,94,274,0.3830534517765045,0.3788797656458723
traffic_only,94,275,0.3929747939109802,0.39208923475834623
traffic_only,94,276,0.4200838208198547,0.4015589892765636
traffic_only,94,277,0.3727080225944519,0.4274341003830263
traffic_only,94,278,0.3522785604000091,0.3822146962723476
traffic_only,94,279,0.4200895130634308,0.36271511755624697
traffic_only,94,280,0.3698069453239441,0.4274395335339643
traffic_only,94,281,0.2358854264020919,0.3794456667179061
traffic_only,94,282,0.3184219598770141,0.2516198250417228
traffic_only,94,283,0.3254613578319549,0.33039956070633153
traffic_only,94,284,0.3311524987220764,0.3371185478842546
traffic_only,94,285,0.3275481462478637,0.34255064632694054
traffic_only,94,286,0.3611052334308624,0.339110352396413
traffic_only,94,287,0.2637316286563873,0.3711400287912195
traffic_only,94,288,0.29224693775177,0.2781985576404593
traffic_only,94,289,0.3161104619503021,0.30541594148674617
traffic_only,95,0,0.3876187801361084,0.38758202359102517
traffic_only,95,1,0.3968368172645569,0.39644676403961915
traffic_only,95,2,0.4245177209377289,0.40524522573593413
traffic_only,95,3,0.4098235666751861,0.43166618361384845
traffic_only,95,4,0.3999482989311218,0.4176408600403811
traffic_only,95,5,0.4484033584594726,0.4082150827543627
traffic_only,95,6,0.4219630658626556,0.4544646236611926
traffic_only,95,7,0.3817325830459595,0.42922780822957485
traffic_only,95,8,0.5243738293647766,0.39082848772840706
traffic_only,95,9,0.517249345779419,0.5269771628273081
traffic_only,95,10,0.4284642934799194,0.5201769628434809
traffic_only,95,11,0.4570837616920471,0.4354331208544273
traffic_only,95,12,0.4720915257930755,0.46274992282913274
traffic_only,95,13,0.5111368894577026,0.4770745817288799
traffic_only,95,14,0.389793187379837,0.5143427258939416
traffic_only,95,15,0.4545681476593017,0.3985221992520781
traffic_only,95,16,0.492550790309906,0.46034881146438084
traffic_only,95,17,0.4257385432720184,0.4966026062614093
traffic_only,95,18,0.4690454602241516,0.43283143803803625
traffic_only,95,19,0.482744961977005,0.4741671632775125
traffic_only,95,20,0.4790563285350799,0.4872431077276698
traffic_only,95,21,0.459339439868927,0.4837223690282818
traffic_only,95,22,0.5332358479499817,0.46490292978299297
traffic_only,95,23,0.4762250483036041,0.5354358108005651
traffic_only,95,24,0.5244836807250977,0.4810199595759165
traffic_only,95,25,0.4837328493595123,0.5270820141066646
traffic_only,95,26,0.5015226602554321,0.4881860296506504
traffic_only,95,27,0.4793672859668731,0.5051661055140227
traffic_only,95,28,0.5295770764350891,0.4840191726768995
traffic_only,95,29,0.5035207867622375,0.5319435748092387
traffic_only,95,30,0.4575080275535583,0.5070732837223055
traffic_only,95,31,0.5139416456222534,0.46315487747181255
traffic_only,95,32,0.5795249938964844,0.5170198185696854
traffic_only,95,33,0.4231183528900146,0.5796180235526184
traffic_only,95,34,0.478628396987915,0.43033051030343583
traffic_only,95,35,0.4794642031192779,0.48331391555018116
traffic_only,95,36,0.4688598811626434,0.4841116784719258
traffic_only,95,37,0.5047767758369446,0.47399003117861055
traffic_only,95,38,0.4630218744277954,0.5082721042098793
traffic_only,95,39,0.4960294961929321,0.4684177517525638
traffic_only,95,40,0.4857235252857208,0.499922972629873
traffic_only,95,41,0.4254644811153412,0.49008609640482614
traffic_only,95,42,0.4184861481189728,0.4325698503101574
traffic_only,95,43,0.5166766047477722,0.4259091486100968
traffic_only,95,44,0.4444175064563751,0.5196302911433529
traffic_only,95,45,0.4516607522964477,0.45066019483456066
traffic_only,95,46,0.4996614456176758,0.4575737513968564
traffic_only,95,47,0.4657657444477081,0.5033896073864136
traffic_only,95,48,0.4178234338760376,0.4710367296253435
traffic_only,95,49,0.4258229732513428,0.42527659899017045
traffic_only,95,50,0.4727991223335266,0.432912025035979
traffic_only,95,51,0.4809135496616363,0.4777499707483481
traffic_only,95,52,0.4191026389598846,0.48549505541648946
traffic_only,95,53,0.4758602678775787,0.42649757876874217
traffic_only,95,54,0.414368987083435,0.4806717827828284
traffic_only,95,55,0.4328165352344513,0.4219793875162796
traffic_only,95,56,0.3796375691890716,0.43958726254823466
traffic_only,95,57,0.415983110666275,0.38882883217091424
traffic_only,95,58,0.4404518604278564,0.42352004137987787
traffic_only,95,59,0.4354696273803711,0.44687505227146723
traffic_only,95,60,0.4478638768196106,0.4421195944641724
traffic_only,95,61,0.3963966965675354,0.4539496974921992
traffic_only,95,62,0.4144994914531708,0.40482513791891417
traffic_only,95,63,0.418024867773056,0.42210395174642124
traffic_only,95,64,0.4816659390926361,0.4254688642634124
traffic_only,95,65,0.3799463510513305,0.48621319849805006
traffic_only,95,66,0.4130702018737793,0.38912355927493264
traffic_only,95,67,0.4199655055999756,0.42073971883631417
traffic_only,95,68,0.5341663956642151,0.4273211704918042
traffic_only,95,69,0.4478139877319336,0.5363240029727369
traffic_only,95,70,0.4259694814682007,0.45390207919549747
traffic_only,95,71,0.4313453733921051,0.43305186466954276
traffic_only,95,72,0.3764570951461792,0.43818306326604517
traffic_only,95,73,0.4369797110557556,0.3857931230874531
traffic_only,95,74,0.4807125926017761,0.44356094398261786
traffic_only,95,75,0.4310132563114166,0.48530324527631036
traffic_only,95,76,0.4233631491661072,0.43786606308776305
traffic_only,95,77,0.4316949248313904,0.43056416423958177
traffic_only,95,78,0.474498450756073,0.43851670424693817
traffic_only,95,79,0.4699262678623199,0.47937195120111614
traffic_only,95,80,0.4913670718669891,0.4750078793820645
traffic_only,95,81,0.4623765051364898,0.4954727668786752
traffic_only,95,82,0.4848329126834869,0.46780175759779885
traffic_only,95,83,0.4312686324119568,0.4892360216266689
traffic_only,95,84,0.471184641122818,0.43810981528874116
traffic_only,95,85,0.4312548637390136,0.47620897553495267
traffic_only,95,86,0.4525030851364136,0.438096673321551
traffic_only,95,87,0.4481165409088135,0.45837774395239905
traffic_only,95,88,0.4794577360153198,0.4541908611238823
traffic_only,95,89,0.5263409614562988,0.48410550572976085
traffic_only,95,90,0.508062481880188,0.5288547573865051
traffic_only,95,91,0.4594265818595886,0.5114082554711504
traffic_only,95,92,0.5253834128379822,0.46498610535023066
traffic_only,95,93,0.5862358212471008,0.5279407933046489
traffic_only,95,94,0.5623157620429993,0.5860233956044143
traffic_only,95,95,0.5464099049568176,0.5631921006390949
traffic_only,95,96,0.5696942210197449,0.5480102270612669
traffic_only,95,97,0.5769482851028442,0.570234715870528
traffic_only,95,98,0.5521798729896545,0.5771585982641875
traffic_only,95,99,0.5349294543266296,0.5535175646884068
traffic_only,95,100,0.6267117857933044,0.5370523296565789
traffic_only,95,101,0.5734302997589111,0.6246570242955058
traffic_only,95,102,0.6127794981002808,0.5738007403096705
traffic_only,95,103,0.5751216411590576,0.6113588895732235
traffic_only,95,104,0.6576812863349915,0.5754150972836357
traffic_only,95,105,0.4843261837959289,0.6542168926788849
traffic_only,95,106,0.5875943899154663,0.48875235740993067
traffic_only,95,107,0.5005092024803162,0.587320126592136
traffic_only,95,108,0.6705429553985596,0.5041987770805462
traffic_only,95,109,0.5990878939628601,0.6664931398917805
traffic_only,95,110,0.6711542010307312,0.5982904832644198
traffic_only,95,111,0.6177409887313843,0.6670765635867344
traffic_only,95,112,0.6193151473999023,0.616094549092284
traffic_only,95,113,0.6354990005493164,0.6175970571160512
traffic_only,95,114,0.6476317048072815,0.6330442732695266
traffic_only,95,115,0.707444429397583,0.6446247358125746
traffic_only,95,116,0.6464609503746033,0.7017149773604062
traffic_only,95,117,0.6125636100769043,0.6435072703599871
traffic_only,95,118,0.6727688908576965,0.6111528280790135
traffic_only,95,119,0.7582204937934875,0.6686177579208448
traffic_only,95,120,0.7742676734924316,0.7501798784507082
traffic_only,95,121,0.7058061361312866,0.7654966420900414
traffic_only,95,122,0.6637864708900452,0.7001512539396842
traffic_only,95,123,0.658778190612793,0.6600441888492156
traffic_only,95,124,0.7216968536376953,0.655263869398362
traffic_only,95,125,0.7303288578987122,0.7153186770427664
traffic_only,95,126,0.694821298122406,0.7235577802048262
traffic_only,95,127,0.7250260710716248,0.6896664104622066
traffic_only,95,128,0.768729031085968,0.7184963591960235
traffic_only,95,129,0.7312725782394409,0.7602101008900215
traffic_only,95,130,0.7278377413749695,0.7244585454278594
traffic_only,95,131,0.7619121670722961,0.7211800513011787
traffic_only,95,132,0.7019034028053284,0.753703518623372
traffic_only,95,133,0.7489558458328247,0.696426160495072
traffic_only,95,134,0.7561932802200317,0.7413369274974987
traffic_only,95,135,0.7449004650115967,0.7482449371255909
traffic_only,95,136,0.7340328097343445,0.7374661345811384
traffic_only,95,137,0.7428838014602661,0.7270931400538585
traffic_only,95,138,0.7812895178794861,0.7355412630750369
traffic_only,95,139,0.6573084592819214,0.7721988746820879
traffic_only,95,140,0.7738180160522461,0.6538610355153611
traffic_only,95,141,0.7358691692352295,0.7650674516117643
traffic_only,95,142,0.7158694863319397,0.728845914370566
traffic_only,95,143,0.7398059964179993,0.7097565527731846
traffic_only,95,144,0.7514142394065857,0.7326035498291728
traffic_only,95,145,0.7594339847564697,0.7436834228947073
traffic_only,95,146,0.709439218044281,0.7513381352040547
traffic_only,95,147,0.6916817426681519,0.703618969637249
traffic_only,95,148,0.7185551524162292,0.686669757484702
traffic_only,95,149,0.6764060258865356,0.712319975966479
traffic_only,95,150,0.7677104473114014,0.6720893422494438
traffic_only,95,151,0.8347508907318115,0.7592378797761192
traffic_only,95,152,0.6704164147377014,0.8232268576158873
traffic_only,95,153,0.7570804953575134,0.666372358955224
traffic_only,95,154,0.7196947336196899,0.7490917690806752
traffic_only,95,155,0.6897854208946228,0.7134076870950821
traffic_only,95,156,0.7215270400047302,0.6848597501853398
traffic_only,95,157,0.7201254367828369,0.7151565927807553
traffic_only,95,158,0.6963808536529541,0.7138187860341105
traffic_only,95,159,0.6602797508239746,0.6911549800359237
traffic_only,95,160,0.68592768907547,0.6566970834133088
traffic_only,95,161,0.6396373510360718,0.681177609923535
traffic_only,95,162,0.7018667459487915,0.6369942593388247
traffic_only,95,163,0.6684595346450806,0.6963911721408647
traffic_only,95,164,0.7153316140174866,0.6645045497568784
traffic_only,95,165,0.683263897895813,0.7092431626782784
traffic_only,95,166,0.6763482093811035,0.6786350659594994
traffic_only,95,167,0.6532427668571472,0.672034157365572
traffic_only,95,168,0.7053411602973938,0.6499804003465164
traffic_only,95,169,0.6970131397247314,0.6997074423117627
traffic_only,95,170,0.6820983290672302,0.6917584864772763
traffic_only,95,171,0.6956525444984436,0.6775225500789704
traffic_only,95,172,0.7351335883140564,0.6904598211740376
traffic_only,95,173,0.6998923420906067,0.7281438147294713
traffic_only,95,174,0.6788058280944824,0.694506636802459
traffic_only,95,175,0.7408801317214966,0.6743799131715535
traffic_only,95,176,0.7312631011009216,0.7336287939448982
traffic_only,95,177,0.6838265061378479,0.724449499658235
traffic_only,95,178,0.8369016051292419,0.6791720660820415
traffic_only,95,179,0.7256131172180176,0.8252796784042854
traffic_only,95,180,0.7487070560455322,0.7190566848880373
traffic_only,95,181,0.7051204442977905,0.7410994618219514
traffic_only,95,182,0.7608861327171326,0.6994967725952913
traffic_only,95,183,0.7486758232116699,0.7527241860553625
traffic_only,95,184,0.7612264752388,0.7410696506063341
traffic_only,95,185,0.7461246252059937,0.753049037278979
traffic_only,95,186,0.778500497341156,0.7386345749367662
traffic_only,95,187,0.7798460125923157,0.7695368013974186
traffic_only,95,188,0.7824348211288452,0.7708210731175444
traffic_only,95,189,0.7886325120925903,0.7732920474074453
traffic_only,95,190,0.7706713676452637,0.7792076393919709
traffic_only,95,191,0.7526919841766357,0.7620640285299497
traffic_only,95,192,0.8017653226852417,0.7449030088282742
traffic_only,95,193,0.8912610411643982,0.7917426866427353
traffic_only,95,194,0.848505437374115,0.8771648475703491
traffic_only,95,195,0.8154551982879639,0.8363553414889885
traffic_only,95,196,0.7912987470626831,0.8048094430941861
traffic_only,95,197,0.8298255801200867,0.7817525159129537
traffic_only,95,198,0.8374653458595276,0.8185257313179714
traffic_only,95,199,0.8317234516143799,0.8258177594678519
traffic_only,95,200,0.8722150921821594,0.8203372177997879
traffic_only,95,201,0.8262931704521179,0.858985808990321
traffic_only,95,202,0.7827531099319458,0.8151541055883029
traffic_only,95,203,0.8520821928977966,0.7735958487269045
traffic_only,95,204,0.7785780429840088,0.8397692945935029
traffic_only,95,205,0.8255829215049744,0.7696108174117663
traffic_only,95,206,0.7355042099952698,0.8144761848911727
traffic_only,95,207,0.8477086424827576,0.7284975669025794
traffic_only,95,208,0.7821963429450989,0.8355948141409492
traffic_only,95,209,0.7875400185585022,0.7730644239843824
traffic_only,95,210,0.794105052947998,0.7781648726533252
traffic_only,95,211,0.7642098069190979,0.7844310877711518
traffic_only,95,212,0.8192116618156433,0.7558965772867638
traffic_only,95,213,0.7956088185310364,0.808394924471766
traffic_only,95,214,0.7044200301170349,0.7858664067765143
traffic_only,95,215,0.8345330357551575,0.6988282390175825
traffic_only,95,216,0.8188014626502991,0.823018918697793
traffic_only,95,217,0.781805157661438,0.8080033962544405
traffic_only,95,218,0.8292192220687866,0.7726910441979384
traffic_only,95,219,0.7928176522254944,0.8179469727369117
traffic_only,95,220,0.7437058091163635,0.783202285393062
traffic_only,95,221,0.7809867858886719,0.736325855583775
traffic_only,95,222,0.733482837677002,0.7719099220788046
traffic_only,95,223,0.7238155603408813,0.7265682009574821
traffic_only,95,224,0.7320456504821777,0.71734094702432
traffic_only,95,225,0.7112875580787659,0.7251964299060215
traffic_only,95,226,0.7774843573570251,0.7053831791721609
traffic_only,95,227,0.7226092219352722,0.7685669128404635
traffic_only,95,228,0.7244285345077515,0.7161895172669165
traffic_only,95,229,0.7287985682487488,0.7179260205766268
traffic_only,95,230,0.6976421475410461,0.722097144422842
traffic_only,95,231,0.7362532019615173,0.6923588638788217
traffic_only,95,232,0.6932467818260193,0.729212467161067
traffic_only,95,233,0.7288152575492859,0.6881635610886421
traffic_only,95,234,0.7091369032859802,0.7221130740800421
traffic_only,95,235,0.6840347647666931,0.7033304152753956
traffic_only,95,236,0.7019057869911194,0.6793708454472458
traffic_only,95,237,0.6634451746940613,0.6964284361603863
traffic_only,95,238,0.7207057476043701,0.6597184273594734
traffic_only,95,239,0.7052034139633179,0.7143726829716114
traffic_only,95,240,0.6496315002441406,0.699575965748229
traffic_only,95,241,0.7026365995407104,0.6465335069865775
traffic_only,95,242,0.6792566180229187,0.6971259844708525
traffic_only,95,243,0.6668760776519775,0.6748101845908551
traffic_only,95,244,0.7424035668373108,0.6629931666383855
traffic_only,95,245,0.7113808989524841,0.7350828871891038
traffic_only,95,246,0.6776948571205139,0.7054722714692158
traffic_only,95,247,0.6614408493041992,0.6733195100267222
traffic_only,95,248,0.626747190952301,0.6578053324213734
traffic_only,95,249,0.6328744292259216,0.6246908179254232
traffic_only,95,250,0.6448937654495239,0.6305391639999112
traffic_only,95,251,0.6699206829071045,0.6420114186572642
traffic_only,95,252,0.6399933099746704,0.665899191244748
traffic_only,95,253,0.5810590386390686,0.6373340161702499
traffic_only,95,254,0.5652497410774231,0.5810822435074725
traffic_only,95,255,0.5847007036209106,0.5659925343748737
traffic_only,95,256,0.6050548553466797,0.5845581516001688
traffic_only,95,257,0.6516940593719482,0.6039858477381539
traffic_only,95,258,0.5282911062240601,0.6485021850499794
traffic_only,95,259,0.5426739454269409,0.5307161378303377
traffic_only,95,260,0.5531124472618103,0.54444431640539
traffic_only,95,261,0.5755435824394226,0.5544076911760957
traffic_only,95,262,0.5367017984390259,0.5758178331526341
traffic_only,95,263,0.5783792734146118,0.5387440023595974
traffic_only,95,264,0.561007559299469,0.578524452585831
traffic_only,95,265,0.5425078272819519,0.5619434430811379
traffic_only,95,266,0.506976842880249,0.5442857594246161
traffic_only,95,267,0.5394566655158997,0.5103720312702834
traffic_only,95,268,0.5694281458854675,0.5413734767386393
traffic_only,95,269,0.5498995780944824,0.569980751621452
traffic_only,95,270,0.4711554646492004,0.5513410614901765
traffic_only,95,271,0.4654280245304107,0.47618112708066884
traffic_only,95,272,0.5438863039016724,0.47071438163357276
traffic_only,95,273,0.4972075223922729,0.5456014922177121
traffic_only,95,274,0.4600944221019745,0.5010473788616692
traffic_only,95,275,0.4671022295951843,0.46562354765058284
traffic_only,95,276,0.4796115159988403,0.4723123822630914
traffic_only,95,277,0.5013704299926758,0.48425228614253324
traffic_only,95,278,0.4484075307846069,0.5050208042837045
traffic_only,95,279,0.4658257365226745,0.45446860607549266
traffic_only,95,280,0.4414961636066437,0.4710939910538146
traffic_only,95,281,0.4198991060256958,0.4478718221249476
traffic_only,95,282,0.3885195255279541,0.42725779321280094
traffic_only,95,283,0.4020622968673706,0.3973065103953621
traffic_only,95,284,0.4519775211811065,0.4102328582969206
traffic_only,95,285,0.471208393573761,0.45787610197967776
traffic_only,95,286,0.3584288358688354,0.4762316468506464
traffic_only,95,287,0.3992282152175903,0.36858545224683437
traffic_only,95,288,0.4440763294696808,0.40752777493781084
traffic_only,95,289,0.3831159174442291,0.4503345471280842
traffic_only,96,0,0.3791288137435913,0.35149631512327434
traffic_only,96,1,0.3560290038585663,0.38834323363865886
traffic_only,96,2,0.3683467507362366,0.3662948528789083
traffic_only,96,3,0.3607681095600128,0.37805193549616245
traffic_only,96,4,0.4410400688648224,0.3708182497157773
traffic_only,96,5,0.3973099589347839,0.44743648735032177
traffic_only,96,6,0.4254518151283264,0.4056968315175571
traffic_only,96,7,0.3651840686798095,0.43255776083817515
traffic_only,96,8,0.3945688903331756,0.3750332085651092
traffic_only,96,9,0.45982226729393,0.40308052755152163
traffic_only,96,10,0.4198861420154571,0.4653637804549553
traffic_only,96,11,0.4594129920005798,0.42724541928265436
traffic_only,96,12,0.3762776255607605,0.4649731340579391
traffic_only,96,13,0.3679085373878479,0.38562182238091913
traffic_only,96,14,0.4160381853580475,0.3776336682113939
traffic_only,96,15,0.3659249246120453,0.42357260924863827
traffic_only,96,16,0.3895350694656372,0.37574034311571186
traffic_only,96,17,0.406088650226593,0.3982758300359886
traffic_only,96,18,0.4428378939628601,0.4140759449880793
traffic_only,96,19,0.3901657462120056,0.4491524812263869
traffic_only,96,20,0.3717385232448578,0.3988778004032541
traffic_only,96,21,0.3793553411960602,0.3812893254181035
traffic_only,96,22,0.4106447994709015,0.3885594502893339
traffic_only,96,23,0.3779006898403168,0.41842471295789213
traffic_only,96,24,0.4201188385486603,0.387171009989446
traffic_only,96,25,0.3751491010189056,0.4274675242173302
traffic_only,96,26,0.3514413237571716,0.3845446646502111
traffic_only,96,27,0.3849468231201172,0.3619159892353137
traffic_only,96,28,0.4046518504619598,0.393896425921882
traffic_only,96,29,0.4265406727790832,0.41270454373223214
traffic_only,96,30,0.3408563435077667,0.4335970571872164
traffic_only,96,31,0.3739396929740906,0.35181280327686076
traffic_only,96,32,0.416374921798706,0.3833903049737155
traffic_only,96,33,0.402086466550827,0.4238940185284668
traffic_only,96,34,0.3754579722881317,0.4102559278540443
traffic_only,96,35,0.3704767227172851,0.38483947709167887
traffic_only,96,36,0.3941569924354553,0.3800849579963261
traffic_only,96,37,0.3892119824886322,0.40268737792265974
traffic_only,96,38,0.3933119177818298,0.3979674489400844
traffic_only,96,39,0.4484614431858063,0.4018807683520057
traffic_only,96,40,0.389215886592865,0.45452006455741234
traffic_only,96,41,0.347771942615509,0.3979711753420366
traffic_only,96,42,0.3618078529834747,0.3584136265333387
traffic_only,96,43,0.304910659790039,0.3718106673593439
traffic_only,96,44,0.379018634557724,0.31750325158692183
traffic_only,96,45,0.4061999917030334,0.38823806945532174
traffic_only,96,46,0.3890133798122406,0.4141822185582571
traffic_only,96,47,0.4159234762191772,0.3977778860194031
traffic_only,96,48,0.4009312391281128,0.4234631213012039
traffic_only,96,49,0.3474924266338348,0.40915328267181617
traffic_only,96,50,0.391784518957138,0.35814683322105334
traffic_only,96,51,0.4343993365764618,0.40042289181421514
traffic_only,96,52,0.4101631641387939,0.44109801985876623
traffic_only,96,53,0.3799947202205658,0.41796500011858684
traffic_only,96,54,0.3348545730113983,0.38916972683499657
traffic_only,96,55,0.396548867225647,0.3460842140895379
traffic_only,96,56,0.3852875530719757,0.4049703822575994
traffic_only,96,57,0.3374497592449188,0.39422164694111206
traffic_only,96,58,0.3922208249568939,0.3485612757841546
traffic_only,96,59,0.4053263962268829,0.4008393385667323
traffic_only,96,60,0.3986923396587372,0.4133483863412808
traffic_only,96,61,0.3810211718082428,0.4070162907126053
traffic_only,96,62,0.4028740227222442,0.39014945764443604
traffic_only,96,63,0.3511945009231567,0.41100763699899073
traffic_only,96,64,0.4380360841751098,0.36168040098365073
traffic_only,96,65,0.3869564235210418,0.4445692343917517
traffic_only,96,66,0.3821255266666412,0.3958145557694899
traffic_only,96,67,0.4667347371578216,0.39120354581802025
traffic_only,96,68,0.4356235861778259,0.4719616169007083
traffic_only,96,69,0.4402360618114471,0.4422665455518434
traffic_only,96,70,0.4117848873138428,0.4466690761147066
traffic_only,96,71,0.4139135479927063,0.41951290766537447
traffic_only,96,72,0.3970347940921783,0.4215446785496153
traffic_only,96,73,0.4589150846004486,0.40543419129447034
traffic_only,96,74,0.4127244055271148,0.46449788980286383
traffic_only,96,75,0.4682216942310333,0.42040966202829116
traffic_only,96,76,0.3992131948471069,0.47338089246560505
traffic_only,96,77,0.3686195015907287,0.4075134382463308
traffic_only,96,78,0.4777974784374237,0.3783122716081184
traffic_only,96,79,0.4411299228668213,0.4825208177423309
traffic_only,96,80,0.4561434984207153,0.4475222514868545
traffic_only,96,81,0.4414598345756531,0.46185245732080527
traffic_only,96,82,0.5157323479652405,0.4478371466747209
traffic_only,96,83,0.4304796159267425,0.518729013895624
traffic_only,96,84,0.4872847199440002,0.4373567122987896
traffic_only,96,85,0.5204660892486572,0.49157623049844684
traffic_only,96,86,0.4606816470623016,0.5232472904855359
traffic_only,96,87,0.4605681896209717,0.46618404401749514
traffic_only,96,88,0.43172687292099,0.4660757507943509
traffic_only,96,89,0.4820202589035034,0.43854719816214977
traffic_only,96,90,0.4588560163974762,0.4865513908095716
traffic_only,96,91,0.4887974858283996,0.46444151019470203
traffic_only,96,92,0.4655035734176636,0.4930201401403708
traffic_only,96,93,0.5330556631088257,0.47078649177821974
traffic_only,96,94,0.4674069881439209,0.5352638273944368
traffic_only,96,95,0.5297778248786926,0.472603269181892
traffic_only,96,96,0.5233626961708069,0.5321351858287029
traffic_only,96,97,0.5329996943473816,0.5260120531675131
traffic_only,96,98,0.5076087117195129,0.5352104061511836
traffic_only,96,99,0.5770987272262573,0.5109751394702061
traffic_only,96,100,0.620714008808136,0.5773021927455199
traffic_only,96,101,0.6229552626609802,0.6189322468475845
traffic_only,96,102,0.511754035949707,0.6210714860262931
traffic_only,96,103,0.5903624296188354,0.5149317818605484
traffic_only,96,104,0.5196085572242737,0.5899621740220394
traffic_only,96,105,0.5627526640892029,0.5224287905636147
traffic_only,96,106,0.5570393204689026,0.5636091163079405
traffic_only,96,107,0.5596323609352112,0.5581558257320153
traffic_only,96,108,0.5986132025718689,0.5606308393278491
traffic_only,96,109,0.5921474099159241,0.5978373983003424
traffic_only,96,110,0.6467300057411194,0.5916659077512237
traffic_only,96,111,0.6273207664489746,0.643764079190706
traffic_only,96,112,0.6045811176300049,0.6252382861084113
traffic_only,96,113,0.6580711603164673,0.6035336730402022
traffic_only,96,114,0.6461248993873596,0.6545890208494061
traffic_only,96,115,0.755862295627594,0.6431865153339363
traffic_only,96,116,0.6894665956497192,0.7479290178883331
traffic_only,96,117,0.7036200165748596,0.6845554368411849
traffic_only,96,118,0.6956741809844971,0.6980646395213688
traffic_only,96,119,0.7000607252120972,0.6904804728367648
traffic_only,96,120,0.7233125567436218,0.6946673556652816
traffic_only,96,121,0.6730059385299683,0.7168608385346353
traffic_only,96,122,0.7131189703941345,0.6688440159447192
traffic_only,96,123,0.7703647613525391,0.7071312314833412
traffic_only,96,124,0.6382931470870972,0.7617713779705306
traffic_only,96,125,0.7419889569282532,0.6357112392346218
traffic_only,96,126,0.7196736335754395,0.7346871489909468
traffic_only,96,127,0.7524746060371399,0.7133875474570506
traffic_only,96,128,0.6695420145988464,0.7446955250432428
traffic_only,96,129,0.7254701852798462,0.665537758701204
traffic_only,96,130,0.7192549109458923,0.7189202587524449
traffic_only,96,131,0.7155501246452332,0.7129878837362263
traffic_only,96,132,0.7701004147529602,0.709451727404334
traffic_only,96,133,0.7302318215370178,0.7615190635788075
traffic_only,96,134,0.7550047039985657,0.7234651606265341
traffic_only,96,135,0.7301108837127686,0.7471104610747791
traffic_only,96,136,0.7570294141769409,0.7233497275034662
traffic_only,96,137,0.7185784578323364,0.7490430129513164
traffic_only,96,138,0.7545444965362549,0.7123422205949264
traffic_only,96,139,0.7227892279624939,0.746671200777486
traffic_only,96,140,0.7440776824951172,0.7163613299981463
traffic_only,96,141,0.7652822732925415,0.7366808024811731
traffic_only,96,142,0.6971791982650757,0.7569202284367693
traffic_only,96,143,0.7415712475776672,0.6919169865664174
traffic_only,96,144,0.8086178302764893,0.7342884524278812
traffic_only,96,145,0.6902542114257812,0.7982832901058337
traffic_only,96,146,0.6658042073249817,0.6853072028777643
traffic_only,96,147,0.6525024771690369,0.6619700844047086
traffic_only,96,148,0.6854822635650635,0.649273806266426
traffic_only,96,149,0.6990675926208496,0.6807524587511907
traffic_only,96,150,0.7112603187561035,0.6937194272786095
traffic_only,96,151,0.7361248731613159,0.705357179695945
traffic_only,96,152,0.7365891933441162,0.7290899794755248
traffic_only,96,153,0.6929845809936523,0.729533165295485
traffic_only,96,154,0.690951943397522,0.6879132947957018
traffic_only,96,155,0.7130659818649292,0.6859731763319945
traffic_only,96,156,0.6735466122627258,0.7070806548217309
traffic_only,96,157,0.6748981475830078,0.6693600799463698
traffic_only,96,158,0.6457603573799133,0.6706500977214142
traffic_only,96,159,0.6949809193611145,0.6428385661073798
traffic_only,96,160,0.6972025036811829,0.6898187662549989
traffic_only,96,161,0.7144327759742737,0.6919392311948647
traffic_only,96,162,0.6179876327514648,0.7083852368547868
traffic_only,96,163,0.6986950635910034,0.6163299666690484
traffic_only,96,164,0.6220559477806091,0.69336385457325
traffic_only,96,165,0.5666658878326416,0.6202131050697388
traffic_only,96,166,0.6318556070327759,0.5673442226799357
traffic_only,96,167,0.6143845915794373,0.6295667153194775
traffic_only,96,168,0.5894022583961487,0.6128909243544438
traffic_only,96,169,0.6519274711608887,0.5890457067083376
traffic_only,96,170,0.6327512860298157,0.6487249726842494
traffic_only,96,171,0.6534610390663147,0.6304216258864276
traffic_only,96,172,0.5574979186058044,0.6501887375060407
traffic_only,96,173,0.6063427329063416,0.558593549955221
traffic_only,96,174,0.598237931728363,0.6052151052493064
traffic_only,96,175,0.6058505773544312,0.5974792085798715
traffic_only,96,176,0.6522606611251831,0.6047453510368018
traffic_only,96,177,0.6065390110015869,0.6490429969119229
traffic_only,96,178,0.6065024733543396,0.6054024493963063
traffic_only,96,179,0.553949236869812,0.6053675748253646
traffic_only,96,180,0.6583881378173828,0.5552063928097826
traffic_only,96,181,0.600103497505188,0.6548915705529423
traffic_only,96,182,0.5472254753112793,0.5992598597966792
traffic_only,96,183,0.570259690284729,0.5487886752736565
traffic_only,96,184,0.6073437929153442,0.5707744467914474
traffic_only,96,185,0.6559447646141052,0.6061706002231486
traffic_only,96,186,0.5624825954437256,0.6525594118472138
traffic_only,96,187,0.5437207818031311,0.5633513403194631
traffic_only,96,188,0.6346809267997742,0.5454435041532668
traffic_only,96,189,0.6512898802757263,0.6322634356085571
traffic_only,96,190,0.6208690404891968,0.6481164028875724
traffic_only,96,191,0.6171233654022217,0.619080221984647
traffic_only,96,192,0.6491707563400269,0.6155050379926142
traffic_only,96,193,0.5950316190719604,0.6460937346645889
traffic_only,96,194,0.6282901763916016,0.5944188369735666
traffic_only,96,195,0.6273855566978455,0.6261635716252061
traffic_only,96,196,0.6575219631195068,0.6253001273133274
traffic_only,96,197,0.6345076560974121,0.6540648213442568
traffic_only,96,198,0.6887493133544922,0.6320980516318403
traffic_only,96,199,0.631507933139801,0.6838708029313775
traffic_only,96,200,0.7495047450065613,0.6292348664250196
traffic_only,96,201,0.6340248584747314,0.7418608425444837
traffic_only,96,202,0.6838678121566772,0.6316372294056943
traffic_only,96,203,0.6819612979888916,0.6792114919836119
traffic_only,96,204,0.6698104739189148,0.677391756215031
traffic_only,96,205,0.7119765281677246,0.6657939986155943
traffic_only,96,206,0.67385333776474,0.7060407895563611
traffic_only,96,207,0.681268572807312,0.6696528442890546
traffic_only,96,208,0.6870822906494141,0.6767305616579609
traffic_only,96,209,0.7007076144218445,0.6822796577436182
traffic_only,96,210,0.6639550924301147,0.6952848005566843
traffic_only,96,211,0.6675187349319458,0.6602051352785695
traffic_only,96,212,0.7003066539764404,0.6636065722238553
traffic_only,96,213,0.6705507040023804,0.6949020905424518
traffic_only,96,214,0.7098188996315002,0.666500535804052
traffic_only,96,215,0.6918995976448059,0.7039813693385515
traffic_only,96,216,0.7936023473739624,0.6868776964027963
traffic_only,96,217,0.7304807901382446,0.7839512637396314
traffic_only,96,218,0.7333330512046814,0.72370279697698
traffic_only,96,219,0.6966711282730103,0.7264252322841112
traffic_only,96,220,0.6724491715431213,0.6914320422879399
traffic_only,96,221,0.6895288825035095,0.668312591202197
traffic_only,96,222,0.7217519879341125,0.6846148885975211
traffic_only,96,223,0.6684443354606628,0.7153713018031596
traffic_only,96,224,0.6822628378868103,0.6644900423904998
traffic_only,96,225,0.7082154154777527,0.6776795709856572
traffic_only,96,226,0.720015823841095,0.7024508706314183
traffic_only,96,227,0.689630389213562,0.7137141623212856
traffic_only,96,228,0.6983829736709595,0.6847117750482774
traffic_only,96,229,0.6198907494544983,0.6930659699836079
traffic_only,96,230,0.6450165510177612,0.6181464596145564
traffic_only,96,231,0.6213847398757935,0.6421286154209507
traffic_only,96,232,0.6672523021697998,0.6195724483921302
traffic_only,96,233,0.6444054841995239,0.6633522666249821
traffic_only,96,234,0.6189947724342346,0.6415453624008953
traffic_only,96,235,0.6608121991157532,0.6172912645894421
traffic_only,96,236,0.6276694536209106,0.6572052963696251
traffic_only,96,237,0.5896393060684204,0.6255711021606277
traffic_only,96,238,0.5632802248001099,0.5892719647322119
traffic_only,96,239,0.676236093044281,0.5641126641503625
traffic_only,96,240,0.6575303077697754,0.6719271442041671
traffic_only,96,241,0.6520234942436218,0.6540727861728568
traffic_only,96,242,0.6122166514396667,0.6488166251047829
traffic_only,96,243,0.6107376217842102,0.6108216618841499
traffic_only,96,244,0.6277527213096619,0.6094099529064232
traffic_only,96,245,0.5303844809532166,0.6256505797717298
traffic_only,96,246,0.5808475613594055,0.5327142288679267
traffic_only,96,247,0.5681518316268921,0.580880391994094
traffic_only,96,248,0.5448055863380432,0.5687625310870739
traffic_only,96,249,0.5733972191810608,0.5464789318712737
traffic_only,96,250,0.5957764983177185,0.5737691654534347
traffic_only,96,251,0.5898151397705078,0.5951298117093871
traffic_only,96,252,0.51971834897995,0.5894397950491416
traffic_only,96,253,0.5814660787582397,0.5225335849513382
traffic_only,96,254,0.5065479278564453,0.5814707564682565
traffic_only,96,255,0.4576235115528106,0.5099626390802408
traffic_only,96,256,0.5040618181228638,0.463265105010474
traffic_only,96,257,0.5605735778808594,0.5075896890737533
traffic_only,96,258,0.5118532180786133,0.5615292151023022
traffic_only,96,259,0.4972338378429413,0.5150264495376233
traffic_only,96,260,0.5303787589073181,0.5010724965175758
traffic_only,96,261,0.4690512716770172,0.5327087672711724
traffic_only,96,262,0.4648602902889251,0.4741727102117161
traffic_only,96,263,0.4243594706058502,0.4701724888306048
traffic_only,96,264,0.4520924389362335,0.4315151363286117
traffic_only,96,265,0.4830300211906433,0.4579857890478271
traffic_only,96,266,0.4027772545814514,0.487515191961811
traffic_only,96,267,0.4725358784198761,0.41091527343304657
traffic_only,96,268,0.3954587280750274,0.47749870885183276
traffic_only,96,269,0.4141933023929596,0.40392986273845166
traffic_only,96,270,0.4115831553936004,0.4218116994284321
traffic_only,96,271,0.390343427658081,0.4193203579339681
traffic_only,96,272,0.3810839653015136,0.39904739436080233
traffic_only,96,273,0.3664051592350006,0.3902093929796514
traffic_only,96,274,0.3586024641990661,0.376198719001645
traffic_only,96,275,0.3883101940155029,0.36875117757334835
traffic_only,96,276,0.3668795824050903,0.3971067069807664
traffic_only,96,277,0.3389793634414673,0.3766515479533744
traffic_only,96,278,0.3545420467853546,0.35002125731236083
traffic_only,96,279,0.3719404339790344,0.36487557731401155
traffic_only,96,280,0.3521953225135803,0.38148204582440837
traffic_only,96,281,0.3224129676818847,0.3626356683909615
traffic_only,96,282,0.3811310231685638,0.3342089106592057
traffic_only,96,283,0.3390376567840576,0.3902543089237924
traffic_only,96,284,0.2838951349258423,0.3500768973292955
traffic_only,96,285,0.3510253429412842,0.29744428589074967
traffic_only,96,286,0.3456419706344604,0.3615189425296011
traffic_only,96,287,0.2962798178195953,0.356380604033175
traffic_only,96,288,0.3138699233531952,0.3092652578117028
traffic_only,96,289,0.3574512600898742,0.32605471825918586
traffic_only,97,0,0.2519592344760895,0.2878795223456603
traffic_only,97,1,0.2963059842586517,0.26696200501803513
traffic_only,97,2,0.2734748125076294,0.3092902332385272
traffic_only,97,3,0.3229557871818542,0.28749826306806553
traffic_only,97,4,0.3433119654655456,0.3347270227596392
traffic_only,97,5,0.302786111831665,0.3541566532131415
traffic_only,97,6,0.2297942191362381,0.31547540622534814
traffic_only,97,7,0.2502695024013519,0.2458058699592973
traffic_only,97,8,0.3143091797828674,0.26534918411815706
traffic_only,97,9,0.3618155121803283,0.32647398114752935
traffic_only,97,10,0.3132060766220093,0.3718179779341661
traffic_only,97,11,0.3119121789932251,0.3254210876982352
traffic_only,97,12,0.3640396893024444,0.324186084132164
traffic_only,97,13,0.3321896195411682,0.37394091766006116
traffic_only,97,14,0.3333155214786529,0.34354056073866146
traffic_only,97,15,0.3109931647777557,0.34461521523752364
traffic_only,97,16,0.3525279760360718,0.3233089004909502
traffic_only,97,17,0.366970807313919,0.36295318059393933
traffic_only,97,18,0.3014475107192993,0.3767386205974628
traffic_only,97,19,0.3426007926464081,0.3141977339346339
traffic_only,97,20,0.3402551114559173,0.353477850695702
traffic_only,97,21,0.300916463136673,0.35123893737622686
traffic_only,97,22,0.2952424883842468,0.31369085793168977
traffic_only,97,23,0.3336263597011566,0.3082751442792669
traffic_only,97,24,0.3181400597095489,0.3449119051028757
traffic_only,97,25,0.3272171914577484,0.3301304917287318
traffic_only,97,26,0.3422469794750213,0.3387944616049717
traffic_only,97,27,0.3612353801727295,0.35314014196305965
traffic_only,97,28,0.2439923137426376,0.37126425167156385
traffic_only,97,29,0.3530980050563812,0.25935771291830784
traffic_only,97,30,0.3232917189598083,0.3634972637247723
traffic_only,97,31,0.3333374857902527,0.33504766400242425
traffic_only,97,32,0.3462713658809662,0.3446361798042317
traffic_only,97,33,0.3240068554878235,0.35698135123033414
traffic_only,97,34,0.3655286133289337,0.3357302498134489
traffic_only,97,35,0.3210331797599792,0.3753620706488422
traffic_only,97,36,0.3599691689014435,0.3328919262501869
traffic_only,97,37,0.3565320968627929,0.370055674268955
traffic_only,97,38,0.3016510903835296,0.36677504670604216
traffic_only,97,39,0.3827581405639648,0.3143920473066587
traffic_only,97,40,0.3272883594036102,0.39180736516335357
traffic_only,97,41,0.3335063457489013,0.3388623902146035
traffic_only,97,42,0.3471446931362152,0.34479735380011706
traffic_only,97,43,0.363042265176773,0.35781492743496257
traffic_only,97,44,0.4037226438522339,0.3729888930758233
traffic_only,97,45,0.3793257176876068,0.4118176316217998
traffic_only,97,46,0.3766826689243316,0.3885311751478037
traffic_only,97,47,0.3845118284225464,0.38600842947200237
traffic_only,97,48,0.3282665610313415,0.39348123078528774
traffic_only,97,49,0.3371396660804748,0.33979606724724476
traffic_only,97,50,0.4039525687694549,0.3482652970642132
traffic_only,97,51,0.3722348511219024,0.41203709109554765
traffic_only,97,52,0.3792891502380371,0.38176306204490806
traffic_only,97,53,0.4117506742477417,0.38849627213104565
traffic_only,97,54,0.4362683594226837,0.4194802518681143
traffic_only,97,55,0.3397703468799591,0.4428819707902797
traffic_only,97,56,0.387939304113388,0.35077623772619665
traffic_only,97,57,0.3601416051387787,0.39675269879531044
traffic_only,97,58,0.4061368405818939,0.37022026176281186
traffic_only,97,59,0.3841311931610107,0.4141219418732446
traffic_only,97,60,0.4192311763763428,0.39311792081785957
traffic_only,97,61,0.3841533362865448,0.4266202655749995
traffic_only,97,62,0.3905334770679474,0.3931390560594662
traffic_only,97,63,0.3838010430335998,0.3992287933321686
traffic_only,97,64,0.4037986695766449,0.3928027980634617
traffic_only,97,65,0.3919692933559418,0.41189019689950956
traffic_only,97,66,0.4131175279617309,0.40059925587607353
traffic_only,97,67,0.3807815909385681,0.420784890792803
traffic_only,97,68,0.4502957761287689,0.38992078172616523
traffic_only,97,69,0.4227578639984131,0.4562709045586027
traffic_only,97,70,0.4325988888740539,0.42998642970791356
traffic_only,97,71,0.4379720389842987,0.43937952275085534
traffic_only,97,72,0.4514719843864441,0.44450810433224636
traffic_only,97,73,0.4115940034389496,0.4573935755955967
traffic_only,97,74,0.4418926239013672,0.41933071221114826
traffic_only,97,75,0.4984909892082214,0.44825023682089943
traffic_only,97,76,0.4334169328212738,0.5022724263919903
traffic_only,97,77,0.4579548239707947,0.4401603319660085
traffic_only,97,78,0.4340005815029144,0.4635813371517126
traffic_only,97,79,0.4469972252845764,0.44071741483494936
traffic_only,97,80,0.4199404716491699,0.4531224931504508
traffic_only,97,81,0.4322001039981842,0.42729727600600403
traffic_only,97,82,0.4755271673202514,0.4389988892812221
traffic_only,97,83,0.5224902033805847,0.4803538438926041
traffic_only,97,84,0.4789866209030151,0.5251792734457446
traffic_only,97,85,0.4360318183898926,0.48365583426365494
traffic_only,97,86,0.4635855555534363,0.4426561963452846
traffic_only,97,87,0.4998995661735534,0.4689557759244974
traffic_only,97,88,0.4786294102668762,0.5036168894596793
traffic_only,97,89,0.4628373980522156,0.4833148827079398
traffic_only,97,90,0.4877966344356537,0.46824167214886975
traffic_only,97,91,0.5130640864372253,0.49206484428724373
traffic_only,97,92,0.5124402046203613,0.516182203059124
traffic_only,97,93,0.5581064820289612,0.5155867183380043
traffic_only,97,94,0.575951099395752,0.5591744135266964
traffic_only,97,95,0.6088359951972961,0.576206801246481
traffic_only,97,96,0.5889184474945068,0.6075948822517367
traffic_only,97,97,0.5390264987945557,0.588583917324433
traffic_only,97,98,0.5607776641845703,0.5409628898243066
traffic_only,97,99,0.6041308045387268,0.5617240120532064
traffic_only,97,100,0.609178364276886,0.6031038567539636
traffic_only,97,101,0.6197247505187988,0.6079216677908703
traffic_only,97,102,0.6289528012275696,0.6179880164170481
traffic_only,97,103,0.5020486116409302,0.6267960359076832
traffic_only,97,104,0.6186594367027283,0.5056681172823575
traffic_only,97,105,0.6140580177307129,0.6169711922629856
traffic_only,97,106,0.5960038900375366,0.6125792150980174
traffic_only,97,107,0.6245052814483643,0.5953468532887385
traffic_only,97,108,0.5968737602233887,0.6225509529387532
traffic_only,97,109,0.5946517586708069,0.5961771297786612
traffic_only,97,110,0.6425197720527649,0.5940562665973655
traffic_only,97,111,0.5901207327842712,0.6397454818121818
traffic_only,97,112,0.6573327779769897,0.5897314784508022
traffic_only,97,113,0.6581162214279175,0.653884247301567
traffic_only,97,114,0.688221275806427,0.6546320309238464
traffic_only,97,115,0.6720920205116272,0.6833667999558927
traffic_only,97,116,0.6375203132629395,0.6679716965381147
traffic_only,97,117,0.7365031242370605,0.6349735823229911
traffic_only,97,118,0.6662959456443787,0.7294510137776387
traffic_only,97,119,0.6961278915405273,0.6624394403757832
traffic_only,97,120,0.6745209693908691,0.6909135319460763
traffic_only,97,121,0.708134651184082,0.6702900874686918
traffic_only,97,122,0.7383592128753662,0.7023737824688964
traffic_only,97,123,0.7277300357818604,0.731222619224822
traffic_only,97,124,0.7375231981277466,0.7210772481206051
traffic_only,97,125,0.6448088884353638,0.7304246571823624
traffic_only,97,126,0.7860755324363708,0.6419304049720751
traffic_only,97,127,0.7334197163581848,0.7767670452340159
traffic_only,97,128,0.745583176612854,0.726507952718286
traffic_only,97,129,0.8070142865180969,0.7381177713438885
traffic_only,97,130,0.6747047305107117,0.7967527345070676
traffic_only,97,131,0.742059051990509,0.6704654843727915
traffic_only,97,132,0.7619298696517944,0.7347540535511873
traffic_only,97,133,0.7436699867248535,0.7537204154383307
traffic_only,97,134,0.7473816871643066,0.7362916637124276
traffic_only,97,135,0.8024333119392395,0.7398344194737314
traffic_only,97,136,0.6937392950057983,0.7923802711721696
traffic_only,97,137,0.8466776609420776,0.6886336566509438
traffic_only,97,138,0.7440027594566345,0.8346107595674125
traffic_only,97,139,0.7763617634773254,0.7366092896986711
traffic_only,97,140,0.734934389591217,0.7674954158272249
traffic_only,97,141,0.7716816067695618,0.7279536828924614
traffic_only,97,142,0.806876540184021,0.763028284815252
traffic_only,97,143,0.7461366057395935,0.7966212579435339
traffic_only,97,144,0.7891677618026733,0.7386460101549706
traffic_only,97,145,0.7004277110099792,0.7797185262550315
traffic_only,97,146,0.7015472650527954,0.6950176374487854
traffic_only,97,147,0.7655442953109741,0.6960862329887483
traffic_only,97,148,0.8495509624481201,0.7571703240548111
traffic_only,97,149,0.7377217411994934,0.8373532776209424
traffic_only,97,150,0.7210580110549927,0.7306141632114108
traffic_only,97,151,0.7290616035461426,0.7147089125217995
traffic_only,97,152,0.7023833394050598,0.7223482071986422
traffic_only,97,153,0.772807240486145,0.6968842519228409
traffic_only,97,154,0.6893957853317261,0.7641026833017663
traffic_only,97,155,0.8005481362342834,0.6844878495813502
traffic_only,97,156,0.7501811981201172,0.7905809026081517
traffic_only,97,157,0.7324636578559875,0.7425065056857837
traffic_only,97,158,0.7820594906806946,0.7255954109272513
traffic_only,97,159,0.6938431262969971,0.7729338007953415
traffic_only,97,160,0.7810184955596924,0.6887327618753817
traffic_only,97,161,0.7718573212623596,0.7719401884274848
traffic_only,97,162,0.7204087972640991,0.763196001348916
traffic_only,97,163,0.8004406690597534,0.7140892488567152
traffic_only,97,164,0.6918164491653442,0.7904783269941096
traffic_only,97,165,0.7079468965530396,0.68679833257496
traffic_only,97,166,0.7318915128707886,0.7021945738253952
traffic_only,97,167,0.6903805136680603,0.7250493081434519
traffic_only,97,168,0.8436362147331238,0.6854277562477894
traffic_only,97,169,0.7925236821174622,0.8317077502175916
traffic_only,97,170,0.7518668174743652,0.7829216958598088
traffic_only,97,171,0.7620856165885925,0.7441154010629946
traffic_only,97,172,0.6700423955917358,0.7538690732749874
traffic_only,97,173,0.7177200317382812,0.6660153639590429
traffic_only,97,174,0.704410195350647,0.7115228672985122
traffic_only,97,175,0.6510962247848511,0.698818851898161
traffic_only,97,176,0.7007716298103333,0.6479315619724183
traffic_only,97,177,0.6773188710212708,0.6953459021703733
traffic_only,97,178,0.6989867091178894,0.6729606376066569
traffic_only,97,179,0.7847142815589905,0.6936422253328218
traffic_only,97,180,0.6627028584480286,0.7754677541228157
traffic_only,97,181,0.711593747138977,0.6590098989638657
traffic_only,97,182,0.7277868390083313,0.70567543149015
traffic_only,97,183,0.7203888893127441,0.7211314658467184
traffic_only,97,184,0.7676937580108643,0.7140702470513408
traffic_only,97,185,0.6757211685180664,0.7592219501189191
traffic_only,97,186,0.7311608791351318,0.6714356573879109
traffic_only,97,187,0.75642329454422,0.7243519305078844
traffic_only,97,188,0.6822155117988586,0.7484644819367882
traffic_only,97,189,0.7008649706840515,0.6776343990291683
traffic_only,97,190,0.7382549047470093,0.6954349944674282
traffic_only,97,191,0.6851025819778442,0.7311230588673213
traffic_only,97,192,0.7227553725242615,0.6803900590498884
traffic_only,97,193,0.7184408903121948,0.7163290155506832
traffic_only,97,194,0.7321375608444214,0.7122109147062912
traffic_only,97,195,0.7420316934585571,0.7252841568038878
traffic_only,97,196,0.7467273473739624,0.7347279402917056
traffic_only,97,197,0.6929988861083984,0.7392098631282216
traffic_only,97,198,0.7049446702003479,0.6879269487875876
traffic_only,97,199,0.6531329154968262,0.6993289991699945
traffic_only,97,200,0.7634146213531494,0.6498755490671599
traffic_only,97,201,0.6975274085998535,0.7551375860128117
traffic_only,97,202,0.6951733231544495,0.692249347485571
traffic_only,97,203,0.7278262376785278,0.690002412445863
traffic_only,97,204,0.7545203566551208,0.7211690712160372
traffic_only,97,205,0.790539562702179,0.7466481596661788
traffic_only,97,206,0.6842795014381409,0.7810278871852474
traffic_only,97,207,0.7496922612190247,0.6796044424917588
traffic_only,97,208,0.7376833558082581,0.7420398236214535
traffic_only,97,209,0.6975736021995544,0.7305775249998505
traffic_only,97,210,0.6968421936035156,0.6922934385010356
traffic_only,97,211,0.7278618812561035,0.691595321274241
traffic_only,97,212,0.7533484101295471,0.721203092412486
traffic_only,97,213,0.6923345923423767,0.7455295563809341
traffic_only,97,214,0.7252259850502014,0.6872928915393905
traffic_only,97,215,0.7200977206230164,0.7186871737326276
traffic_only,97,216,0.7498475909233093,0.7137923314248318
traffic_only,97,217,0.7138345241546631,0.7421880832166802
traffic_only,97,218,0.6631834506988525,0.7078142155357958
traffic_only,97,219,0.7737390398979187,0.6594686161995961
traffic_only,97,220,0.757041871547699,0.764992070198228
traffic_only,97,221,0.7348988652229309,0.7490549033025835
traffic_only,97,222,0.7228065729141235,0.7279197754792783
traffic_only,97,223,0.7874475717544556,0.7163778854633078
traffic_only,97,224,0.7319516539573669,0.7780766337307633
traffic_only,97,225,0.6625758409500122,0.7251067118010052
traffic_only,97,226,0.6526052951812744,0.6588886628942464
traffic_only,97,227,0.7073284387588501,0.6493719443331052
traffic_only,97,228,0.7360735535621643,0.7016042662428654
traffic_only,97,229,0.6601088047027588,0.7290409957796345
traffic_only,97,230,0.6788966059684753,0.6565339182102734
traffic_only,97,231,0.6535307765007019,0.6744665591283956
traffic_only,97,232,0.682296633720398,0.650255300716484
traffic_only,97,233,0.6678760647773743,0.6777118285414875
traffic_only,97,234,0.6436439156532288,0.6639476375628361
traffic_only,97,235,0.6669417023658752,0.6408184580078747
traffic_only,97,236,0.6440983414649963,0.6630558043261616
traffic_only,97,237,0.6761545538902283,0.6412521998167805
traffic_only,97,238,0.6078945994377136,0.671849316450418
traffic_only,97,239,0.6347536444664001,0.6066963358023849
traffic_only,97,240,0.6574151515960693,0.6323328434006433
traffic_only,97,241,0.6849278807640076,0.6539628715381761
traffic_only,97,242,0.6356636881828308,0.6802233096739829
traffic_only,97,243,0.6660596132278442,0.633201464851112
traffic_only,97,244,0.61516934633255,0.662213865051503
traffic_only,97,245,0.463775098323822,0.613639959592646
traffic_only,97,246,0.5907142162322998,0.4691366913169843
traffic_only,97,247,0.6275177597999573,0.5902979484391645
traffic_only,97,248,0.6096348166465759,0.6254263129550054
traffic_only,97,249,0.5732287168502808,0.6083573439152933
traffic_only,97,250,0.5001904368400574,0.5736083328073465
traffic_only,97,251,0.5351134538650513,0.5038945206280241
traffic_only,97,252,0.4879767596721649,0.53722795412721
traffic_only,97,253,0.5032883882522583,0.49223677080173917
traffic_only,97,254,0.5845337510108948,0.506851463245794
traffic_only,97,255,0.4798104763031006,0.5843987981365348
traffic_only,97,256,0.5108422040939331,0.4844421904130117
traffic_only,97,257,0.5159651041030884,0.514061453661094
traffic_only,97,258,0.5083356499671936,0.5189511757219326
traffic_only,97,259,0.500489354133606,0.5116689898245365
traffic_only,97,260,0.4732385575771332,0.5041798321668046
traffic_only,97,261,0.4207465946674347,0.47816940431159016
traffic_only,97,262,0.403998464345932,0.42806670689458565
traffic_only,97,263,0.4818935692310333,0.412080897652848
traffic_only,97,264,0.4263339638710022,0.48643046764393294
traffic_only,97,265,0.4635081887245178,0.43339975700446653
traffic_only,97,266,0.415725976228714,0.46888193058504835
traffic_only,97,267,0.4113725125789642,0.42327461087573054
traffic_only,97,268,0.4621129930019378,0.4191193029034496
traffic_only,97,269,0.4006384909152984,0.4675502396889357
traffic_only,97,270,0.4167140424251556,0.40887385941703636
traffic_only,97,271,0.4239511787891388,0.42421770347360965
traffic_only,97,272,0.4176854193210602,0.43112542864353764
traffic_only,97,273,0.4107857644557953,0.42514486641428884
traffic_only,97,274,0.3334346413612366,0.4185592616696002
traffic_only,97,275,0.403422087430954,0.34472891316578946
traffic_only,97,276,0.366811603307724,0.41153075556311575
traffic_only,97,277,0.3674441277980804,0.37658666304610044
traffic_only,97,278,0.3674739301204681,0.37719039705398444
traffic_only,97,279,0.3432473540306091,0.3772188428704132
traffic_only,97,280,0.2690850794315338,0.35409498268312395
traffic_only,97,281,0.3633090555667877,0.2833083365371909
traffic_only,97,282,0.3354794681072235,0.3732435400244936
traffic_only,97,283,0.3491747379302978,0.3466806659684162
traffic_only,97,284,0.3689718246459961,0.3597525711126406
traffic_only,97,285,0.3127134442329407,0.3786485580499393
traffic_only,97,286,0.3500805795192718,0.3249508783526677
traffic_only,97,287,0.3551312685012817,0.36061718170299284
traffic_only,97,288,0.3270505368709564,0.36543797955062457
traffic_only,97,289,0.3289807438850403,0.33863539259950204
traffic_only,98,0,0.4736390113830566,0.37010536911025604
traffic_only,98,1,0.3788112103939056,0.4785516307469434
traffic_only,98,2,0.516171932220459,0.3880400865729775
traffic_only,98,3,0.3804955184459686,0.5191485896879483
traffic_only,98,4,0.4629805088043213,0.3896477303342655
traffic_only,98,5,0.4264709651470184,0.4683782689593607
traffic_only,98,6,0.4156748354434967,0.43353052242258955
traffic_only,98,7,0.4420420825481415,0.42322579785473874
traffic_only,98,8,0.3805055916309356,0.44839289259028964
traffic_only,98,9,0.5253375172615051,0.38965734502021837
traffic_only,98,10,0.5055944323539734,0.5278969867473486
traffic_only,98,11,0.4805147349834442,0.5090525436294189
traffic_only,98,12,0.476109892129898,0.4851143935010398
traffic_only,98,13,0.5534148216247559,0.4809100449412357
traffic_only,98,14,0.4397242963314056,0.5546963024295819
traffic_only,98,15,0.5229984521865845,0.44618060455499187
traffic_only,98,16,0.4872120320796966,0.5256643883991208
traffic_only,98,17,0.4867848753929138,0.49150685115217707
traffic_only,98,18,0.4874393045902252,0.49109913726530363
traffic_only,98,19,0.4712285101413727,0.49172377894826286
traffic_only,98,20,0.4606994092464447,0.4762508477767358
traffic_only,98,21,0.4733313024044037,0.46620099772408674
traffic_only,98,22,0.4262847900390625,0.47825792769231645
traffic_only,98,23,0.4961898922920227,0.4333528214073591
traffic_only,98,24,0.5077304244041443,0.5000760680138927
traffic_only,98,25,0.5257107615470886,0.5110913121845012
traffic_only,98,26,0.4829608201980591,0.5282532421523025
traffic_only,98,27,0.4640228450298309,0.4874491407760634
traffic_only,98,28,0.472743809223175,0.4693731613889566
traffic_only,98,29,0.4223733246326446,0.4776971753130562
traffic_only,98,30,0.4882501065731048,0.4296193933385332
traffic_only,98,31,0.4765442311763763,0.49249767583002374
traffic_only,98,32,0.4589785635471344,0.4813246142698685
traffic_only,98,33,0.4148363471031189,0.46455847939185707
traffic_only,98,34,0.428359717130661,0.42242547480951553
traffic_only,98,35,0.4447622299194336,0.43533330448457885
traffic_only,98,36,0.4915724396705627,0.45098922759319215
traffic_only,98,37,0.4715999960899353,0.4956687869996858
traffic_only,98,38,0.4293586909770965,0.47660542487852037
traffic_only,98,39,0.4811665713787079,0.4362868082512709
traffic_only,98,40,0.4503794908523559,0.4857365603979697
traffic_only,98,41,0.4391627311706543,0.45635080885695106
traffic_only,98,42,0.4529400765895843,0.44564460003602474
traffic_only,98,43,0.5119304656982422,0.45879484495869394
traffic_only,98,44,0.5116751194000244,0.5151001810938067
traffic_only,98,45,0.5705364346504211,0.514856457338645
traffic_only,98,46,0.5299270153045654,0.5710385946428048
traffic_only,98,47,0.5340457558631897,0.5322775855857452
traffic_only,98,48,0.4827328622341156,0.5362088543078332
traffic_only,98,49,0.5019895434379578,0.4872315587261998
traffic_only,98,50,0.4942253530025482,0.5056117376741956
traffic_only,98,51,0.5433468222618103,0.49820094824072503
traffic_only,98,52,0.50873863697052,0.5450865660487186
traffic_only,98,53,0.5535591244697571,0.5120536341542862
traffic_only,98,54,0.4458649158477783,0.55483403707273
traffic_only,98,55,0.5388414263725281,0.45204172280105637
traffic_only,98,56,0.5875481963157654,0.540786241304284
traffic_only,98,57,0.5719628930091858,0.5872760355766713
traffic_only,98,58,0.5245214700698853,0.5724001252003512
traffic_only,98,59,0.5802670121192932,0.5271180834018963
traffic_only,98,60,0.5184736251831055,0.5803262674900617
traffic_only,98,61,0.559737503528595,0.5213455169823745
traffic_only,98,62,0.4730138480663299,0.5607311961682098
traffic_only,98,63,0.5470907092094421,0.4779549228557172
traffic_only,98,64,0.4612188935279846,0.5486600432917655
traffic_only,98,65,0.4539452791213989,0.46669683675025647
traffic_only,98,66,0.5129055976867676,0.45975429390101974
traffic_only,98,67,0.5531477928161621,0.5160309282073559
traffic_only,98,68,0.4842354357242584,0.5544414279143802
traffic_only,98,69,0.453937828540802,0.4886657398989051
traffic_only,98,70,0.5019807815551758,0.45974718244691254
traffic_only,98,71,0.4296365082263946,0.5056033746041656
traffic_only,98,72,0.5201123356819153,0.43655198015201985
traffic_only,98,73,0.5253587961196899,0.5229096386445264
traffic_only,98,74,0.4527624249458313,0.5279172970602788
traffic_only,98,75,0.4829888939857483,0.45862527944696213
traffic_only,98,76,0.5229490399360657,0.4874759367351393
traffic_only,98,77,0.4389472901821136,0.5256172252354818
traffic_only,98,78,0.4479747116565704,0.4454389652290611
traffic_only,98,79,0.491432636976242,0.4540554874834977
traffic_only,98,80,0.4670443832874298,0.4955353476748185
traffic_only,98,81,0.4521136283874511,0.4722571689334032
traffic_only,98,82,0.4584217965602875,0.45800601402330793
traffic_only,98,83,0.5126170516014099,0.4640270546493349
traffic_only,98,84,0.4537525475025177,0.5157555158126925
traffic_only,98,85,0.5547951459884644,0.45957033480617493
traffic_only,98,86,0.4974526762962341,0.5560137988632965
traffic_only,98,87,0.4588685035705566,0.5012813741476122
traffic_only,98,88,0.4320845305919647,0.4644534289917856
traffic_only,98,89,0.4608370065689087,0.43888857640511136
traffic_only,98,90,0.4816646873950958,0.4663323320585383
traffic_only,98,91,0.5026698708534241,0.48621200377376006
traffic_only,98,92,0.5378788709640503,0.5062610987716315
traffic_only,98,93,0.4834473729133606,0.5398674983252678
traffic_only,98,94,0.4700516164302826,0.48791354717507934
traffic_only,98,95,0.5448175072669983,0.47512752248596396
traffic_only,98,96,0.5405008792877197,0.5464903101978452
traffic_only,98,97,0.5159720182418823,0.5423701612546704
traffic_only,98,98,0.5196834206581116,0.5189577751513441
traffic_only,98,99,0.5176867842674255,0.5225002464544837
traffic_only,98,100,0.6284042000770569,0.5205944905370223
traffic_only,98,101,0.5099387168884277,0.6262724053188625
traffic_only,98,102,0.5222236514091492,0.5131990902902397
traffic_only,98,103,0.5894520282745361,0.5249248540636058
traffic_only,98,104,0.4844835698604584,0.5890932112217736
traffic_only,98,105,0.6064448952674866,0.488902579766491
traffic_only,98,106,0.5692882537841797,0.6053126175080242
traffic_only,98,107,0.607763946056366,0.5698472269591354
traffic_only,98,108,0.6325076818466187,0.6065716293431612
traffic_only,98,109,0.6191918849945068,0.6301891097829388
traffic_only,98,110,0.6552001237869263,0.6174794052193019
traffic_only,98,111,0.632358729839325,0.6518486646779247
traffic_only,98,112,0.6057285666465759,0.6300469375924279
traffic_only,98,113,0.5566733479499817,0.6046288938643425
traffic_only,98,114,0.6795437335968018,0.55780651110627
traffic_only,98,115,0.7249428033828735,0.6750842315863298
traffic_only,98,116,0.6634782552719116,0.7184168815849216
traffic_only,98,117,0.6588120460510254,0.6597500022157093
traffic_only,98,118,0.6130203008651733,0.6552961838458251
traffic_only,98,119,0.755459725856781,0.6115887317699679
traffic_only,98,120,0.6998289823532104,0.7475447718000133
traffic_only,98,121,0.7119983434677124,0.6944461609967315
traffic_only,98,122,0.6784924864768982,0.7060616118939869
traffic_only,98,123,0.7429600358009338,0.6740808338576215
traffic_only,98,124,0.6952356696128845,0.7356140274734616
traffic_only,98,125,0.740587592124939,0.690061921093832
traffic_only,98,126,0.7091513872146606,0.7333495698108335
traffic_only,98,127,0.6914148926734924,0.70334423994218
traffic_only,98,128,0.7818991541862488,0.6864150536443989
traffic_only,98,129,0.7028915286064148,0.7727807623029548
traffic_only,98,130,0.7719087600708008,0.6973693099845841
traffic_only,98,131,0.7807868123054504,0.763245098828072
traffic_only,98,132,0.7376362085342407,0.7717190506505676
traffic_only,98,133,0.7339840531349182,0.7305325237182603
traffic_only,98,134,0.7593420147895813,0.7270466026981811
traffic_only,98,135,0.7469087243080139,0.7512503514145554
traffic_only,98,136,0.7680423855781555,0.739382984367007
traffic_only,98,137,0.7418798208236694,0.7595547092795029
traffic_only,98,138,0.7860676646232605,0.7345829804111846
traffic_only,98,139,0.7625696063041687,0.7767595355384787
traffic_only,98,140,0.7433796525001526,0.7543310333337905
traffic_only,98,141,0.7098017334938049,0.7360145445687786
traffic_only,98,142,0.7547472715377808,0.7039649845482885
traffic_only,98,143,0.7416882514953613,0.7468647461124673
traffic_only,98,144,0.7512046098709106,0.7344001307031806
traffic_only,98,145,0.7624855041503906,0.7434833350219474
traffic_only,98,146,0.7724108695983887,0.7542507592398285
traffic_only,98,147,0.7523325085639954,0.7637243539432638
traffic_only,98,148,0.7414045333862305,0.7445598953905104
traffic_only,98,149,0.7219128012657166,0.7341293265307788
traffic_only,98,150,0.7385384440422058,0.7155247954286093
traffic_only,98,151,0.6814117431640625,0.7313936923648247
traffic_only,98,152,0.7778367400169373,0.6768672153600847
traffic_only,98,153,0.726490318775177,0.7689032561739172
traffic_only,98,154,0.6882385015487671,0.7198939590488015
traffic_only,98,155,0.6715608239173889,0.6833832416377885
traffic_only,98,156,0.7363566160202026,0.6674646783060885
traffic_only,98,157,0.7495898008346558,0.7293111741440749
traffic_only,98,158,0.7795451283454895,0.7419420269045713
traffic_only,98,159,0.7420428395271301,0.7705338841548796
traffic_only,98,160,0.8016734719276428,0.73473857902705
traffic_only,98,161,0.7554928660392761,0.7916550166365018
traffic_only,98,162,0.8266294598579407,0.7475764035478821
traffic_only,98,163,0.7499259114265442,0.8154750881808851
traffic_only,98,164,0.7977199554443359,0.742262838822255
traffic_only,98,165,0.7949168682098389,0.787881451520695
traffic_only,98,166,0.7812827825546265,0.7852059518106712
traffic_only,98,167,0.7826758623123169,0.7721924459275751
traffic_only,98,168,0.7585078477859497,0.7735221171707212
traffic_only,98,169,0.7242783904075623,0.7504541530127145
traffic_only,98,170,0.7722223401069641,0.7177827105534587
traffic_only,98,171,0.7942418456077576,0.7635444057085354
traffic_only,98,172,0.7198044657707214,0.7845616540685598
traffic_only,98,173,0.750629186630249,0.7135124245911728
traffic_only,98,174,0.7498219609260559,0.7429341031983409
traffic_only,98,175,0.7708017826080322,0.7421636198145515
traffic_only,98,176,0.8117174506187439,0.762188507422642
traffic_only,98,177,0.7539085149765015,0.8012418256893236
traffic_only,98,178,0.7925355434417725,0.7460641670548963
traffic_only,98,179,0.7865269780158997,0.7829330172947474
traffic_only,98,180,0.7575436234474182,0.7771979424612787
traffic_only,98,181,0.7968611121177673,0.7495338170679782
traffic_only,98,182,0.7227457165718079,0.7870616999828509
traffic_only,98,183,0.7348630428314209,0.7163197991061603
traffic_only,98,184,0.7980238795280457,0.727885583607931
traffic_only,98,185,0.7008748054504395,0.7881715419566355
traffic_only,98,186,0.7145453095436096,0.6954443815868497
traffic_only,98,187,0.7468096613883972,0.7084926482576218
traffic_only,98,188,0.7401921153068542,0.7392884304731978
traffic_only,98,189,0.7142598032951355,0.7329720938268238
traffic_only,98,190,0.7031517028808594,0.7082201373362343
traffic_only,98,191,0.6592960953712463,0.6976176419620072
traffic_only,98,192,0.7432756423950195,0.655758200796261
traffic_only,98,193,0.6719423532485962,0.7359152686694422
traffic_only,98,194,0.6835258603096008,0.6678288416480095
traffic_only,98,195,0.6926563382148743,0.6788851046859082
traffic_only,98,196,0.6871032118797302,0.6875999925735554
traffic_only,98,197,0.7137114405632019,0.6822996267067511
traffic_only,98,198,0.7138339281082153,0.7076967343139451
traffic_only,98,199,0.6827421188354492,0.7078136466194672
traffic_only,98,200,0.6694730520248413,0.6781370366054645
traffic_only,98,201,0.6697919368743896,0.6654719350819879
traffic_only,98,202,0.7110186219215393,0.6657763053177757
traffic_only,98,203,0.7155635952949524,0.7051264841247078
traffic_only,98,204,0.6648595333099365,0.7094645849133598
traffic_only,98,205,0.6684927344322205,0.6610684089155496
traffic_only,98,206,0.7094082832336426,0.6645362383963801
traffic_only,98,207,0.7268223762512207,0.703589442879796
traffic_only,98,208,0.6495248079299927,0.7202109023354507
traffic_only,98,209,0.7790272235870361,0.6464316709637625
traffic_only,98,210,0.6817408800125122,0.7700395527569805
traffic_only,98,211,0.6943850517272949,0.6771813709567238
traffic_only,98,212,0.6832714080810547,0.6892500206013222
traffic_only,98,213,0.6721374988555908,0.6786422343052394
traffic_only,98,214,0.681108832359314,0.668015104853985
traffic_only,98,215,0.7692126631736755,0.6765780920819027
traffic_only,98,216,0.7292567491531372,0.7606717195990275
traffic_only,98,217,0.7201287746429443,0.7225344704046178
traffic_only,98,218,0.7439188957214355,0.7138219719655506
traffic_only,98,219,0.7138600945472717,0.7365292431712406
traffic_only,98,220,0.727994441986084,0.7078386220462918
traffic_only,98,221,0.6675564646720886,0.7213296194039611
traffic_only,98,222,0.6808457374572754,0.6636425846274542
traffic_only,98,223,0.6668577790260315,0.6763269724144695
traffic_only,98,224,0.7094470262527466,0.6629757009070982
traffic_only,98,225,0.6560508012771606,0.7036264224411534
traffic_only,98,226,0.7141962051391602,0.6526606220620673
traffic_only,98,227,0.6780372262001038,0.7081594339639753
traffic_only,98,228,0.7230591177940369,0.6736462955658558
traffic_only,98,229,0.6700477600097656,0.7166189353117252
traffic_only,98,230,0.6617251038551331,0.6660204842060001
traffic_only,98,231,0.6639087200164795,0.6580766486184709
traffic_only,98,232,0.6792045831680298,0.6601608735882064
traffic_only,98,233,0.6406064629554749,0.6747605181953704
traffic_only,98,234,0.6096593141555786,0.6379192603974552
traffic_only,98,235,0.6526637077331543,0.6083807263763977
traffic_only,98,236,0.620964527130127,0.6494276981333056
traffic_only,98,237,0.6374190449714661,0.6191713623804846
traffic_only,98,238,0.6541830897331238,0.6348769234387661
traffic_only,98,239,0.6107735633850098,0.6508779227464767
traffic_only,98,240,0.6099767088890076,0.6094442585610363
traffic_only,98,241,0.6239323019981384,0.608683674321364
traffic_only,98,242,0.6847800612449646,0.6220040536720938
traffic_only,98,243,0.5371139645576477,0.6800822184244962
traffic_only,98,244,0.5697590112686157,0.5391374080008072
traffic_only,98,245,0.5666037797927856,0.5702965570754441
traffic_only,98,246,0.5861017107963562,0.5672849415984982
traffic_only,98,247,0.5581086874008179,0.5858953894304849
traffic_only,98,248,0.6157258749008179,0.5591765185171121
traffic_only,98,249,0.5696588754653931,0.6141711567686368
traffic_only,98,250,0.5806643962860107,0.5702009791322435
traffic_only,98,251,0.538384199142456,0.5807055640063228
traffic_only,98,252,0.5989879965782166,0.5403498255886339
traffic_only,98,253,0.6319746971130371,0.5981951328877506
traffic_only,98,254,0.4877690076828003,0.6296803848019269
traffic_only,98,255,0.5115979909896851,0.49203847501541426
traffic_only,98,256,0.521579921245575,0.5147828395657275
traffic_only,98,257,0.452767014503479,0.5243104244287444
traffic_only,98,258,0.512201726436615,0.4586296601026922
traffic_only,98,259,0.4720625579357147,0.5153590949149414
traffic_only,98,260,0.523227334022522,0.47704693239531115
traffic_only,98,261,0.4357999563217163,0.5258828522692937
traffic_only,98,262,0.4610878527164459,0.44243488789346885
traffic_only,98,263,0.4330941438674927,0.4665717604954192
traffic_only,98,264,0.4067510962486267,0.43985223532826856
traffic_only,98,265,0.4475959241390228,0.41470823859565786
traffic_only,98,266,0.4688661694526672,0.4536939411566882
traffic_only,98,267,0.398899644613266,0.473996033245877
traffic_only,98,268,0.366223931312561,0.4072141598116838
traffic_only,98,269,0.4041619002819061,0.3760257399919416
traffic_only,98,270,0.4461075067520141,0.4122368945101433
traffic_only,98,271,0.4075385928153991,0.45227327174678644
traffic_only,98,272,0.3816253244876861,0.4154598908489714
traffic_only,98,273,0.4156859219074249,0.3907261112350799
traffic_only,98,274,0.3966563940048218,0.42323637969845024
traffic_only,98,275,0.4627545177936554,0.4050730147632744
traffic_only,98,276,0.4271025061607361,0.4681625643333813
traffic_only,98,277,0.3367102444171905,0.4341333177185315
traffic_only,98,278,0.4118764698505401,0.3478554212952912
traffic_only,98,279,0.317676693201065,0.41960032165926003
traffic_only,98,280,0.4182767570018768,0.3296882161748974
traffic_only,98,281,0.3744233846664428,0.4257092883038683
traffic_only,98,282,0.3327618837356567,0.3838519805743543
traffic_only,98,283,0.3725249171257019,0.3440867773057265
traffic_only,98,284,0.3027822375297546,0.38203992517620927
traffic_only,98,285,0.3785594403743744,0.31547170826921245
traffic_only,98,286,0.3737797737121582,0.3877997763157874
traffic_only,98,287,0.3114427924156189,0.3832376647227588
traffic_only,98,288,0.3550772964954376,0.323738062523411
traffic_only,98,289,0.3229065835475921,0.36538646417707216
traffic_only,99,0,0.5068700909614563,0.4109896023513749
traffic_only,99,1,0.4452753961086273,0.5102701383558357
traffic_only,99,2,0.4285410940647125,0.451479036106279
traffic_only,99,3,0.4289696812629699,0.4355064257233643
traffic_only,99,4,0.4254032075405121,0.43591550500942633
traffic_only,99,5,0.456011027097702,0.4325113657115799
traffic_only,99,6,0.4872322082519531,0.46172601566677945
traffic_only,99,7,0.4323075711727142,0.4915261089698994
traffic_only,99,8,0.4344507157802582,0.4391014648952642
traffic_only,99,9,0.471279501914978,0.44114706044628943
traffic_only,99,10,0.4523752927780151,0.47629951856864544
traffic_only,99,11,0.4934735596179962,0.45825576829155246
traffic_only,99,12,0.3969652354717254,0.4974833740754931
traffic_only,99,13,0.4875061810016632,0.4053677987589256
traffic_only,99,14,0.4462868869304657,0.491787611360329
traffic_only,99,15,0.4334726631641388,0.4524444871158712
traffic_only,99,16,0.3785217702388763,0.4402135256427303
traffic_only,99,17,0.4525811970233917,0.3877638208038214
traffic_only,99,18,0.4527609050273895,0.4584523004372588
traffic_only,99,19,0.4816277325153351,0.45862382871032426
traffic_only,99,20,0.4848707318305969,0.48617673096138836
traffic_only,99,21,0.4202027320861816,0.4892721193677171
traffic_only,99,22,0.5122648477554321,0.4275475991905771
traffic_only,99,23,0.4060324728488922,0.5154193431541374
traffic_only,99,24,0.4400457441806793,0.4140223246241111
traffic_only,99,25,0.3950598835945129,0.44648742113099255
traffic_only,99,26,0.3617792427539825,0.4035491723771855
traffic_only,99,27,0.4076639115810394,0.37178335937557233
traffic_only,99,28,0.4297774732112884,0.41557950550705436
traffic_only,99,29,0.4561933577060699,0.43668652886372794
traffic_only,99,30,0.3943213224411011,0.46190004717169053
traffic_only,99,31,0.4307110607624054,0.4028442281544479
traffic_only,99,32,0.4389752447605133,0.4375776225091754
traffic_only,99,33,0.4132052063941955,0.4454656474048714
traffic_only,99,34,0.4103221297264099,0.4208685783847364
traffic_only,99,35,0.3596886694431305,0.41811673010341793
traffic_only,99,36,0.4258232712745666,0.3697879422447275
traffic_only,99,37,0.3847809731960296,0.4329123094941432
traffic_only,99,38,0.3779942095279693,0.3937381249534559
traffic_only,99,39,0.4424033164978027,0.38726027296139937
traffic_only,99,40,0.4514256715774536,0.44873768433122263
traffic_only,99,41,0.3856963217258453,0.4573493707968664
traffic_only,99,42,0.3447031080722809,0.39461180975924887
traffic_only,99,43,0.4574782848358154,0.35548447547821976
traffic_only,99,44,0.4313910007476806,0.46312648854701666
traffic_only,99,45,0.3785613775253296,0.4382266138109976
traffic_only,99,46,0.3974676728248596,0.38780162529385526
traffic_only,99,47,0.4302020072937011,0.4058473667780982
traffic_only,99,48,0.4536812007427215,0.43709173951875563
traffic_only,99,49,0.3932814002037048,0.45950223552164443
traffic_only,99,50,0.3979149162769317,0.40185163983598265
traffic_only,99,51,0.3958125114440918,0.40627425314524457
traffic_only,99,52,0.3943336308002472,0.4042675430252775
traffic_only,99,53,0.422461450099945,0.40285597627663305
traffic_only,99,54,0.4025402367115021,0.42970350761771303
traffic_only,99,55,0.4482655227184295,0.4106890438549886
traffic_only,99,56,0.4063190817832947,0.4543330617602096
traffic_only,99,57,0.469307005405426,0.4142958880407065
traffic_only,99,58,0.3644441068172455,0.47441680376249135
traffic_only,99,59,0.4269549548625946,0.3743269273889995
traffic_only,99,60,0.4393332004547119,0.4339924824813927
traffic_only,99,61,0.4000812172889709,0.4458073101059972
traffic_only,99,62,0.4146108031272888,0.4083419510956349
traffic_only,99,63,0.3806372582912445,0.42221019687078265
traffic_only,99,64,0.4101079404354095,0.3897830186372007
traffic_only,99,65,0.3158904910087585,0.41791229002074437
traffic_only,99,66,0.4235090613365173,0.3279833161672395
traffic_only,99,67,0.4576030969619751,0.4307034349568169
traffic_only,99,68,0.4634507894515991,0.4632456196262204
traffic_only,99,69,0.4115446507930755,0.46882714394260655
traffic_only,99,70,0.4522956609725952,0.41928360593914216
traffic_only,99,71,0.4380531907081604,0.45817976107005487
traffic_only,99,72,0.4694962203502655,0.4445855622903819
traffic_only,99,73,0.4983924031257629,0.47459740625099756
traffic_only,99,74,0.4800027012825012,0.5021783276312439
traffic_only,99,75,0.4734677672386169,0.4846256659289772
traffic_only,99,76,0.516348659992218,0.4783881810857437
traffic_only,99,77,0.4171941876411438,0.5193172733793708
traffic_only,99,78,0.5396168828010559,0.42467599402209355
traffic_only,99,79,0.5137578248977661,0.5415264014477604
traffic_only,99,80,0.4836399555206299,0.5168443647739528
traffic_only,99,81,0.4503381252288818,0.48809736404084203
traffic_only,99,82,0.5215868949890137,0.4563113260637479
traffic_only,99,83,0.4851136207580566,0.5243170807497888
traffic_only,99,84,0.5455212593078613,0.4895039527716114
traffic_only,99,85,0.5319848656654358,0.5471620297069941
traffic_only,99,86,0.5588585734367371,0.5342417692101513
traffic_only,99,87,0.5995990633964539,0.5598922721500926
traffic_only,99,88,0.6187523007392883,0.598778385907806
traffic_only,99,89,0.5986717939376831,0.6170598294269776
traffic_only,99,90,0.6032177209854126,0.5978933227754414
traffic_only,99,91,0.591701328754425,0.6022323338302192
traffic_only,99,92,0.6809089183807373,0.591240130770918
traffic_only,99,93,0.6701590418815613,0.6763872775452985
traffic_only,99,94,0.6971912384033203,0.6661267008845452
traffic_only,99,95,0.6916425824165344,0.6919284786762546
traffic_only,99,96,0.6581177711486816,0.6866323796819146
traffic_only,99,97,0.6658413410186768,0.6546335101063006
traffic_only,99,98,0.6981238126754761,0.6620055278919789
traffic_only,99,99,0.6979373693466187,0.6928186051639434
traffic_only,99,100,0.7026229500770569,0.6926406481363651
traffic_only,99,101,0.7008880376815796,0.697112956286928
traffic_only,99,102,0.6575659513473511,0.695457011529344
traffic_only,99,103,0.7190299034118652,0.6541068073693056
traffic_only,99,104,0.7456193566322327,0.7127731178221892
traffic_only,99,105,0.7132726311683655,0.738152304565033
traffic_only,99,106,0.7188045978546143,0.7072778981128479
traffic_only,99,107,0.8307624459266663,0.7125580674499878
traffic_only,99,108,0.8168708682060242,0.819419954003226
traffic_only,99,109,0.7091184854507446,0.8061606762661853
traffic_only,99,110,0.7810574173927307,0.7033128357608427
traffic_only,99,111,0.6780919432640076,0.7719773386637407
traffic_only,99,112,0.8154520392417908,0.673698522084819
traffic_only,99,113,0.8246258497238159,0.8048064278376447
traffic_only,99,114,0.7961737513542175,0.8135626759423793
traffic_only,99,115,0.8993815183639526,0.7864056256727379
traffic_only,99,116,0.8536235690116882,0.8849157067392255
traffic_only,99,117,0.7804837226867676,0.8412405122191986
traffic_only,99,118,0.8553836941719055,0.771429756697487
traffic_only,99,119,0.932076334953308,0.8429205221374814
traffic_only,99,120,0.8246750831604004,0.9161223603272984
traffic_only,99,121,0.8244259357452393,0.8136096684311197
traffic_only,99,122,0.8660996556282043,0.8133718614057752
traffic_only,99,123,0.8588576912879944,0.8531487274591387
traffic_only,99,124,0.8239790201187134,0.8462363940669494
traffic_only,99,125,0.8305315971374512,0.8129452879426095
traffic_only,99,126,0.9072688221931458,0.8191996127091687
traffic_only,99,127,0.8317418694496155,0.8924440058403633
traffic_only,99,128,0.7919946908950806,0.8203547973143408
traffic_only,99,129,0.7880150675773621,0.7824167826181982
traffic_only,99,130,0.7692354917526245,0.7786182989671998
traffic_only,99,131,0.7709078192710876,0.7606935090944119
traffic_only,99,132,0.8089554309844971,0.7622897176374955
traffic_only,99,133,0.7665504217147827,0.7986055243143386
traffic_only,99,134,0.867414116859436,0.7581306548174461
traffic_only,99,135,0.8421656489372253,0.8544033586385458
traffic_only,99,136,0.7940047383308411,0.8303041198517307
traffic_only,99,137,0.7514509558677673,0.7843353391530525
traffic_only,99,138,0.828460693359375,0.7437184681405477
traffic_only,99,139,0.8094317317008972,0.8172229698171668
traffic_only,99,140,0.8174357414245605,0.7990601453525031
traffic_only,99,141,0.8180891275405884,0.806699838270776
traffic_only,99,142,0.786771833896637,0.8073234843501602
traffic_only,99,143,0.7718466520309448,0.7774316532890575
traffic_only,99,144,0.7454224228858948,0.7631858177466344
traffic_only,99,145,0.6980093717575073,0.7379643346100717
traffic_only,99,146,0.7738738059997559,0.692709373228857
traffic_only,99,147,0.7728186845779419,0.7651207021801189
traffic_only,99,148,0.687355101108551,0.7641136064952749
traffic_only,99,149,0.6804909110069275,0.6825400507472071
traffic_only,99,150,0.7392265200614929,0.6759882965240687
traffic_only,99,151,0.7048901319503784,0.7320504493745319
traffic_only,99,152,0.6778436899185181,0.6992769433259298
traffic_only,99,153,0.6380543112754822,0.6734615684339674
traffic_only,99,154,0.6830199360847473,0.6354832744617617
traffic_only,99,155,0.6606274843215942,0.6784022085062135
traffic_only,99,156,0.6333040595054626,0.6570289891993996
traffic_only,99,157,0.7088971138000488,0.6309492388895482
traffic_only,99,158,0.642670214176178,0.7031015402364098
traffic_only,99,159,0.6467349529266357,0.6398890762935142
traffic_only,99,160,0.7053689956665039,0.6437688011962331
traffic_only,99,161,0.6530011296272278,0.6997340107043072
traffic_only,99,162,0.6517410278320312,0.649749761666912
traffic_only,99,163,0.6289222240447998,0.648547015656671
traffic_only,99,164,0.6077983379364014,0.6267668505000272
traffic_only,99,165,0.616686999797821,0.6066044558153201
traffic_only,99,166,0.6093988418579102,0.6150885343484643
traffic_only,99,167,0.6316442489624023,0.6081321099408104
traffic_only,99,168,0.5677979588508606,0.6293649775893647
traffic_only,99,169,0.5613358616828918,0.5684247654627986
traffic_only,99,170,0.6176418662071228,0.5622568021949171
traffic_only,99,171,0.597392201423645,0.6159999383068419
traffic_only,99,172,0.5952383875846863,0.596671973201256
traffic_only,99,173,0.5904342532157898,0.5946161940479493
traffic_only,99,174,0.6075925827026367,0.5900307284396328
traffic_only,99,175,0.587557852268219,0.6064080658986959
traffic_only,99,176,0.6205413937568665,0.5872852520211943
traffic_only,99,177,0.641588568687439,0.6187674886788291
traffic_only,99,178,0.5394099354743958,0.6388566638320486
traffic_only,99,179,0.6237860321998596,0.541328873698479
traffic_only,99,180,0.5450835824012756,0.6218644416050614
traffic_only,99,181,0.562372088432312,0.5467442744469213
traffic_only,99,182,0.4782840013504028,0.5632458632321452
traffic_only,99,183,0.677160918712616,0.4829851956955304
traffic_only,99,184,0.5774165391921997,0.6728098747795844
traffic_only,99,185,0.6507319808006287,0.5776055389319162
traffic_only,99,186,0.6190319657325745,0.647583897204026
traffic_only,99,187,0.5925551652908325,0.6173267649683452
traffic_only,99,188,0.5820781588554382,0.5920551034116021
traffic_only,99,189,0.6080214977264404,0.5820549766460704
traffic_only,99,190,0.7137178778648376,0.6068174580887387
traffic_only,99,191,0.6293584108352661,0.7077028786102937
traffic_only,99,192,0.5854761004447937,0.6271831834692786
traffic_only,99,193,0.6400689482688904,0.5852982548520123
traffic_only,99,194,0.7015727162361145,0.637406211652346
traffic_only,99,195,0.6727657318115234,0.6961105257159784
traffic_only,99,196,0.6527581214904785,0.6686147426643033
traffic_only,99,197,0.6394945979118347,0.6495178144797519
traffic_only,99,198,0.5883110165596008,0.636858003878131
traffic_only,99,199,0.6326178312301636,0.5880041346939819
traffic_only,99,200,0.6496340036392212,0.6302942455204595
traffic_only,99,201,0.6879106760025024,0.6465358964351575
traffic_only,99,202,0.6571691632270813,0.683070337657072
traffic_only,99,203,0.6872302889823914,0.6537280797693731
traffic_only,99,204,0.711810290813446,0.6824209196680034
traffic_only,99,205,0.6840884685516357,0.7058821187923214
traffic_only,99,206,0.7221442461013794,0.6794221048084503
traffic_only,99,207,0.6740842461585999,0.715745705638995
traffic_only,99,208,0.6922594308853149,0.6698732424747447
traffic_only,99,209,0.6951298117637634,0.6872211511903572
traffic_only,99,210,0.6567512154579163,0.689960881553877
traffic_only,99,211,0.6979339122772217,0.6533291556397761
traffic_only,99,212,0.7538992166519165,0.6926373484216594
traffic_only,99,213,0.6872395873069763,0.7460552919601705
traffic_only,99,214,0.7049557566642761,0.6824297947627292
traffic_only,99,215,0.656211256980896,0.699339581013706
traffic_only,99,216,0.6080474257469177,0.6528137743377198
traffic_only,99,217,0.6766037344932556,0.6068422059490316
traffic_only,99,218,0.6984132528305054,0.6722780517956323
traffic_only,99,219,0.750468909740448,0.6930948709330996
traffic_only,99,220,0.7120658159255981,0.742781121597587
traffic_only,99,221,0.737769603729248,0.7061260132223817
traffic_only,99,222,0.690700113773346,0.7306598471925954
traffic_only,99,223,0.715548574924469,0.6857328091831715
traffic_only,99,224,0.7237924337387085,0.7094502482218797
traffic_only,99,225,0.6808393597602844,0.7173188730707712
traffic_only,99,226,0.7080712914466858,0.6763208850097537
traffic_only,99,227,0.6856387257575989,0.7023133066631688
traffic_only,99,228,0.7261193990707397,0.6809017992874418
traffic_only,99,229,0.6668145656585693,0.7195399224175291
traffic_only,99,230,0.6651067137718201,0.6629344544732765
traffic_only,99,231,0.6413595080375671,0.6613043385170098
traffic_only,99,232,0.6227565407752991,0.6386380292869772
traffic_only,99,233,0.6141325831413269,0.6208818093223462
traffic_only,99,234,0.7549430131912231,0.6126503865307222
traffic_only,99,235,0.6794644594192505,0.7470515782347715
traffic_only,99,236,0.6530987024307251,0.6750085657146292
traffic_only,99,237,0.6557767391204834,0.6498428932698997
traffic_only,99,238,0.5867668986320496,0.6523990343341884
traffic_only,99,239,0.643028199672699,0.5865303000531749
traffic_only,99,240,0.6135520935058594,0.6402307674404565
traffic_only,99,241,0.6220250725746155,0.6120963189183227
traffic_only,99,242,0.6816188097000122,0.6201836352039186
traffic_only,99,243,0.5688322186470032,0.6770648568926316
traffic_only,99,244,0.5097177028656006,0.5694119490761425
traffic_only,99,245,0.6090282797813416,0.5129881361156039
traffic_only,99,246,0.580043375492096,0.6077784146593351
traffic_only,99,247,0.6120970249176025,0.5801128100835803
traffic_only,99,248,0.525709867477417,0.6107074803770048
traffic_only,99,249,0.5163512825965881,0.5282523887778096
traffic_only,99,250,0.5836725234985352,0.5193197766112165
traffic_only,99,251,0.5349780917167664,0.5835767709333765
traffic_only,99,252,0.559455156326294,0.5370987532289906
traffic_only,99,253,0.5466001033782959,0.5604617005033636
traffic_only,99,254,0.5622321963310242,0.5481917682617153
traffic_only,99,255,0.4834780097007751,0.5631123385698287
traffic_only,99,256,0.5460588932037354,0.4879427894743681
traffic_only,99,257,0.5098129510879517,0.547675192235369
traffic_only,99,258,0.43731889128685,0.5130790489449103
traffic_only,99,259,0.5077757239341736,0.4438846858193936
traffic_only,99,260,0.5727607607841492,0.5111345498254729
traffic_only,99,261,0.4609474241733551,0.573161676597782
traffic_only,99,262,0.4665864109992981,0.46643772380840687
traffic_only,99,263,0.4855824112892151,0.4718200420723424
traffic_only,99,264,0.4487336277961731,0.4899514054640359
traffic_only,99,265,0.4599733650684356,0.45477986019885625
traffic_only,99,266,0.4242542386054992,0.46550800074424914
traffic_only,99,267,0.4757291674613952,0.4314146941508017
traffic_only,99,268,0.3961732685565948,0.48054664963635824
traffic_only,99,269,0.4254208207130432,0.40461187963314765
traffic_only,99,270,0.3811981379985809,0.43252817718908926
traffic_only,99,271,0.4034192562103271,0.39031836890238997
traffic_only,99,272,0.393973559141159,0.41152805321055497
traffic_only,99,273,0.4344525933265686,0.4025122939225407
traffic_only,99,274,0.4810823798179626,0.44114885253272446
traffic_only,99,275,0.3281728029251098,0.48565620096655837
traffic_only,99,276,0.426228791475296,0.3397065767087599
traffic_only,99,277,0.3924162089824676,0.43329937171828947
traffic_only,99,278,0.377240926027298,0.40102582933923925
traffic_only,99,279,0.3425644934177398,0.38654127650534603
traffic_only,99,280,0.3168130218982696,0.3534432036912917
traffic_only,99,281,0.3692187666893005,0.3288638564147919
traffic_only,99,282,0.3893482983112335,0.378884260084868
traffic_only,99,283,0.3385381698608398,0.39809756010442954
traffic_only,99,284,0.3731054365634918,0.34960014544594936
traffic_only,99,285,0.3719497621059418,0.38259402123442515
traffic_only,99,286,0.3730955123901367,0.3814909493649506
traffic_only,99,287,0.3515556752681732,0.3825845487775544
traffic_only,99,288,0.2590629756450653,0.36202513583295093
traffic_only,99,289,0.3215076923370361,0.27374240671362793
traffic_ue,80,0,0.3171028196811676,0.281194561625205
traffic_ue,80,1,0.3385449051856994,0.3289691680512637
traffic_ue,80,2,0.3787165880203247,0.34952627259720787
traffic_ue,80,3,0.3115369975566864,0.3879162159915237
traffic_ue,80,4,0.3487873673439026,0.32393263309487497
traffic_ue,80,5,0.3506577908992767,0.3591023689473226
traffic_ue,80,6,0.3575319349765777,0.3613743978003009
traffic_ue,80,7,0.3468916714191437,0.3676035363479661
traffic_ue,80,8,0.385602742433548,0.3576001273108416
traffic_ue,80,9,0.3897936344146728,0.39385908953289855
traffic_ue,80,10,0.3964115083217621,0.39823511525586686
traffic_ue,80,11,0.4004085063934326,0.4044193781190807
traffic_ue,80,12,0.3966313004493713,0.40846247277062886
traffic_ue,80,13,0.3335061371326446,0.4056699042727152
traffic_ue,80,14,0.4165720045566559,0.3446924922181186
traffic_ue,80,15,0.4682942628860473,0.4242061523180301
traffic_ue,80,16,0.3528449535369873,0.4738607117175264
traffic_ue,80,17,0.4917473495006561,0.36340143597672264
traffic_ue,80,18,0.4012103080749511,0.49617837118165276
traffic_ue,80,19,0.4175938367843628,0.4089260924990168
traffic_ue,80,20,0.4985604286193847,0.42517635336319515
traffic_ue,80,21,0.4636311829090118,0.5029448672304763
traffic_ue,80,22,0.4481066763401031,0.4687882996643796
traffic_ue,80,23,0.424977570772171,0.45404821602792295
traffic_ue,80,24,0.4475413858890533,0.4324350587935386
traffic_ue,80,25,0.5175599455833435,0.45311459728572145
traffic_ue,80,26,0.4909065961837768,0.5208355415462691
traffic_ue,80,27,0.4881808161735534,0.4946855396896528
traffic_ue,80,28,0.4335328638553619,0.4930401048727076
traffic_ue,80,29,0.4903588891029358,0.4408061267311438
traffic_ue,80,30,0.4254919588565826,0.49451278707299
traffic_ue,80,31,0.5102866888046265,0.43247695312963474
traffic_ue,80,32,0.4839149713516235,0.5134832854722368
traffic_ue,80,33,0.5029402375221252,0.48794796514848526
traffic_ue,80,34,0.512796938419342,0.506210367511163
traffic_ue,80,35,0.3941155970096588,0.5157178628452443
traffic_ue,80,36,0.4693592190742492,0.40313248016236863
traffic_ue,80,37,0.4558360874652862,0.474028463717437
traffic_ue,80,38,0.4529505968093872,0.4613870751369096
traffic_ue,80,39,0.4297763407230377,0.4583001027790349
traffic_ue,80,40,0.472412645816803,0.4369417448770055
traffic_ue,80,41,0.4224380254745483,0.47737410950800635
traffic_ue,80,42,0.4629472196102142,0.4294781061964388
traffic_ue,80,43,0.4144075512886047,0.46853578700368126
traffic_ue,80,44,0.4001414179801941,0.42239912170689553
traffic_ue,80,45,0.3926469087600708,0.4083577140538899
traffic_ue,80,46,0.3771015107631683,0.40104344206081904
traffic_ue,80,47,0.4169935882091522,0.386730025324504
traffic_ue,80,48,0.4413856863975525,0.42411032003461185
traffic_ue,80,49,0.4449680149555206,0.44726993324162656
traffic_ue,80,50,0.4027701318264007,0.45067125374887335
traffic_ue,80,51,0.3839549720287323,0.4111512726177963
traffic_ue,80,52,0.4844058752059936,0.3926914690528915
traffic_ue,80,53,0.3982817828655243,0.48910862438659325
traffic_ue,80,54,0.4445187747478485,0.4065920426618972
traffic_ue,80,55,0.4610751867294311,0.45084004973653463
traffic_ue,80,56,0.3934034705162048,0.4663118415552646
traffic_ue,80,57,0.4062438309192657,0.4030020615798415
traffic_ue,80,58,0.4063456952571869,0.41459828673592525
traffic_ue,80,59,0.391896516084671,0.4140996671013295
traffic_ue,80,60,0.3801545798778534,0.400430188086458
traffic_ue,80,61,0.4229834675788879,0.3894303831766434
traffic_ue,80,62,0.4507084786891937,0.43044249090394976
traffic_ue,80,63,0.4818951785564422,0.4569154457078067
traffic_ue,80,64,0.3972775936126709,0.4860302285301176
traffic_ue,80,65,0.4018971920013428,0.40598587302394956
traffic_ue,80,66,0.3847483694553375,0.4094790466971582
traffic_ue,80,67,0.3558823466300964,0.3935440004881782
traffic_ue,80,68,0.4513172209262848,0.3662357441276977
traffic_ue,80,69,0.421793133020401,0.45689809242419427
traffic_ue,80,70,0.4674232006072998,0.4285681304123747
traffic_ue,80,71,0.4610809087753296,0.4717437657492909
traffic_ue,80,72,0.4380103349685669,0.4671110570999031
traffic_ue,80,73,0.4338244795799255,0.44485891433664926
traffic_ue,80,74,0.4122577011585235,0.4411326190978013
traffic_ue,80,75,0.4593054056167602,0.4202090650544905
traffic_ue,80,76,0.477059006690979,0.46482992967404163
traffic_ue,80,77,0.4589422047138214,0.48163686461931854
traffic_ue,80,78,0.3923071026802063,0.4644354691879661
traffic_ue,80,79,0.5032588839530945,0.40121691985617863
traffic_ue,80,80,0.414623886346817,0.5066617476033509
traffic_ue,80,81,0.4858629405498504,0.4225549143641187
traffic_ue,80,82,0.4631775319576263,0.49034323282866243
traffic_ue,80,83,0.4569431245326996,0.4690025191884822
traffic_ue,80,84,0.5104680061340332,0.4622397301323631
traffic_ue,80,85,0.524974524974823,0.5132089384666942
traffic_ue,80,86,0.483148992061615,0.5281235338224067
traffic_ue,80,87,0.5369921326637268,0.48791524908753564
traffic_ue,80,88,0.5286455750465393,0.5385912984513402
traffic_ue,80,89,0.4715863764286041,0.5312122016076972
traffic_ue,80,90,0.5410142540931702,0.4771353154478061
traffic_ue,80,91,0.5112188458442688,0.5428566926821943
traffic_ue,80,92,0.4506185352802276,0.5142195081993558
traffic_ue,80,93,0.5060477256774902,0.4561850985824613
traffic_ue,80,94,0.5421308875083923,0.509905011580608
traffic_ue,80,95,0.4628670811653137,0.5441153504520438
traffic_ue,80,96,0.552092432975769,0.46850930921146267
traffic_ue,80,97,0.5595763325691223,0.5532262786262809
traffic_ue,80,98,0.5709052085876465,0.5604808656623498
traffic_ue,80,99,0.5555046200752258,0.5712869271623765
traffic_ue,80,100,0.575937807559967,0.5568133344872678
traffic_ue,80,101,0.556587815284729,0.576214073000122
traffic_ue,80,102,0.5270010232925415,0.557048015340338
traffic_ue,80,103,0.542506992816925,0.5294523001794917
traffic_ue,80,104,0.5567138195037842,0.5437778921007425
traffic_ue,80,105,0.5288419723510742,0.5578622126075241
traffic_ue,80,106,0.6168461441993713,0.5310513954434692
traffic_ue,80,107,0.5671969056129456,0.6148569457990682
traffic_ue,80,108,0.6513944268226624,0.5683117230321004
traffic_ue,80,109,0.6409000754356384,0.648006851216457
traffic_ue,80,110,0.6194189190864563,0.6380427588655352
traffic_ue,80,111,0.6453680992126465,0.6176470033038816
traffic_ue,80,112,0.6014326214790344,0.642235410731974
traffic_ue,80,113,0.6252598762512207,0.5998253469032719
traffic_ue,80,114,0.7242890000343323,0.6232424397489057
traffic_ue,80,115,0.665152907371521,0.7183592668324532
traffic_ue,80,116,0.6687352061271667,0.6614174225685533
traffic_ue,80,117,0.6671935319900513,0.6643722120541633
traffic_ue,80,118,0.7151774168014526,0.6638510525580831
traffic_ue,80,119,0.6916579604148865,0.7097080740671927
traffic_ue,80,120,0.7592792510986328,0.6867816728128049
traffic_ue,80,121,0.6917210817337036,0.7511846376819327
traffic_ue,80,122,0.7586626410484314,0.6864943248375704
traffic_ue,80,123,0.6905692219734192,0.7509464636280948
traffic_ue,80,124,0.7104007601737976,0.6854998891243748
traffic_ue,80,125,0.692376434803009,0.7034363730633256
traffic_ue,80,126,0.731756329536438,0.687017341371122
traffic_ue,80,127,0.761786699295044,0.7241593900282368
traffic_ue,80,128,0.6861721277236938,0.7529204410477448
traffic_ue,80,129,0.7051014304161072,0.6811265257854905
traffic_ue,80,130,0.7187251448631287,0.699446647758531
traffic_ue,80,131,0.7834344506263733,0.7130269309595977
traffic_ue,80,132,0.7458070516586304,0.7739704880122316
traffic_ue,80,133,0.7124349474906921,0.7377978251450322
traffic_ue,80,134,0.7387815117835999,0.7066576736379923
traffic_ue,80,135,0.7940657138824463,0.732615614466766
traffic_ue,80,136,0.748999297618866,0.7846102998964051
traffic_ue,80,137,0.6986368298530579,0.7409776074064651
traffic_ue,80,138,0.7785913944244385,0.6927133538425636
traffic_ue,80,139,0.7102235555648804,0.7692233077196562
traffic_ue,80,140,0.7760928869247437,0.7045580190180681
traffic_ue,80,141,0.7427788376808167,0.7668510449138565
traffic_ue,80,142,0.7793301939964294,0.7360140719986796
traffic_ue,80,143,0.7127025127410889,0.7713138967846589
traffic_ue,80,144,0.7330275774002075,0.706465216614796
traffic_ue,80,145,0.7343423366546631,0.7262097982619566
traffic_ue,80,146,0.7894472479820251,0.7276069595462463
traffic_ue,80,147,0.680394172668457,0.7800763617969748
traffic_ue,80,148,0.666904091835022,0.6758389651462444
traffic_ue,80,149,0.6274845004081726,0.6628320660389843
traffic_ue,80,150,0.740326464176178,0.6258507721403035
traffic_ue,80,151,0.6531727313995361,0.7327429952632164
traffic_ue,80,152,0.6930930018424988,0.6494968558879187
traffic_ue,80,153,0.6998132467269897,0.6875984788527522
traffic_ue,80,154,0.6873787641525269,0.694524888469037
traffic_ue,80,155,0.682712197303772,0.6821729704093814
traffic_ue,80,156,0.6490781307220459,0.6777421960501163
traffic_ue,80,157,0.6612881422042847,0.6459564272660857
traffic_ue,80,158,0.6271708011627197,0.6584424962158263
traffic_ue,80,159,0.6779552698135376,0.6240645810865278
traffic_ue,80,160,0.6266112923622131,0.673572906693085
traffic_ue,80,161,0.5781399607658386,0.6246247942766086
traffic_ue,80,162,0.5658770799636841,0.5782057328867274
traffic_ue,80,163,0.6704471111297607,0.5662648029672209
traffic_ue,80,164,0.6711633205413818,0.6661960635031369
traffic_ue,80,165,0.6624687910079956,0.6664791929436896
traffic_ue,80,166,0.6493512392044067,0.6584720380402797
traffic_ue,80,167,0.6716522574424744,0.6455211763166542
traffic_ue,80,168,0.6714874505996704,0.6678860416843571
traffic_ue,80,169,0.5956723690032959,0.6677791736226685
traffic_ue,80,170,0.5986768007278442,0.5953483769893496
traffic_ue,80,171,0.6296046376228333,0.5986475033842805
traffic_ue,80,172,0.5719877481460571,0.6271692231763227
traffic_ue,80,173,0.602706789970398,0.5725132137712708
traffic_ue,80,174,0.6503602862358093,0.6019777510188047
traffic_ue,80,175,0.5905218720436096,0.6469257409016287
traffic_ue,80,176,0.5992658138275146,0.5900116218353456
traffic_ue,80,177,0.5878226161003113,0.5990083091492077
traffic_ue,80,178,0.6519365906715393,0.5872999197701715
traffic_ue,80,179,0.6213003993034363,0.6486704548288926
traffic_ue,80,180,0.6021318435668945,0.6197310844913648
traffic_ue,80,181,0.5868434309959412,0.601481466945696
traffic_ue,80,182,0.5694077014923096,0.5854772055223347
traffic_ue,80,183,0.6812834143638611,0.5695178062723021
traffic_ue,80,184,0.6001794934272766,0.6763856067157534
traffic_ue,80,185,0.5899714231491089,0.5994293195818745
traffic_ue,80,186,0.5563488006591797,0.5903323800825763
traffic_ue,80,187,0.6599628925323486,0.5572179689672797
traffic_ue,80,188,0.6238842010498047,0.6565888718491522
traffic_ue,80,189,0.579551637172699,0.6219362747229537
traffic_ue,80,190,0.7080273032188416,0.5802406398423791
traffic_ue,80,191,0.6502078175544739,0.7019766248655073
traffic_ue,80,192,0.6505934000015259,0.6461856391974602
traffic_ue,80,193,0.6444270014762878,0.6473455215406424
traffic_ue,80,194,0.715853750705719,0.6413418648223225
traffic_ue,80,195,0.6446459889411926,0.7099037314178258
traffic_ue,80,196,0.6596695780754089,0.6416490101070417
traffic_ue,80,197,0.6503384709358215,0.6562111551698333
traffic_ue,80,198,0.6194455027580261,0.64735153061122
traffic_ue,80,199,0.6757854223251343,0.6176226323406488
traffic_ue,80,200,0.6080115437507629,0.6720088114905327
traffic_ue,80,201,0.5964303016662598,0.606865631731359
traffic_ue,80,202,0.7300138473510742,0.5946788932088651
traffic_ue,80,203,0.6039259433746338,0.7235467917493809
traffic_ue,80,204,0.688601553440094,0.6032345258154596
traffic_ue,80,205,0.7088619470596313,0.6848223169647091
traffic_ue,80,206,0.6050713658332825,0.7034636555812871
traffic_ue,80,207,0.6995569467544556,0.6037763467661045
traffic_ue,80,208,0.7353962659835815,0.6935373676238736
traffic_ue,80,209,0.712040901184082,0.728111521749844
traffic_ue,80,210,0.695899248123169,0.7064323719617525
traffic_ue,80,211,0.7058555483818054,0.6901140967595067
traffic_ue,80,212,0.7097556591033936,0.6999146045498404
traffic_ue,80,213,0.7032714486122131,0.7043618215185536
traffic_ue,80,214,0.69525146484375,0.6977587427674655
traffic_ue,80,215,0.7384157776832581,0.6900447702543416
traffic_ue,80,216,0.7118659615516663,0.7315241889860892
traffic_ue,80,217,0.7134431600570679,0.7051748205806068
traffic_ue,80,218,0.6880297064781189,0.7079126116801019
traffic_ue,80,219,0.6693724989891052,0.6837336387575246
traffic_ue,80,220,0.6764248013496399,0.6659199206193365
traffic_ue,80,221,0.6969202160835266,0.6725166611165039
traffic_ue,80,222,0.7519798874855042,0.6916788141739502
traffic_ue,80,223,0.7280279397964478,0.7447502107649779
traffic_ue,80,224,0.7065251469612122,0.7218100624584054
traffic_ue,80,225,0.7122395038604736,0.7006992038652867
traffic_ue,80,226,0.6208182573318481,0.7061744369084425
traffic_ue,80,227,0.7141546607017517,0.6184795215874355
traffic_ue,80,228,0.6923844218254089,0.7081416588645872
traffic_ue,80,229,0.6620033383369446,0.6886124900699523
traffic_ue,80,230,0.7078515291213989,0.6582285494373455
traffic_ue,80,231,0.6852664947509766,0.7018593437030918
traffic_ue,80,232,0.6604700684547424,0.6806139325717375
traffic_ue,80,233,0.668019711971283,0.6571696439926442
traffic_ue,80,234,0.6218715310096741,0.6641889845566903
traffic_ue,80,235,0.6340373754501343,0.6211167520667298
traffic_ue,80,236,0.6432082653045654,0.6322213774733667
traffic_ue,80,237,0.6723996996879578,0.6399366519345163
traffic_ue,80,238,0.7282674312591553,0.6680996029969907
traffic_ue,80,239,0.6087733507156372,0.720697944710731
traffic_ue,80,240,0.5980424880981445,0.6078866145647474
traffic_ue,80,241,0.6325616836547852,0.5970034016382288
traffic_ue,80,242,0.6424719095230103,0.629927244045886
traffic_ue,80,243,0.588450014591217,0.6401305082197468
traffic_ue,80,244,0.583957850933075,0.5875979485598274
traffic_ue,80,245,0.5885170698165894,0.5841761591757221
traffic_ue,80,246,0.614035964012146,0.5883561754106069
traffic_ue,80,247,0.6108145713806152,0.6122383699305425
traffic_ue,80,248,0.5856207609176636,0.6099735305863119
traffic_ue,80,249,0.5485867261886597,0.5853085428482597
traffic_ue,80,250,0.5657709240913391,0.5497488741000525
traffic_ue,80,251,0.5467250347137451,0.5664120680128755
traffic_ue,80,252,0.5661910772323608,0.547633970354321
traffic_ue,80,253,0.5521540641784668,0.5668606030519101
traffic_ue,80,254,0.5136118531227112,0.5536816870361907
traffic_ue,80,255,0.5002930164337158,0.5162435444340611
traffic_ue,80,256,0.5285137295722961,0.5041930194623001
traffic_ue,80,257,0.5777941346168518,0.5310374066133129
traffic_ue,80,258,0.4575885832309723,0.5777781578283849
traffic_ue,80,259,0.4964232742786407,0.46230684951291756
traffic_ue,80,260,0.5110048055648804,0.49927852245679627
traffic_ue,80,261,0.5063185095787048,0.5139666715424589
traffic_ue,80,262,0.4814864099025726,0.5099636676456408
traffic_ue,80,263,0.524294912815094,0.4863366739509934
traffic_ue,80,264,0.5005678534507751,0.5262379757872881
traffic_ue,80,265,0.5348376035690308,0.5043547466749818
traffic_ue,80,266,0.4634305238723755,0.5364960220810597
traffic_ue,80,267,0.4803971350193023,0.4683993338805058
traffic_ue,80,268,0.5708527565002441,0.48490554668439223
traffic_ue,80,269,0.5253925323486328,0.5709394568928466
traffic_ue,80,270,0.4626824855804443,0.528669254343462
traffic_ue,80,271,0.4819422364234924,0.4676394810855022
traffic_ue,80,272,0.4844219982624054,0.48617413148306216
traffic_ue,80,273,0.4640385806560516,0.4891239327765205
traffic_ue,80,274,0.5306750535964966,0.4699688950231381
traffic_ue,80,275,0.4967930316925049,0.5327918546812564
traffic_ue,80,276,0.4528326094150543,0.5007706592720975
traffic_ue,80,277,0.5032440423965454,0.4586345797819809
traffic_ue,80,278,0.5941148400306702,0.5063995988920689
traffic_ue,80,279,0.507093608379364,0.5938199354934164
traffic_ue,80,280,0.5449522137641907,0.510253099495754
traffic_ue,80,281,0.4635290503501892,0.5463972293027601
traffic_ue,80,282,0.4604954123497009,0.4691378303890287
traffic_ue,80,283,0.5169584155082703,0.4657613620402111
traffic_ue,80,284,0.5599142909049988,0.519768291469503
traffic_ue,80,285,0.5901612043380737,0.5614466960057621
traffic_ue,80,286,0.5541990399360657,0.5900660692743338
traffic_ue,80,287,0.5473104119300842,0.5553256656877278
traffic_ue,80,288,0.4697040021419525,0.5484874380890605
traffic_ue,80,289,0.547893762588501,0.4751992196079643
traffic_ue,81,0,0.292133629322052,0.28419172617645555
traffic_ue,81,1,0.350722074508667,0.3059561818061435
traffic_ue,81,2,0.313109278678894,0.3610385419734642
traffic_ue,81,3,0.3392404913902282,0.32597119548221953
traffic_ue,81,4,0.3279796540737152,0.3503355464339417
traffic_ue,81,5,0.2862894833087921,0.33889952597877354
traffic_ue,81,6,0.3283544480800628,0.2997127692580996
traffic_ue,81,7,0.2991610467433929,0.34024761065567516
traffic_ue,81,8,0.2998490631580353,0.3118347349566849
traffic_ue,81,9,0.3154588937759399,0.31223993017893964
traffic_ue,81,10,0.2596100866794586,0.3278051978158048
traffic_ue,81,11,0.3557368218898773,0.2743318189097772
traffic_ue,81,12,0.2915495932102203,0.3667425208485793
traffic_ue,81,13,0.3511067926883697,0.305252821654248
traffic_ue,81,14,0.3219606876373291,0.3610565411991622
traffic_ue,81,15,0.3719346821308136,0.333432743205669
traffic_ue,81,16,0.2963701486587524,0.38112970663574985
traffic_ue,81,17,0.30974280834198,0.3092840783177466
traffic_ue,81,18,0.3336946070194244,0.32208026650788835
traffic_ue,81,19,0.2458582073450088,0.3447722162625766
traffic_ue,81,20,0.3533734083175659,0.261473240778628
traffic_ue,81,21,0.3796586096286773,0.3640024117993423
traffic_ue,81,22,0.3664734959602356,0.388661804850003
traffic_ue,81,23,0.3548137247562408,0.3759940749276765
traffic_ue,81,24,0.3246763348579407,0.3644769464170149
traffic_ue,81,25,0.3760676085948944,0.33645767681243977
traffic_ue,81,26,0.3702336549758911,0.3856987527953381
traffic_ue,81,27,0.3478513956069946,0.37966346329544753
traffic_ue,81,28,0.3357807397842407,0.35875941558338464
traffic_ue,81,29,0.3244563937187195,0.3469513864773838
traffic_ue,81,30,0.295600414276123,0.33639768311023843
traffic_ue,81,31,0.3831401467323303,0.30850362569304424
traffic_ue,81,32,0.2657869458198547,0.3930092663899104
traffic_ue,81,33,0.3304618895053863,0.27950201365241717
traffic_ue,81,34,0.3508006334304809,0.34135556174011417
traffic_ue,81,35,0.376794695854187,0.36160924560578894
traffic_ue,81,36,0.4100293517112732,0.3859922104472096
traffic_ue,81,37,0.3848303258419037,0.41873825812429466
traffic_ue,81,38,0.3415735960006714,0.3937706500206583
traffic_ue,81,39,0.378993958234787,0.3526995980764806
traffic_ue,81,40,0.3111057877540588,0.38788190274847156
traffic_ue,81,41,0.4070814549922943,0.32347360006570525
traffic_ue,81,42,0.3533483147621155,0.41504630740658416
traffic_ue,81,43,0.3370544612407684,0.36353208344696825
traffic_ue,81,44,0.3401000201702118,0.34880569766243097
traffic_ue,81,45,0.3621710836887359,0.35120125632084503
traffic_ue,81,46,0.3524441421031952,0.3728020605779342
traffic_ue,81,47,0.4482336044311523,0.36232631696550915
traffic_ue,81,48,0.3448690772056579,0.45416873069095437
traffic_ue,81,49,0.3730905652046203,0.355431673754816
traffic_ue,81,50,0.3749021291732788,0.38247524226966234
traffic_ue,81,51,0.3769107162952423,0.38419527145656707
traffic_ue,81,52,0.3798918128013611,0.3864496484998055
traffic_ue,81,53,0.3631698787212372,0.38858555623935
traffic_ue,81,54,0.3617157340049743,0.3735519427966491
traffic_ue,81,55,0.3541153073310852,0.3718736046834103
traffic_ue,81,56,0.3344120681285858,0.36495488117728647
traffic_ue,81,57,0.3963340818881988,0.3460983738469004
traffic_ue,81,58,0.4255472123622894,0.4050900351002793
traffic_ue,81,59,0.3744909167289734,0.4330751403368226
traffic_ue,81,60,0.3764359056949615,0.3833087226331748
traffic_ue,81,61,0.3874936997890472,0.38594921773595275
traffic_ue,81,62,0.3851379156112671,0.3963490603089003
traffic_ue,81,63,0.3538002669811249,0.39391386363926617
traffic_ue,81,64,0.4547919332981109,0.3641100336466319
traffic_ue,81,65,0.425471156835556,0.46118946265870914
traffic_ue,81,66,0.3884560167789459,0.43196108805494193
traffic_ue,81,67,0.4272093176841736,0.39701469623520325
traffic_ue,81,68,0.4051076769828796,0.4348020969715774
traffic_ue,81,69,0.4169133603572845,0.4134203176064557
traffic_ue,81,70,0.4411679208278656,0.42482792856159757
traffic_ue,81,71,0.4661530256271362,0.4475592850790414
traffic_ue,81,72,0.4906343817710876,0.47128194143350827
traffic_ue,81,73,0.5020410418510437,0.4950224167053503
traffic_ue,81,74,0.4389678537845611,0.5064480575434057
traffic_ue,81,75,0.4357987642288208,0.44556960594529155
traffic_ue,81,76,0.4627426266670227,0.44211414155711143
traffic_ue,81,77,0.4700844287872314,0.46868881163883364
traffic_ue,81,78,0.4466111361980438,0.474667418589091
traffic_ue,81,79,0.4576982855796814,0.4540173621915895
traffic_ue,81,80,0.5153804421424866,0.4635520713365278
traffic_ue,81,81,0.5522761344909668,0.5186173299068445
traffic_ue,81,82,0.4951763153076172,0.5534503094773628
traffic_ue,81,83,0.4891018867492676,0.4988883525045577
traffic_ue,81,84,0.5109132528305054,0.4932200757602399
traffic_ue,81,85,0.4954085946083069,0.5149215844806231
traffic_ue,81,86,0.530428409576416,0.4992577294285218
traffic_ue,81,87,0.5648112297058105,0.5330537872398553
traffic_ue,81,88,0.5574988722801208,0.5652031966228943
traffic_ue,81,89,0.6141123175621033,0.5581114840644983
traffic_ue,81,90,0.5869335532188416,0.6128069796241342
traffic_ue,81,91,0.6093905568122864,0.5865053909099412
traffic_ue,81,92,0.5983434319496155,0.6078276860645275
traffic_ue,81,93,0.6606450080871582,0.5978844763527806
traffic_ue,81,94,0.5828563570976257,0.6569388529565647
traffic_ue,81,95,0.625995397567749,0.5829814874262181
traffic_ue,81,96,0.6064115166664124,0.6233950710598853
traffic_ue,81,97,0.6871136426925659,0.6048999481588493
traffic_ue,81,98,0.6984414458274841,0.6826654162265107
traffic_ue,81,99,0.6608489155769348,0.6923790079476752
traffic_ue,81,100,0.7468450665473938,0.6569340117443395
traffic_ue,81,101,0.6879669427871704,0.7396267852094909
traffic_ue,81,102,0.6591275930404663,0.6832771550817789
traffic_ue,81,103,0.7064635157585144,0.6560438354752888
traffic_ue,81,104,0.7372283935546875,0.7012360237335272
traffic_ue,81,105,0.7242910265922546,0.730396801053594
traffic_ue,81,106,0.8191897869110107,0.7179146882672026
traffic_ue,81,107,0.7767675518989563,0.8082168456179898
traffic_ue,81,108,0.8138890266418457,0.7683846258377076
traffic_ue,81,109,0.8078061938285828,0.8031839223906082
traffic_ue,81,110,0.7058576345443726,0.7981030030088191
traffic_ue,81,111,0.7567703127861023,0.7003630880278636
traffic_ue,81,112,0.6792202591896057,0.7500427564595423
traffic_ue,81,113,0.7564374804496765,0.6751708699430703
traffic_ue,81,114,0.8220800757408142,0.748089564830711
traffic_ue,81,115,0.7572038173675537,0.810464979671005
traffic_ue,81,116,0.7678008675575256,0.7490156258996281
traffic_ue,81,117,0.8046013712882996,0.7588787822283565
traffic_ue,81,118,0.8236053586006165,0.794067885600886
traffic_ue,81,119,0.7862279415130615,0.8114170788341012
traffic_ue,81,120,0.7922059297561646,0.7771685548248023
traffic_ue,81,121,0.8317657113075256,0.782397984296898
traffic_ue,81,122,0.8144845366477966,0.8198100532709232
traffic_ue,81,123,0.7976115345954895,0.8036501196136722
traffic_ue,81,124,0.8204814195632935,0.7876792887452331
traffic_ue,81,125,0.8138946890830994,0.8096912716698662
traffic_ue,81,126,0.8217812776565552,0.8031892987197877
traffic_ue,81,127,0.8844319581985474,0.8107766162360277
traffic_ue,81,128,0.8051031827926636,0.8712539087879346
traffic_ue,81,129,0.7981600165367126,0.7949412328633372
traffic_ue,81,130,0.8676549196243286,0.788795393934342
traffic_ue,81,131,0.7944526076316833,0.8553245811369478
traffic_ue,81,132,0.8801574110984802,0.7846799761782743
traffic_ue,81,133,0.813793957233429,0.8667984548754549
traffic_ue,81,134,0.8236103057861328,0.803341713722867
traffic_ue,81,135,0.8469284772872925,0.8135054554321312
traffic_ue,81,136,0.8637117147445679,0.8347027885012858
traffic_ue,81,137,0.8559114933013916,0.8505883904039934
traffic_ue,81,138,0.8134025931358337,0.8430830760559772
traffic_ue,81,139,0.806956946849823,0.8034166272123152
traffic_ue,81,140,0.8309255242347717,0.7968997755064947
traffic_ue,81,141,0.822184145450592,0.8197564904151589
traffic_ue,81,142,0.7934128642082214,0.8103157338724948
traffic_ue,81,143,0.8284077048301697,0.7837423803689276
traffic_ue,81,144,0.8466830253601074,0.816522497460782
traffic_ue,81,145,0.8152928948402405,0.8354123556438269
traffic_ue,81,146,0.8615065813064575,0.8048145243600259
traffic_ue,81,147,0.8181616067886353,0.8490404035956188
traffic_ue,81,148,0.7951251864433289,0.8071910060109423
traffic_ue,81,149,0.80061936378479,0.7856162393823798
traffic_ue,81,150,0.7738112211227417,0.7901878583151517
traffic_ue,81,151,0.7534091472625732,0.7652303927721491
traffic_ue,81,152,0.8020768165588379,0.7453630816342384
traffic_ue,81,153,0.7512518763542175,0.7923654514755651
traffic_ue,81,154,0.7641369104385376,0.7440093731973886
traffic_ue,81,155,0.768982470035553,0.755796849002775
traffic_ue,81,156,0.7808986306190491,0.7603479605431471
traffic_ue,81,157,0.7787874341011047,0.7722077464075826
traffic_ue,81,158,0.7597059011459351,0.7705008930011134
traffic_ue,81,159,0.6853318214416504,0.7517385641791043
traffic_ue,81,160,0.7407980561256409,0.6805767356047736
traffic_ue,81,161,0.7159911394119263,0.7334388156640076
traffic_ue,81,162,0.7343721985816956,0.7095876754164372
traffic_ue,81,163,0.7681506276130676,0.7278833696780889
traffic_ue,81,164,0.7568802833557129,0.7593100924206552
traffic_ue,81,165,0.7317736744880676,0.7491053307394467
traffic_ue,81,166,0.7372280359268188,0.724473527056853
traffic_ue,81,167,0.6630293726921082,0.7299995701847015
traffic_ue,81,168,0.7176921367645264,0.6590042946290613
traffic_ue,81,169,0.7286456227302551,0.7108554448046401
traffic_ue,81,170,0.6781728863716125,0.7220492551851404
traffic_ue,81,171,0.7133594155311584,0.6746229215488259
traffic_ue,81,172,0.6823645830154419,0.7069897045647547
traffic_ue,81,173,0.7274426221847534,0.6778090373426869
traffic_ue,81,174,0.7281839847564697,0.7206589828331597
traffic_ue,81,175,0.667878270149231,0.7219086113581002
traffic_ue,81,176,0.735253632068634,0.6640546895130774
traffic_ue,81,177,0.6751093864440918,0.7279760948474564
traffic_ue,81,178,0.751900851726532,0.6707715974125357
traffic_ue,81,179,0.6607617735862732,0.7446255571143109
traffic_ue,81,180,0.6786953210830688,0.6569008842818197
traffic_ue,81,181,0.6826875805854797,0.6737298390674084
traffic_ue,81,182,0.647973358631134,0.6782149373054949
traffic_ue,81,183,0.6131486892700195,0.6449074771466741
traffic_ue,81,184,0.6450930237770081,0.6117432073419191
traffic_ue,81,185,0.7106585502624512,0.6429664625978724
traffic_ue,81,186,0.6614065170288086,0.7046733658014949
traffic_ue,81,187,0.6617488861083984,0.6582076098947971
traffic_ue,81,188,0.726772665977478,0.6580861770097105
traffic_ue,81,189,0.691676139831543,0.720370158099156
traffic_ue,81,190,0.6999061107635498,0.6866004880034884
traffic_ue,81,191,0.7061717510223389,0.6942161689563227
traffic_ue,81,192,0.645976185798645,0.7011078355401528
traffic_ue,81,193,0.6835605502128601,0.6430608289624631
traffic_ue,81,194,0.6860611438751221,0.6782500148636548
traffic_ue,81,195,0.6769844889640808,0.6815172638726451
traffic_ue,81,196,0.6461458206176758,0.6724527318443144
traffic_ue,81,197,0.7025894522666931,0.643073058224374
traffic_ue,81,198,0.6303460597991943,0.6971112063624852
traffic_ue,81,199,0.6576911211013794,0.6275755142577745
traffic_ue,81,200,0.6642996072769165,0.6538861630293092
traffic_ue,81,201,0.6803621649742126,0.6605080152298402
traffic_ue,81,202,0.7263876795768738,0.67590779756596
traffic_ue,81,203,0.7570784687995911,0.718615504718471
traffic_ue,81,204,0.7614825367927551,0.7492935022607332
traffic_ue,81,205,0.7314711809158325,0.7535742641456341
traffic_ue,81,206,0.7206136584281921,0.7242855407205993
traffic_ue,81,207,0.6253201961517334,0.7147704102164989
traffic_ue,81,208,0.7484118938446045,0.6240934944254234
traffic_ue,81,209,0.8024934530258179,0.7408663867204214
traffic_ue,81,210,0.7277992963790894,0.7925129790477696
traffic_ue,81,211,0.7214361429214478,0.7206503550811839
traffic_ue,81,212,0.7388058304786682,0.7150552220389972
traffic_ue,81,213,0.7407541275024414,0.7316960875215264
traffic_ue,81,214,0.7206531763076782,0.7336451637376991
traffic_ue,81,215,0.7032900452613831,0.7139149258845436
traffic_ue,81,216,0.7292273044586182,0.6980740682477952
traffic_ue,81,217,0.66848224401474,0.7222046543629733
traffic_ue,81,218,0.650264322757721,0.6645289229334415
traffic_ue,81,219,0.7631513476371765,0.6472811289954364
traffic_ue,81,220,0.6985610127449036,0.7545634162773839
traffic_ue,81,221,0.7384238243103027,0.692591756210588
traffic_ue,81,222,0.7662391662597656,0.730638823582483
traffic_ue,81,223,0.7526865005493164,0.7573959906406195
traffic_ue,81,224,0.6884375810623169,0.7444288917755048
traffic_ue,81,225,0.7166809439659119,0.6839224585816427
traffic_ue,81,226,0.661686897277832,0.7105402939798364
traffic_ue,81,227,0.6957025527954102,0.6580769317673358
traffic_ue,81,228,0.7325143814086914,0.6912172368232837
traffic_ue,81,229,0.6932471990585327,0.7255240874038376
traffic_ue,81,230,0.5882360339164734,0.688240998924329
traffic_ue,81,231,0.604837954044342,0.5879901168766669
traffic_ue,81,232,0.6508719325065613,0.6029097804372294
traffic_ue,81,233,0.7205908298492432,0.6479572602406931
traffic_ue,81,234,0.6756088137626648,0.7143518438097043
traffic_ue,81,235,0.6680223941802979,0.67119617823227
traffic_ue,81,236,0.6111904382705688,0.6630504687190607
traffic_ue,81,237,0.6562921404838562,0.6098342915188856
traffic_ue,81,238,0.5652129650115967,0.6534508756146478
traffic_ue,81,239,0.6502578854560852,0.5658326900994906
traffic_ue,81,240,0.6728039979934692,0.6465804571633482
traffic_ue,81,241,0.5959540009498596,0.6687315299699526
traffic_ue,81,242,0.6553801894187927,0.5951692758996943
traffic_ue,81,243,0.5849204659461975,0.6525850036520366
traffic_ue,81,244,0.6078157424926758,0.5848420780667185
traffic_ue,81,245,0.5903077125549316,0.6073246723084194
traffic_ue,81,246,0.5906428694725037,0.5893121692674038
traffic_ue,81,247,0.6329941749572754,0.5903745625705107
traffic_ue,81,248,0.6025052070617676,0.6309828307901284
traffic_ue,81,249,0.5399900674819946,0.6013894623887505
traffic_ue,81,250,0.4589372277259826,0.5418842562159493
traffic_ue,81,251,0.5789996385574341,0.46532374912791696
traffic_ue,81,252,0.5663756132125854,0.5788731386003475
traffic_ue,81,253,0.5373921394348145,0.5672342604458568
traffic_ue,81,254,0.5040422677993774,0.5404098246664935
traffic_ue,81,255,0.5715377926826477,0.507752828494468
traffic_ue,81,256,0.4451057612895965,0.5720363822628698
traffic_ue,81,257,0.4723342359066009,0.45124854275545223
traffic_ue,81,258,0.4406733810901642,0.47695238159975084
traffic_ue,81,259,0.4972913265228271,0.44768507043326583
traffic_ue,81,260,0.4603715538978576,0.5016902789650709
traffic_ue,81,261,0.5431140661239624,0.46599104181087697
traffic_ue,81,262,0.4624957144260406,0.5454953537016082
traffic_ue,81,263,0.446303129196167,0.46775981559542806
traffic_ue,81,264,0.4676433801651001,0.4526334670747229
traffic_ue,81,265,0.4150671362876892,0.47319310541265724
traffic_ue,81,266,0.3960182964801788,0.42347188189207985
traffic_ue,81,267,0.4461148381233215,0.4041452573300756
traffic_ue,81,268,0.4038886427879333,0.45270274705080354
traffic_ue,81,269,0.4489640891551971,0.41181637609832583
traffic_ue,81,270,0.4205141961574554,0.4547630826237787
traffic_ue,81,271,0.4070592224597931,0.4274530385538009
traffic_ue,81,272,0.3997671604156494,0.4155709237934194
traffic_ue,81,273,0.3889397978782654,0.4070597501273443
traffic_ue,81,274,0.4010179936885834,0.39772208989196517
traffic_ue,81,275,0.3678517043590545,0.4093388323490857
traffic_ue,81,276,0.3084422945976257,0.37799720494822975
traffic_ue,81,277,0.3750998973846435,0.3207958537637708
traffic_ue,81,278,0.3518784046173095,0.3843830468272823
traffic_ue,81,279,0.3156361877918243,0.3626821705378622
traffic_ue,81,280,0.3871869444847107,0.32797353351206543
traffic_ue,81,281,0.3427927196025848,0.3960081933358047
traffic_ue,81,282,0.2914580404758453,0.3543036244740186
traffic_ue,81,283,0.346563458442688,0.3042728894500194
traffic_ue,81,284,0.3223986029624939,0.3575861667771547
traffic_ue,81,285,0.2834892570972442,0.3340965885960761
traffic_ue,81,286,0.3511872887611389,0.29715325582424956
traffic_ue,81,287,0.300894021987915,0.3612321927907359
traffic_ue,81,288,0.3603908121585846,0.3145715974598356
traffic_ue,81,289,0.3015971779823303,0.37101251985604927
traffic_ue,82,0,0.2848216295242309,0.30706248132106995
traffic_ue,82,1,0.2668632268905639,0.2980214147689523
traffic_ue,82,2,0.2649541199207306,0.28116886072791214
traffic_ue,82,3,0.335611492395401,0.27935621719677134
traffic_ue,82,4,0.3293169140815735,0.3467410794139446
traffic_ue,82,5,0.2729434669017792,0.34081416523650987
traffic_ue,82,6,0.347798228263855,0.287189935181109
traffic_ue,82,7,0.2934401333332062,0.35851048902640503
traffic_ue,82,8,0.3511495590209961,0.3064524995180836
traffic_ue,82,9,0.2704777717590332,0.3619901520830381
traffic_ue,82,10,0.322970300912857,0.2844519354768216
traffic_ue,82,11,0.2489617317914962,0.3349866796652839
traffic_ue,82,12,0.3202316761016845,0.2644695616229421
traffic_ue,82,13,0.354662537574768,0.3323368207918917
traffic_ue,82,14,0.3186731934547424,0.3652760152921618
traffic_ue,82,15,0.2968898415565491,0.3306586395672162
traffic_ue,82,16,0.3597766458988189,0.3095294550810201
traffic_ue,82,17,0.3642047941684723,0.3694371579371968
traffic_ue,82,18,0.3497386276721954,0.3740880632666984
traffic_ue,82,19,0.3815306425094604,0.359807118297398
traffic_ue,82,20,0.341632604598999,0.3909353617123271
traffic_ue,82,21,0.3282309770584106,0.3521106767050285
traffic_ue,82,22,0.3597843647003174,0.3400311555552752
traffic_ue,82,23,0.3680635988712311,0.37088321772608035
traffic_ue,82,24,0.3194507360458374,0.3776526672924422
traffic_ue,82,25,0.360693871974945,0.33100000314172506
traffic_ue,82,26,0.3492607176303863,0.37125065523912837
traffic_ue,82,27,0.3473277986049652,0.35945257894245375
traffic_ue,82,28,0.3367885947227478,0.3576669379461967
traffic_ue,82,29,0.3748821318149566,0.34810676213404607
traffic_ue,82,30,0.4661603271961212,0.38437473018125223
traffic_ue,82,31,0.4193439483642578,0.4716361539658556
traffic_ue,82,32,0.3812309503555298,0.42683803523026637
traffic_ue,82,33,0.4159336984157562,0.39025392110511886
traffic_ue,82,34,0.5182345509529114,0.42270709308680593
traffic_ue,82,35,0.5035513043403625,0.5214760604268465
traffic_ue,82,36,0.4858568608760834,0.5073858952859414
traffic_ue,82,37,0.5180928111076355,0.4901886261071892
traffic_ue,82,38,0.4950734972953796,0.5208453682794648
traffic_ue,82,39,0.5136616230010986,0.49864189544352117
traffic_ue,82,40,0.557331383228302,0.5166380794352554
traffic_ue,82,41,0.5601959824562073,0.5588454633569943
traffic_ue,82,42,0.5321260094642639,0.5607715373699705
traffic_ue,82,43,0.5570881366729736,0.5342687194166429
traffic_ue,82,44,0.5356668829917908,0.5579199477793209
traffic_ue,82,45,0.5453236699104309,0.5379283480184461
traffic_ue,82,46,0.5465646982192993,0.5473948648777403
traffic_ue,82,47,0.595396101474762,0.548176295143835
traffic_ue,82,48,0.5348877310752869,0.5950364573044158
traffic_ue,82,49,0.5708637237548828,0.5364940053286266
traffic_ue,82,50,0.5480424761772156,0.5714459841326485
traffic_ue,82,51,0.4599903225898742,0.5497778495294663
traffic_ue,82,52,0.5159798860549927,0.4664228559972623
traffic_ue,82,53,0.4658703207969665,0.5183430910552522
traffic_ue,82,54,0.5188630819320679,0.47136080102245137
traffic_ue,82,55,0.5434301495552063,0.5218743873101533
traffic_ue,82,56,0.5325745940208435,0.545696243227893
traffic_ue,82,57,0.4237171113491058,0.5348434721152682
traffic_ue,82,58,0.4870845675468445,0.4309902308486194
traffic_ue,82,59,0.4512789845466614,0.4912054649210147
traffic_ue,82,60,0.4317769706249237,0.45745712502088726
traffic_ue,82,61,0.4658096134662628,0.43859322979603294
traffic_ue,82,62,0.4562713503837585,0.4710054926309071
traffic_ue,82,63,0.4623600542545318,0.462147624969358
traffic_ue,82,64,0.471502810716629,0.46708528451388975
traffic_ue,82,65,0.4521884024143219,0.4770559721477027
traffic_ue,82,66,0.4748676717281341,0.4577252548167122
traffic_ue,82,67,0.4283007681369781,0.47970508776500054
traffic_ue,82,68,0.3637863397598266,0.4346477246354022
traffic_ue,82,69,0.4329202175140381,0.37393880960986253
traffic_ue,82,70,0.4329983592033386,0.43913298510441406
traffic_ue,82,71,0.4000159502029419,0.4397529040000753
traffic_ue,82,72,0.4007245004177093,0.4082385859178574
traffic_ue,82,73,0.4022832810878753,0.40906016871876555
traffic_ue,82,74,0.3939917087554931,0.4105897986664121
traffic_ue,82,75,0.4005449116230011,0.40296524032530506
traffic_ue,82,76,0.4213757812976837,0.40869120853873375
traffic_ue,82,77,0.4482718706130981,0.42896564927788805
traffic_ue,82,78,0.421486884355545,0.4541058405298058
traffic_ue,82,79,0.4472002685070038,0.42926958417131583
traffic_ue,82,80,0.5140652656555176,0.45353488710596646
traffic_ue,82,81,0.4135554432868957,0.5167732697468161
traffic_ue,82,82,0.4396260380744934,0.42124278915741953
traffic_ue,82,83,0.414443701505661,0.4455991965043581
traffic_ue,82,84,0.4241716861724853,0.42203655401297696
traffic_ue,82,85,0.477260023355484,0.4316202825514948
traffic_ue,82,86,0.4840294122695923,0.4820261699608248
traffic_ue,82,87,0.4660637080669403,0.4889496290411873
traffic_ue,82,88,0.4924138784408569,0.4712963597426323
traffic_ue,82,89,0.4640916883945465,0.4968112217190318
traffic_ue,82,90,0.5142229795455933,0.46967203943419655
traffic_ue,82,91,0.4802489280700683,0.5171710717322405
traffic_ue,82,92,0.5004281997680664,0.4852113310674008
traffic_ue,82,93,0.5424574613571167,0.504321372247346
traffic_ue,82,94,0.5132551789283752,0.5444750345772681
traffic_ue,82,95,0.5372191667556763,0.5164506178416668
traffic_ue,82,96,0.5249147415161133,0.5387076381271584
traffic_ue,82,97,0.5136452317237854,0.5275210455518752
traffic_ue,82,98,0.579384982585907,0.517217853343994
traffic_ue,82,99,0.5336397886276245,0.5796359032605147
traffic_ue,82,100,0.4941330850124359,0.5353091189703788
traffic_ue,82,101,0.5621449947357178,0.4979970574222026
traffic_ue,82,102,0.5588680505752563,0.5635646867378356
traffic_ue,82,103,0.5594483017921448,0.5601060402548335
traffic_ue,82,104,0.6249035000801086,0.5609546409968419
traffic_ue,82,105,0.6369698643684387,0.6235986303629276
traffic_ue,82,106,0.541885495185852,0.6338646309462072
traffic_ue,82,107,0.6536485552787781,0.5441800258067261
traffic_ue,82,108,0.6408970952033997,0.6518338710463075
traffic_ue,82,109,0.6347144842147827,0.6383872091159511
traffic_ue,82,110,0.6503056287765503,0.6325169933600183
traffic_ue,82,111,0.641502857208252,0.6478164620410533
traffic_ue,82,112,0.6594676375389099,0.6387639174966621
traffic_ue,82,113,0.6358645558357239,0.6549279671874416
traffic_ue,82,114,0.6790881752967834,0.6337081769406818
traffic_ue,82,115,0.6899893879890442,0.6739540088848734
traffic_ue,82,116,0.6457458138465881,0.68420518180777
traffic_ue,82,117,0.6698200106620789,0.642345983115186
traffic_ue,82,118,0.7257755994796753,0.664757255158302
traffic_ue,82,119,0.6817879676818848,0.7188777458670519
traffic_ue,82,120,0.6480985283851624,0.6768150545282187
traffic_ue,82,121,0.7543278932571411,0.6446790424206603
traffic_ue,82,122,0.7651447057723999,0.7464834622614025
traffic_ue,82,123,0.7643364071846008,0.757200225136036
traffic_ue,82,124,0.75982266664505,0.7555893742574536
traffic_ue,82,125,0.8019208908081055,0.7517005955043593
traffic_ue,82,126,0.8051289319992065,0.7922174043478403
traffic_ue,82,127,0.7462950944900513,0.7958090750492973
traffic_ue,82,128,0.7353840470314026,0.7383604309551911
traffic_ue,82,129,0.8282168507575989,0.7280999201974037
traffic_ue,82,130,0.7855639457702637,0.8169862352517573
traffic_ue,82,131,0.7685571908950806,0.7752978241396318
traffic_ue,82,132,0.7902222871780396,0.7601922269948265
traffic_ue,82,133,0.7621314525604248,0.7806137941236868
traffic_ue,82,134,0.8095600605010986,0.7537935001583577
traffic_ue,82,135,0.7870433926582336,0.7992721360919554
traffic_ue,82,136,0.8757031559944153,0.7775459115083451
traffic_ue,82,137,0.7926930785179138,0.862966155875216
traffic_ue,82,138,0.8291352987289429,0.7837039124215883
traffic_ue,82,139,0.8690089583396912,0.8187512812950254
traffic_ue,82,140,0.8536616563796997,0.8564117572705099
traffic_ue,82,141,0.835811972618103,0.8411949760601082
traffic_ue,82,142,0.8261030912399292,0.824098367641964
traffic_ue,82,143,0.8705836534500122,0.81492966845157
traffic_ue,82,144,0.910753846168518,0.8566169893572956
traffic_ue,82,145,0.8623653054237366,0.8962458032758304
traffic_ue,82,146,0.7798132300376892,0.8503022407891092
traffic_ue,82,147,0.762546181678772,0.7702345721290165
traffic_ue,82,148,0.8126607537269592,0.7555267820015628
traffic_ue,82,149,0.8031636476516724,0.8017696546326047
traffic_ue,82,150,0.8573543429374695,0.7922563046005456
traffic_ue,82,151,0.822702169418335,0.8448995240490487
traffic_ue,82,152,0.8019790649414062,0.8118990342089862
traffic_ue,82,153,0.7854520678520203,0.791627690675246
traffic_ue,82,154,0.7881987690925598,0.777027221508208
traffic_ue,82,155,0.854619562625885,0.7791886345857235
traffic_ue,82,156,0.8415120840072632,0.8425509839036498
traffic_ue,82,157,0.7840105295181274,0.8295600749727626
traffic_ue,82,158,0.7371453046798706,0.7741205674538236
traffic_ue,82,159,0.7581876516342163,0.7301194648413705
traffic_ue,82,160,0.7589479088783264,0.7497016918768135
traffic_ue,82,161,0.76759934425354,0.7515645973302224
traffic_ue,82,162,0.7427546977996826,0.7584889958468709
traffic_ue,82,163,0.7753448486328125,0.7356438719611403
traffic_ue,82,164,0.7738807201385498,0.7663392491883905
traffic_ue,82,165,0.731211245059967,0.7652963801387115
traffic_ue,82,166,0.6758127212524414,0.7239891275008783
traffic_ue,82,167,0.7388760447502136,0.6713401712617671
traffic_ue,82,168,0.73887699842453,0.731514696933816
traffic_ue,82,169,0.7673901319503784,0.7322101622155408
traffic_ue,82,170,0.7291476726531982,0.758488800287549
traffic_ue,82,171,0.7395834922790527,0.722178657610734
traffic_ue,82,172,0.753006637096405,0.7325832898348952
traffic_ue,82,173,0.6853315830230713,0.7451297437606985
traffic_ue,82,174,0.692870557308197,0.6802292293356661
traffic_ue,82,175,0.7500876188278198,0.6881810566279217
traffic_ue,82,176,0.7109822630882263,0.7422093835304167
traffic_ue,82,177,0.7445015907287598,0.7042861622570474
traffic_ue,82,178,0.776049017906189,0.73730249780952
traffic_ue,82,179,0.6619389653205872,0.7679008436169142
traffic_ue,82,180,0.7253049612045288,0.6584650975469593
traffic_ue,82,181,0.7415498495101929,0.7190758364036155
traffic_ue,82,182,0.7130081653594971,0.7338549539167988
traffic_ue,82,183,0.6655297875404358,0.7074995964132302
traffic_ue,82,184,0.7297919392585754,0.6620233167896981
traffic_ue,82,185,0.6994649767875671,0.7235841533080164
traffic_ue,82,186,0.6831497550010681,0.6945414958253741
traffic_ue,82,187,0.6968829035758972,0.6785545361246136
traffic_ue,82,188,0.7014124989509583,0.6920898897194709
traffic_ue,82,189,0.7003494501113892,0.6957456651247307
traffic_ue,82,190,0.6627418994903564,0.6946867186485245
traffic_ue,82,191,0.7161270380020142,0.6588801811272758
traffic_ue,82,192,0.7143402099609375,0.709518261661118
traffic_ue,82,193,0.6889846324920654,0.7069287130934522
traffic_ue,82,194,0.6859473586082458,0.6843922571594245
traffic_ue,82,195,0.6597443222999573,0.6808635023996218
traffic_ue,82,196,0.7508012056350708,0.6570759053375242
traffic_ue,82,197,0.7540010809898376,0.7429861370207401
traffic_ue,82,198,0.7296039462089539,0.7462723860061459
traffic_ue,82,199,0.6236672401428223,0.7227110993845481
traffic_ue,82,200,0.6990535855293274,0.6216806650120589
traffic_ue,82,201,0.7032679319381714,0.6937540000509806
traffic_ue,82,202,0.7276185750961304,0.6976065695423578
traffic_ue,82,203,0.7950713038444519,0.7209252680161138
traffic_ue,82,204,0.7226824760437012,0.7849697423988753
traffic_ue,82,205,0.7370185256004333,0.7162385803878991
traffic_ue,82,206,0.7766286134719849,0.7290564747964433
traffic_ue,82,207,0.7134827375411987,0.7671116451776491
traffic_ue,82,208,0.7343142032623291,0.7077021323218828
traffic_ue,82,209,0.6825927495956421,0.728324418887777
traffic_ue,82,210,0.7621656656265259,0.6775295609730809
traffic_ue,82,211,0.7076371312141418,0.7538755959190978
traffic_ue,82,212,0.6682195663452148,0.7018542245581001
traffic_ue,82,213,0.7197499871253967,0.6643291292663538
traffic_ue,82,214,0.7724684476852417,0.7142480470177063
traffic_ue,82,215,0.7218143343925476,0.763806632806655
traffic_ue,82,216,0.7288285493850708,0.7155135270630716
traffic_ue,82,217,0.7228742837905884,0.7213795448776837
traffic_ue,82,218,0.7396791577339172,0.7174625361567988
traffic_ue,82,219,0.757870614528656,0.7325748986737463
traffic_ue,82,220,0.7167501449584961,0.7507401822111965
traffic_ue,82,221,0.7360289096832275,0.7105067755538902
traffic_ue,82,222,0.7093631029129028,0.7286625877876458
traffic_ue,82,223,0.6689658164978027,0.7035922091127995
traffic_ue,82,224,0.7661301493644714,0.6645415587202128
traffic_ue,82,225,0.7036031484603882,0.7574413163973998
traffic_ue,82,226,0.7058135271072388,0.6988178536801257
traffic_ue,82,227,0.6961233615875244,0.6996762608724038
traffic_ue,82,228,0.6133595705032349,0.6907733889343094
traffic_ue,82,229,0.7304608821868896,0.6116953760896181
traffic_ue,82,230,0.6529166102409363,0.7231774561673565
traffic_ue,82,231,0.6718389391899109,0.6493528988579992
traffic_ue,82,232,0.7217315435409546,0.667765622285023
traffic_ue,82,233,0.6791121363639832,0.7147899710903741
traffic_ue,82,234,0.7023749351501465,0.6752170445939316
traffic_ue,82,235,0.6835764646530151,0.6968083055481711
traffic_ue,82,236,0.7094873189926147,0.6788604621451864
traffic_ue,82,237,0.6506350040435791,0.7033132574858586
traffic_ue,82,238,0.6999731063842773,0.6476330804814154
traffic_ue,82,239,0.6941651701927185,0.6942301680055508
traffic_ue,82,240,0.5925810933113098,0.6895094780850122
traffic_ue,82,241,0.6811656355857849,0.5921156289244075
traffic_ue,82,242,0.5836540460586548,0.6768195046218001
traffic_ue,82,243,0.5979676842689514,0.5843342076921687
traffic_ue,82,244,0.5777381658554077,0.5971804345696569
traffic_ue,82,245,0.632709801197052,0.5783699654397124
traffic_ue,82,246,0.6009684205055237,0.6296213747734694
traffic_ue,82,247,0.5795034170150757,0.5999799380633113
traffic_ue,82,248,0.619351327419281,0.5784584566681816
traffic_ue,82,249,0.556404709815979,0.6176324383252662
traffic_ue,82,250,0.5544772148132324,0.5582136700080536
traffic_ue,82,251,0.5362400412559509,0.5560362876579612
traffic_ue,82,252,0.5880546569824219,0.5380756544060404
traffic_ue,82,253,0.5691668391227722,0.5878179045641031
traffic_ue,82,254,0.555862545967102,0.569388337034698
traffic_ue,82,255,0.5004023313522339,0.5573516207399879
traffic_ue,82,256,0.5593470335006714,0.5046440908092885
traffic_ue,82,257,0.5452540516853333,0.5601143183853223
traffic_ue,82,258,0.4678647816181183,0.5461380903915203
traffic_ue,82,259,0.49828040599823,0.47345293129748756
traffic_ue,82,260,0.5033180117607117,0.5020836566374198
traffic_ue,82,261,0.4557408690452575,0.5075612818350014
traffic_ue,82,262,0.4904256463050842,0.46134627933119143
traffic_ue,82,263,0.4941296577453613,0.49412966843920314
traffic_ue,82,264,0.5341489315032959,0.49759691201696543
traffic_ue,82,265,0.465509682893753,0.536487095647739
traffic_ue,82,266,0.5585695505142212,0.47091916261883376
traffic_ue,82,267,0.5234666466712952,0.5599714570593823
traffic_ue,82,268,0.5275653600692749,0.5253523374828428
traffic_ue,82,269,0.5371105670928955,0.530831516159841
traffic_ue,82,270,0.4632307589054107,0.5392494741735848
traffic_ue,82,271,0.5284565091133118,0.4686561653715105
traffic_ue,82,272,0.377069354057312,0.5310326888060369
traffic_ue,82,273,0.445965051651001,0.3861537678810752
traffic_ue,82,274,0.4402511417865753,0.45196519202887814
traffic_ue,82,275,0.4958781003952026,0.4465896062605779
traffic_ue,82,276,0.4885634183883667,0.5001996261459947
traffic_ue,82,277,0.40765181183815,0.49305609504908066
traffic_ue,82,278,0.4016739428043365,0.4152901767538729
traffic_ue,82,279,0.4692564010620117,0.4098128033981171
traffic_ue,82,280,0.4362968206405639,0.47472462352064315
traffic_ue,82,281,0.4844339191913605,0.4429343120505148
traffic_ue,82,282,0.4422091841697693,0.4889864171225446
traffic_ue,82,283,0.3793393075466156,0.4490936609752159
traffic_ue,82,284,0.4384151697158813,0.3888547506162867
traffic_ue,82,285,0.411031424999237,0.4453425164043371
traffic_ue,82,286,0.4340680241584778,0.4187966931599346
traffic_ue,82,287,0.4579728245735168,0.4412150236037409
traffic_ue,82,288,0.3728101849555969,0.46386234982623836
traffic_ue,82,289,0.4073675572872162,0.382159417671956
traffic_ue,83,0,0.2141011953353881,0.2364065499163242
traffic_ue,83,1,0.3031775653362274,0.23112240277558216
traffic_ue,83,2,0.296620100736618,0.3158467523817606
traffic_ue,83,3,0.2827654182910919,0.30902528666724743
traffic_ue,83,4,0.2943331897258758,0.2960194884511115
traffic_ue,83,5,0.2974844872951507,0.307647711416469
traffic_ue,83,6,0.2682856321334839,0.31073900291508494
traffic_ue,83,7,0.2837407886981964,0.2830155087569058
traffic_ue,83,8,0.2821380198001861,0.2971936323700719
traffic_ue,83,9,0.2521823048591614,0.2957214596614554
traffic_ue,83,10,0.2701355814933777,0.2673785711950627
traffic_ue,83,11,0.2783390581607818,0.28487120662416937
traffic_ue,83,12,0.338153600692749,0.2922632863601069
traffic_ue,83,13,0.3190743327140808,0.3490059057127049
traffic_ue,83,14,0.345634400844574,0.33118834428661026
traffic_ue,83,15,0.3272501230239868,0.35600949284642214
traffic_ue,83,16,0.3371279239654541,0.33959597629456406
traffic_ue,83,17,0.3487566709518432,0.3478336087673616
traffic_ue,83,18,0.3356142044067383,0.3593708920673202
traffic_ue,83,19,0.3418281078338623,0.34634676308139695
traffic_ue,83,20,0.3958832919597626,0.35294124992486947
traffic_ue,83,21,0.3338910341262817,0.40446357704901353
traffic_ue,83,22,0.3089453876018524,0.34510755253389286
traffic_ue,83,23,0.3805106282234192,0.32172002918831216
traffic_ue,83,24,0.3417395949363708,0.3891731041292735
traffic_ue,83,25,0.3748475611209869,0.3522618724439613
traffic_ue,83,26,0.2993309497833252,0.3842922948628797
traffic_ue,83,27,0.3251606523990631,0.31234333302589523
traffic_ue,83,28,0.4017748534679413,0.3371159683917428
traffic_ue,83,29,0.3699840903282165,0.4100078380712067
traffic_ue,83,30,0.3358370065689087,0.37992262280004846
traffic_ue,83,31,0.397736132144928,0.34650869607247253
traffic_ue,83,32,0.384008377790451,0.4056274598791006
traffic_ue,83,33,0.3808930516242981,0.39294062198162605
traffic_ue,83,34,0.4550047516822815,0.3903299870467029
traffic_ue,83,35,0.3472491800785064,0.46168919622989957
traffic_ue,83,36,0.4073438346385956,0.3581380174129907
traffic_ue,83,37,0.4371148347854614,0.41579154366196086
traffic_ue,83,38,0.42807537317276,0.4431156565747932
traffic_ue,83,39,0.3845698237419128,0.43582283802699445
traffic_ue,83,40,0.4441155791282654,0.3936721448236492
traffic_ue,83,41,0.3650324642658233,0.4503083925607544
traffic_ue,83,42,0.4209828674793243,0.3750723584695715
traffic_ue,83,43,0.4663013219833374,0.4281460859005941
traffic_ue,83,44,0.4565274715423584,0.47167080173461295
traffic_ue,83,45,0.4597087800502777,0.4628869189661678
traffic_ue,83,46,0.4261737167835235,0.46556020228426814
traffic_ue,83,47,0.4010814130306244,0.43332270881849005
traffic_ue,83,48,0.509443461894989,0.40994477278887986
traffic_ue,83,49,0.452875941991806,0.5127818879957994
traffic_ue,83,50,0.4479138255119324,0.4591718369875146
traffic_ue,83,51,0.520778238773346,0.4535178296773006
traffic_ue,83,52,0.518427312374115,0.5232958837133155
traffic_ue,83,53,0.4934939742088318,0.5217583048185231
traffic_ue,83,54,0.4767076075077057,0.4970925711531956
traffic_ue,83,55,0.4769559800624847,0.4818489465020021
traffic_ue,83,56,0.5161312818527222,0.48124137524127386
traffic_ue,83,57,0.4929609298706054,0.5190821740865236
traffic_ue,83,58,0.4837125837802887,0.496834517571646
traffic_ue,83,59,0.5473002791404724,0.48765658099720316
traffic_ue,83,60,0.4931778609752655,0.5489243200146434
traffic_ue,83,61,0.4239921569824219,0.4969412647443489
traffic_ue,83,62,0.5285029411315918,0.4311025447226793
traffic_ue,83,63,0.4691263735294342,0.5308783290496798
traffic_ue,83,64,0.5243264436721802,0.47341049209101754
traffic_ue,83,65,0.4544373750686645,0.5270616960743979
traffic_ue,83,66,0.4998330771923065,0.4605551510792123
traffic_ue,83,67,0.5131427049636841,0.5032602059114938
traffic_ue,83,68,0.4979177117347717,0.515946935655018
traffic_ue,83,69,0.5149680972099304,0.5015904543635084
traffic_ue,83,70,0.499349981546402,0.5185730998540438
traffic_ue,83,71,0.5153278708457947,0.5029999657986948
traffic_ue,83,72,0.57602858543396,0.5190635290739573
traffic_ue,83,73,0.5426833629608154,0.576399486873627
traffic_ue,83,74,0.5770493745803833,0.5437965163647301
traffic_ue,83,75,0.5081621408462524,0.5772198633006416
traffic_ue,83,76,0.5350683927536011,0.5117637552474913
traffic_ue,83,77,0.6213038563728333,0.5360702015590355
traffic_ue,83,78,0.533560574054718,0.6195855326400888
traffic_ue,83,79,0.5497864484786987,0.535233906954803
traffic_ue,83,80,0.6210193037986755,0.551433702323848
traffic_ue,83,81,0.5395860075950623,0.6195138036062087
traffic_ue,83,82,0.5321839451789856,0.541401389856465
traffic_ue,83,83,0.5743036866188049,0.5341748935113686
traffic_ue,83,84,0.5676344633102417,0.5749105780613621
traffic_ue,83,85,0.5397980809211731,0.5687767832092451
traffic_ue,83,86,0.5670635104179382,0.5418508046020136
traffic_ue,83,87,0.5480676293373108,0.5677881767239565
traffic_ue,83,88,0.5562673211097717,0.549256006196629
traffic_ue,83,89,0.5422911047935486,0.5576367205591071
traffic_ue,83,90,0.5631128549575806,0.5440690266157274
traffic_ue,83,91,0.5681319236755371,0.5640371401518106
traffic_ue,83,92,0.5348171591758728,0.5696459991871687
traffic_ue,83,93,0.5600923299789429,0.5369727248421494
traffic_ue,83,94,0.5250846743583679,0.5608715679051444
traffic_ue,83,95,0.5871010422706604,0.5273351121228498
traffic_ue,83,96,0.5747937560081482,0.5871109197929477
traffic_ue,83,97,0.6529722809791565,0.5750286053062704
traffic_ue,83,98,0.5633531808853149,0.6498026479740355
traffic_ue,83,99,0.612234354019165,0.5641164886390586
traffic_ue,83,100,0.6055734753608704,0.6109246830756662
traffic_ue,83,101,0.6083823442459106,0.6041538628541742
traffic_ue,83,102,0.5382949709892273,0.6070688621614929
traffic_ue,83,103,0.6538318991661072,0.5399771411478834
traffic_ue,83,104,0.6221299171447754,0.650966111233792
traffic_ue,83,105,0.5917609333992004,0.6208163569031536
traffic_ue,83,106,0.6088245511054993,0.5910888530179073
traffic_ue,83,107,0.6046690940856934,0.6071910566905062
traffic_ue,83,108,0.6220930814743042,0.6033447896086895
traffic_ue,83,109,0.6644494533538818,0.6202852683279417
traffic_ue,83,110,0.634650468826294,0.6609975697751668
traffic_ue,83,111,0.6526810526847839,0.6319104869908367
traffic_ue,83,112,0.6958943009376526,0.6489307979084973
traffic_ue,83,113,0.6821489930152893,0.6906551250985744
traffic_ue,83,114,0.6712000370025635,0.6775547292693831
traffic_ue,83,115,0.6768984198570251,0.6673574482303766
traffic_ue,83,116,0.6747236251831055,0.6725198458825069
traffic_ue,83,117,0.6971736550331116,0.6710006648799474
traffic_ue,83,118,0.7204599380493164,0.6917706131077194
traffic_ue,83,119,0.7260798811912537,0.7143763999579696
traffic_ue,83,120,0.6488134264945984,0.7196131555444502
traffic_ue,83,121,0.6832020282745361,0.6461019893364336
traffic_ue,83,122,0.6896859407424927,0.6788522252014197
traffic_ue,83,123,0.7284564971923828,0.684661238365294
traffic_ue,83,124,0.7220889329910278,0.7231595825521365
traffic_ue,83,125,0.7550848722457886,0.7160223078013509
traffic_ue,83,126,0.7699795365333557,0.7479959752058286
traffic_ue,83,127,0.6973901987075806,0.7614434814639912
traffic_ue,83,128,0.7162885069847107,0.692323495151488
traffic_ue,83,129,0.7593672275543213,0.7089770121374398
traffic_ue,83,130,0.7823129892349243,0.7511193346177798
traffic_ue,83,131,0.7937425374984741,0.7731041375256048
traffic_ue,83,132,0.695106565952301,0.7839561730852436
traffic_ue,83,133,0.7209279537200928,0.6899071928202823
traffic_ue,83,134,0.7233646512031555,0.7147215448850842
traffic_ue,83,135,0.7258507609367371,0.7169855093995106
traffic_ue,83,136,0.8353650569915771,0.7190979438045164
traffic_ue,83,137,0.7751798629760742,0.8241205365125134
traffic_ue,83,138,0.7601643204689026,0.7662322113478857
traffic_ue,83,139,0.7237518429756165,0.7525211003682505
traffic_ue,83,140,0.8024316430091858,0.7164105202652761
traffic_ue,83,141,0.729516863822937,0.7925535149981188
traffic_ue,83,142,0.7137501835823059,0.7234221997235797
traffic_ue,83,143,0.7175807356834412,0.7072615050432718
traffic_ue,83,144,0.7285674810409546,0.7109977296716861
traffic_ue,83,145,0.6759939193725586,0.7222231189119994
traffic_ue,83,146,0.7275206446647644,0.6726036649014798
traffic_ue,83,147,0.7106029987335205,0.722022959751556
traffic_ue,83,148,0.6823193430900574,0.7048686782521334
traffic_ue,83,149,0.7506522536277771,0.6768730778518537
traffic_ue,83,150,0.6094997525215149,0.7425966541973096
traffic_ue,83,151,0.6686477661132812,0.6086755355368985
traffic_ue,83,152,0.6893033385276794,0.6649341385938399
traffic_ue,83,153,0.6825998425483704,0.6845956367750136
traffic_ue,83,154,0.6806365847587585,0.6771890156354377
traffic_ue,83,155,0.6134477853775024,0.6763171856976081
traffic_ue,83,156,0.6318886876106262,0.611332630913775
traffic_ue,83,157,0.6745889186859131,0.630032424383267
traffic_ue,83,158,0.65875643491745,0.6697317023185387
traffic_ue,83,159,0.6837878823280334,0.6549968714510948
traffic_ue,83,160,0.6892660856246948,0.6791604201266865
traffic_ue,83,161,0.6768269538879395,0.6849571574995656
traffic_ue,83,162,0.7076432704925537,0.6723031567072437
traffic_ue,83,163,0.6960387229919434,0.7014631623195295
traffic_ue,83,164,0.6100995540618896,0.6909906954447539
traffic_ue,83,165,0.6549047827720642,0.6092946416932737
traffic_ue,83,166,0.5730913281440735,0.6514886699919065
traffic_ue,83,167,0.5977627635002136,0.5744044260683354
traffic_ue,83,168,0.6222636699676514,0.596241696837681
traffic_ue,83,169,0.6036070585250854,0.6202984030768725
traffic_ue,83,170,0.5729261636734009,0.6016914682455516
traffic_ue,83,171,0.6044152975082397,0.5730569331013269
traffic_ue,83,172,0.6143606901168823,0.604244879395438
traffic_ue,83,173,0.5866727828979492,0.6133404708832786
traffic_ue,83,174,0.587147057056427,0.5867539109420604
traffic_ue,83,175,0.6025752425193787,0.5868073296442969
traffic_ue,83,176,0.6106033325195312,0.6014559590917614
traffic_ue,83,177,0.6691328883171082,0.6093264624862754
traffic_ue,83,178,0.5881526470184326,0.6659404740751683
traffic_ue,83,179,0.5897340774536133,0.5873156063884897
traffic_ue,83,180,0.570036768913269,0.5891147987223923
traffic_ue,83,181,0.5935079455375671,0.5705119794589477
traffic_ue,83,182,0.5995336174964905,0.5930452605356094
traffic_ue,83,183,0.7144164443016052,0.599262581222934
traffic_ue,83,184,0.6558974981307983,0.7078941009124265
traffic_ue,83,185,0.5839918255805969,0.6521335569030556
traffic_ue,83,186,0.6052359342575073,0.5831665774587421
traffic_ue,83,187,0.6498817205429077,0.604478325422928
traffic_ue,83,188,0.5836033225059509,0.6466201904382658
traffic_ue,83,189,0.6490206122398376,0.583293818823157
traffic_ue,83,190,0.6538680791854858,0.6462490949775612
traffic_ue,83,191,0.6636053323745728,0.6506035718363427
traffic_ue,83,192,0.656600296497345,0.659948043507296
traffic_ue,83,193,0.6108061075210571,0.6526023985880235
traffic_ue,83,194,0.6454904079437256,0.6094693802499367
traffic_ue,83,195,0.6359360218048096,0.6425003736839761
traffic_ue,83,196,0.6135773658752441,0.6326349693543498
traffic_ue,83,197,0.6870871186256409,0.6121006123433775
traffic_ue,83,198,0.6628853678703308,0.6823425638853295
traffic_ue,83,199,0.6645203828811646,0.658768343261268
traffic_ue,83,200,0.616977870464325,0.6604695784053687
traffic_ue,83,201,0.6898699998855591,0.6160734672996327
traffic_ue,83,202,0.6544792056083679,0.6852328886713609
traffic_ue,83,203,0.6266350746154785,0.6511342078232621
traffic_ue,83,204,0.6946264505386353,0.6250938775843304
traffic_ue,83,205,0.6252698302268982,0.6893025024570675
traffic_ue,83,206,0.6502421498298645,0.6229046108723216
traffic_ue,83,207,0.6866668462753296,0.6464662937997078
traffic_ue,83,208,0.7076451182365417,0.6822908069716775
traffic_ue,83,209,0.6455736756324768,0.7020106422536128
traffic_ue,83,210,0.7061132788658142,0.6426786568472008
traffic_ue,83,211,0.7286602258682251,0.6995639754500308
traffic_ue,83,212,0.7351614832878113,0.722162343282945
traffic_ue,83,213,0.6893840432167053,0.727640545094638
traffic_ue,83,214,0.6137698292732239,0.6845234293723351
traffic_ue,83,215,0.7174543738365173,0.6122833509425457
traffic_ue,83,216,0.7193742394447327,0.7108281412276651
traffic_ue,83,217,0.698657214641571,0.7131471139233223
traffic_ue,83,218,0.7212420105934143,0.6932288227666853
traffic_ue,83,219,0.7266510128974915,0.7152181787348971
traffic_ue,83,220,0.6776638627052307,0.7197585377721274
traffic_ue,83,221,0.6503816843032837,0.6725520526070079
traffic_ue,83,222,0.6888995170593262,0.6473429490778937
traffic_ue,83,223,0.6956358551979065,0.6838153283038391
traffic_ue,83,224,0.7559584379196167,0.6905089609440442
traffic_ue,83,225,0.6874715685844421,0.7472378360708558
traffic_ue,83,226,0.705336332321167,0.6826083655123409
traffic_ue,83,227,0.6833245158195496,0.7003146289108744
traffic_ue,83,228,0.6970237493515015,0.6783731867236256
traffic_ue,83,229,0.7254590392112732,0.6913306133833614
traffic_ue,83,230,0.6676826477050781,0.7184779579416272
traffic_ue,83,231,0.6121949553489685,0.663521671590804
traffic_ue,83,232,0.6120196580886841,0.6107384409014412
traffic_ue,83,233,0.6476866602897644,0.6107704467242582
traffic_ue,83,234,0.713353157043457,0.6449825450087221
traffic_ue,83,235,0.7131970524787903,0.7067853166505578
traffic_ue,83,236,0.6919280290603638,0.7076293280221668
traffic_ue,83,237,0.6023925542831421,0.6874845981433706
traffic_ue,83,238,0.6709839701652527,0.6015801702179906
traffic_ue,83,239,0.6588706374168396,0.6676980243804528
traffic_ue,83,240,0.617517352104187,0.6555021948329669
traffic_ue,83,241,0.6241234540939331,0.6157919073655829
traffic_ue,83,242,0.6063567399978638,0.622262661606842
traffic_ue,83,243,0.5676238536834717,0.6043022136951712
traffic_ue,83,244,0.6391928791999817,0.5680225384575383
traffic_ue,83,245,0.6032111644744873,0.6363226010865366
traffic_ue,83,246,0.644899845123291,0.6027046975358988
traffic_ue,83,247,0.5619661211967468,0.6409970339827693
traffic_ue,83,248,0.543193519115448,0.5628491257757161
traffic_ue,83,249,0.6366094946861267,0.5447273980525114
traffic_ue,83,250,0.601345956325531,0.6338201385220739
traffic_ue,83,251,0.6051770448684692,0.6009337347041346
traffic_ue,83,252,0.5072581171989441,0.6041743545299226
traffic_ue,83,253,0.5207852721214294,0.5111534672152691
traffic_ue,83,254,0.5799077749252319,0.523401784507901
traffic_ue,83,255,0.5474904775619507,0.5801322799261397
traffic_ue,83,256,0.4997753500938415,0.5493033537377697
traffic_ue,83,257,0.4260937869548797,0.503503064133776
traffic_ue,83,258,0.4699016213417053,0.4334948747571869
traffic_ue,83,259,0.4649396538734436,0.4749899621850727
traffic_ue,83,260,0.4462313950061798,0.47008026756581806
traffic_ue,83,261,0.4715268313884735,0.45236691181732797
traffic_ue,83,262,0.5067886710166931,0.4759377165821394
traffic_ue,83,263,0.459496408700943,0.5106085184019948
traffic_ue,83,264,0.4188981652259826,0.4649616703323033
traffic_ue,83,265,0.4646623730659485,0.4259682739163165
traffic_ue,83,266,0.4301708936691284,0.4697673858009258
traffic_ue,83,267,0.4648493528366089,0.43627452214288936
traffic_ue,83,268,0.4805499315261841,0.46964724936628544
traffic_ue,83,269,0.4064972400665283,0.4847033427854812
traffic_ue,83,270,0.3577718734741211,0.41464044595931754
traffic_ue,83,271,0.4016129970550537,0.3681290197062799
traffic_ue,83,272,0.3847740888595581,0.41015182842952297
traffic_ue,83,273,0.3501970171928406,0.3932211404438889
traffic_ue,83,274,0.4519353806972503,0.3611849631569649
traffic_ue,83,275,0.4194098114967346,0.45768346344742167
traffic_ue,83,276,0.4252746403217315,0.4270990160831961
traffic_ue,83,277,0.3576796948909759,0.43236983810283014
traffic_ue,83,278,0.4096558690071106,0.36784305307089965
traffic_ue,83,279,0.3536595106124878,0.41724258425032257
traffic_ue,83,280,0.4047606587409973,0.3641748350774445
traffic_ue,83,281,0.3660492300987243,0.41279316503370866
traffic_ue,83,282,0.382187932729721,0.3761865833566667
traffic_ue,83,283,0.3746121525764465,0.39146021751638765
traffic_ue,83,284,0.3861190676689148,0.38406878105135467
traffic_ue,83,285,0.3204519152641296,0.3942501030368561
traffic_ue,83,286,0.3020198047161102,0.3322482632170642
traffic_ue,83,287,0.3290484845638275,0.3145986568980929
traffic_ue,83,288,0.3848394453525543,0.34090657883427944
traffic_ue,83,289,0.3206633031368255,0.39412658863763694
traffic_ue,84,0,0.3090295493602752,0.3186403703650043
traffic_ue,84,1,0.3869508802890777,0.3211549900370052
traffic_ue,84,2,0.3373607397079468,0.3958832798297686
traffic_ue,84,3,0.2597066164016723,0.3476081580608842
traffic_ue,84,4,0.3280855417251587,0.2743242483462398
traffic_ue,84,5,0.3457939028739929,0.34014112585430484
traffic_ue,84,6,0.2919804453849792,0.35626015837828606
traffic_ue,84,7,0.3103758692741394,0.3054138466423402
traffic_ue,84,8,0.3260398805141449,0.32268134011016897
traffic_ue,84,9,0.2590573728084564,0.3380003822448972
traffic_ue,84,10,0.2334595620632171,0.2736085869332783
traffic_ue,84,11,0.3371576964855194,0.24880806932603292
traffic_ue,84,12,0.2928961515426636,0.3486060481488712
traffic_ue,84,13,0.3024704158306122,0.3060848383044616
traffic_ue,84,14,0.2635688781738281,0.31517533375663515
traffic_ue,84,15,0.2659800946712494,0.27828902607369016
traffic_ue,84,16,0.2782478034496307,0.2804791856929008
traffic_ue,84,17,0.2659871876239776,0.291680528431832
traffic_ue,84,18,0.2744947671890259,0.2803866974247949
traffic_ue,84,19,0.3354778885841369,0.2881171257480546
traffic_ue,84,20,0.3106091022491455,0.34686228341131264
traffic_ue,84,21,0.3575336635112762,0.3226051197959852
traffic_ue,84,22,0.3582018613815307,0.3675059547153744
traffic_ue,84,23,0.2967589199542999,0.3681900012689454
traffic_ue,84,24,0.3466182053089142,0.3104965997970587
traffic_ue,84,25,0.3211387991905212,0.35719164466621317
traffic_ue,84,26,0.3441083133220672,0.33319810872646555
traffic_ue,84,27,0.2234925627708435,0.35465973836739295
traffic_ue,84,28,0.3030866980552673,0.24008885420916184
traffic_ue,84,29,0.3784258663654327,0.3159589221022925
traffic_ue,84,30,0.342093288898468,0.3874417382772246
traffic_ue,84,31,0.3688343167304992,0.3526969177702165
traffic_ue,84,32,0.3916927278041839,0.37813638521718856
traffic_ue,84,33,0.3861893117427826,0.40068319955409815
traffic_ue,84,34,0.3410302102565765,0.3953586375072102
traffic_ue,84,35,0.3491488099098205,0.3524813370339684
traffic_ue,84,36,0.3272924423217773,0.3594951599417055
traffic_ue,84,37,0.3610928952693939,0.33933848879761924
traffic_ue,84,38,0.3351210951805115,0.3711334025283999
traffic_ue,84,39,0.4128882884979248,0.34652351808005843
traffic_ue,84,40,0.36161008477211,0.42070856722199884
traffic_ue,84,41,0.4163956940174103,0.372120573596859
traffic_ue,84,42,0.4052112698554992,0.4239395275774436
traffic_ue,84,43,0.3563973009586334,0.4134690647200658
traffic_ue,84,44,0.2868762910366058,0.36707195871923193
traffic_ue,84,45,0.4160508215427398,0.30051798380946104
traffic_ue,84,46,0.2704551517963409,0.42291752103923075
traffic_ue,84,47,0.416361927986145,0.2840831785592199
traffic_ue,84,48,0.2648134529590606,0.4231632964690389
traffic_ue,84,49,0.3461365103721618,0.2794707149308995
traffic_ue,84,50,0.4142807722091675,0.3573296257987344
traffic_ue,84,51,0.4034440219402313,0.4218322458010435
traffic_ue,84,52,0.3234583139419555,0.4113942210718489
traffic_ue,84,53,0.3409254848957062,0.3350035316259908
traffic_ue,84,54,0.3641291260719299,0.3517369548598175
traffic_ue,84,55,0.3645561635494232,0.3743138870144222
traffic_ue,84,56,0.4262700378894806,0.3746201242961581
traffic_ue,84,57,0.3429348170757293,0.4332653287657597
traffic_ue,84,58,0.4423918128013611,0.35359514800352987
traffic_ue,84,59,0.3799946010112762,0.44891978184214054
traffic_ue,84,60,0.4524700343608856,0.38952654479862214
traffic_ue,84,61,0.4166700839996338,0.4585383820052071
traffic_ue,84,62,0.4077500700950622,0.42424966458480734
traffic_ue,84,63,0.3829192817211151,0.41587958435244887
traffic_ue,84,64,0.4465935826301574,0.39200577863291614
traffic_ue,84,65,0.4474513232707977,0.45276041022344504
traffic_ue,84,66,0.4559327661991119,0.45377325656390877
traffic_ue,84,67,0.433184951543808,0.46182614878088657
traffic_ue,84,68,0.4423506259918213,0.43963239971133317
traffic_ue,84,69,0.4216673970222473,0.4485830076380312
traffic_ue,84,70,0.4484405815601349,0.42968903295580557
traffic_ue,84,71,0.3940316140651703,0.4544148610846114
traffic_ue,84,72,0.466292530298233,0.4029535178838792
traffic_ue,84,73,0.4132792055606842,0.4713151743787973
traffic_ue,84,74,0.4621614813804626,0.42142701190803017
traffic_ue,84,75,0.3644017875194549,0.4677897505888367
traffic_ue,84,76,0.4275206923484802,0.3742751029292101
traffic_ue,84,77,0.4199583232402801,0.43465123575834985
traffic_ue,84,78,0.5083733201026917,0.4272725327045317
traffic_ue,84,79,0.536750316619873,0.5117658183737914
traffic_ue,84,80,0.4095156788825989,0.5380640324154564
traffic_ue,84,81,0.4617349803447723,0.4177544260392207
traffic_ue,84,82,0.5068368911743164,0.46738479981573444
traffic_ue,84,83,0.4768464267253876,0.5097116852251871
traffic_ue,84,84,0.5474590063095093,0.48158386014505067
traffic_ue,84,85,0.4823782444000244,0.5482812443879688
traffic_ue,84,86,0.532082736492157,0.4868857773133374
traffic_ue,84,87,0.5516109466552734,0.5347733584961055
traffic_ue,84,88,0.4894195795059204,0.5521737839003076
traffic_ue,84,89,0.493786871433258,0.49381938460713054
traffic_ue,84,90,0.5232334733009338,0.4980156172349258
traffic_ue,84,91,0.4954186677932739,0.5258751171151328
traffic_ue,84,92,0.5359028577804565,0.49946573929079763
traffic_ue,84,93,0.5183039307594299,0.5380531766350742
traffic_ue,84,94,0.5445958375930786,0.5211450432962713
traffic_ue,84,95,0.5789815187454224,0.5458604144664471
traffic_ue,84,96,0.5512811541557312,0.5791536028304177
traffic_ue,84,97,0.5150208473205566,0.5531009405179869
traffic_ue,84,98,0.5238779187202454,0.5180774590518398
traffic_ue,84,99,0.5896919369697571,0.5264869999687114
traffic_ue,84,100,0.554177463054657,0.5885786733756332
traffic_ue,84,101,0.6505113244056702,0.5557516817690741
traffic_ue,84,102,0.5575259327888489,0.6478629300308975
traffic_ue,84,103,0.6481321454048157,0.5587821256394805
traffic_ue,84,104,0.7015451192855835,0.6454055206328108
traffic_ue,84,105,0.6309431195259094,0.6962188643107635
traffic_ue,84,106,0.6693698167800903,0.6287377426919504
traffic_ue,84,107,0.6680452823638916,0.6656197054536485
traffic_ue,84,108,0.6985920071601868,0.6636675373744242
traffic_ue,84,109,0.7575698494911194,0.6933653557473416
traffic_ue,84,110,0.7070069313049316,0.7501073343449985
traffic_ue,84,111,0.7525128722190857,0.7011070331751561
traffic_ue,84,112,0.7711164951324463,0.7455043218926639
traffic_ue,84,113,0.7471515536308289,0.7626718260120411
traffic_ue,84,114,0.775328516960144,0.7396697290309172
traffic_ue,84,115,0.7620783448219299,0.7659764628258251
traffic_ue,84,116,0.7913244962692261,0.7534950187804093
traffic_ue,84,117,0.7965555191040039,0.781263419435473
traffic_ue,84,118,0.7838990092277527,0.7869743001331498
traffic_ue,84,119,0.8536019325256348,0.7746596304462522
traffic_ue,84,120,0.8602616190910339,0.8411382699354979
traffic_ue,84,121,0.8095176219940186,0.8474614555730476
traffic_ue,84,122,0.922889769077301,0.7999760131281902
traffic_ue,84,123,0.8717756271362305,0.9068755163020561
traffic_ue,84,124,0.8833072781562805,0.8586417403964082
traffic_ue,84,125,0.8900174498558044,0.8689953826932062
traffic_ue,84,126,0.9360905289649964,0.8756145596194002
traffic_ue,84,127,0.899025559425354,0.9203022730794127
traffic_ue,84,128,0.8833284974098206,0.8848620668377257
traffic_ue,84,129,0.8777374625205994,0.8695612553323776
traffic_ue,84,130,0.911918878555298,0.8638062217681999
traffic_ue,84,131,0.9563152194023132,0.8973519688563011
traffic_ue,84,132,0.9404596090316772,0.9387112668700596
traffic_ue,84,133,0.957718789577484,0.9244505920814624
traffic_ue,84,134,0.948171854019165,0.9408377000138585
traffic_ue,84,135,1.0,0.931773152424094
traffic_ue,84,136,0.9657516479492188,0.9799406839342091
traffic_ue,84,137,0.9691392183303832,0.9479685596348586
traffic_ue,84,138,0.9981985092163086,0.9516810768538712
traffic_ue,84,139,0.9977738857269288,0.9782798303678577
traffic_ue,84,140,1.0,0.9788688905504757
traffic_ue,84,141,1.0,0.9809825236262666
traffic_ue,84,142,0.986448049545288,0.980337575245469
traffic_ue,84,143,1.0,0.9675696011512492
traffic_ue,84,144,0.9585955142974854,0.9809825236262666
traffic_ue,84,145,1.0,0.9410747885827887
traffic_ue,84,146,0.9909291863441468,0.9809825236262666
traffic_ue,84,147,0.9642682075500488,0.9723700404310994
traffic_ue,84,148,0.9803814888000488,0.9470561887147528
traffic_ue,84,149,0.9697484374046326,0.9622560745721968
traffic_ue,84,150,1.0,0.9522595132806587
traffic_ue,84,151,1.0,0.9806352437289141
traffic_ue,84,152,0.9428313970565796,0.9809825236262666
traffic_ue,84,153,1.0,0.9266529268856089
traffic_ue,84,154,1.0,0.9807840779706366
traffic_ue,84,155,0.9649089574813844,0.9808336893845441
traffic_ue,84,156,0.9280272126197816,0.9473172829087776
traffic_ue,84,157,0.9766827821731568,0.9126463803276451
traffic_ue,84,158,0.9431031942367554,0.9580993079712766
traffic_ue,84,159,0.9816377758979796,0.9269606021001378
traffic_ue,84,160,0.966306746006012,0.9628535469749769
traffic_ue,84,161,0.977350115776062,0.9484956096732768
traffic_ue,84,162,0.9281340837478638,0.959477093721941
traffic_ue,84,163,0.9693515300750732,0.9117556231886428
traffic_ue,84,164,1.0,0.9518826609016373
traffic_ue,84,165,0.865571141242981,0.9809825236262666
traffic_ue,84,166,0.8497396111488342,0.8523538637207005
traffic_ue,84,167,0.9699724912643432,0.8380168296515365
traffic_ue,84,168,0.9118040800094604,0.9521745776539101
traffic_ue,84,169,0.9732986688613892,0.8967964681311341
traffic_ue,84,170,0.9100133180618286,0.9555311356625831
traffic_ue,84,171,0.8452412486076355,0.8950961898798472
traffic_ue,84,172,0.8309721946716309,0.8330512007706702
traffic_ue,84,173,0.8656854629516602,0.8195031342027416
traffic_ue,84,174,0.9307070970535278,0.8529089117023575
traffic_ue,84,175,0.8811399340629578,0.9151908554460085
traffic_ue,84,176,0.8584480881690979,0.8681282241887857
traffic_ue,84,177,0.9627841114997864,0.8460372273026099
traffic_ue,84,178,0.8818169236183167,0.9448036870968183
traffic_ue,84,179,0.8841939568519592,0.8687710067869123
traffic_ue,84,180,0.8538246750831604,0.8704822076305923
traffic_ue,84,181,0.9177463054656982,0.8415482034031722
traffic_ue,84,182,0.8462536334991455,0.9028353358764178
traffic_ue,84,183,0.8469944596290588,0.8339628204211386
traffic_ue,84,184,0.8304295539855957,0.835559219506983
traffic_ue,84,185,0.805879533290863,0.8194344148136861
traffic_ue,84,186,0.8468602895736694,0.7959760243737765
traffic_ue,84,187,0.782307505607605,0.8346380461793755
traffic_ue,84,188,0.8206443786621094,0.7730989309752414
traffic_ue,84,189,0.7746988534927368,0.809002602727934
traffic_ue,84,190,0.7382451295852661,0.7654778378488672
traffic_ue,84,191,0.7543999552726746,0.7311141063329598
traffic_ue,84,192,0.7448028922080994,0.7462046032269779
traffic_ue,84,193,0.8050300478935242,0.7370428495618316
traffic_ue,84,194,0.665279746055603,0.7940283992910845
traffic_ue,84,195,0.7257853150367737,0.6610913496170091
traffic_ue,84,196,0.8009005784988403,0.720226478691568
traffic_ue,84,197,0.8050910234451294,0.791843983389503
traffic_ue,84,198,0.7805954813957214,0.7952273563872808
traffic_ue,84,199,0.7992739677429199,0.7725648631019855
traffic_ue,84,200,0.7358545660972595,0.7895057794689658
traffic_ue,84,201,0.7324094176292419,0.7286458876835751
traffic_ue,84,202,0.7353204488754272,0.7259701527917117
traffic_ue,84,203,0.7555311322212219,0.7284860382569434
traffic_ue,84,204,0.6947510838508606,0.7485685207798433
traffic_ue,84,205,0.7600277066230774,0.6900161752588477
traffic_ue,84,206,0.810079038143158,0.7520441094553225
traffic_ue,84,207,0.7082661986351013,0.7993183880843341
traffic_ue,84,208,0.7786410450935364,0.7027987863308381
traffic_ue,84,209,0.7894477248191833,0.7699153980184181
traffic_ue,84,210,0.6932916641235352,0.7799279802987621
traffic_ue,84,211,0.7762575745582581,0.6881839944288085
traffic_ue,84,212,0.7599809169769287,0.7668089655479451
traffic_ue,84,213,0.7276799082756042,0.7522973524818622
traffic_ue,84,214,0.7580689191818237,0.7216284505308673
traffic_ue,84,215,0.733849823474884,0.7509284669183605
traffic_ue,84,216,0.7441631555557251,0.72669282936833
traffic_ue,84,217,0.7666788101196289,0.7371796087590253
traffic_ue,84,218,0.7057327628135681,0.7580614772262497
traffic_ue,84,219,0.7494338154792786,0.7001453029934035
traffic_ue,84,220,0.739557683467865,0.7414893927576419
traffic_ue,84,221,0.7714859843254089,0.733154122059314
traffic_ue,84,222,0.6755991578102112,0.7627249771558005
traffic_ue,84,223,0.679422914981842,0.6717327357291778
traffic_ue,84,224,0.6842879056930542,0.6753136745208542
traffic_ue,84,225,0.71833735704422,0.6787421728393805
traffic_ue,84,226,0.7368757724761963,0.7125099030584799
traffic_ue,84,227,0.6654563546180725,0.7295162716750685
traffic_ue,84,228,0.6926705241203308,0.6611102002527518
traffic_ue,84,229,0.744115948677063,0.6880903535533495
traffic_ue,84,230,0.7182289958000183,0.7366882844263816
traffic_ue,84,231,0.6714566349983215,0.7124566285097712
traffic_ue,84,232,0.6244763731956482,0.6688909775932161
traffic_ue,84,233,0.6652823686599731,0.6225977483970786
traffic_ue,84,234,0.651286780834198,0.6609450054645908
traffic_ue,84,235,0.6734586358070374,0.6485495927499032
traffic_ue,84,236,0.7102919816970825,0.6696507586994995
traffic_ue,84,237,0.635079562664032,0.7046725991256408
traffic_ue,84,238,0.6075491905212402,0.6325659566263114
traffic_ue,84,239,0.6703881621360779,0.606922754444684
traffic_ue,84,240,0.6592382788658142,0.6655943675337477
traffic_ue,84,241,0.688072919845581,0.6558512600790705
traffic_ue,84,242,0.610814094543457,0.6831793316712157
traffic_ue,84,243,0.6327936053276062,0.6098242436010796
traffic_ue,84,244,0.5555737614631653,0.6304451156539401
traffic_ue,84,245,0.6925021409988403,0.5564820909849376
traffic_ue,84,246,0.5394546985626221,0.687880867087522
traffic_ue,84,247,0.5678358674049377,0.5410286585428992
traffic_ue,84,248,0.519152045249939,0.5685711194379631
traffic_ue,84,249,0.5104865431785583,0.5224464183605747
traffic_ue,84,250,0.5069911479949951,0.5132265388706401
traffic_ue,84,251,0.56072598695755,0.5100565934062575
traffic_ue,84,252,0.5148293375968933,0.5614235960229047
traffic_ue,84,253,0.5441178679466248,0.5175979574562464
traffic_ue,84,254,0.5084571242332458,0.5456546527602865
traffic_ue,84,255,0.5124368071556091,0.5118949994595572
traffic_ue,84,256,0.4732552170753479,0.5152270940676984
traffic_ue,84,257,0.447010338306427,0.4787198328429152
traffic_ue,84,258,0.4888657629489898,0.4530568852232495
traffic_ue,84,259,0.5214990377426147,0.49319432848908007
traffic_ue,84,260,0.4029371440410614,0.5245755990883009
traffic_ue,84,261,0.4033330976963043,0.41091295472086553
traffic_ue,84,262,0.5017778277397156,0.41138812444068223
traffic_ue,84,263,0.4873807430267334,0.5054043605034418
traffic_ue,84,264,0.4627583920955658,0.4909905610945027
traffic_ue,84,265,0.3959965705871582,0.46805883209033095
traffic_ue,84,266,0.4218454658985138,0.4046207433429826
traffic_ue,84,267,0.4285750389099121,0.4293123788072871
traffic_ue,84,268,0.4507934749126434,0.43515619411251855
traffic_ue,84,269,0.4357842206954956,0.457244204307977
traffic_ue,84,270,0.3459863662719726,0.4426460584330432
traffic_ue,84,271,0.3470467925071716,0.3567901768748066
traffic_ue,84,272,0.3840548694133758,0.3575489647782636
traffic_ue,84,273,0.3751449584960937,0.39268709599039253
traffic_ue,84,274,0.4174605309963226,0.3848227224002243
traffic_ue,84,275,0.4245987236499786,0.42524822891134934
traffic_ue,84,276,0.3936879932880401,0.4315792399358781
traffic_ue,84,277,0.307133287191391,0.4023792025225473
traffic_ue,84,278,0.3425671756267547,0.3198010450093289
traffic_ue,84,279,0.3575423955917358,0.35314685992961126
traffic_ue,84,280,0.3186485767364502,0.36761346840871373
traffic_ue,84,281,0.3585380613803863,0.3309825465808722
traffic_ue,84,282,0.3155615627765655,0.3687076593954976
traffic_ue,84,283,0.3532752096652984,0.32735695359978945
traffic_ue,84,284,0.3710125088691711,0.3637603406910575
traffic_ue,84,285,0.3088224530220032,0.3806014088814985
traffic_ue,84,286,0.3653621971607208,0.32125602635482337
traffic_ue,84,287,0.2631274163722992,0.3749389278814736
traffic_ue,84,288,0.2881471812725067,0.277770647645151
traffic_ue,84,289,0.3778850138187408,0.30192310410475104
traffic_ue,85,0,0.2408831864595413,0.26256901667813126
traffic_ue,85,1,0.3216919898986816,0.25660076371969837
traffic_ue,85,2,0.2893929779529571,0.3336241249630293
traffic_ue,85,3,0.2469449043273925,0.30216333625296177
traffic_ue,85,4,0.3641032874584198,0.26260425191718395
traffic_ue,85,5,0.3479703664779663,0.373842851250314
traffic_ue,85,6,0.2648462951183319,0.3590212093308177
traffic_ue,85,7,0.3010938167572021,0.2795018976401413
traffic_ue,85,8,0.2866390645503998,0.31431479426530023
traffic_ue,85,9,0.3288427293300628,0.2999950754298597
traffic_ue,85,10,0.2973056137561798,0.3401654944567914
traffic_ue,85,11,0.3019271194934845,0.31017227619468796
traffic_ue,85,12,0.3409030139446258,0.3147091005339936
traffic_ue,85,13,0.3251490890979767,0.3515171736662851
traffic_ue,85,14,0.2967411279678345,0.33675770946427613
traffic_ue,85,15,0.2740500569343567,0.30973553559623435
traffic_ue,85,16,0.3522816896438598,0.28769488583216946
traffic_ue,85,17,0.3376028835773468,0.36276740987788303
traffic_ue,85,18,0.321540892124176,0.34843340384137605
traffic_ue,85,19,0.3641106188297272,0.33318299337989676
traffic_ue,85,20,0.375366061925888,0.37375058935396316
traffic_ue,85,21,0.2990169823169708,0.384883819664731
traffic_ue,85,22,0.3552393317222595,0.31229328679065793
traffic_ue,85,23,0.2912508845329284,0.3654267738490187
traffic_ue,85,24,0.3588109612464905,0.3048203719000663
traffic_ue,85,25,0.3179858922958374,0.3694132728906531
traffic_ue,85,26,0.3587079346179962,0.3302541234602264
traffic_ue,85,27,0.3591089844703674,0.36901778351260855
traffic_ue,85,28,0.3106456100940704,0.3688528435478893
traffic_ue,85,29,0.3282721042633056,0.3237808454908316
traffic_ue,85,30,0.345074862241745,0.33937564488829575
traffic_ue,85,31,0.3538050055503845,0.3552797809784384
traffic_ue,85,32,0.3493655323982239,0.36431297844089117
traffic_ue,85,33,0.3082545697689056,0.3602962688338279
traffic_ue,85,34,0.2946597635746002,0.32096489420058444
traffic_ue,85,35,0.3626028299331665,0.3082554526112309
traffic_ue,85,36,0.394676148891449,0.37251743173493995
traffic_ue,85,37,0.3770683109760284,0.40232520027917823
traffic_ue,85,38,0.4169071018695831,0.38664889164372235
traffic_ue,85,39,0.3688689172267914,0.42387936943878807
traffic_ue,85,40,0.3858977556228637,0.37861574014329047
traffic_ue,85,41,0.3347688317298889,0.39473453325004637
traffic_ue,85,42,0.4218519628047943,0.3462386652260553
traffic_ue,85,43,0.3530651926994324,0.42877282188462645
traffic_ue,85,44,0.4004373252391815,0.3638089925409702
traffic_ue,85,45,0.4606382250785827,0.4082417783869686
traffic_ue,85,46,0.4181177616119385,0.46659151851611985
traffic_ue,85,47,0.5357157588005066,0.4254257482251186
traffic_ue,85,48,0.4521473348140716,0.5384212569533746
traffic_ue,85,49,0.4577842652797699,0.45783509652364784
traffic_ue,85,50,0.4138117134571075,0.46338564958111234
traffic_ue,85,51,0.4810064435005188,0.42203183605048356
traffic_ue,85,52,0.4812136888504028,0.4851367881032354
traffic_ue,85,53,0.5133638381958008,0.48582967589028414
traffic_ue,85,54,0.5272814631462097,0.5172483465636817
traffic_ue,85,55,0.4928373098373413,0.5299666270257668
traffic_ue,85,56,0.6077223420143127,0.4970148123001593
traffic_ue,85,57,0.5341193079948425,0.6057476487562
traffic_ue,85,58,0.6337398886680603,0.5363101347154663
traffic_ue,85,59,0.5579142570495605,0.631293973735354
traffic_ue,85,60,0.5867737531661987,0.5581586003571742
traffic_ue,85,61,0.6091674566268921,0.5868001679663661
traffic_ue,85,62,0.6088892817497253,0.6076654701087583
traffic_ue,85,63,0.6020387411117554,0.6072029052080625
traffic_ue,85,64,0.5700402855873108,0.6005992861528754
traffic_ue,85,65,0.6179357171058655,0.5700192043032579
traffic_ue,85,66,0.6565617322921753,0.6160402989608256
traffic_ue,85,67,0.6892292499542236,0.6525657829566635
traffic_ue,85,68,0.5753815770149231,0.6843268460965387
traffic_ue,85,69,0.645548403263092,0.5748921650733477
traffic_ue,85,70,0.5536928176879883,0.6429027185107156
traffic_ue,85,71,0.5643821358680725,0.5546465762034405
traffic_ue,85,72,0.5469687581062317,0.5661352922324597
traffic_ue,85,73,0.5818183422088623,0.5488576071589494
traffic_ue,85,74,0.5493072271347046,0.5818470871564646
traffic_ue,85,75,0.5040608644485474,0.5507802494408067
traffic_ue,85,76,0.5078914761543274,0.5079689311469827
traffic_ue,85,77,0.5450246930122375,0.5111594868153533
traffic_ue,85,78,0.5275543928146362,0.5462179892467216
traffic_ue,85,79,0.5540993809700012,0.5298288747809642
traffic_ue,85,80,0.5127618312835693,0.5557271564332417
traffic_ue,85,81,0.534042239189148,0.5154364725347932
traffic_ue,85,82,0.5903869867324829,0.5369811312542975
traffic_ue,85,83,0.4775853753089905,0.5898835520149934
traffic_ue,85,84,0.483967661857605,0.4829800308976951
traffic_ue,85,85,0.4774039387702942,0.48859333027321505
traffic_ue,85,86,0.5553323030471802,0.48221242502530254
traffic_ue,85,87,0.4987315833568573,0.5565505014735763
traffic_ue,85,88,0.5032379627227783,0.5028097053706024
traffic_ue,85,89,0.4735894501209259,0.5070387747931158
traffic_ue,85,90,0.4916554391384125,0.47859067502169156
traffic_ue,85,91,0.5413879156112671,0.49544615648932927
traffic_ue,85,92,0.4636971056461334,0.5427649710899424
traffic_ue,85,93,0.4544464349746704,0.46924778276587814
traffic_ue,85,94,0.5248624086380005,0.4612087015866973
traffic_ue,85,95,0.5952385067939758,0.5277194140212054
traffic_ue,85,96,0.5142565369606018,0.5956309967830189
traffic_ue,85,97,0.5538788437843323,0.5172029335567471
traffic_ue,85,98,0.5734590888023376,0.554972037006948
traffic_ue,85,99,0.5692688226699829,0.5737613762221665
traffic_ue,85,100,0.6221858263015747,0.5697828360363149
traffic_ue,85,101,0.5270251631736755,0.620075658457165
traffic_ue,85,102,0.5787867307662964,0.529326386077956
traffic_ue,85,103,0.5396316051483154,0.5786709886231941
traffic_ue,85,104,0.5346507430076599,0.5411470149711506
traffic_ue,85,105,0.5772222876548767,0.5363186032181325
traffic_ue,85,106,0.6021949052810669,0.5772352051741828
traffic_ue,85,107,0.5927553772926331,0.6005491139967253
traffic_ue,85,108,0.6153526306152344,0.5918842153660021
traffic_ue,85,109,0.6432334780693054,0.6131412280497965
traffic_ue,85,110,0.5997374653816223,0.6405559277144902
traffic_ue,85,111,0.6865419745445251,0.5989104035204174
traffic_ue,85,112,0.6554638147354126,0.6820730219372173
traffic_ue,85,113,0.6622887849807739,0.6513745067834835
traffic_ue,85,114,0.6536219716072083,0.6581026817096768
traffic_ue,85,115,0.6442446708679199,0.6498241740393327
traffic_ue,85,116,0.7079511284828186,0.6419129182313515
traffic_ue,85,117,0.6519138216972351,0.7025492474706043
traffic_ue,85,118,0.7307555079460144,0.6480534993594067
traffic_ue,85,119,0.7309861183166504,0.7243998119277552
traffic_ue,85,120,0.6696420907974243,0.723725764557377
traffic_ue,85,121,0.6732867360115051,0.6654813306865196
traffic_ue,85,122,0.6838766932487488,0.6690410419390267
traffic_ue,85,123,0.7355490326881409,0.6791951321914909
traffic_ue,85,124,0.7055885195732117,0.729348020557781
traffic_ue,85,125,0.7363371253013611,0.7004548508068378
traffic_ue,85,126,0.7245942950248718,0.7282606700791279
traffic_ue,85,127,0.7408461570739746,0.7188971929341799
traffic_ue,85,128,0.7096253633499146,0.73358370899338
traffic_ue,85,129,0.7455824017524719,0.7044861664240213
traffic_ue,85,130,0.7182980179786682,0.737435692117226
traffic_ue,85,131,0.7288074493408203,0.7124725517189163
traffic_ue,85,132,0.7111488580703735,0.7222029050137999
traffic_ue,85,133,0.7163585424423218,0.7046427851764354
traffic_ue,85,134,0.7894689440727234,0.709936514290786
traffic_ue,85,135,0.7084066271781921,0.7790551219346159
traffic_ue,85,136,0.741349458694458,0.7026344508110476
traffic_ue,85,137,0.6769367456436157,0.7332677971455193
traffic_ue,85,138,0.7424066662788391,0.6724570123142971
traffic_ue,85,139,0.6826867461204529,0.7359087627587698
traffic_ue,85,140,0.7896850109100342,0.6778172536930925
traffic_ue,85,141,0.7454360127449036,0.7795579398209672
traffic_ue,85,142,0.7531178593635559,0.7376935911709585
traffic_ue,85,143,0.7196076512336731,0.7447392320452987
traffic_ue,85,144,0.7577570676803589,0.7134183432853074
traffic_ue,85,145,0.694739043712616,0.749094418831778
traffic_ue,85,146,0.73568195104599,0.6894094065183336
traffic_ue,85,147,0.7130197882652283,0.728283548877375
traffic_ue,85,148,0.6604405641555786,0.7080563575892656
traffic_ue,85,149,0.7098009586334229,0.6564966821071739
traffic_ue,85,150,0.667306125164032,0.7038094951851004
traffic_ue,85,151,0.6752563118934631,0.6636106767219967
traffic_ue,85,152,0.692659854888916,0.6709607104204194
traffic_ue,85,153,0.6786961555480957,0.6879810005895014
traffic_ue,85,154,0.6516680121421814,0.6743755797493481
traffic_ue,85,155,0.663131833076477,0.6483658356330553
traffic_ue,85,156,0.5541199445724487,0.6596969148576329
traffic_ue,85,157,0.6603580713272095,0.5552505668580294
traffic_ue,85,158,0.6794278025627136,0.6568648602051353
traffic_ue,85,159,0.6288624405860901,0.6751694809001078
traffic_ue,85,160,0.6528914570808411,0.6266133621449448
traffic_ue,85,161,0.6268107295036316,0.650222022088189
traffic_ue,85,162,0.6562423706054688,0.6238715373853657
traffic_ue,85,163,0.61396324634552,0.6530563406134533
traffic_ue,85,164,0.64286208152771,0.6120701037174735
traffic_ue,85,165,0.6385948061943054,0.640252908527154
traffic_ue,85,166,0.6550321578979492,0.6362012502644596
traffic_ue,85,167,0.646074652671814,0.651956888999331
traffic_ue,85,168,0.6582053303718567,0.6422613150469145
traffic_ue,85,169,0.6078804731369019,0.6544736131395718
traffic_ue,85,170,0.6089959144592285,0.6063442925478255
traffic_ue,85,171,0.604149580001831,0.6072545385615479
traffic_ue,85,172,0.5964552164077759,0.6035956967633074
traffic_ue,85,173,0.5156486630439758,0.5960420572327582
traffic_ue,85,174,0.6013097167015076,0.5183262725781593
traffic_ue,85,175,0.5848973989486694,0.60060165771394
traffic_ue,85,176,0.5946318507194519,0.585415513566319
traffic_ue,85,177,0.5761880278587341,0.5938147085049094
traffic_ue,85,178,0.5730963349342346,0.5772950441933496
traffic_ue,85,179,0.5878621935844421,0.5732185059414089
traffic_ue,85,180,0.5408012866973877,0.5884289485874551
traffic_ue,85,181,0.5182204842567444,0.5436467143902523
traffic_ue,85,182,0.6380488872528076,0.5214627044933055
traffic_ue,85,183,0.5399388074874878,0.6364766981611263
traffic_ue,85,184,0.5572540760040283,0.5416867520469166
traffic_ue,85,185,0.5119040608406067,0.5579782796929378
traffic_ue,85,186,0.6367816925048828,0.5149197120369351
traffic_ue,85,187,0.6773067116737366,0.6343309154194253
traffic_ue,85,188,0.6370826363563538,0.6720641134763987
traffic_ue,85,189,0.6324077844619751,0.635509658617422
traffic_ue,85,190,0.620439350605011,0.6296322868363554
traffic_ue,85,191,0.5863428711891174,0.6195088798653214
traffic_ue,85,192,0.6263580322265625,0.5854980521619321
traffic_ue,85,193,0.5698826909065247,0.6234417140156905
traffic_ue,85,194,0.6806033253669739,0.570117629642786
traffic_ue,85,195,0.600042462348938,0.6770297780464078
traffic_ue,85,196,0.5899943709373474,0.5996464923130804
traffic_ue,85,197,0.6567063331604004,0.5893619400858382
traffic_ue,85,198,0.6602951288223267,0.6530503573233816
traffic_ue,85,199,0.6131295561790466,0.6568050980618335
traffic_ue,85,200,0.6203474998474121,0.6118738752503085
traffic_ue,85,201,0.6175327301025391,0.6182806076268618
traffic_ue,85,202,0.6286581754684448,0.6156080626881459
traffic_ue,85,203,0.6697224378585815,0.6263698067300002
traffic_ue,85,204,0.6250464916229248,0.6657560636235615
traffic_ue,85,205,0.6965975165367126,0.62328789409778
traffic_ue,85,206,0.7035382390022278,0.6910251401062985
traffic_ue,85,207,0.6887638568878174,0.6981112755890483
traffic_ue,85,208,0.6771620512008667,0.6833392428779308
traffic_ue,85,209,0.6029368042945862,0.6730182135200594
traffic_ue,85,210,0.6902325749397278,0.6018984746859294
traffic_ue,85,211,0.6877644062042236,0.6841880239282622
traffic_ue,85,212,0.7121922373771667,0.6827375723786124
traffic_ue,85,213,0.7045737504959106,0.7064272271914724
traffic_ue,85,214,0.6913555860519409,0.6995905788527275
traffic_ue,85,215,0.7155682444572449,0.6871395252154112
traffic_ue,85,216,0.7286565899848938,0.7091365371022208
traffic_ue,85,217,0.6246933341026306,0.7222085025275898
traffic_ue,85,218,0.7899852395057678,0.6226549124523433
traffic_ue,85,219,0.7414621114730835,0.7804383354202541
traffic_ue,85,220,0.6806319952011108,0.7348631002169493
traffic_ue,85,221,0.6845424771308899,0.6767097193525857
traffic_ue,85,222,0.7138336896896362,0.6798768867310432
traffic_ue,85,223,0.7089660167694092,0.7071423460948063
traffic_ue,85,224,0.7709736227989197,0.7034632440244994
traffic_ue,85,225,0.687004029750824,0.7620400585988236
traffic_ue,85,226,0.7003841996192932,0.6827597874678113
traffic_ue,85,227,0.6946234107017517,0.6954638835404182
traffic_ue,85,228,0.7091525197029114,0.6895476732867296
traffic_ue,85,229,0.725053608417511,0.7034914890880718
traffic_ue,85,230,0.6995734572410583,0.7191348524644245
traffic_ue,85,231,0.6663265228271484,0.6942476036626077
traffic_ue,85,232,0.6957055330276489,0.663772022879889
traffic_ue,85,233,0.6569865345954895,0.6910712322284979
traffic_ue,85,234,0.6734269261360168,0.6535644577979018
traffic_ue,85,235,0.6427282094955444,0.6697198740839088
traffic_ue,85,236,0.6444112658500671,0.6406715263397427
traffic_ue,85,237,0.6945911645889282,0.6408308101474219
traffic_ue,85,238,0.6683496832847595,0.6891697766095226
traffic_ue,85,239,0.5833709239959717,0.6648495629628673
traffic_ue,85,240,0.6238833069801331,0.5822793803325179
traffic_ue,85,241,0.7042062878608704,0.6218362030010577
traffic_ue,85,242,0.6533228158950806,0.698547123590735
traffic_ue,85,243,0.6490866541862488,0.6499370253910929
traffic_ue,85,244,0.5950582027435303,0.6459149086424171
traffic_ue,85,245,0.6905631422996521,0.5947652433486472
traffic_ue,85,246,0.6664869785308838,0.6861886764393291
traffic_ue,85,247,0.6326026916503906,0.6626344743093624
traffic_ue,85,248,0.643217146396637,0.6304622941268091
traffic_ue,85,249,0.6493759751319885,0.64029236417974
traffic_ue,85,250,0.6582733988761902,0.6464872792504709
traffic_ue,85,251,0.6451696753501892,0.6542901852060671
traffic_ue,85,252,0.5948621034622192,0.6421958470806551
traffic_ue,85,253,0.6398168802261353,0.5936364357159739
traffic_ue,85,254,0.5818926095962524,0.6379073008402798
traffic_ue,85,255,0.6549302935600281,0.5818679905442182
traffic_ue,85,256,0.5884889364242554,0.6516121145974991
traffic_ue,85,257,0.6182299256324768,0.5878829608183574
traffic_ue,85,258,0.5641838312149048,0.6164188645342256
traffic_ue,85,259,0.5726664662361145,0.5653516705584057
traffic_ue,85,260,0.546334445476532,0.5732072489785283
traffic_ue,85,261,0.5802105069160461,0.5482057336910479
traffic_ue,85,262,0.5430542230606079,0.5795267100116285
traffic_ue,85,263,0.5837442874908447,0.5448431974242305
traffic_ue,85,264,0.5497528910636902,0.58362610677889
traffic_ue,85,265,0.5119702816009521,0.551550674741064
traffic_ue,85,266,0.5339450836181641,0.5156771465865723
traffic_ue,85,267,0.516599178314209,0.5359462678999205
traffic_ue,85,268,0.4814682602882385,0.5194768172416682
traffic_ue,85,269,0.4857414364814758,0.48547604736472183
traffic_ue,85,270,0.5123878121376038,0.4899798110535181
traffic_ue,85,271,0.4533734321594238,0.5153294089137826
traffic_ue,85,272,0.4641579985618591,0.4595449671228326
traffic_ue,85,273,0.4448389112949371,0.46983422190635166
traffic_ue,85,274,0.4776682257652282,0.4512928446521907
traffic_ue,85,275,0.4112662971019745,0.482116078218291
traffic_ue,85,276,0.456456184387207,0.41921814329064117
traffic_ue,85,277,0.4357622563838959,0.4624223425001834
traffic_ue,85,278,0.3421161770820617,0.44282364959075016
traffic_ue,85,279,0.4325590133666992,0.35331398642557993
traffic_ue,85,280,0.4350280463695526,0.4391869232069536
traffic_ue,85,281,0.3323806226253509,0.4416800350462725
traffic_ue,85,282,0.4061061143875122,0.34362384775602794
traffic_ue,85,283,0.3911747634410858,0.41367374612846314
traffic_ue,85,284,0.3670359849929809,0.3990007329827305
traffic_ue,85,285,0.384024828672409,0.377173090871295
traffic_ue,85,286,0.4043361246585846,0.39280740739099373
traffic_ue,85,287,0.3679437041282654,0.41209241334413954
traffic_ue,85,288,0.3554543852806091,0.37748921918227374
traffic_ue,85,289,0.335071861743927,0.36647435520839405
traffic_ue,86,0,0.248634934425354,0.327958449133147
traffic_ue,86,1,0.277019739151001,0.2642584995159201
traffic_ue,86,2,0.3259996473789215,0.2907625728881892
traffic_ue,86,3,0.3605213761329651,0.33716839938873255
traffic_ue,86,4,0.2979192435741424,0.3706899839631758
traffic_ue,86,5,0.3358434736728668,0.3112014032241092
traffic_ue,86,6,0.3527739644050598,0.3473582304427526
traffic_ue,86,7,0.30595862865448,0.36263947399198687
traffic_ue,86,8,0.3353493809700012,0.31818962553017793
traffic_ue,86,9,0.3598250150680542,0.34634337772414486
traffic_ue,86,10,0.3736912608146667,0.370028808659961
traffic_ue,86,11,0.3220770061016083,0.3835913114591936
traffic_ue,86,12,0.2912523448467254,0.33389046422295854
traffic_ue,86,13,0.2651080191135406,0.30392875297673017
traffic_ue,86,14,0.317026138305664,0.27980000864802423
traffic_ue,86,15,0.275516927242279,0.3287475269938614
traffic_ue,86,16,0.3536053299903869,0.2896829750212726
traffic_ue,86,17,0.2802582383155823,0.3634288323014313
traffic_ue,86,18,0.3100194931030273,0.29408549409789364
traffic_ue,86,19,0.304796814918518,0.3222933595155783
traffic_ue,86,20,0.3741020262241363,0.317284961624029
traffic_ue,86,21,0.3388349711894989,0.38378287604084044
traffic_ue,86,22,0.3520027101039886,0.3496032364779209
traffic_ue,86,23,0.3463060259819031,0.3629986407672194
traffic_ue,86,24,0.2923073172569275,0.3560022336992653
traffic_ue,86,25,0.2930857241153717,0.3054761452488132
traffic_ue,86,26,0.4053330421447754,0.3059175522487486
traffic_ue,86,27,0.3368337750434875,0.41368390692171186
traffic_ue,86,28,0.3403298854827881,0.34780237968425287
traffic_ue,86,29,0.2963769435882568,0.35136989557516035
traffic_ue,86,30,0.3442853689193725,0.3092905299127622
traffic_ue,86,31,0.3491473793983459,0.35532396183097364
traffic_ue,86,32,0.3407860398292541,0.35984108160852846
traffic_ue,86,33,0.3375900983810425,0.35224950406044964
traffic_ue,86,34,0.3605215847492218,0.34871893313946295
traffic_ue,86,35,0.3566792905330658,0.3707397934523689
traffic_ue,86,36,0.3712740242481231,0.3667939743593941
traffic_ue,86,37,0.3225443065166473,0.3805024305028359
traffic_ue,86,38,0.3109581470489502,0.3348302670016984
traffic_ue,86,39,0.3662992417812347,0.3237799220816318
traffic_ue,86,40,0.3657407760620117,0.3756301798156612
traffic_ue,86,41,0.3923577070236206,0.37529837793183474
traffic_ue,86,42,0.371993213891983,0.4013641900889777
traffic_ue,86,43,0.3629066348075866,0.3812348923154929
traffic_ue,86,44,0.3058160245418548,0.3728554973575683
traffic_ue,86,45,0.3727141916751861,0.3180046155103523
traffic_ue,86,46,0.2995397448539734,0.38266361171101687
traffic_ue,86,47,0.4353666305541992,0.3128888579876286
traffic_ue,86,48,0.4200557172298431,0.44249762537381904
traffic_ue,86,49,0.437212586402893,0.42746422839423603
traffic_ue,86,50,0.4075237512588501,0.4436549717194824
traffic_ue,86,51,0.3940956592559814,0.41551586672235813
traffic_ue,86,52,0.3858923017978668,0.4018732644766748
traffic_ue,86,53,0.4311588704586029,0.3942828522709848
traffic_ue,86,54,0.4259069263935089,0.4381055838491893
traffic_ue,86,55,0.451604425907135,0.4332678444803523
traffic_ue,86,56,0.4767382442951202,0.45717078549947804
traffic_ue,86,57,0.4444444179534912,0.4811834754778056
traffic_ue,86,58,0.4874519109725952,0.45111672994281804
traffic_ue,86,59,0.4988664090633392,0.4919015270997772
traffic_ue,86,60,0.4731066823005676,0.5024416044589408
traffic_ue,86,61,0.4988121390342712,0.477288906477998
traffic_ue,86,62,0.4156916439533233,0.5027869678994846
traffic_ue,86,63,0.4599297940731048,0.4238663887520222
traffic_ue,86,64,0.530219554901123,0.4652739347620141
traffic_ue,86,65,0.5989048480987549,0.5328554855825357
traffic_ue,86,66,0.4898914098739624,0.598467136656612
traffic_ue,86,67,0.4979100525379181,0.4941185400684165
traffic_ue,86,68,0.5180138945579529,0.5014839593430663
traffic_ue,86,69,0.5842896699905396,0.5207704392285827
traffic_ue,86,70,0.547989010810852,0.5838462636848497
traffic_ue,86,71,0.5978419184684753,0.549429417179978
traffic_ue,86,72,0.6761962175369263,0.5972594691245607
traffic_ue,86,73,0.6778292655944824,0.6722004043686488
traffic_ue,86,74,0.6258755922317505,0.6725106523563613
traffic_ue,86,75,0.6508378982543945,0.6240254904616451
traffic_ue,86,76,0.6535926461219788,0.6483218369839368
traffic_ue,86,77,0.7622716426849365,0.6502924444525512
traffic_ue,86,78,0.7531633377075195,0.7540258295780721
traffic_ue,86,79,0.7328495383262634,0.7448816352853669
traffic_ue,86,80,0.6759456992149353,0.7265864807069443
traffic_ue,86,81,0.697603702545166,0.6716152643498025
traffic_ue,86,82,0.6978572607040405,0.6927742681275663
traffic_ue,86,83,0.7657251954078674,0.6915266720717104
traffic_ue,86,84,0.7842663526535034,0.7573544924550945
traffic_ue,86,85,0.7941957712173462,0.7746115214164021
traffic_ue,86,86,0.7864792346954346,0.7845849514469975
traffic_ue,86,87,0.7682040333747864,0.7772583164127771
traffic_ue,86,88,0.7844245433807373,0.7596584681772047
traffic_ue,86,89,0.8267738819122314,0.7758035587678564
traffic_ue,86,90,0.8098640441894531,0.815219285486716
traffic_ue,86,91,0.7890095114707947,0.8002553198741976
traffic_ue,86,92,0.7765824198722839,0.7793630747714764
traffic_ue,86,93,0.7690972089767456,0.7679607911004661
traffic_ue,86,94,0.7975433468818665,0.7607545704336527
traffic_ue,86,95,0.8085353374481201,0.7876145464233227
traffic_ue,86,96,0.8237535953521729,0.7976542419084642
traffic_ue,86,97,0.8615551590919495,0.8123019966813422
traffic_ue,86,98,0.850592315196991,0.8484415784598884
traffic_ue,86,99,0.8006967306137085,0.8390248938886773
traffic_ue,86,100,0.8088565468788147,0.7905093730191644
traffic_ue,86,101,0.7792081236839294,0.7982568897387402
traffic_ue,86,102,0.7563031911849976,0.7705530460653367
traffic_ue,86,103,0.7968184351921082,0.7482101180092836
traffic_ue,86,104,0.7714390754699707,0.78702548593027
traffic_ue,86,105,0.8188083171844482,0.7630277184103702
traffic_ue,86,106,0.8254382610321045,0.8084995991908976
traffic_ue,86,107,0.8231313228607178,0.8138023166738698
traffic_ue,86,108,0.752797544002533,0.8129514517486598
traffic_ue,86,109,0.7959428429603577,0.7447823814899015
traffic_ue,86,110,0.7423591017723083,0.7865414155576383
traffic_ue,86,111,0.7300894260406494,0.7353178760406786
traffic_ue,86,112,0.7821832895278931,0.724114665734769
traffic_ue,86,113,0.8068202137947083,0.7733282711882749
traffic_ue,86,114,0.7658403515815735,0.7968195627189493
traffic_ue,86,115,0.8302331566810608,0.7580591669796161
traffic_ue,86,116,0.8541993498802185,0.8186029926997641
traffic_ue,86,117,0.8448225259780884,0.8417055009604163
traffic_ue,86,118,0.7727307081222534,0.8334474179985926
traffic_ue,86,119,0.8163195848464966,0.7646509787039693
traffic_ue,86,120,0.791484534740448,0.8056405034879751
traffic_ue,86,121,0.803630530834198,0.782357988340213
traffic_ue,86,122,0.7653446197509766,0.7938902710234195
traffic_ue,86,123,0.7816731333732605,0.7565962552300257
traffic_ue,86,124,0.878733217716217,0.7715043840501584
traffic_ue,86,125,0.8552166819572449,0.8654958346112819
traffic_ue,86,126,0.8340741991996765,0.841976869444002
traffic_ue,86,127,0.755986213684082,0.822398789099303
traffic_ue,86,128,0.7840349674224854,0.7474130426220278
traffic_ue,86,129,0.8325924277305603,0.7745406618699641
traffic_ue,86,130,0.7902882695198059,0.8215376141953891
traffic_ue,86,131,0.7629184722900391,0.7805772196790489
traffic_ue,86,132,0.7497597336769104,0.7550864788743675
traffic_ue,86,133,0.8076013922691345,0.7417988429466327
traffic_ue,86,134,0.8021759986877441,0.7967674871514607
traffic_ue,86,135,0.7913348078727722,0.7922611764699864
traffic_ue,86,136,0.7825229167938232,0.7825631067754688
traffic_ue,86,137,0.8192774653434753,0.773253846441914
traffic_ue,86,138,0.788878858089447,0.8085481509004032
traffic_ue,86,139,0.7614795565605164,0.7789909659802366
traffic_ue,86,140,0.7980819344520569,0.7529760975318075
traffic_ue,86,141,0.7416008114814758,0.7890189256680471
traffic_ue,86,142,0.6990472674369812,0.7341017865350453
traffic_ue,86,143,0.764957845211029,0.6934999441299373
traffic_ue,86,144,0.739187479019165,0.7570724176870164
traffic_ue,86,145,0.766747772693634,0.7317111722108798
traffic_ue,86,146,0.6917431950569153,0.7584246237398086
traffic_ue,86,147,0.6631312370300293,0.6870114349569153
traffic_ue,86,148,0.7105582356452942,0.6591010119613556
traffic_ue,86,149,0.7300015091896057,0.7052230682664051
traffic_ue,86,150,0.6793653964996338,0.7233862427693407
traffic_ue,86,151,0.7067612409591675,0.674167611229012
traffic_ue,86,152,0.6816074252128601,0.7006753114260696
traffic_ue,86,153,0.6554076075553894,0.6773878057254098
traffic_ue,86,154,0.6892107129096985,0.6518172537813335
traffic_ue,86,155,0.6588323712348938,0.6835650744839802
traffic_ue,86,156,0.6597440838813782,0.6548209137855029
traffic_ue,86,157,0.679355263710022,0.6575717931048443
traffic_ue,86,158,0.6792317628860474,0.6740091561877048
traffic_ue,86,159,0.6829004287719727,0.6750825695524307
traffic_ue,86,160,0.65656578540802,0.678268196447987
traffic_ue,86,161,0.6404706835746765,0.6534626367268324
traffic_ue,86,162,0.6543090343475342,0.6380815660600719
traffic_ue,86,163,0.6303732991218567,0.6507245779136426
traffic_ue,86,164,0.6401992440223694,0.6277006000585902
traffic_ue,86,165,0.5941824913024902,0.6383695673700656
traffic_ue,86,166,0.6044031977653503,0.5943306712040456
traffic_ue,86,167,0.6275426149368286,0.6037868883037077
traffic_ue,86,168,0.5946868658065796,0.625707504599938
traffic_ue,86,169,0.592835009098053,0.5944622807542496
traffic_ue,86,170,0.5684829354286194,0.592158269187779
traffic_ue,86,171,0.6476632356643677,0.5690862695530309
traffic_ue,86,172,0.5771461129188538,0.6446130240864475
traffic_ue,86,173,0.6302152276039124,0.5776093821236499
traffic_ue,86,174,0.594182550907135,0.627649738412886
traffic_ue,86,175,0.5810256600379944,0.5943307277969844
traffic_ue,86,176,0.5585874319076538,0.5803502864556451
traffic_ue,86,177,0.5821516513824463,0.5593434865602046
traffic_ue,86,178,0.5981432199478149,0.5819651092142283
traffic_ue,86,179,0.5733755826950073,0.5967021523934273
traffic_ue,86,180,0.570289134979248,0.574277426481892
traffic_ue,86,181,0.6083645820617676,0.5708012053754496
traffic_ue,86,182,0.6585382223129272,0.607300054535288
traffic_ue,86,183,0.5789494514465332,0.6550377417719317
traffic_ue,86,184,0.5552205443382263,0.5790239330015645
traffic_ue,86,185,0.561810314655304,0.5559978869882848
traffic_ue,86,186,0.6444274187088013,0.5623539119365161
traffic_ue,86,187,0.5609878897666931,0.6414910952146161
traffic_ue,86,188,0.5078450441360474,0.5617218768096041
traffic_ue,86,189,0.5942655801773071,0.511363457985618
traffic_ue,86,190,0.5536075830459595,0.593814224793749
traffic_ue,86,191,0.6514474153518677,0.5547144825427752
traffic_ue,86,192,0.6694729924201965,0.6478587166833604
traffic_ue,86,193,0.6002095341682434,0.66621378196967
traffic_ue,86,194,0.6525466442108154,0.5997555109064409
traffic_ue,86,195,0.6237838268280029,0.6490016264872849
traffic_ue,86,196,0.6862812638282776,0.6225851434227403
traffic_ue,86,197,0.6285315155982971,0.6820735414927378
traffic_ue,86,198,0.6428033709526062,0.6263983809769156
traffic_ue,86,199,0.5800225734710693,0.6401971644825022
traffic_ue,86,200,0.7273865938186646,0.579645940959249
traffic_ue,86,201,0.7072773575782776,0.7206553968846584
traffic_ue,86,202,0.6567370891571045,0.7013637953381866
traffic_ue,86,203,0.6464520692825317,0.6535756734188428
traffic_ue,86,204,0.6984462141990662,0.6438103354687504
traffic_ue,86,205,0.714849054813385,0.6933757636609238
traffic_ue,86,206,0.6238267421722412,0.7092970807398989
traffic_ue,86,207,0.6385817527770996,0.6225762789247203
traffic_ue,86,208,0.6587174534797668,0.635494296616172
traffic_ue,86,209,0.6084877848625183,0.6556544194638687
traffic_ue,86,210,0.730441689491272,0.6075658663813711
traffic_ue,86,211,0.6214902997016907,0.7238041816218821
traffic_ue,86,212,0.6899097561836243,0.6203082809054274
traffic_ue,86,213,0.7497379779815674,0.6853698589893107
traffic_ue,86,214,0.7417869567871094,0.7429688604577753
traffic_ue,86,215,0.6841238737106323,0.7337824121436327
traffic_ue,86,216,0.7000949382781982,0.6791321546249706
traffic_ue,86,217,0.6966591477394104,0.6947427352835807
traffic_ue,86,218,0.7527952194213867,0.6917286055857457
traffic_ue,86,219,0.7406913638114929,0.7451274542626434
traffic_ue,86,220,0.6368454694747925,0.7326429545089709
traffic_ue,86,221,0.732804536819458,0.6343914698638694
traffic_ue,86,222,0.781853437423706,0.7257003590017737
traffic_ue,86,223,0.715451717376709,0.7730150858653277
traffic_ue,86,224,0.6835325956344604,0.7093731778043508
traffic_ue,86,225,0.7642828822135925,0.6787195869144641
traffic_ue,86,226,0.6782864332199097,0.756282725007084
traffic_ue,86,227,0.7007512450218201,0.6743834511997592
traffic_ue,86,228,0.6858758926391602,0.6947209317511694
traffic_ue,86,229,0.714415967464447,0.6806964246382662
traffic_ue,86,230,0.679938554763794,0.7088362650331592
traffic_ue,86,231,0.7218383550643921,0.6761009285172763
traffic_ue,86,232,0.6959193348884583,0.7148417742226758
traffic_ue,86,233,0.6949188113212585,0.6899347229242296
traffic_ue,86,234,0.6997774839401245,0.6909692104109617
traffic_ue,86,235,0.6652465462684631,0.6948382126031499
traffic_ue,86,236,0.6319604516029358,0.6615063300753025
traffic_ue,86,237,0.630885124206543,0.6292075568311661
traffic_ue,86,238,0.6545335054397583,0.628930734832101
traffic_ue,86,239,0.6262404918670654,0.6508880955070027
traffic_ue,86,240,0.6339855194091797,0.6240246725352145
traffic_ue,86,241,0.604144275188446,0.6327178671696517
traffic_ue,86,242,0.6069496870040894,0.6034914371639452
traffic_ue,86,243,0.5736991167068481,0.6061550970112799
traffic_ue,86,244,0.6327283382415771,0.5741877216420733
traffic_ue,86,245,0.5596875548362732,0.6306312034555653
traffic_ue,86,246,0.5826773643493652,0.5603880224303951
traffic_ue,86,247,0.6100137233734131,0.5819185333808685
traffic_ue,86,248,0.5635133385658264,0.6082209195833485
traffic_ue,86,249,0.5123588442802429,0.564913502246231
traffic_ue,86,250,0.5329420566558838,0.515252293331651
traffic_ue,86,251,0.5065218210220337,0.5349443105130182
traffic_ue,86,252,0.5644110441207886,0.5104047632291958
traffic_ue,86,253,0.5100487470626831,0.564773620218335
traffic_ue,86,254,0.4903767108917236,0.5140511490833356
traffic_ue,86,255,0.4475681185722351,0.4953731023980986
traffic_ue,86,256,0.4819744527339935,0.45358648194391066
traffic_ue,86,257,0.5385992527008057,0.4865519998637997
traffic_ue,86,258,0.512694239616394,0.5407621622391893
traffic_ue,86,259,0.4573507010936737,0.5160172445230677
traffic_ue,86,260,0.5143495798110962,0.4628251583030477
traffic_ue,86,261,0.4902649223804474,0.5174401093758314
traffic_ue,86,262,0.4296135604381561,0.49437395689117036
traffic_ue,86,263,0.3994342386722564,0.43648952107788125
traffic_ue,86,264,0.4391220211982727,0.4079343242018325
traffic_ue,86,265,0.491821676492691,0.4454183150978789
traffic_ue,86,266,0.3909986019134521,0.4971915594404951
traffic_ue,86,267,0.4179359674453735,0.39972647800264083
traffic_ue,86,268,0.4922537505626678,0.42505469410635355
traffic_ue,86,269,0.4502978026866913,0.49591501358051365
traffic_ue,86,270,0.4955378770828247,0.4561286290486779
traffic_ue,86,271,0.4467291831970215,0.49873553113183555
traffic_ue,86,272,0.4751920402050018,0.45303799340078466
traffic_ue,86,273,0.4779287576675415,0.4801122893653992
traffic_ue,86,274,0.3899033367633819,0.4821650002978619
traffic_ue,86,275,0.4942851662635803,0.39853772021523454
traffic_ue,86,276,0.4295566976070404,0.49838951137491677
traffic_ue,86,277,0.4741455614566803,0.43698125696731277
traffic_ue,86,278,0.4435823261737823,0.47906907572616075
traffic_ue,86,279,0.533859372138977,0.44990130666219674
traffic_ue,86,280,0.4194510877132416,0.5354679959427627
traffic_ue,86,281,0.5069314241409302,0.42733665234889856
traffic_ue,86,282,0.4467724859714508,0.5100494986955548
traffic_ue,86,283,0.4381650984287262,0.452880662515144
traffic_ue,86,284,0.4162781536579132,0.44475780083253136
traffic_ue,86,285,0.4590961635112762,0.4234310349910026
traffic_ue,86,286,0.5098627209663391,0.46458164874871277
traffic_ue,86,287,0.4329353868961334,0.5136264654520132
traffic_ue,86,288,0.5717045068740845,0.43904816517950657
traffic_ue,86,289,0.5419456958770752,0.5719466156429678
traffic_ue,87,0,0.2448954880237579,0.3187214806260263
traffic_ue,87,1,0.2939430773258209,0.2606583886082662
traffic_ue,87,2,0.2976603806018829,0.30747575628809315
traffic_ue,87,3,0.3279819190502167,0.31011222605476524
traffic_ue,87,4,0.2943626344203949,0.33969545913296545
traffic_ue,87,5,0.3000553846359253,0.30717955418912796
traffic_ue,87,6,0.28311687707901,0.31273349511980814
traffic_ue,87,7,0.2833133041858673,0.2965516343699792
traffic_ue,87,8,0.331951767206192,0.29698619346911054
traffic_ue,87,9,0.3422831594944,0.3433158843896608
traffic_ue,87,10,0.3781936764717102,0.35377020002688475
traffic_ue,87,11,0.3254862129688263,0.38667555493140865
traffic_ue,87,12,0.3188015520572662,0.3372762447813786
traffic_ue,87,13,0.3417248427867889,0.3310285695303148
traffic_ue,87,14,0.3665553629398346,0.35264475700288495
traffic_ue,87,15,0.3084195256233215,0.37622063957074847
traffic_ue,87,16,0.2298859059810638,0.32057578960554484
traffic_ue,87,17,0.3055950701236725,0.2454149830913717
traffic_ue,87,18,0.310266762971878,0.31839016245336005
traffic_ue,87,19,0.3594435453414917,0.3227761923914486
traffic_ue,87,20,0.3076466619968414,0.3697658366798864
traffic_ue,87,21,0.3333837985992431,0.320189257162819
traffic_ue,87,22,0.3833883106708526,0.3437825525888496
traffic_ue,87,23,0.3581154942512512,0.39294722260687914
traffic_ue,87,24,0.3201003968715668,0.3677607182033692
traffic_ue,87,25,0.3401918709278106,0.33246023191387036
traffic_ue,87,26,0.3959469795227051,0.35104040896989464
traffic_ue,87,27,0.3421288728713989,0.40502016074312447
traffic_ue,87,28,0.3316528797149658,0.35322681789371496
traffic_ue,87,29,0.2639959156513214,0.3433297675818304
traffic_ue,87,30,0.3115582764148712,0.2789425432527785
traffic_ue,87,31,0.3841984272003174,0.323903225360095
traffic_ue,87,32,0.316650390625,0.39381562836148054
traffic_ue,87,33,0.3251508474349975,0.32933338197233275
traffic_ue,87,34,0.3834843039512634,0.3371066588533212
traffic_ue,87,35,0.3061220347881317,0.3922941943260958
traffic_ue,87,36,0.3948489129543304,0.31874166638297385
traffic_ue,87,37,0.3439422249794006,0.40318379470680016
traffic_ue,87,38,0.3595163226127624,0.3544524307297066
traffic_ue,87,39,0.3444657623767853,0.370132605141524
traffic_ue,87,40,0.3882785439491272,0.35529679470441833
traffic_ue,87,41,0.3325140178203583,0.39694541358794144
traffic_ue,87,42,0.3857081532478332,0.3437505027529119
traffic_ue,87,43,0.3193254768848419,0.39455451111193746
traffic_ue,87,44,0.3764709234237671,0.33142679863396074
traffic_ue,87,45,0.40304696559906,0.3856847976040133
traffic_ue,87,46,0.36001718044281,0.4116125641773706
traffic_ue,87,47,0.3420250117778778,0.3702608757083429
traffic_ue,87,48,0.3213481903076172,0.3529297590423432
traffic_ue,87,49,0.330182284116745,0.3332976968924188
traffic_ue,87,50,0.362125962972641,0.34183425547313145
traffic_ue,87,51,0.3844985067844391,0.3714693229617185
traffic_ue,87,52,0.3644749820232391,0.393455597130733
traffic_ue,87,53,0.3361768126487732,0.37424537623015897
traffic_ue,87,54,0.3941081166267395,0.347228223727448
traffic_ue,87,55,0.3861277997493744,0.4021331494704076
traffic_ue,87,56,0.4047569632530212,0.39549867925006804
traffic_ue,87,57,0.3675073385238647,0.4128392676854147
traffic_ue,87,58,0.485002726316452,0.37722373651953367
traffic_ue,87,59,0.3826108276844024,0.4893776492951488
traffic_ue,87,60,0.4074155390262604,0.3921098014862341
traffic_ue,87,61,0.3737773001194,0.41506584234473626
traffic_ue,87,62,0.384647011756897,0.38317688922717935
traffic_ue,87,63,0.419511616230011,0.3931004842985107
traffic_ue,87,64,0.3638695776462555,0.4266995626834766
traffic_ue,87,65,0.3702256679534912,0.3738690074070804
traffic_ue,87,66,0.3635642230510711,0.3799535483251024
traffic_ue,87,67,0.4294640719890594,0.3736783046097675
traffic_ue,87,68,0.4379767179489136,0.436595643057077
traffic_ue,87,69,0.4045454561710357,0.4448766073331115
traffic_ue,87,70,0.4219232201576233,0.41333300743702656
traffic_ue,87,71,0.4962257742881775,0.42864203308725146
traffic_ue,87,72,0.4320473372936249,0.49958711589338034
traffic_ue,87,73,0.3978895545005798,0.4387507125383098
traffic_ue,87,74,0.3846292793750763,0.4061204100007512
traffic_ue,87,75,0.4160442948341369,0.3939766533495727
traffic_ue,87,76,0.45734703540802,0.42315938118197705
traffic_ue,87,77,0.5496779680252075,0.46341701480420566
traffic_ue,87,78,0.4063079357147217,0.5509338118640944
traffic_ue,87,79,0.4806245267391205,0.4144607067859023
traffic_ue,87,80,0.47348552942276,0.4852702829873803
traffic_ue,87,81,0.4511522650718689,0.4793353992694386
traffic_ue,87,82,0.4635958075523376,0.45669186005234386
traffic_ue,87,83,0.3952952623367309,0.46925082589431677
traffic_ue,87,84,0.5319974422454834,0.40316108820333285
traffic_ue,87,85,0.4749168753623962,0.5345931511729639
traffic_ue,87,86,0.505628228187561,0.4797518052359244
traffic_ue,87,87,0.4906206727027893,0.5092586534082693
traffic_ue,87,88,0.4978212118148803,0.4950094003294418
traffic_ue,87,89,0.5571582913398743,0.5011515504983476
traffic_ue,87,90,0.4908804893493652,0.5580857804960243
traffic_ue,87,91,0.4974677264690399,0.49480958622421034
traffic_ue,87,92,0.5974487066268921,0.501014371730823
traffic_ue,87,93,0.6260289549827576,0.5964396227825731
traffic_ue,87,94,0.6022673845291138,0.6236749899539294
traffic_ue,87,95,0.6052372455596924,0.6009652109075768
traffic_ue,87,96,0.5747615098953247,0.6038346220867826
traffic_ue,87,97,0.6170121431350708,0.5752460455959534
traffic_ue,87,98,0.6136601567268372,0.6147665000639015
traffic_ue,87,99,0.6547124981880188,0.6124768884187224
traffic_ue,87,100,0.6548869013786316,0.6512564897576472
traffic_ue,87,101,0.6623857617378235,0.6514716921102867
traffic_ue,87,102,0.6753659248352051,0.6590877638713301
traffic_ue,87,103,0.7273417711257935,0.6712136190764715
traffic_ue,87,104,0.77428138256073,0.721753901514604
traffic_ue,87,105,0.761061429977417,0.7655279636311506
traffic_ue,87,106,0.8180955052375793,0.7528271551361347
traffic_ue,87,107,0.8348755240440369,0.8070290216140725
traffic_ue,87,108,0.9110672473907472,0.8236557387067012
traffic_ue,87,109,0.8737924695014954,0.8960472548086125
traffic_ue,87,110,0.8159469962120056,0.8603582300086786
traffic_ue,87,111,0.8735977411270142,0.8050386839584192
traffic_ue,87,112,0.8841712474822998,0.8601733408778387
traffic_ue,87,113,0.9369308948516846,0.86996453158186
traffic_ue,87,114,0.832567572593689,0.9208521198530683
traffic_ue,87,115,0.9228339195251464,0.8213651806982151
traffic_ue,87,116,0.9207190871238708,0.9072193800297235
traffic_ue,87,117,0.8416258096694946,0.9055090744539915
traffic_ue,87,118,0.9029605388641356,0.8299161113694022
traffic_ue,87,119,0.993720293045044,0.8886478308808923
traffic_ue,87,120,0.9718614220619202,0.9747224494896931
traffic_ue,87,121,0.9731739163398744,0.9541168987170126
traffic_ue,87,122,0.9475151896476746,0.9555119094696305
traffic_ue,87,123,0.9176767468452454,0.9311496680180752
traffic_ue,87,124,0.909143090248108,0.9028189033308242
traffic_ue,87,125,0.9263542890548706,0.8943195443882566
traffic_ue,87,126,0.9083951115608216,0.9105122607632502
traffic_ue,87,127,0.9035621285438538,0.8932124682888392
traffic_ue,87,128,0.962791919708252,0.8887725206863546
traffic_ue,87,129,0.9294797778129578,0.9456544948082198
traffic_ue,87,130,0.920145869255066,0.9135294361054873
traffic_ue,87,131,0.9093374013900756,0.9051632658178288
traffic_ue,87,132,0.9148963093757628,0.8942559802989876
traffic_ue,87,133,0.8496237397193909,0.9001789559248183
traffic_ue,87,134,0.9243268370628356,0.8367161390448599
traffic_ue,87,135,0.9444602131843568,0.9088849204357003
traffic_ue,87,136,0.8814473152160645,0.9282490535362665
traffic_ue,87,137,0.8511391282081604,0.8682216283182006
traffic_ue,87,138,0.8287410140037537,0.8393456318529816
traffic_ue,87,139,0.88799649477005,0.8183769190053083
traffic_ue,87,140,0.8845818042755127,0.8746383363029698
traffic_ue,87,141,0.8212671875953674,0.8708504578829264
traffic_ue,87,142,0.9441530704498292,0.8105365592089951
traffic_ue,87,143,0.8594558835029602,0.9279574301229766
traffic_ue,87,144,0.8142420053482056,0.8474902148497784
traffic_ue,87,145,0.8702269792556763,0.8034198429459686
traffic_ue,87,146,0.8625680804252625,0.8570225084205312
traffic_ue,87,147,0.8534908294677734,0.8500978786554181
traffic_ue,87,148,0.855247974395752,0.84063588938644
traffic_ue,87,149,0.8433997631072998,0.8425026948759118
traffic_ue,87,150,0.849311113357544,0.8316004304119666
traffic_ue,87,151,0.8450497388839722,0.8363200862533915
traffic_ue,87,152,0.8681721091270447,0.8330182019002443
traffic_ue,87,153,0.8434199094772339,0.8548730212020894
traffic_ue,87,154,0.7864151000976562,0.8314211131696282
traffic_ue,87,155,0.8203524947166443,0.7761059713047356
traffic_ue,87,156,0.8470693826675415,0.8088246899347747
traffic_ue,87,157,0.7400712966918945,0.8353822997614326
traffic_ue,87,158,0.8385833501815796,0.7326991665481316
traffic_ue,87,159,0.830581784248352,0.8275731069577099
traffic_ue,87,160,0.7436777949333191,0.8195789531792095
traffic_ue,87,161,0.7923262715339661,0.7366195496311096
traffic_ue,87,162,0.7749122381210327,0.7834052508905345
traffic_ue,87,163,0.767605721950531,0.7661269432946981
traffic_ue,87,164,0.8015187382698059,0.759933782294633
traffic_ue,87,165,0.7666628956794739,0.7907441206842453
traffic_ue,87,166,0.704460084438324,0.7589393723619432
traffic_ue,87,167,0.694730281829834,0.6997803246020091
traffic_ue,87,168,0.6812838315963745,0.6896987558397849
traffic_ue,87,169,0.7316664457321167,0.6774278425583822
traffic_ue,87,170,0.6955958008766174,0.7241732707044428
traffic_ue,87,171,0.7229042053222656,0.6902724848335857
traffic_ue,87,172,0.7187552452087402,0.71615143763654
traffic_ue,87,173,0.6652815937995911,0.7127082304963052
traffic_ue,87,174,0.7169031500816345,0.6611923268259248
traffic_ue,87,175,0.7167640924453735,0.7111481637666923
traffic_ue,87,176,0.7082186937332153,0.7109169096128137
traffic_ue,87,177,0.6565176248550415,0.7033490187255581
traffic_ue,87,178,0.6521614193916321,0.6529207954932612
traffic_ue,87,179,0.6372003555297852,0.6484870320825326
traffic_ue,87,180,0.6050757765769958,0.6345795899793617
traffic_ue,87,181,0.6756496429443359,0.6039789802992006
traffic_ue,87,182,0.6693599224090576,0.6703915503588743
traffic_ue,87,183,0.6105232238769531,0.6658583680953565
traffic_ue,87,184,0.6688128113746643,0.6092007901627111
traffic_ue,87,185,0.6599744558334351,0.6656861814080809
traffic_ue,87,186,0.6549052000045776,0.6559052910845613
traffic_ue,87,187,0.6418594717979431,0.6520844031093677
traffic_ue,87,188,0.6749703288078308,0.6398962956716203
traffic_ue,87,189,0.6215955018997192,0.6704411204308421
traffic_ue,87,190,0.6875054240226746,0.6194655505780482
traffic_ue,87,191,0.7090307474136353,0.6830374016128011
traffic_ue,87,192,0.7400676608085632,0.7035743153698707
traffic_ue,87,193,0.6661230325698853,0.7323484344815163
traffic_ue,87,194,0.728961706161499,0.6620904721698302
traffic_ue,87,195,0.6448951363563538,0.7220516990557952
traffic_ue,87,196,0.7097075581550598,0.6424312941439271
traffic_ue,87,197,0.6883198022842407,0.7032246999110312
traffic_ue,87,198,0.6130340695381165,0.6833641282095393
traffic_ue,87,199,0.6445316076278687,0.6115847677068285
traffic_ue,87,200,0.6635152697563171,0.6419372995688735
traffic_ue,87,201,0.7016432881355286,0.6594656402656107
traffic_ue,87,202,0.7027105689048767,0.6959647929835039
traffic_ue,87,203,0.6376662850379944,0.6963828091775626
traffic_ue,87,204,0.6751272678375244,0.6356173139483258
traffic_ue,87,205,0.6184521913528442,0.6703420725689879
traffic_ue,87,206,0.6669595241546631,0.6164314539471301
traffic_ue,87,207,0.7016996741294861,0.6634800344388957
traffic_ue,87,208,0.7178798913955688,0.696216775559175
traffic_ue,87,209,0.6875515580177307,0.7118274951841684
traffic_ue,87,210,0.6850209832191467,0.6825354789943978
traffic_ue,87,211,0.6769314408302307,0.6805296604988198
traffic_ue,87,212,0.7617442607879639,0.672749644026195
traffic_ue,87,213,0.7253910899162292,0.7534258724283497
traffic_ue,87,214,0.7086202502250671,0.7194552816835295
traffic_ue,87,215,0.7445273399353027,0.7033830054564483
traffic_ue,87,216,0.7020488977432251,0.7384183970650177
traffic_ue,87,217,0.7004163861274719,0.6969452448984704
traffic_ue,87,218,0.7278615236282349,0.6953456094856114
traffic_ue,87,219,0.7436776757240295,0.7214536093178335
traffic_ue,87,220,0.6903629899024963,0.7370163277564921
traffic_ue,87,221,0.7365001440048218,0.6867428085596772
traffic_ue,87,222,0.6905316710472107,0.729110011561267
traffic_ue,87,223,0.6636725664138794,0.6849185100199907
traffic_ue,87,224,0.7402927875518799,0.658771594994499
traffic_ue,87,225,0.7671977281570435,0.7333559686336301
traffic_ue,87,226,0.7144057750701904,0.7581572840395971
traffic_ue,87,227,0.7076112031936646,0.7084296963293758
traffic_ue,87,228,0.6872786283493042,0.7026233892522713
traffic_ue,87,229,0.739473283290863,0.6824747855835704
traffic_ue,87,230,0.7533235549926758,0.7319825353521033
traffic_ue,87,231,0.7648662328720093,0.7458771511411081
traffic_ue,87,232,0.7875154614448547,0.7559435946481265
traffic_ue,87,233,0.72206711769104,0.7785398531360911
traffic_ue,87,234,0.7107770442962646,0.7155054806466996
traffic_ue,87,235,0.6826932430267334,0.7048850953915106
traffic_ue,87,236,0.7209867835044861,0.6783195364624893
traffic_ue,87,237,0.7708433866500854,0.715025459185151
traffic_ue,87,238,0.7360938787460327,0.7630078541336577
traffic_ue,87,239,0.7192260026931763,0.728575439849142
traffic_ue,87,240,0.723590075969696,0.7131552015264165
traffic_ue,87,241,0.8124272227287292,0.7171995438937979
traffic_ue,87,242,0.8213626146316528,0.8024409289489848
traffic_ue,87,243,0.7755164504051208,0.8101310503648312
traffic_ue,87,244,0.7821241021156311,0.7671967400537071
traffic_ue,87,245,0.7272466421127319,0.772379068949778
traffic_ue,87,246,0.7809557318687439,0.7210682422174964
traffic_ue,87,247,0.8375592827796936,0.7718154597177211
traffic_ue,87,248,0.7332650423049927,0.8261046695382673
traffic_ue,87,249,0.6859104633331299,0.7261375960464229
traffic_ue,87,250,0.7342034578323364,0.6808780827844537
traffic_ue,87,251,0.7688375115394592,0.7277231550685365
traffic_ue,87,252,0.7547758221626282,0.7608056634830391
traffic_ue,87,253,0.7557613849639893,0.7468095353681642
traffic_ue,87,254,0.7449775338172913,0.7475964653683879
traffic_ue,87,255,0.7055944204330444,0.7375559467696711
traffic_ue,87,256,0.7548825740814209,0.6995674480574372
traffic_ue,87,257,0.7048630118370056,0.7469108933214346
traffic_ue,87,258,0.6288811564445496,0.69842649338108
traffic_ue,87,259,0.6375272870063782,0.6268295779833369
traffic_ue,87,260,0.6339720487594604,0.6345923337648658
traffic_ue,87,261,0.597989559173584,0.631712848887348
traffic_ue,87,262,0.5685742497444153,0.5970027585225418
traffic_ue,87,263,0.6120936870574951,0.5692225813490771
traffic_ue,87,264,0.6116875410079956,0.6104934552568118
traffic_ue,87,265,0.5783732533454895,0.6109512250087145
traffic_ue,87,266,0.6287113428115845,0.5781791805793899
traffic_ue,87,267,0.497973769903183,0.6267675675287023
traffic_ue,87,268,0.5198135375976562,0.5018917370919241
traffic_ue,87,269,0.5008349418640137,0.5230248753807234
traffic_ue,87,270,0.4937756359577179,0.5044098939778133
traffic_ue,87,271,0.4676518738269806,0.4977072809825298
traffic_ue,87,272,0.491869181394577,0.4723577758699991
traffic_ue,87,273,0.3883974552154541,0.49664132704577507
traffic_ue,87,274,0.4065191447734833,0.3971079279146208
traffic_ue,87,275,0.4229570031166076,0.41456202103648687
traffic_ue,87,276,0.4604714810848236,0.4297724152583549
traffic_ue,87,277,0.3862117230892181,0.4661851427004775
traffic_ue,87,278,0.4435701966285705,0.3952806936243587
traffic_ue,87,279,0.3458946347236633,0.44939367586008955
traffic_ue,87,280,0.3485758900642395,0.3568519145838194
traffic_ue,87,281,0.3494308292865753,0.35939769133977384
traffic_ue,87,282,0.3524928689002991,0.3595644837756896
traffic_ue,87,283,0.3531615138053894,0.36301753007372073
traffic_ue,87,284,0.3435284495353699,0.3634539440047948
traffic_ue,87,285,0.3176272511482239,0.3544068424463764
traffic_ue,87,286,0.2782260179519653,0.3302608836452239
traffic_ue,87,287,0.3882230818271637,0.29255284916306024
traffic_ue,87,288,0.3045150339603424,0.39689275385845063
traffic_ue,87,289,0.3405322432518005,0.317513532645245
traffic_ue,88,0,0.3381139934062958,0.32487217365749976
traffic_ue,88,1,0.2795419096946716,0.348968299704917
traffic_ue,88,2,0.3137282133102417,0.2933061373323883
traffic_ue,88,3,0.3092173635959625,0.3253185712103329
traffic_ue,88,4,0.3574336469173431,0.3213333143869522
traffic_ue,88,5,0.3128551840782165,0.3679071059032558
traffic_ue,88,6,0.3139807283878326,0.32508499140360425
traffic_ue,88,7,0.2701657116413116,0.32704666961249934
traffic_ue,88,8,0.3109394013881683,0.2850982600103288
traffic_ue,88,9,0.2927702963352203,0.3225714496686202
traffic_ue,88,10,0.309912234544754,0.30541961676134477
traffic_ue,88,11,0.2518866956233978,0.3224395775918662
traffic_ue,88,12,0.2983190715312958,0.2672467327571401
traffic_ue,88,13,0.2748298048973083,0.31088646886242355
traffic_ue,88,14,0.2769491076469421,0.2888321259679314
traffic_ue,88,15,0.3642702996730804,0.29134045863658836
traffic_ue,88,16,0.300830066204071,0.3737037561811981
traffic_ue,88,17,0.3458455204963684,0.3133698107167027
traffic_ue,88,18,0.2887968719005584,0.3566068363466736
traffic_ue,88,19,0.3474661409854889,0.302341521481308
traffic_ue,88,20,0.3044228851795196,0.35794712439871795
traffic_ue,88,21,0.3632989823818207,0.3170291486507041
traffic_ue,88,22,0.2958746552467346,0.3731287975489617
traffic_ue,88,23,0.3292193114757538,0.30891284404587627
traffic_ue,88,24,0.3202848732471466,0.34062227147151997
traffic_ue,88,25,0.3183548748493194,0.3322384957479882
traffic_ue,88,26,0.3012196123600006,0.3299595136666539
traffic_ue,88,27,0.3916284143924713,0.31393811952342077
traffic_ue,88,28,0.2789929211139679,0.4007213586010206
traffic_ue,88,29,0.2823235988616943,0.2928841108980053
traffic_ue,88,30,0.3277861773967743,0.2959968846040149
traffic_ue,88,31,0.4277009963989258,0.3400553334751496
traffic_ue,88,32,0.3439624011516571,0.4346239837423864
traffic_ue,88,33,0.2946401536464691,0.3553149814758953
traffic_ue,88,34,0.3090036511421203,0.3074430509118677
traffic_ue,88,35,0.3905602097511291,0.3211800118190334
traffic_ue,88,36,0.3811069130897522,0.39935984835216887
traffic_ue,88,37,0.3250910937786102,0.390632265338691
traffic_ue,88,38,0.3524442017078399,0.3365538102931666
traffic_ue,88,39,0.3686197698116302,0.3631697675948754
traffic_ue,88,40,0.3649483919143677,0.3781807360037575
traffic_ue,88,41,0.3264477849006653,0.37484369988776645
traffic_ue,88,42,0.3390043079853058,0.33838767602111486
traffic_ue,88,43,0.3247013986110687,0.34951595994732315
traffic_ue,88,44,0.4074958860874176,0.3358365257623793
traffic_ue,88,45,0.3484004139900207,0.41539018669568556
traffic_ue,88,46,0.4104997217655182,0.35933030455595955
traffic_ue,88,47,0.4331614971160888,0.41734923898572657
traffic_ue,88,48,0.3462800085544586,0.4407015814959069
traffic_ue,88,49,0.3871840834617615,0.3573666504709186
traffic_ue,88,50,0.4098749160766601,0.395360528493948
traffic_ue,88,51,0.4407648146152496,0.417996288853148
traffic_ue,88,52,0.355860561132431,0.44707732420657675
traffic_ue,88,53,0.4240525662899017,0.3659670023390533
traffic_ue,88,54,0.3928934931755066,0.43125912449389986
traffic_ue,88,55,0.3834470808506012,0.4011287328066339
traffic_ue,88,56,0.3809274733066559,0.3924076862775797
traffic_ue,88,57,0.4103789329528808,0.38976733250193096
traffic_ue,88,58,0.3935901522636413,0.41797872460399715
traffic_ue,88,59,0.4342819154262543,0.4021374709718949
traffic_ue,88,60,0.4267738163471222,0.4419142215034585
traffic_ue,88,61,0.4341093003749847,0.43433898925081904
traffic_ue,88,62,0.4348243176937103,0.44060926583301574
traffic_ue,88,63,0.3900955021381378,0.44143698896777644
traffic_ue,88,64,0.452510803937912,0.399117067160969
traffic_ue,88,65,0.4896075129508972,0.4585274801613928
traffic_ue,88,66,0.4160341620445251,0.49365054224560234
traffic_ue,88,67,0.4238146543502807,0.4238443201770975
traffic_ue,88,68,0.4565561413764953,0.430537119639873
traffic_ue,88,69,0.4539748430252075,0.4623684146167157
traffic_ue,88,70,0.4688004553318023,0.46001676704683114
traffic_ue,88,71,0.4501497447490692,0.4738948245245468
traffic_ue,88,72,0.5021970868110657,0.4559384407749582
traffic_ue,88,73,0.4693878889083862,0.5062985493735631
traffic_ue,88,74,0.4869114458560943,0.4751471360269326
traffic_ue,88,75,0.4790868163108825,0.4909418679026503
traffic_ue,88,76,0.475820779800415,0.4839094928852982
traffic_ue,88,77,0.5192129611968994,0.4806596485657142
traffic_ue,88,78,0.4993561804294586,0.5217104737214395
traffic_ue,88,79,0.4776076078414917,0.502608960153063
traffic_ue,88,80,0.5110929012298584,0.4829515286499349
traffic_ue,88,81,0.4999082386493683,0.514347984389351
traffic_ue,88,82,0.5615758299827576,0.5033315696072357
traffic_ue,88,83,0.4882280230522156,0.5616847725903739
traffic_ue,88,84,0.6041656732559204,0.4923407552715714
traffic_ue,88,85,0.6167363524436951,0.6026683599925226
traffic_ue,88,86,0.5457130074501038,0.6157945412979802
traffic_ue,88,87,0.5488865375518799,0.5472188044005601
traffic_ue,88,88,0.6347429156303406,0.5507280963765834
traffic_ue,88,89,0.6192281246185303,0.6326928224335163
traffic_ue,88,90,0.6374151110649109,0.6182596319295182
traffic_ue,88,91,0.62694251537323,0.6343866030263557
traffic_ue,88,92,0.5975233912467957,0.624691224167609
traffic_ue,88,93,0.6586430072784424,0.5966097565626204
traffic_ue,88,94,0.6932969093322754,0.6560798490224665
traffic_ue,88,95,0.6740955114364624,0.6887347001603996
traffic_ue,88,96,0.6580333709716797,0.669759340110784
traffic_ue,88,97,0.6981067657470703,0.6548064566504028
traffic_ue,88,98,0.6415689587593079,0.6926565755635806
traffic_ue,88,99,0.6348363757133484,0.6387274562379017
traffic_ue,88,100,0.7480152249336243,0.6328807829892643
traffic_ue,88,101,0.7202575206756592,0.7397455895045423
traffic_ue,88,102,0.7123278379440308,0.7146307130632006
traffic_ue,88,103,0.6876357197761536,0.7066055875409969
traffic_ue,88,104,0.8006429672241211,0.6829130567073335
traffic_ue,88,105,0.7186873555183411,0.7901606577049823
traffic_ue,88,106,0.7594048976898193,0.7121972684139211
traffic_ue,88,107,0.7866585850715637,0.7512543241828739
traffic_ue,88,108,0.7670018672943115,0.777726273048869
traffic_ue,88,109,0.7935315370559692,0.7579217082290137
traffic_ue,88,110,0.7826980352401733,0.783408554184777
traffic_ue,88,111,0.8293567299842834,0.7727751681151133
traffic_ue,88,112,0.8540548086166382,0.818217352853805
traffic_ue,88,113,0.8645039200782776,0.8410225375310068
traffic_ue,88,114,0.7903720736503601,0.851290955738783
traffic_ue,88,115,0.8820411562919617,0.7807560121787223
traffic_ue,88,116,0.8254144191741943,0.86868624093898
traffic_ue,88,117,0.8125585317611694,0.8140773479818217
traffic_ue,88,118,0.8202688097953796,0.8026152146069206
traffic_ue,88,119,0.8573377132415771,0.8092413475878689
traffic_ue,88,120,0.8516344428062439,0.8451814031025873
traffic_ue,88,121,0.8965106010437012,0.8401135876572958
traffic_ue,88,122,0.8492864370346069,0.8823253501391132
traffic_ue,88,123,0.8446882963180542,0.8368423823297387
traffic_ue,88,124,0.8288132548332214,0.8333199707005664
traffic_ue,88,125,0.8943718671798706,0.8179493955079773
traffic_ue,88,126,0.8741525411605835,0.8797985681724292
traffic_ue,88,127,0.8941689133644104,0.8614938905740832
traffic_ue,88,128,0.8539901971817017,0.8804988746663793
traffic_ue,88,129,0.8220217823982239,0.8413580820966806
traffic_ue,88,130,0.890483558177948,0.8111538029855369
traffic_ue,88,131,0.882888913154602,0.8760571164002903
traffic_ue,88,132,0.8426167964935303,0.8687469910979635
traffic_ue,88,133,0.834376871585846,0.8302120771879756
traffic_ue,88,134,0.8698809742927551,0.8237280077342455
traffic_ue,88,135,0.8442493081092834,0.8570908777224476
traffic_ue,88,136,0.8403299450874329,0.8315140441173895
traffic_ue,88,137,0.8367244601249695,0.8288345585301359
traffic_ue,88,138,0.8458755612373352,0.8256096973218213
traffic_ue,88,139,0.9114205837249756,0.8337526856524791
traffic_ue,88,140,0.7403547167778015,0.89578740078253
traffic_ue,88,141,0.7900892496109009,0.7336132143526034
traffic_ue,88,142,0.7583097219467163,0.7800409759592678
traffic_ue,88,143,0.7259368896484375,0.7506113768378582
traffic_ue,88,144,0.7684255242347717,0.7198742803956902
traffic_ue,88,145,0.7951711416244507,0.7593230419845532
traffic_ue,88,146,0.8287652134895325,0.7857590953659577
traffic_ue,88,147,0.7940407991409302,0.8176557245298212
traffic_ue,88,148,0.7748407125473022,0.7844874212201998
traffic_ue,88,149,0.7812936902046204,0.7664063116655713
traffic_ue,88,150,0.7688899040222168,0.7725828444055033
traffic_ue,88,151,0.7542094588279724,0.7602600717092951
traffic_ue,88,152,0.6967291831970215,0.746519846333863
traffic_ue,88,153,0.7788940072059631,0.6917454908748493
traffic_ue,88,154,0.7556827068328857,0.7693617958278799
traffic_ue,88,155,0.7188272476196289,0.747472151275353
traffic_ue,88,156,0.7055841088294983,0.7121812577994042
traffic_ue,88,157,0.7037162184715271,0.700202605859834
traffic_ue,88,158,0.7899514436721802,0.6981314278623818
traffic_ue,88,159,0.6814395189285278,0.7800589673266402
traffic_ue,88,160,0.7262850403785706,0.6770795491752771
traffic_ue,88,161,0.6682650446891785,0.7192622228865857
traffic_ue,88,162,0.7261251211166382,0.6636777498839017
traffic_ue,88,163,0.7259972095489502,0.7205491150352834
traffic_ue,88,164,0.7354121804237366,0.7202292209331328
traffic_ue,88,165,0.7677851319313049,0.7284739119618381
traffic_ue,88,166,0.8208716511726379,0.760054515626311
traffic_ue,88,167,0.6988290548324585,0.8097145057423971
traffic_ue,88,168,0.750382125377655,0.6932431459673293
traffic_ue,88,169,0.7094194889068604,0.7418936722738051
traffic_ue,88,170,0.7478249669075012,0.7039434145162858
traffic_ue,88,171,0.7364296913146973,0.7406067845361649
traffic_ue,88,172,0.7537845969200134,0.729638455674575
traffic_ue,88,173,0.7228512763977051,0.745918006210946
traffic_ue,88,174,0.7098322510719299,0.7164484630042978
traffic_ue,88,175,0.7473145127296448,0.70373998365012
traffic_ue,88,176,0.7479267716407776,0.7395763970558751
traffic_ue,88,177,0.758696436882019,0.7408026681033355
traffic_ue,88,178,0.7343263626098633,0.7506312719270039
traffic_ue,88,179,0.7314236164093018,0.7281375181916484
traffic_ue,88,180,0.7829441428184509,0.7244388252111206
traffic_ue,88,181,0.7269622683525085,0.774397959948551
traffic_ue,88,182,0.7288929224014282,0.7206494030650799
traffic_ue,88,183,0.7404109835624695,0.7221848364601277
traffic_ue,88,184,0.7877248525619507,0.7332201353615996
traffic_ue,88,185,0.6741795539855957,0.7786394413020442
traffic_ue,88,186,0.822478175163269,0.669144576359692
traffic_ue,88,187,0.7527247071266174,0.8124305291538412
traffic_ue,88,188,0.7451948523521423,0.7449116705744
traffic_ue,88,189,0.7680323123931885,0.7374150047269382
traffic_ue,88,190,0.8065763711929321,0.7607357092684033
traffic_ue,88,191,0.7211914658546448,0.7957942583840735
traffic_ue,88,192,0.7682017087936401,0.7149221308533142
traffic_ue,88,193,0.7765950560569763,0.7601523751916692
traffic_ue,88,194,0.7657887935638428,0.767427063250495
traffic_ue,88,195,0.7309952974319458,0.7569683743955548
traffic_ue,88,196,0.8000232577323914,0.7240817597672945
traffic_ue,88,197,0.7446891665458679,0.7906141006130355
traffic_ue,88,198,0.8190533518791199,0.7361410876122094
traffic_ue,88,199,0.8115118145942688,0.8079880815534156
traffic_ue,88,200,0.8008923530578613,0.800182655006517
traffic_ue,88,201,0.7650337815284729,0.7915385050805128
traffic_ue,88,202,0.8529762625694275,0.7567476257797019
traffic_ue,88,203,0.8544607758522034,0.8412387736523251
traffic_ue,88,204,0.8040764331817627,0.8425986659704957
traffic_ue,88,205,0.8263921737670898,0.7935694715894667
traffic_ue,88,206,0.7919126152992249,0.8148568643070714
traffic_ue,88,207,0.9140647053718568,0.7822187132732091
traffic_ue,88,208,0.8716835379600525,0.8989428685184515
traffic_ue,88,209,0.8228288888931274,0.8590504184451413
traffic_ue,88,210,0.8822479844093323,0.8110767339324896
traffic_ue,88,211,0.8759953379631042,0.8686345613668451
traffic_ue,88,212,0.8739148378372192,0.8631443516330689
traffic_ue,88,213,0.926441490650177,0.8612185865205095
traffic_ue,88,214,0.8518128991127014,0.9103966105769862
traffic_ue,88,215,0.9434012174606324,0.8390923529820816
traffic_ue,88,216,0.9009365439414978,0.9272435667938016
traffic_ue,88,217,0.85053950548172,0.8859323218378241
traffic_ue,88,218,0.8870605230331421,0.8388755297171451
traffic_ue,88,219,0.9119828343391418,0.8727078176939917
traffic_ue,88,220,0.9037299752235411,0.8966685218709486
traffic_ue,88,221,0.904483437538147,0.8885349950905659
traffic_ue,88,222,0.9214460253715516,0.8899945576376993
traffic_ue,88,223,0.9190593361854552,0.9053558878983489
traffic_ue,88,224,0.930171549320221,0.9034866847568715
traffic_ue,88,225,0.8365898132324219,0.9143350879941422
traffic_ue,88,226,0.920320451259613,0.8240927342838139
traffic_ue,88,227,0.8288136124610901,0.9046840781545793
traffic_ue,88,228,0.8650314807891846,0.8161637241649397
traffic_ue,88,229,0.8536861538887024,0.8519903054951367
traffic_ue,88,230,0.8580129146575928,0.8418631841387249
traffic_ue,88,231,0.8377968668937683,0.8451775395317545
traffic_ue,88,232,0.8362931609153748,0.8259333576807961
traffic_ue,88,233,0.7746585011482239,0.8248529109197986
traffic_ue,88,234,0.7762242555618286,0.7657371929127902
traffic_ue,88,235,0.7945230603218079,0.7666781072673784
traffic_ue,88,236,0.7483413219451904,0.7844988119623189
traffic_ue,88,237,0.8047579526901245,0.7407993806809617
traffic_ue,88,238,0.8088982701301575,0.7954568405986246
traffic_ue,88,239,0.6977772116661072,0.7995367901435407
traffic_ue,88,240,0.6908046007156372,0.6921948389636047
traffic_ue,88,241,0.7248032093048096,0.685872208881153
traffic_ue,88,242,0.7331238389015198,0.7184506028036407
traffic_ue,88,243,0.6868233680725098,0.7259043045467499
traffic_ue,88,244,0.7375882267951965,0.6812983575089171
traffic_ue,88,245,0.6653951406478882,0.7307384526247236
traffic_ue,88,246,0.6393049955368042,0.6615978048576557
traffic_ue,88,247,0.6397806406021118,0.6368755551294604
traffic_ue,88,248,0.7242358922958374,0.6370294982971028
traffic_ue,88,249,0.6838956475257874,0.7180111740405973
traffic_ue,88,250,0.6601722240447998,0.6790146830903777
traffic_ue,88,251,0.6368701457977295,0.656341123524814
traffic_ue,88,252,0.5602496266365051,0.6341668422709672
traffic_ue,88,253,0.597139835357666,0.56042557970357
traffic_ue,88,254,0.6239756345748901,0.596642472313135
traffic_ue,88,255,0.5482529401779175,0.6219238654631547
traffic_ue,88,256,0.5615292191505432,0.5498784563683166
traffic_ue,88,257,0.589634120464325,0.5620374082235449
traffic_ue,88,258,0.5709750652313232,0.5901113434701025
traffic_ue,88,259,0.5846440196037292,0.5718989796395538
traffic_ue,88,260,0.5274378657341003,0.5847284342585984
traffic_ue,88,261,0.5009592771530151,0.529470178516204
traffic_ue,88,262,0.4677206575870514,0.5043295011923798
traffic_ue,88,263,0.5237006545066833,0.47361375805507683
traffic_ue,88,264,0.4593853950500488,0.5268148067079952
traffic_ue,88,265,0.4750494360923767,0.46535238012298846
traffic_ue,88,266,0.479797214269638,0.4806218391402787
traffic_ue,88,267,0.402620404958725,0.4847824414812146
traffic_ue,88,268,0.4501453042030334,0.41095949974179213
traffic_ue,88,269,0.3982775807380676,0.4565791729818201
traffic_ue,88,270,0.4352617263793945,0.40688572134316153
traffic_ue,88,271,0.3890201449394226,0.4423484103877418
traffic_ue,88,272,0.4850392937660217,0.39814565707072946
traffic_ue,88,273,0.45130455493927,0.49020615168558135
traffic_ue,88,274,0.4111283421516418,0.4565883979412685
traffic_ue,88,275,0.4248022735118866,0.4188887132783141
traffic_ue,88,276,0.3717250227928161,0.43216939613291055
traffic_ue,88,277,0.4349928498268127,0.38098025238766486
traffic_ue,88,278,0.4058353304862976,0.44115050277687573
traffic_ue,88,279,0.3765545487403869,0.4139623699607828
traffic_ue,88,280,0.3894103765487671,0.3861610888083153
traffic_ue,88,281,0.3769910633563995,0.3979208340737228
traffic_ue,88,282,0.4112568199634552,0.38637710153949467
traffic_ue,88,283,0.3395996689796448,0.41920914501338263
traffic_ue,88,284,0.3506714403629303,0.35062696406883787
traffic_ue,88,285,0.313457578420639,0.3602959064773057
traffic_ue,88,286,0.3293068706989288,0.3260042278362594
traffic_ue,88,287,0.3598877787590027,0.3407054064985183
traffic_ue,88,288,0.3584938645362854,0.36949306405755655
traffic_ue,88,289,0.3256481289863586,0.3684176386618898
traffic_ue,89,0,0.5173516869544983,0.4691535787874303
traffic_ue,89,1,0.4596565663814544,0.5200920802653543
traffic_ue,89,2,0.4734630584716797,0.46516334697258566
traffic_ue,89,3,0.5649706125259399,0.47807377838384874
traffic_ue,89,4,0.5359925031661987,0.5656025832106032
traffic_ue,89,5,0.4997884631156921,0.5375429554480382
traffic_ue,89,6,0.5457741618156433,0.5035651259942048
traffic_ue,89,7,0.5219637751579285,0.5470784231000698
traffic_ue,89,8,0.5348378419876099,0.5253145227150451
traffic_ue,89,9,0.5533967018127441,0.5377365338005023
traffic_ue,89,10,0.5013695955276489,0.5549111480367986
traffic_ue,89,11,0.5047959089279175,0.5054632581912287
traffic_ue,89,12,0.557978630065918,0.50797227547273
traffic_ue,89,13,0.6585337519645691,0.5588150576978957
traffic_ue,89,14,0.6181333661079407,0.6549342744737118
traffic_ue,89,15,0.5610552430152893,0.6172201894238136
traffic_ue,89,16,0.4963817894458771,0.5616369925886495
traffic_ue,89,17,0.6614317297935486,0.5001817506356809
traffic_ue,89,18,0.581047534942627,0.658231548707881
traffic_ue,89,19,0.6074022054672241,0.5814625071701252
traffic_ue,89,20,0.5975863337516785,0.6070312533273066
traffic_ue,89,21,0.6190319061279297,0.5964214616363845
traffic_ue,89,22,0.5923175811767578,0.6169818768692448
traffic_ue,89,23,0.6627614498138428,0.5915181516449175
traffic_ue,89,24,0.5818564295768738,0.6596925262337001
traffic_ue,89,25,0.6081933975219727,0.5819328614582223
traffic_ue,89,26,0.6478139758110046,0.6068894625457101
traffic_ue,89,27,0.6607283353805542,0.6459964329761902
traffic_ue,89,28,0.6905794143676758,0.6576629182657108
traffic_ue,89,29,0.6859312653541565,0.6854103436890832
traffic_ue,89,30,0.6435625553131104,0.681741227756499
traffic_ue,89,31,0.5840051770210266,0.6410668229848638
traffic_ue,89,32,0.6234689354896545,0.5832784771048333
traffic_ue,89,33,0.6207093596458435,0.6217404373744325
traffic_ue,89,34,0.6335659027099609,0.6191699089108907
traffic_ue,89,35,0.6258072853088379,0.6317737273279905
traffic_ue,89,36,0.6242300868034363,0.6238614121260423
traffic_ue,89,37,0.6208466291427612,0.6227111862715874
traffic_ue,89,38,0.6635500192642212,0.6194986881044224
traffic_ue,89,39,0.6151850819587708,0.6595482453627994
traffic_ue,89,40,0.6666314005851746,0.6132798137824638
traffic_ue,89,41,0.6241188645362854,0.6636149930363394
traffic_ue,89,42,0.6124555468559265,0.622109469708837
traffic_ue,89,43,0.6133094429969788,0.6109362538156734
traffic_ue,89,44,0.6100300550460815,0.6115485586003289
traffic_ue,89,45,0.5555875301361084,0.6089309858432663
traffic_ue,89,46,0.6032789349555969,0.557090500920675
traffic_ue,89,47,0.5588657855987549,0.6029178779489605
traffic_ue,89,48,0.5687575340270996,0.5594589413423641
traffic_ue,89,49,0.5764322876930237,0.5693966046356803
traffic_ue,89,50,0.605235755443573,0.5769812365032939
traffic_ue,89,51,0.5456379652023315,0.6038828186772219
traffic_ue,89,52,0.5393498539924622,0.5483878392383832
traffic_ue,89,53,0.504368245601654,0.5411771686332059
traffic_ue,89,54,0.5710849761962891,0.5081615581042125
traffic_ue,89,55,0.5414122343063354,0.5717056685351319
traffic_ue,89,56,0.540399432182312,0.543433009389743
traffic_ue,89,57,0.4976798892021179,0.5423225479330734
traffic_ue,89,58,0.5574619174003601,0.5012158142962422
traffic_ue,89,59,0.5452919602394104,0.558870179065004
traffic_ue,89,60,0.5210224986076355,0.5472159231926119
traffic_ue,89,61,0.4695324301719665,0.5236270244040574
traffic_ue,89,62,0.5054733753204346,0.47543320814508205
traffic_ue,89,63,0.4831050634384155,0.509260459195164
traffic_ue,89,64,0.4453241229057312,0.4876750944360596
traffic_ue,89,65,0.4500083029270172,0.4516543166421298
traffic_ue,89,66,0.5152446627616882,0.4563994826982355
traffic_ue,89,67,0.4629761874675751,0.5170000687751861
traffic_ue,89,68,0.4327050447463989,0.46831523410236797
traffic_ue,89,69,0.4811520576477051,0.43922635307903385
traffic_ue,89,70,0.5056476593017578,0.48572154737772705
traffic_ue,89,71,0.5180650353431702,0.5087809885672211
traffic_ue,89,72,0.433536946773529,0.5204717160726628
traffic_ue,89,73,0.4637669920921325,0.4399169978971119
traffic_ue,89,74,0.5002316236495972,0.46926452657263473
traffic_ue,89,75,0.4695537686347961,0.5044323972188504
traffic_ue,89,76,0.4852746427059173,0.47470929720853583
traffic_ue,89,77,0.4276746213436126,0.4899831061790001
traffic_ue,89,78,0.4305620193481445,0.4354423354034247
traffic_ue,89,79,0.5500364303588867,0.4374892790432813
traffic_ue,89,80,0.4943324327468872,0.5511253275559106
traffic_ue,89,81,0.4803087413311004,0.49813672109188684
traffic_ue,89,82,0.4811297357082367,0.4851192878396966
traffic_ue,89,83,0.4611040949821472,0.4853034620109116
traffic_ue,89,84,0.4632285833358764,0.4665377347861801
traffic_ue,89,85,0.4248166680335998,0.4689517682126918
traffic_ue,89,86,0.4783324897289276,0.43213345191370695
traffic_ue,89,87,0.4899715483188629,0.4835901722604259
traffic_ue,89,88,0.5066750645637512,0.4939465722050052
traffic_ue,89,89,0.4935775697231293,0.5100045381216952
traffic_ue,89,90,0.5079112648963928,0.4977176683027508
traffic_ue,89,91,0.5282500386238098,0.5106821615319376
traffic_ue,89,92,0.5406867861747742,0.5303901481410991
traffic_ue,89,93,0.5772194266319275,0.5417519884542764
traffic_ue,89,94,0.5460566878318787,0.5775797686104761
traffic_ue,89,95,0.5072203874588013,0.5482892904939057
traffic_ue,89,96,0.5239423513412476,0.5105719183320687
traffic_ue,89,97,0.4974733293056488,0.5271435139023715
traffic_ue,89,98,0.5238020420074463,0.5018630855034915
traffic_ue,89,99,0.5372034311294556,0.5262165115020745
traffic_ue,89,100,0.6028382778167725,0.5396849258694829
traffic_ue,89,101,0.5592384338378906,0.6012095895913141
traffic_ue,89,102,0.5865081548690796,0.560358485948304
traffic_ue,89,103,0.5455599427223206,0.5862999327618355
traffic_ue,89,104,0.5782608389854431,0.5469742509060793
traffic_ue,89,105,0.5383691191673279,0.5785685604360149
traffic_ue,89,106,0.6138153076171875,0.5407917139722795
traffic_ue,89,107,0.6605030298233032,0.6116319715600937
traffic_ue,89,108,0.6373170614242554,0.6570024942321334
traffic_ue,89,109,0.6101292371749878,0.6345415647116779
traffic_ue,89,110,0.6040449142456055,0.6083802081125201
traffic_ue,89,111,0.6415092349052429,0.6032482624933552
traffic_ue,89,112,0.6525812149047852,0.6391172528384591
traffic_ue,89,113,0.7339010834693909,0.6487863933222123
traffic_ue,89,114,0.5988684892654419,0.7274360590903451
traffic_ue,89,115,0.6308344602584839,0.597440386685835
traffic_ue,89,116,0.6721748113632202,0.6289818536619932
traffic_ue,89,117,0.6599100828170776,0.6680845234947821
traffic_ue,89,118,0.7250273823738098,0.6560426163663599
traffic_ue,89,119,0.6642565727233887,0.717919277637602
traffic_ue,89,120,0.6840301156044006,0.66036793230026
traffic_ue,89,121,0.6609455943107605,0.6782493513098239
traffic_ue,89,122,0.7464350461959839,0.6571746397326866
traffic_ue,89,123,0.7519509792327881,0.7383940883475206
traffic_ue,89,124,0.7265868782997131,0.74358170066982
traffic_ue,89,125,0.7311601042747498,0.7204418149786634
traffic_ue,89,126,0.7778970003128052,0.7242382392428905
traffic_ue,89,127,0.7111362218856812,0.7688120570529572
traffic_ue,89,128,0.7119879722595215,0.7059702956489267
traffic_ue,89,129,0.7952515482902527,0.7071262886407704
traffic_ue,89,130,0.769855260848999,0.7855873821707707
traffic_ue,89,131,0.7184503674507141,0.7610774281171958
traffic_ue,89,132,0.7828415632247925,0.7131133174093922
traffic_ue,89,133,0.710887610912323,0.7734571694645643
traffic_ue,89,134,0.7063195705413818,0.7050396867067673
traffic_ue,89,135,0.7375053763389587,0.7003551805778749
traffic_ue,89,136,0.7642602324485779,0.7304613427842551
traffic_ue,89,137,0.7055830955505371,0.7564100539320882
traffic_ue,89,138,0.6707783937454224,0.700548923677228
traffic_ue,89,139,0.8103830814361572,0.666758664126151
traffic_ue,89,140,0.7585166096687317,0.8005496855290525
traffic_ue,89,141,0.7384516000747681,0.749865194063957
traffic_ue,89,142,0.7130770087242126,0.7310124757892851
traffic_ue,89,143,0.7350602149963379,0.7073665156018366
traffic_ue,89,144,0.7407417297363281,0.7281397306586211
traffic_ue,89,145,0.6620668172836304,0.7336333924064427
traffic_ue,89,146,0.7088906168937683,0.6590826035396161
traffic_ue,89,147,0.7237987518310547,0.7031932083013724
traffic_ue,89,148,0.671690821647644,0.7172984529444862
traffic_ue,89,149,0.7446560263633728,0.6681707143852545
traffic_ue,89,150,0.698110044002533,0.7371514616303315
traffic_ue,89,151,0.6876136064529419,0.692461242519581
traffic_ue,89,152,0.7127096652984619,0.6833385634522312
traffic_ue,89,153,0.65153968334198,0.7068688990787041
traffic_ue,89,154,0.6341022849082947,0.6480951567942412
traffic_ue,89,155,0.7521938681602478,0.6315388359750341
traffic_ue,89,156,0.716770350933075,0.7445068766898612
traffic_ue,89,157,0.651128888130188,0.7110220746991956
traffic_ue,89,158,0.6056134104728699,0.6480523981578475
traffic_ue,89,159,0.6637197732925415,0.6035964431562351
traffic_ue,89,160,0.6169131398200989,0.6599078677079404
traffic_ue,89,161,0.5924158096313477,0.6152182247456489
traffic_ue,89,162,0.642462432384491,0.5916610282218565
traffic_ue,89,163,0.5382953882217407,0.6389308360087083
traffic_ue,89,164,0.6119303703308105,0.5403248171958072
traffic_ue,89,165,0.5988707542419434,0.6105864476742215
traffic_ue,89,166,0.6755095720291138,0.5976409828731367
traffic_ue,89,167,0.5954223871231079,0.6712507852310025
traffic_ue,89,168,0.6445056200027466,0.5943172435817843
traffic_ue,89,169,0.5973941087722778,0.6412676766667884
traffic_ue,89,170,0.5956493616104126,0.596288560822879
traffic_ue,89,171,0.5919643640518188,0.5946815837342012
traffic_ue,89,172,0.6197093725204468,0.5914804503734322
traffic_ue,89,173,0.6308521032333374,0.6183196720055864
traffic_ue,89,174,0.6006010174751282,0.6286513252745055
traffic_ue,89,175,0.6107159852981567,0.5992342078777025
traffic_ue,89,176,0.5668038725852966,0.6096814802100179
traffic_ue,89,177,0.614543616771698,0.5680377720219117
traffic_ue,89,178,0.5510438680648804,0.6124227035062844
traffic_ue,89,179,0.6221006512641907,0.5518338043368343
traffic_ue,89,180,0.5721461176872253,0.6201932328033458
traffic_ue,89,181,0.6122934222221375,0.5730108611068363
traffic_ue,89,182,0.6154146790504456,0.6110303780918578
traffic_ue,89,183,0.609362006187439,0.614241980991075
traffic_ue,89,184,0.5907938480377197,0.6078005780468746
traffic_ue,89,185,0.6146032214164734,0.5910636380373033
traffic_ue,89,186,0.6251978874206543,0.6132234676536296
traffic_ue,89,187,0.6336222290992737,0.6233820287482537
traffic_ue,89,188,0.5956703424453735,0.630735756549128
traffic_ue,89,189,0.6346299052238464,0.5954456756572477
traffic_ue,89,190,0.5946206450462341,0.6318413510130665
traffic_ue,89,191,0.6124820709228516,0.59355601196289
traffic_ue,89,192,0.6484387516975403,0.6116559974681145
traffic_ue,89,193,0.6386327147483826,0.6452005205705769
traffic_ue,89,194,0.643302857875824,0.6364356890291236
traffic_ue,89,195,0.6435179710388184,0.6399768535143776
traffic_ue,89,196,0.6279289126396179,0.6405779887415242
traffic_ue,89,197,0.6967033743858337,0.6258262263663273
traffic_ue,89,198,0.6344754695892334,0.6915721518906555
traffic_ue,89,199,0.6918045282363892,0.6317939415366249
traffic_ue,89,200,0.648907482624054,0.6868712234352413
traffic_ue,89,201,0.6431070566177368,0.6454967331990489
traffic_ue,89,202,0.6551094055175781,0.639741334296733
traffic_ue,89,203,0.7387296557426453,0.6519806220340211
traffic_ue,89,204,0.6640247106552124,0.7320206530570859
traffic_ue,89,205,0.6875035166740417,0.6602966200103121
traffic_ue,89,206,0.7355799674987793,0.6818449167049816
traffic_ue,89,207,0.6957533955574036,0.7288316667400008
traffic_ue,89,208,0.6746392250061035,0.6896283339410751
traffic_ue,89,209,0.6755228638648987,0.6708709178647942
traffic_ue,89,210,0.7317195534706116,0.6710153483868023
traffic_ue,89,211,0.6939501166343689,0.7241740835989462
traffic_ue,89,212,0.6924976706504822,0.6888587880368968
traffic_ue,89,213,0.6972729563713074,0.687281285650227
traffic_ue,89,214,0.7095788717269897,0.6919641197714631
traffic_ue,89,215,0.7107401490211487,0.7031521271702146
traffic_ue,89,216,0.6878702044487,0.70494928719025
traffic_ue,89,217,0.6656911373138428,0.6833341389839381
traffic_ue,89,218,0.7452793121337891,0.6612835084245127
traffic_ue,89,219,0.7567055821418762,0.7381897567158275
traffic_ue,89,220,0.691582202911377,0.749336348147281
traffic_ue,89,221,0.7031157612800598,0.6864120747042306
traffic_ue,89,222,0.7135738730430603,0.6969163622167904
traffic_ue,89,223,0.6676656603813171,0.7076398286834827
traffic_ue,89,224,0.6908913850784302,0.6638528225006177
traffic_ue,89,225,0.6837692856788635,0.685855385372133
traffic_ue,89,226,0.7239206433296204,0.6784482033350968
traffic_ue,89,227,0.6921550631523132,0.7168684599512122
traffic_ue,89,228,0.667910099029541,0.6875513264052812
traffic_ue,89,229,0.6272876858711243,0.6635887960032857
traffic_ue,89,230,0.695351779460907,0.6258127364983305
traffic_ue,89,231,0.6694112420082092,0.6901896275841364
traffic_ue,89,232,0.5893073081970215,0.6645179750261953
traffic_ue,89,233,0.6549808979034424,0.5888584275227883
traffic_ue,89,234,0.6773619651794434,0.6515113277607607
traffic_ue,89,235,0.7049885392189026,0.6737041403756441
traffic_ue,89,236,0.6803512573242188,0.6990914036630338
traffic_ue,89,237,0.6439197659492493,0.6749548241939293
traffic_ue,89,238,0.6851246953010559,0.6421501556753018
traffic_ue,89,239,0.6006383299827576,0.6806281322122147
traffic_ue,89,240,0.6728043556213379,0.5991208008156267
traffic_ue,89,241,0.672329306602478,0.66843420104414
traffic_ue,89,242,0.6428269743919373,0.668677715117145
traffic_ue,89,243,0.5656420588493347,0.6402691867001479
traffic_ue,89,244,0.4954441785812378,0.5664385483210578
traffic_ue,89,245,0.6535609364509583,0.4989938469295002
traffic_ue,89,246,0.5804906487464905,0.6507584511482203
traffic_ue,89,247,0.5617439150810242,0.5802888109627474
traffic_ue,89,248,0.5655233263969421,0.5625389244723052
traffic_ue,89,249,0.5856894850730896,0.5668219293261771
traffic_ue,89,250,0.4845431745052337,0.585423405920526
traffic_ue,89,251,0.5701554417610168,0.48839559218453665
traffic_ue,89,252,0.5612998008728027,0.5705750445860571
traffic_ue,89,253,0.5514215230941772,0.5625637532109751
traffic_ue,89,254,0.5428999066352844,0.5525396570939975
traffic_ue,89,255,0.4472806453704834,0.5441509527528688
traffic_ue,89,256,0.491934210062027,0.4531646999586801
traffic_ue,89,257,0.5396852493286133,0.49635579004458
traffic_ue,89,258,0.4901108741760254,0.54119794861601
traffic_ue,89,259,0.53181391954422,0.4936323554741255
traffic_ue,89,260,0.4942116439342499,0.5339723987894381
traffic_ue,89,261,0.4605900347232818,0.49861737246843496
traffic_ue,89,262,0.5105072855949402,0.46649615171124686
traffic_ue,89,263,0.4903048574924469,0.5137423473523942
traffic_ue,89,264,0.5056160092353821,0.49386614860713873
traffic_ue,89,265,0.4768159389495849,0.508949383372384
traffic_ue,89,266,0.3890278041362762,0.4809595758899987
traffic_ue,89,267,0.4254825413227081,0.397011866743484
traffic_ue,89,268,0.3731625080108642,0.4328152913426675
traffic_ue,89,269,0.3675399124622345,0.38259316136062027
traffic_ue,89,270,0.4584473669528961,0.37705621890492114
traffic_ue,89,271,0.4118552207946777,0.4646601944053118
traffic_ue,89,272,0.3900935351848602,0.41943002992443756
traffic_ue,89,273,0.3909298479557037,0.39856947404100823
traffic_ue,89,274,0.4575400054454803,0.39936352956436755
traffic_ue,89,275,0.4256947040557861,0.46379868009898295
traffic_ue,89,276,0.4209008812904358,0.43311595673590175
traffic_ue,89,277,0.4184050559997558,0.42846513362462724
traffic_ue,89,278,0.3688554167747497,0.42614502891497796
traffic_ue,89,279,0.3164815306663513,0.37835486477312996
traffic_ue,89,280,0.3081099390983581,0.3286273286239203
traffic_ue,89,281,0.3964378237724304,0.3202818458817669
traffic_ue,89,282,0.4027194678783417,0.40469242097106867
traffic_ue,89,283,0.3526457548141479,0.41140083710331854
traffic_ue,89,284,0.3518548309803009,0.3630634681337552
traffic_ue,89,285,0.3413726091384887,0.36166755975244336
traffic_ue,89,286,0.3355242013931274,0.35146692699501614
traffic_ue,89,287,0.3580395877361297,0.34645975339954044
traffic_ue,89,288,0.3060476183891296,0.368184761234968
traffic_ue,89,289,0.3745434880256653,0.31877023292678097
traffic_ue,90,0,0.3130016326904297,0.32619908518264196
traffic_ue,90,1,0.2476247102022171,0.3247279261149956
traffic_ue,90,2,0.3008928000926971,0.2626543715647757
traffic_ue,90,3,0.3469280898571014,0.31318131771518143
traffic_ue,90,4,0.2637799680233001,0.35778353983812977
traffic_ue,90,5,0.3314352929592132,0.27819178148276713
traffic_ue,90,6,0.2763629555702209,0.343569677784154
traffic_ue,90,7,0.2711656093597412,0.2908831465049055
traffic_ue,90,8,0.3399376273155212,0.28510501798979765
traffic_ue,90,9,0.2498106807470321,0.35114629168708256
traffic_ue,90,10,0.2910193502902984,0.2648291121241452
traffic_ue,90,11,0.3611792027950287,0.3045013138017439
traffic_ue,90,12,0.2995355129241943,0.3711657376897774
traffic_ue,90,13,0.2493032664060592,0.31204144585255095
traffic_ue,90,14,0.2799752056598663,0.2647938391618808
traffic_ue,90,15,0.3204881250858307,0.2939655967700436
traffic_ue,90,16,0.3663811981678009,0.33238186625515936
traffic_ue,90,17,0.2728736996650696,0.37640255490112384
traffic_ue,90,18,0.3309935629367828,0.2872725273880448
traffic_ue,90,19,0.338823527097702,0.3422572620648704
traffic_ue,90,20,0.383003830909729,0.3492947021502392
traffic_ue,90,21,0.3597946166992187,0.39193722147478605
traffic_ue,90,22,0.3392016291618347,0.36990072343339225
traffic_ue,90,23,0.3366544842720032,0.34975292228490545
traffic_ue,90,24,0.3816987872123718,0.34817787367752734
traffic_ue,90,25,0.3649412095546722,0.3907477304951398
traffic_ue,90,26,0.3537609279155731,0.3748368804386491
traffic_ue,90,27,0.3472160100936889,0.3643207393766058
traffic_ue,90,28,0.3998047709465027,0.35780885495914083
traffic_ue,90,29,0.3716340363025665,0.40823652279155725
traffic_ue,90,30,0.365989625453949,0.3812411431640418
traffic_ue,90,31,0.4288908839225769,0.37573309910667396
traffic_ue,90,32,0.4236489832401275,0.43600180564784596
traffic_ue,90,33,0.3896980285644531,0.4303798195666653
traffic_ue,90,34,0.4495064616203308,0.39873967714902964
traffic_ue,90,35,0.4756557941436767,0.4561710555201125
traffic_ue,90,36,0.4587243795394897,0.47965960527487433
traffic_ue,90,37,0.5033104419708252,0.46373253615429216
traffic_ue,90,38,0.417276918888092,0.5071572032205223
traffic_ue,90,39,0.5485016703605652,0.42527234001921305
traffic_ue,90,40,0.4906663000583648,0.549866561632111
traffic_ue,90,41,0.5296807885169983,0.49470544232668917
traffic_ue,90,42,0.4848453104496002,0.5316989936285328
traffic_ue,90,43,0.4723291099071502,0.48907935310223305
traffic_ue,90,44,0.5486615300178528,0.4771459602626498
traffic_ue,90,45,0.5411527156829834,0.5498695096520697
traffic_ue,90,46,0.5631936192512512,0.5426904895954254
traffic_ue,90,47,0.5039225816726685,0.5637169322725334
traffic_ue,90,48,0.5836449265480042,0.5072919099761402
traffic_ue,90,49,0.5818460583686829,0.58358137776393
traffic_ue,90,50,0.5502853393554688,0.5809803974226403
traffic_ue,90,51,0.5651896595954895,0.5512624368402437
traffic_ue,90,52,0.6056126952171326,0.565512893777001
traffic_ue,90,53,0.5769334435462952,0.605530609183363
traffic_ue,90,54,0.5531193614006042,0.5776059041738815
traffic_ue,90,55,0.6085405945777893,0.5549951009902276
traffic_ue,90,56,0.5486969351768494,0.6077152305529034
traffic_ue,90,57,0.5149018168449402,0.5504488514106595
traffic_ue,90,58,0.6433016657829285,0.5183117228505429
traffic_ue,90,59,0.5356877446174622,0.6410175613476605
traffic_ue,90,60,0.604463517665863,0.5379977669609102
traffic_ue,90,61,0.5883385539054871,0.6028519320795552
traffic_ue,90,62,0.5205448865890503,0.5878890110756573
traffic_ue,90,63,0.5811213254928589,0.5234712136694368
traffic_ue,90,64,0.5459907054901123,0.5814333464004612
traffic_ue,90,65,0.5397809743881226,0.5475320823160236
traffic_ue,90,66,0.5045042634010315,0.5424298993954874
traffic_ue,90,67,0.5554024577140808,0.5081914803625857
traffic_ue,90,68,0.5643861293792725,0.5569147798459098
traffic_ue,90,69,0.4815575778484344,0.5651468556812048
traffic_ue,90,70,0.5737772583961487,0.4859081317807653
traffic_ue,90,71,0.5393644571304321,0.5742619149847519
traffic_ue,90,72,0.4327236413955688,0.5412902567310103
traffic_ue,90,73,0.4228107929229736,0.4392936214898259
traffic_ue,90,74,0.5092533826828003,0.430576209643886
traffic_ue,90,75,0.5019035935401917,0.5121549103890131
traffic_ue,90,76,0.5204012393951416,0.5052261031207229
traffic_ue,90,77,0.5050848722457886,0.5229875447897384
traffic_ue,90,78,0.5654336810112,0.5086931407648739
traffic_ue,90,79,0.5037232637405396,0.5661910879933405
traffic_ue,90,80,0.527433454990387,0.5077476115698153
traffic_ue,90,81,0.581237256526947,0.5302597732612578
traffic_ue,90,82,0.5495600700378418,0.5806008028020538
traffic_ue,90,83,0.5452976226806641,0.5512187623425411
traffic_ue,90,84,0.5735050439834595,0.5470228538661616
traffic_ue,90,85,0.5894805788993835,0.574152289275282
traffic_ue,90,86,0.600303590297699,0.5894694459208519
traffic_ue,90,87,0.5872182250022888,0.5996959803220386
traffic_ue,90,88,0.628265380859375,0.5866268445436064
traffic_ue,90,89,0.6470828652381897,0.6257984136081213
traffic_ue,90,90,0.6411404013633728,0.6443100357115442
traffic_ue,90,91,0.69374018907547,0.6379732731110607
traffic_ue,90,92,0.6572863459587097,0.6891059704318476
traffic_ue,90,93,0.6628108024597168,0.6532537833128376
traffic_ue,90,94,0.7102925777435303,0.6599874422565084
traffic_ue,90,95,0.6534723043441772,0.7050204449523807
traffic_ue,90,96,0.7145607471466064,0.6500789604814347
traffic_ue,90,97,0.7186945080757141,0.7083287809005435
traffic_ue,90,98,0.7180063724517822,0.7129482307751815
traffic_ue,90,99,0.7974584102630615,0.7128902022644019
traffic_ue,90,100,0.7634199857711792,0.7882284612803336
traffic_ue,90,101,0.7445045113563538,0.75486809206616
traffic_ue,90,102,0.7542939782142639,0.737206048035703
traffic_ue,90,103,0.7633641362190247,0.7468481521905237
traffic_ue,90,104,0.8071306347846985,0.75575768134681
traffic_ue,90,105,0.8034021854400635,0.7967670188465169
traffic_ue,90,106,0.7696965336799622,0.7930285150943367
traffic_ue,90,107,0.7573744058609009,0.7617205037438706
traffic_ue,90,108,0.7986889481544495,0.7492768177180963
traffic_ue,90,109,0.7295043468475342,0.7890991540170263
traffic_ue,90,110,0.8228309154510498,0.7228149782395559
traffic_ue,90,111,0.7877600789070129,0.811822829301019
traffic_ue,90,112,0.769694447517395,0.7785736649010203
traffic_ue,90,113,0.8024245500564575,0.7609743517824025
traffic_ue,90,114,0.7944349050521851,0.792298723368872
traffic_ue,90,115,0.7366538643836975,0.7847623909032858
traffic_ue,90,116,0.8648456931114197,0.7296032446476114
traffic_ue,90,117,0.745818555355072,0.8518635167190142
traffic_ue,90,118,0.7582469582557678,0.7380071932378378
traffic_ue,90,119,0.8483989238739014,0.7502541159899276
traffic_ue,90,120,0.8260440826416016,0.8366446618528055
traffic_ue,90,121,0.7869054079055786,0.8154689784091146
traffic_ue,90,122,0.7797289490699768,0.7776629559247163
traffic_ue,90,123,0.8090881705284119,0.7713452236474285
traffic_ue,90,124,0.8541859984397888,0.7986256441403782
traffic_ue,90,125,0.7814792990684509,0.8412959328308801
traffic_ue,90,126,0.8614181876182556,0.7721637378498272
traffic_ue,90,127,0.7972004413604736,0.8487580306118481
traffic_ue,90,128,0.9001105427742004,0.7872889672467932
traffic_ue,90,129,0.9037732481956482,0.8861402851710155
traffic_ue,90,130,0.935633420944214,0.8896179212561436
traffic_ue,90,131,0.8822789788246155,0.9191737020375661
traffic_ue,90,132,0.8605706691741943,0.8683663212115412
traffic_ue,90,133,0.8119955658912659,0.8480525584438221
traffic_ue,90,134,0.8381684422492981,0.8013861345058846
traffic_ue,90,135,0.8457880020141602,0.8253435411966135
traffic_ue,90,136,0.828576922416687,0.8335703277976657
traffic_ue,90,137,0.8650622367858887,0.8176257816780869
traffic_ue,90,138,0.8053702116012573,0.8525652330045053
traffic_ue,90,139,0.7948145270347595,0.7953436034705825
traffic_ue,90,140,0.8137438297271729,0.7852716655717971
traffic_ue,90,141,0.8362837433815002,0.8037406217865602
traffic_ue,90,142,0.8234157562255859,0.8255385290301839
traffic_ue,90,143,0.8580568432807922,0.81307267901057
traffic_ue,90,144,0.8126979470252991,0.8460130311501205
traffic_ue,90,145,0.8344330787658691,0.8031444768018765
traffic_ue,90,146,0.7454129457473755,0.8233348721503029
traffic_ue,90,147,0.8069086074829102,0.7380685810149289
traffic_ue,90,148,0.7785924673080444,0.7961097074245699
traffic_ue,90,149,0.7716875076293945,0.769670829117721
traffic_ue,90,150,0.8132472634315491,0.7621225352591359
traffic_ue,90,151,0.7720576524734497,0.8029714775305327
traffic_ue,90,152,0.7578611373901367,0.7637142627563539
traffic_ue,90,153,0.7363089323043823,0.7497885670696954
traffic_ue,90,154,0.7234805226325989,0.7293253527250724
traffic_ue,90,155,0.724012553691864,0.7165498005194245
traffic_ue,90,156,0.6928666830062866,0.7174518404018132
traffic_ue,90,157,0.7577572464942932,0.6879293210173665
traffic_ue,90,158,0.6334019303321838,0.7501364283026518
traffic_ue,90,159,0.724119246006012,0.6305762004614791
traffic_ue,90,160,0.6810029149055481,0.7173546961065147
traffic_ue,90,161,0.6499387621879578,0.6755735547930946
traffic_ue,90,162,0.6591612696647644,0.646277458569373
traffic_ue,90,163,0.6368424296379089,0.6555300849326902
traffic_ue,90,164,0.6628153324127197,0.6339420808988264
traffic_ue,90,165,0.6047764420509338,0.6585034009026269
traffic_ue,90,166,0.6630814671516418,0.6035955477330698
traffic_ue,90,167,0.6350459456443787,0.6601452079634789
traffic_ue,90,168,0.6146682500839233,0.6326828724505886
traffic_ue,90,169,0.6118284463882446,0.6129875420663421
traffic_ue,90,170,0.5962011218070984,0.610440062335081
traffic_ue,90,171,0.6422713398933411,0.5949574074985128
traffic_ue,90,172,0.6220099329948425,0.6398904615670036
traffic_ue,90,173,0.6231095194816589,0.6204047668340396
traffic_ue,90,174,0.6679365038871765,0.6216472390234116
traffic_ue,90,175,0.6390184164047241,0.6641099808142193
traffic_ue,90,176,0.584955632686615,0.6369011247634784
traffic_ue,90,177,0.599650502204895,0.5851731363840159
traffic_ue,90,178,0.6481404304504395,0.5993735599757889
traffic_ue,90,179,0.6612107157707214,0.6452645528095721
traffic_ue,90,180,0.5953702926635742,0.6568310281572798
traffic_ue,90,181,0.5708991885185242,0.594565449836777
traffic_ue,90,182,0.6209592223167419,0.5721742167258995
traffic_ue,90,183,0.5334637761116028,0.6192583122683359
traffic_ue,90,184,0.6074930429458618,0.5356877255752834
traffic_ue,90,185,0.6222169995307922,0.6070182781381203
traffic_ue,90,186,0.5982764363288879,0.6203533136336598
traffic_ue,90,187,0.5136949419975281,0.5970766946810324
traffic_ue,90,188,0.5992039442062378,0.5165208806462845
traffic_ue,90,189,0.6698620915412903,0.597858114572838
traffic_ue,90,190,0.6059436798095703,0.6663351636041799
traffic_ue,90,191,0.6484359502792358,0.6053983670469784
traffic_ue,90,192,0.549525797367096,0.6454955291859015
traffic_ue,90,193,0.599639356136322,0.5513846670583997
traffic_ue,90,194,0.637165367603302,0.5984699716459108
traffic_ue,90,195,0.6252025961875916,0.6337029758878979
traffic_ue,90,196,0.641601026058197,0.6225927169678935
traffic_ue,90,197,0.6566566824913025,0.639055571722385
traffic_ue,90,198,0.6021835207939148,0.6533504953027698
traffic_ue,90,199,0.6743676662445068,0.6014809216096698
traffic_ue,90,200,0.6656115055084229,0.6699185206412227
traffic_ue,90,201,0.657647967338562,0.6621009057087006
traffic_ue,90,202,0.711037278175354,0.6546389723641868
traffic_ue,90,203,0.6951557993888855,0.7046360660229427
traffic_ue,90,204,0.6589398384094238,0.6895074358625081
traffic_ue,90,205,0.6664129495620728,0.6547741166123155
traffic_ue,90,206,0.7094324827194214,0.6617704032569363
traffic_ue,90,207,0.6796600818634033,0.703906140363022
traffic_ue,90,208,0.6616643667221069,0.6748939094432743
traffic_ue,90,209,0.740674614906311,0.6575098140835124
traffic_ue,90,210,0.6859596967697144,0.7337681144130596
traffic_ue,90,211,0.6951183676719666,0.6806767714823095
traffic_ue,90,212,0.6628149151802063,0.6894718954969838
traffic_ue,90,213,0.7054175138473511,0.6590487303050384
traffic_ue,90,214,0.6122881174087524,0.7005901541490585
traffic_ue,90,215,0.7140551805496216,0.6110749527342181
traffic_ue,90,216,0.7339272499084473,0.7079975938359349
traffic_ue,90,217,0.7178616523742676,0.7266671207679288
traffic_ue,90,218,0.713875949382782,0.7111652293641186
traffic_ue,90,219,0.7077434062957764,0.7074801389718128
traffic_ue,90,220,0.6785898208618164,0.7026000781486581
traffic_ue,90,221,0.671263575553894,0.6738777266353889
traffic_ue,90,222,0.6443526744842529,0.6669712735778981
traffic_ue,90,223,0.6400606632232666,0.6410232363581853
traffic_ue,90,224,0.7399051785469055,0.6370969262676393
traffic_ue,90,225,0.6681760549545288,0.7324422192000684
traffic_ue,90,226,0.7293381094932556,0.6641389821793563
traffic_ue,90,227,0.7325164079666138,0.7228059747751526
traffic_ue,90,228,0.7011709809303284,0.726170959944552
traffic_ue,90,229,0.6666731238365173,0.6954667391230781
traffic_ue,90,230,0.6871426105499268,0.6625631569874874
traffic_ue,90,231,0.6932126879692078,0.6816510807026773
traffic_ue,90,232,0.7471657991409302,0.6874640604041902
traffic_ue,90,233,0.6418532729148865,0.7390383063624768
traffic_ue,90,234,0.7047173976898193,0.6381540105192294
traffic_ue,90,235,0.710604190826416,0.699578133593351
traffic_ue,90,236,0.6462116837501526,0.7050682557665381
traffic_ue,90,237,0.7038144469261169,0.6427883135243212
traffic_ue,90,238,0.6892520785331726,0.6982743044393209
traffic_ue,90,239,0.6610933542251587,0.6842989097781659
traffic_ue,90,240,0.6645122766494751,0.6576622135251576
traffic_ue,90,241,0.6528778672218323,0.6611564415604062
traffic_ue,90,242,0.6682102084159851,0.6491672792061004
traffic_ue,90,243,0.6161827445030212,0.6644690784166952
traffic_ue,90,244,0.5893492698669434,0.6150704604274003
traffic_ue,90,245,0.5773598551750183,0.5891463260211937
traffic_ue,90,246,0.5756586194038391,0.5768200961237956
traffic_ue,90,247,0.6254081130027771,0.5759986030890052
traffic_ue,90,248,0.5649414658546448,0.6234327978014416
traffic_ue,90,249,0.5317211747169495,0.5666663603695279
traffic_ue,90,250,0.5069265365600586,0.534182008660215
traffic_ue,90,251,0.5506317615509033,0.5099456352467636
traffic_ue,90,252,0.5617222785949707,0.551839412069696
traffic_ue,90,253,0.4902506470680237,0.5619230442686552
traffic_ue,90,254,0.5003371834754944,0.4944100142962513
traffic_ue,90,255,0.5229616761207581,0.5037388406908261
traffic_ue,90,256,0.4631811678409576,0.5264108359370315
traffic_ue,90,257,0.5050556063652039,0.46885713711602234
traffic_ue,90,258,0.5613412261009216,0.5083180737346036
traffic_ue,90,259,0.5077394247055054,0.5624542510616718
traffic_ue,90,260,0.5516061186790466,0.5104693926756635
traffic_ue,90,261,0.3975984752178192,0.553607930875588
traffic_ue,90,262,0.4352316260337829,0.40648898676524736
traffic_ue,90,263,0.4664890170097351,0.4412283798477166
traffic_ue,90,264,0.526466965675354,0.4716009558291449
traffic_ue,90,265,0.4369835555553436,0.5284987247232786
traffic_ue,90,266,0.4059149622917175,0.4435863475941243
traffic_ue,90,267,0.4644566774368286,0.4138891438852072
traffic_ue,90,268,0.398272305727005,0.46907596943028396
traffic_ue,90,269,0.41995769739151,0.4062853759011936
traffic_ue,90,270,0.4294015765190124,0.42786727544556513
traffic_ue,90,271,0.440412700176239,0.43608980263564817
traffic_ue,90,272,0.4175698161125183,0.4466933900071055
traffic_ue,90,273,0.4638152420520782,0.42520315782279333
traffic_ue,90,274,0.3587440848350525,0.46846694452011134
traffic_ue,90,275,0.3936045169830322,0.36865521581868993
traffic_ue,90,276,0.4080583155155182,0.401903052800592
traffic_ue,90,277,0.3964468240737915,0.4172637058410705
traffic_ue,90,278,0.3805849552154541,0.40544513771342994
traffic_ue,90,279,0.3113827705383301,0.3899878467324857
traffic_ue,90,280,0.3418777287006378,0.3230916390711989
traffic_ue,90,281,0.3212239444255829,0.35303797496027206
traffic_ue,90,282,0.3406495451927185,0.3330308946699078
traffic_ue,90,283,0.3356865644454956,0.35172301491949165
traffic_ue,90,284,0.3043745458126068,0.3467131353924635
traffic_ue,90,285,0.2903254926204681,0.31678480612176185
traffic_ue,90,286,0.3258494436740875,0.30334640126288076
traffic_ue,90,287,0.2791979610919952,0.33702578518312604
traffic_ue,90,288,0.3530560433864593,0.29238423081254084
traffic_ue,90,289,0.3771468698978424,0.3642964196639497
traffic_ue,91,0,0.3084191381931305,0.27022113939912923
traffic_ue,91,1,0.2669930160045624,0.3204761989236281
traffic_ue,91,2,0.2632984817028045,0.28129209185200277
traffic_ue,91,3,0.3579925298690796,0.2776354008958689
traffic_ue,91,4,0.3354243636131286,0.3686361952489136
traffic_ue,91,5,0.2743414342403412,0.34631534881325554
traffic_ue,91,6,0.2429990172386169,0.2890629915191297
traffic_ue,91,7,0.3487453162670135,0.25890735419404415
traffic_ue,91,8,0.3505622148513794,0.3598562252515667
traffic_ue,91,9,0.3129207789897918,0.3620278222316555
traffic_ue,91,10,0.2957097291946411,0.32544494041612465
traffic_ue,91,11,0.3550744652748108,0.30870663997049524
traffic_ue,91,12,0.4156660437583923,0.36651052312817156
traffic_ue,91,13,0.3705671727657318,0.4231475222901315
traffic_ue,91,14,0.3167724013328552,0.3799801290841267
traffic_ue,91,15,0.3331742882728576,0.3286058336814911
traffic_ue,91,16,0.2784624993801117,0.3449231365847065
traffic_ue,91,17,0.2220847308635711,0.29188437619714747
traffic_ue,91,18,0.3320984840393066,0.23830565456759584
traffic_ue,91,19,0.3169889152050018,0.34345518790835144
traffic_ue,91,20,0.4100715219974518,0.32915868742879034
traffic_ue,91,21,0.3317900598049164,0.41838140631718806
traffic_ue,91,22,0.3829200863838196,0.3428646792634338
traffic_ue,91,23,0.3756691813468933,0.3920561540514965
traffic_ue,91,24,0.2830285131931305,0.3853700687102865
traffic_ue,91,25,0.3189952075481415,0.29691423806347544
traffic_ue,91,26,0.3250109255313873,0.3313612742299801
traffic_ue,91,27,0.2817829251289367,0.33667613844620103
traffic_ue,91,28,0.3582001030445099,0.29508663874551
traffic_ue,91,29,0.3407892882823944,0.3682875546050679
traffic_ue,91,30,0.3067612946033478,0.35155802858090557
traffic_ue,91,31,0.3511050939559936,0.3194478484786977
traffic_ue,91,32,0.3427651226520538,0.3616998766812059
traffic_ue,91,33,0.3642664551734924,0.3544262561851078
traffic_ue,91,34,0.3374345004558563,0.3740969972479099
traffic_ue,91,35,0.3425380289554596,0.34852158585899357
traffic_ue,91,36,0.3559776842594147,0.3535656887077385
traffic_ue,91,37,0.3723601996898651,0.36657432160273834
traffic_ue,91,38,0.3562838435173034,0.38173216928099307
traffic_ue,91,39,0.4141734540462494,0.36612084002392653
traffic_ue,91,40,0.3779486715793609,0.4218791844565776
traffic_ue,91,41,0.3634898662567138,0.3875343807627127
traffic_ue,91,42,0.3469365239143371,0.3738061505743283
traffic_ue,91,43,0.2860951721668243,0.35709698794425543
traffic_ue,91,44,0.3401907980442047,0.29967711051955326
traffic_ue,91,45,0.3841101229190826,0.35098977888308996
traffic_ue,91,46,0.3910218179225921,0.3935333402671179
traffic_ue,91,47,0.4164753556251526,0.39984774378009225
traffic_ue,91,48,0.3731615543365478,0.4237174955566149
traffic_ue,91,49,0.4462390542030334,0.3827410901153231
traffic_ue,91,50,0.3051307797431946,0.4528206867351226
traffic_ue,91,51,0.4180608987808227,0.31809816599882373
traffic_ue,91,52,0.3495247662067413,0.42646320966753254
traffic_ue,91,53,0.4573302268981933,0.3594056171775948
traffic_ue,91,54,0.441006451845169,0.46240882731733296
traffic_ue,91,55,0.3776655793190002,0.4474555862219219
traffic_ue,91,56,0.3918103277683258,0.3865214213915889
traffic_ue,91,57,0.4637670218944549,0.39975301773016036
traffic_ue,91,58,0.4393591582775116,0.4691157206273816
traffic_ue,91,59,0.4334784150123596,0.44584191576025717
traffic_ue,91,60,0.4130063951015472,0.44005986928690644
traffic_ue,91,61,0.4655123353004455,0.4208207061300977
traffic_ue,91,62,0.4371185004711151,0.4706240125211623
traffic_ue,91,63,0.4431360065937042,0.44267263431535775
traffic_ue,91,64,0.430516242980957,0.4497255958065034
traffic_ue,91,65,0.4790579080581665,0.437495427080242
traffic_ue,91,66,0.4713597893714905,0.48368359965438285
traffic_ue,91,67,0.457400381565094,0.4767217317355834
traffic_ue,91,68,0.4590329527854919,0.463219608414834
traffic_ue,91,69,0.4871533811092376,0.4647200775928167
traffic_ue,91,70,0.4664484858512878,0.4912708014687816
traffic_ue,91,71,0.5586315989494324,0.47061985576656395
traffic_ue,91,72,0.5395059585571289,0.5594350333417131
traffic_ue,91,73,0.5046220421791077,0.5417222768510069
traffic_ue,91,74,0.5964173674583435,0.5083529194234291
traffic_ue,91,75,0.4892167150974273,0.5959565093027552
traffic_ue,91,76,0.5707149505615234,0.4932298792288935
traffic_ue,91,77,0.5632394552230835,0.5706101683628664
traffic_ue,91,78,0.5415408611297607,0.5646038462788464
traffic_ue,91,79,0.612461268901825,0.5433070798819908
traffic_ue,91,80,0.5981330275535583,0.6112889666351442
traffic_ue,91,81,0.5922664999961853,0.5973374233817015
traffic_ue,91,82,0.6657041311264038,0.5913704286686084
traffic_ue,91,83,0.616202175617218,0.6629330223441039
traffic_ue,91,84,0.6231120824813843,0.6149400754837047
traffic_ue,91,85,0.6033904552459717,0.6210047241389796
traffic_ue,91,86,0.5875187516212463,0.6033214318207745
traffic_ue,91,87,0.6470299363136292,0.5867137404850669
traffic_ue,91,88,0.5876970291137695,0.6440613355263195
traffic_ue,91,89,0.5944302082061768,0.5875775697595216
traffic_ue,91,90,0.6356450915336609,0.5940201459044364
traffic_ue,91,91,0.5637829303741455,0.6330532990151002
traffic_ue,91,92,0.6539939641952515,0.5645245237273218
traffic_ue,91,93,0.6564199924468994,0.6511199874342064
traffic_ue,91,94,0.6742523312568665,0.6531753761569695
traffic_ue,91,95,0.6155137419700623,0.6704539616855724
traffic_ue,91,96,0.6379274129867554,0.6145840955247863
traffic_ue,91,97,0.6163607239723206,0.6355675791294689
traffic_ue,91,98,0.6239795088768005,0.6145944985616588
traffic_ue,91,99,0.7148080468177795,0.6222748239015248
traffic_ue,91,100,0.6878741979598999,0.7079186366225482
traffic_ue,91,101,0.6500042676925659,0.6834371535386483
traffic_ue,91,102,0.6431980133056641,0.6473318824871904
traffic_ue,91,103,0.6787180304527283,0.6403238092603142
traffic_ue,91,104,0.6721157431602478,0.6748428520830306
traffic_ue,91,105,0.6895940899848938,0.668524554031573
traffic_ue,91,106,0.7139521837234497,0.6854174226831345
traffic_ue,91,107,0.7515538334846497,0.7083959153768796
traffic_ue,91,108,0.7317988872528076,0.7436015132303038
traffic_ue,91,109,0.7652998566627502,0.724695911525567
traffic_ue,91,110,0.7717673182487488,0.757595593625095
traffic_ue,91,111,0.7383655309677124,0.7627936501709891
traffic_ue,91,112,0.671288013458252,0.7312284240692001
traffic_ue,91,113,0.6609769463539124,0.6665975853715186
traffic_ue,91,114,0.7362765073776245,0.6575516875158125
traffic_ue,91,115,0.8019096255302429,0.7301875716167369
traffic_ue,91,116,0.7867714762687683,0.7922067082824198
traffic_ue,91,117,0.7817285656929016,0.7776846258331063
traffic_ue,91,118,0.74699866771698,0.7732438035560351
traffic_ue,91,119,0.7316478490829468,0.7396734023847902
traffic_ue,91,120,0.754915714263916,0.7246021164327257
traffic_ue,91,121,0.7096195816993713,0.7473888617205374
traffic_ue,91,122,0.7655578851699829,0.7038357285281667
traffic_ue,91,123,0.7808929681777954,0.7577909730429615
traffic_ue,91,124,0.7264884114265442,0.7722519814923106
traffic_ue,91,125,0.824468731880188,0.720546769099507
traffic_ue,91,126,0.741415798664093,0.8131298330019803
traffic_ue,91,127,0.7967392206192017,0.7342734019505714
traffic_ue,91,128,0.8733353018760681,0.7869998853286017
traffic_ue,91,129,0.7680109739303589,0.8603706648937659
traffic_ue,91,130,0.7768831849098206,0.7577387641618868
traffic_ue,91,131,0.8003349304199219,0.7672045193772541
traffic_ue,91,132,0.7308499813079834,0.790413910950594
traffic_ue,91,133,0.8124100565910339,0.7240926204243866
traffic_ue,91,134,0.7873653769493103,0.8011347334210347
traffic_ue,91,135,0.7670956254005432,0.777603569493842
traffic_ue,91,136,0.7746968865394592,0.7582587859911779
traffic_ue,91,137,0.7603226900100708,0.7659224730070566
traffic_ue,91,138,0.761994481086731,0.7521257422534809
traffic_ue,91,139,0.7925463914871216,0.7545068436215774
traffic_ue,91,140,0.7648728489875793,0.7824731860934019
traffic_ue,91,141,0.7849591374397278,0.7569421047424759
traffic_ue,91,142,0.7898789048194885,0.775368523971108
traffic_ue,91,143,0.7447134256362915,0.7812799904817975
traffic_ue,91,144,0.8061725497245789,0.7366602350773487
traffic_ue,91,145,0.7605602741241455,0.7961550124327716
traffic_ue,91,146,0.8144825100898743,0.7517559847403796
traffic_ue,91,147,0.7557141780853271,0.8037474182815703
traffic_ue,91,148,0.7613011598587036,0.7478493122443566
traffic_ue,91,149,0.7724568247795105,0.7535012746608855
traffic_ue,91,150,0.7857146859169006,0.7641924884948621
traffic_ue,91,151,0.7806171774864197,0.777028512926727
traffic_ue,91,152,0.7936757802963257,0.7716428460674416
traffic_ue,91,153,0.7815924286842346,0.7840416232355853
traffic_ue,91,154,0.7669194936752319,0.7728664882144319
traffic_ue,91,155,0.7486345767974854,0.7583892223406676
traffic_ue,91,156,0.778622031211853,0.7414250978368794
traffic_ue,91,157,0.7346300482749939,0.7700461791126849
traffic_ue,91,158,0.7959188222885132,0.7273840195224344
traffic_ue,91,159,0.7326542735099792,0.7857744373947164
traffic_ue,91,160,0.7494902014732361,0.7259545795144884
traffic_ue,91,161,0.8063985705375671,0.7417909867472208
traffic_ue,91,162,0.7335032820701599,0.7959727215451863
traffic_ue,91,163,0.7558570504188538,0.7268103007477053
traffic_ue,91,164,0.7345919609069824,0.7470423486542564
traffic_ue,91,165,0.7761393785476685,0.7270997995650466
traffic_ue,91,166,0.74997878074646,0.7679866385120331
traffic_ue,91,167,0.7865310907363892,0.7429494388607182
traffic_ue,91,168,0.7727410197257996,0.7776548321668271
traffic_ue,91,169,0.7632182836532593,0.7639165980737573
traffic_ue,91,170,0.7510420680046082,0.7557184212535458
traffic_ue,91,171,0.7489790916442871,0.7435124975696042
traffic_ue,91,172,0.7610465884208679,0.7409088109863272
traffic_ue,91,173,0.7238667011260986,0.7530611205639278
traffic_ue,91,174,0.7608855366706848,0.7177598602059017
traffic_ue,91,175,0.7539421916007996,0.7532554863408244
traffic_ue,91,176,0.7320656180381775,0.7463156950104929
traffic_ue,91,177,0.7281394004821777,0.7252468334098412
traffic_ue,91,178,0.7403769493103027,0.7216678341842981
traffic_ue,91,179,0.726283848285675,0.7329893751379531
traffic_ue,91,180,0.7022027969360352,0.7191122567860885
traffic_ue,91,181,0.7616451978683472,0.6960991395881283
traffic_ue,91,182,0.7433286905288696,0.7536790948615284
traffic_ue,91,183,0.6997729539871216,0.7361888619611368
traffic_ue,91,184,0.7577304840087891,0.6934944033643037
traffic_ue,91,185,0.7149592638015747,0.7501110180731608
traffic_ue,91,186,0.7144057750701904,0.7095505553253383
traffic_ue,91,187,0.7365458011627197,0.7072886338095032
traffic_ue,91,188,0.682927668094635,0.7300463672026715
traffic_ue,91,189,0.7064433693885803,0.6784428936627104
traffic_ue,91,190,0.7104227542877197,0.7002246670420853
traffic_ue,91,191,0.6858320236206055,0.7053424895862032
traffic_ue,91,192,0.7039591670036316,0.6809028293048964
traffic_ue,91,193,0.639439582824707,0.6985605463362866
traffic_ue,91,194,0.6787652969360352,0.6365568392599514
traffic_ue,91,195,0.6547344326972961,0.6735482221079431
traffic_ue,91,196,0.7131778001785278,0.6516245958564533
traffic_ue,91,197,0.7035949230194092,0.7080079398142162
traffic_ue,91,198,0.6017568707466125,0.6972224786095406
traffic_ue,91,199,0.6761091351509094,0.6005301038012382
traffic_ue,91,200,0.7420927286148071,0.6726634476381428
traffic_ue,91,201,0.6153482794761658,0.7354618535087418
traffic_ue,91,202,0.7265154719352722,0.6140797136295116
traffic_ue,91,203,0.6984158754348755,0.7206716851215067
traffic_ue,91,204,0.6765236258506775,0.6926523980604037
traffic_ue,91,205,0.7121729254722595,0.6722136008976629
traffic_ue,91,206,0.676689088344574,0.7063592796654156
traffic_ue,91,207,0.6886466145515442,0.6721722572399549
traffic_ue,91,208,0.618514895439148,0.6837240387065185
traffic_ue,91,209,0.712279736995697,0.6167886582021218
traffic_ue,91,210,0.681770920753479,0.7067087512811622
traffic_ue,91,211,0.6947018504142761,0.6773445945007237
traffic_ue,91,212,0.6902788281440735,0.6890764240411194
traffic_ue,91,213,0.7701029777526855,0.6853730025685913
traffic_ue,91,214,0.6827535629272461,0.7615606854401068
traffic_ue,91,215,0.7172455787658691,0.678972145483377
traffic_ue,91,216,0.6589370369911194,0.7120190157526944
traffic_ue,91,217,0.7306041121482849,0.6554660165389001
traffic_ue,91,218,0.7176796197891235,0.7245041229329114
traffic_ue,91,219,0.7124735116958618,0.7115381200822113
traffic_ue,91,220,0.6590946316719055,0.7067439006832598
traffic_ue,91,221,0.6674041748046875,0.6559629281662621
traffic_ue,91,222,0.6633573174476624,0.6635549378644896
traffic_ue,91,223,0.7297236323356628,0.6591172233223389
traffic_ue,91,224,0.7108008861541748,0.722775126591616
traffic_ue,91,225,0.6802922487258911,0.7049573439809111
traffic_ue,91,226,0.6869238615036011,0.675494134151474
traffic_ue,91,227,0.729046642780304,0.6819394987566031
traffic_ue,91,228,0.7213093042373657,0.7223804010630269
traffic_ue,91,229,0.6882384419441223,0.7156293520600788
traffic_ue,91,230,0.6679533123970032,0.683088433192539
traffic_ue,91,231,0.6823150515556335,0.6642747742646645
traffic_ue,91,232,0.6303983926773071,0.677464340127155
traffic_ue,91,233,0.6593920588493347,0.6282701512387794
traffic_ue,91,234,0.6725261807441711,0.6559476584470936
traffic_ue,91,235,0.6426656246185303,0.6678228019017216
traffic_ue,91,236,0.7065532803535461,0.6400663782010908
traffic_ue,91,237,0.6421048641204834,0.7005274700767385
traffic_ue,91,238,0.6080282926559448,0.6400796773864755
traffic_ue,91,239,0.6529366970062256,0.6062365859663453
traffic_ue,91,240,0.6091981530189514,0.648776633711462
traffic_ue,91,241,0.6529942154884338,0.6079922839556507
traffic_ue,91,242,0.6060858964920044,0.6495754171059517
traffic_ue,91,243,0.6101440191268921,0.6051861179014423
traffic_ue,91,244,0.624046266078949,0.6092872486116608
traffic_ue,91,245,0.6443890929222107,0.6218917052677381
traffic_ue,91,246,0.5775756239891052,0.6419012086801784
traffic_ue,91,247,0.5708217620849609,0.5782652479096957
traffic_ue,91,248,0.5896015167236328,0.5712573084620581
traffic_ue,91,249,0.6180625557899475,0.5896834958213557
traffic_ue,91,250,0.5506580471992493,0.616656842873524
traffic_ue,91,251,0.5341492295265198,0.5524100951086597
traffic_ue,91,252,0.5155346393585205,0.5365369900263403
traffic_ue,91,253,0.514782190322876,0.5181187874585486
traffic_ue,91,254,0.4641228914260864,0.5170074668887262
traffic_ue,91,255,0.575221836566925,0.46920555169854805
traffic_ue,91,256,0.5187193751335144,0.5750877758948966
traffic_ue,91,257,0.5185852646827698,0.5216883303209611
traffic_ue,91,258,0.5765758752822876,0.5220571103478875
traffic_ue,91,259,0.4993530213832855,0.5774648487900537
traffic_ue,91,260,0.5118337869644165,0.5042927488001652
traffic_ue,91,261,0.4512732625007629,0.5151010460317067
traffic_ue,91,262,0.4687046408653259,0.45779897199612135
traffic_ue,91,263,0.4276250600814819,0.4734069600642739
traffic_ue,91,264,0.4948941171169281,0.43460149575234835
traffic_ue,91,265,0.3745935261249542,0.49842196758049745
traffic_ue,91,266,0.4215854406356811,0.3840510957580007
traffic_ue,91,267,0.4156372547149658,0.4283213209034529
traffic_ue,91,268,0.4236597418785095,0.4228721308311861
traffic_ue,91,269,0.4115851521492004,0.43083653731727417
traffic_ue,91,270,0.4145330786705017,0.4193720529746695
traffic_ue,91,271,0.4476468563079834,0.4225679178497743
traffic_ue,91,272,0.4035824239253998,0.45361162980206915
traffic_ue,91,273,0.4745951294898987,0.4111783499782338
traffic_ue,91,274,0.4285796582698822,0.4791982594831075
traffic_ue,91,275,0.3348197042942047,0.43560708279043786
traffic_ue,91,276,0.3637581765651703,0.3457412417462812
traffic_ue,91,277,0.3609562516212463,0.3739120694463114
traffic_ue,91,278,0.3255457878112793,0.3710532746302625
traffic_ue,91,279,0.3694737553596496,0.3372831980097345
traffic_ue,91,280,0.3677890598773956,0.37909079416126606
traffic_ue,91,281,0.239094465970993,0.37759044587226903
traffic_ue,91,282,0.2912425994873047,0.2540590297401354
traffic_ue,91,283,0.3792436420917511,0.3044156141703224
traffic_ue,91,284,0.3166014850139618,0.3883670276383606
traffic_ue,91,285,0.3166320025920868,0.32864199908530495
traffic_ue,91,286,0.3425616323947906,0.3285221404282136
traffic_ue,91,287,0.3724188208580017,0.35383615658101414
traffic_ue,91,288,0.3732556402683258,0.3817382170223292
traffic_ue,91,289,0.2920682430267334,0.38268158782739026
traffic_ue,92,0,0.3125549554824829,0.36020919792640643
traffic_ue,92,1,0.330889493227005,0.32475032135729986
traffic_ue,92,2,0.3036400079727173,0.3428530105885481
traffic_ue,92,3,0.3026585280895233,0.3161866058691037
traffic_ue,92,4,0.2908272445201874,0.3149570497600157
traffic_ue,92,5,0.329629123210907,0.30357474355159564
traffic_ue,92,6,0.3261440098285675,0.3413090447052221
traffic_ue,92,7,0.3050097227096557,0.33780158162541835
traffic_ue,92,8,0.3620617389678955,0.31783439149853493
traffic_ue,92,9,0.2968601882457733,0.37190445820930895
traffic_ue,92,10,0.3117637932300567,0.31004702564698305
traffic_ue,92,11,0.3266074955463409,0.3249913632631806
traffic_ue,92,12,0.3800522983074188,0.3381424254891892
traffic_ue,92,13,0.3809046745300293,0.38928365827987044
traffic_ue,92,14,0.4091017246246338,0.3903410226697558
traffic_ue,92,15,0.3750516772270202,0.41701410818236917
traffic_ue,92,16,0.362455815076828,0.38473415445110754
traffic_ue,92,17,0.4642214775085449,0.3730227936323532
traffic_ue,92,18,0.3854866921901703,0.4687534308662295
traffic_ue,92,19,0.4361954927444458,0.39459229711761346
traffic_ue,92,20,0.4803220629692077,0.4431853839520218
traffic_ue,92,21,0.4985918402671814,0.48473504505024334
traffic_ue,92,22,0.433571308851242,0.5019824634310385
traffic_ue,92,23,0.4118295311927795,0.44014806938192136
traffic_ue,92,24,0.4761918187141418,0.41965369543738124
traffic_ue,92,25,0.5045685172080994,0.48145844233449314
traffic_ue,92,26,0.4724557399749756,0.5075083163419271
traffic_ue,92,27,0.4465276300907135,0.47731580337489515
traffic_ue,92,28,0.4976783394813537,0.4526977901367373
traffic_ue,92,29,0.4497480392456054,0.5015616227771876
traffic_ue,92,30,0.5517563819885254,0.45535858700873877
traffic_ue,92,31,0.6052811741828918,0.5532544875350582
traffic_ue,92,32,0.5216898322105408,0.6043228338077963
traffic_ue,92,33,0.564958393573761,0.5245583074295543
traffic_ue,92,34,0.5213345289230347,0.5651940903469029
traffic_ue,92,35,0.5163261294364929,0.5240721226800459
traffic_ue,92,36,0.5441765785217285,0.5191183421615184
traffic_ue,92,37,0.5395926237106323,0.5464049565996434
traffic_ue,92,38,0.5785166621208191,0.5420030086395543
traffic_ue,92,39,0.5386381149291992,0.5789602915707784
traffic_ue,92,40,0.5952948927879333,0.540799060835243
traffic_ue,92,41,0.5482496619224548,0.5948411396666324
traffic_ue,92,42,0.5079012513160706,0.5497265095149638
traffic_ue,92,43,0.5652777552604675,0.5113672137129355
traffic_ue,92,44,0.5339775085449219,0.5663407093490606
traffic_ue,92,45,0.486946702003479,0.535580163147331
traffic_ue,92,46,0.4833990633487701,0.4911737882815408
traffic_ue,92,47,0.4482929408550262,0.4876069592090063
traffic_ue,92,48,0.557784914970398,0.4543242917892778
traffic_ue,92,49,0.5171794891357422,0.5588295763026443
traffic_ue,92,50,0.527927577495575,0.5199285832653553
traffic_ue,92,51,0.5057052373886108,0.5300839803425549
traffic_ue,92,52,0.4330076575279236,0.509530217140742
traffic_ue,92,53,0.4852457344532013,0.4397617324985176
traffic_ue,92,54,0.4663927555084228,0.48955876729245473
traffic_ue,92,55,0.4327657520771026,0.47180722671653647
traffic_ue,92,56,0.491736888885498,0.43963127288448567
traffic_ue,92,57,0.5176200866699219,0.49552349074010754
traffic_ue,92,58,0.5013279318809509,0.5197515813015778
traffic_ue,92,59,0.4590961337089538,0.5041834143793669
traffic_ue,92,60,0.4371730983257293,0.46453200903833586
traffic_ue,92,61,0.3615894317626953,0.4442624272783695
traffic_ue,92,62,0.4458281993865967,0.37120795869325307
traffic_ue,92,63,0.4647913575172424,0.45198408888327024
traffic_ue,92,64,0.4747113883495331,0.47018752140378844
traffic_ue,92,65,0.4756915271282196,0.4791101983544757
traffic_ue,92,66,0.4794052541255951,0.48103304091714727
traffic_ue,92,67,0.4509225189685821,0.48436067490220047
traffic_ue,92,68,0.4323678910732269,0.4569202252951659
traffic_ue,92,69,0.4459791183471679,0.43870778946546196
traffic_ue,92,70,0.474371463060379,0.45282194199884657
traffic_ue,92,71,0.4794295728206634,0.47943239720568037
traffic_ue,92,72,0.408026248216629,0.4842845419933884
traffic_ue,92,73,0.4146957695484161,0.4159433620784371
traffic_ue,92,74,0.4500536918640136,0.42207743989524776
traffic_ue,92,75,0.4603323638439178,0.45584724125419035
traffic_ue,92,76,0.4595049321651459,0.4657057748841226
traffic_ue,92,77,0.4930683970451355,0.46556510008943214
traffic_ue,92,78,0.4425021409988403,0.49708538888190373
traffic_ue,92,79,0.4149848818778991,0.44887570113001235
traffic_ue,92,80,0.4922561645507812,0.42269922384192354
traffic_ue,92,81,0.5042914152145386,0.4964134197336074
traffic_ue,92,82,0.4354115128517151,0.5072948271836659
traffic_ue,92,83,0.4420303106307983,0.44139917733681217
traffic_ue,92,84,0.5056896209716797,0.4486261570826338
traffic_ue,92,85,0.470805287361145,0.509515389790794
traffic_ue,92,86,0.4828558266162872,0.47550068783184757
traffic_ue,92,87,0.4199085831642151,0.48684311409585845
traffic_ue,92,88,0.4077431261539459,0.4273245287249743
traffic_ue,92,89,0.4405902028083801,0.4163691054141616
traffic_ue,92,90,0.4832122325897217,0.4477053178150792
traffic_ue,92,91,0.4773344099521637,0.48733034581473356
traffic_ue,92,92,0.5474831461906433,0.48174951805101074
traffic_ue,92,93,0.524526059627533,0.5495444498758432
traffic_ue,92,94,0.4831506609916687,0.5262589975480638
traffic_ue,92,95,0.5599679946899414,0.4869246054116701
traffic_ue,92,96,0.4463838040828705,0.5607039036210403
traffic_ue,92,97,0.5284120440483093,0.45280928844511265
traffic_ue,92,98,0.5477383136749268,0.5302959106790371
traffic_ue,92,99,0.5250158905982971,0.5490921644518529
traffic_ue,92,100,0.4536436796188354,0.5280635864940723
traffic_ue,92,101,0.5802217125892639,0.4587101084010818
traffic_ue,92,102,0.5970426201820374,0.5805791891761677
traffic_ue,92,103,0.5679214000701904,0.5965005578161544
traffic_ue,92,104,0.588396430015564,0.5683050504076921
traffic_ue,92,105,0.5564331412315369,0.5880431856469818
traffic_ue,92,106,0.6108783483505249,0.5584391104954591
traffic_ue,92,107,0.5988049507141113,0.6093891366499584
traffic_ue,92,108,0.6422048807144165,0.5982730640634809
traffic_ue,92,109,0.6571477651596069,0.6401250289237616
traffic_ue,92,110,0.5972982048988342,0.653519096041544
traffic_ue,92,111,0.6413525938987732,0.5969416739930705
traffic_ue,92,112,0.6536284685134888,0.6381747439729493
traffic_ue,92,113,0.651150107383728,0.650177622567007
traffic_ue,92,114,0.5556989908218384,0.6477252653466838
traffic_ue,92,115,0.6555888056755066,0.5561544900240476
traffic_ue,92,116,0.6434580683708191,0.6527830789376012
traffic_ue,92,117,0.6846674084663391,0.6403226671824678
traffic_ue,92,118,0.7223020195960999,0.679400168563737
traffic_ue,92,119,0.6543990969657898,0.7162246275573204
traffic_ue,92,120,0.6564227938652039,0.6510085354996977
traffic_ue,92,121,0.7741261124610901,0.6530788131972749
traffic_ue,92,122,0.7170898914337158,0.7654797618535668
traffic_ue,92,123,0.6808886528015137,0.7108789667185744
traffic_ue,92,124,0.713467001914978,0.6763084601659713
traffic_ue,92,125,0.7499315142631531,0.7069926319913524
traffic_ue,92,126,0.7064972519874573,0.7422100008655981
traffic_ue,92,127,0.6902157664299011,0.7013176667507574
traffic_ue,92,128,0.721052885055542,0.6851146815837821
traffic_ue,92,129,0.7473689317703247,0.7148897750985755
traffic_ue,92,130,0.7361505627632141,0.7393800093394005
traffic_ue,92,131,0.6914896368980408,0.7289765396312294
traffic_ue,92,132,0.7394295930862427,0.6865226315260086
traffic_ue,92,133,0.6653090715408325,0.7321891097975497
traffic_ue,92,134,0.7699266672134399,0.6613672504124031
traffic_ue,92,135,0.7324583530426025,0.7616413405968727
traffic_ue,92,136,0.7530220746994019,0.7254708900414288
traffic_ue,92,137,0.7542858719825745,0.7455909040569978
traffic_ue,92,138,0.7173731923103333,0.7459970615144284
traffic_ue,92,139,0.7295317649841309,0.7111479529563712
traffic_ue,92,140,0.7198168039321899,0.7230394566470029
traffic_ue,92,141,0.7401291131973267,0.7135177050795056
traffic_ue,92,142,0.7423326373100281,0.7328532845265173
traffic_ue,92,143,0.7369126081466675,0.7348958574646212
traffic_ue,92,144,0.6596702337265015,0.7298489145946503
traffic_ue,92,145,0.7571747899055481,0.6558644977948067
traffic_ue,92,146,0.7831240296363831,0.7496330135192628
traffic_ue,92,147,0.7397933602333069,0.7742710889542014
traffic_ue,92,148,0.6924680471420288,0.7328817763999883
traffic_ue,92,149,0.7124319672584534,0.6872035475457693
traffic_ue,92,150,0.7402715682983398,0.7065060097493331
traffic_ue,92,151,0.6862058043479919,0.7327900959944585
traffic_ue,92,152,0.6999684572219849,0.681803449176672
traffic_ue,92,153,0.6965439319610596,0.6938288624450697
traffic_ue,92,154,0.6728085875511169,0.6917184342629903
traffic_ue,92,155,0.6998183727264404,0.6695296702487551
traffic_ue,92,156,0.6926833987236023,0.6944801440478606
traffic_ue,92,157,0.6806445121765137,0.6876064634890408
traffic_ue,92,158,0.669566810131073,0.6755309299359394
traffic_ue,92,159,0.6783827543258667,0.6656082994605302
traffic_ue,92,160,0.698540449142456,0.6748221852861038
traffic_ue,92,161,0.6500051617622375,0.6934156256831528
traffic_ue,92,162,0.6155052185058594,0.6471838971395489
traffic_ue,92,163,0.6286365985870361,0.6131372717312299
traffic_ue,92,164,0.639382004737854,0.6271927141226066
traffic_ue,92,165,0.6272913217544556,0.6366510047228581
traffic_ue,92,166,0.631189227104187,0.624724737561628
traffic_ue,92,167,0.5939427614212036,0.6282272437273655
traffic_ue,92,168,0.5742772817611694,0.5934084946097573
traffic_ue,92,169,0.6125847101211548,0.574935118803411
traffic_ue,92,170,0.645533561706543,0.6115550048529823
traffic_ue,92,171,0.6259866952896118,0.6438312437332137
traffic_ue,92,172,0.5973199009895325,0.6238333112159979
traffic_ue,92,173,0.6254288554191589,0.5961188797863417
traffic_ue,92,174,0.6465878486633301,0.6234524921441206
traffic_ue,92,175,0.5935615301132202,0.6439888655970912
traffic_ue,92,176,0.5553452372550964,0.5934434174848827
traffic_ue,92,177,0.5808828473091125,0.5569596734525413
traffic_ue,92,178,0.6480839848518372,0.580462746843979
traffic_ue,92,179,0.6529452204704285,0.6457070734356671
traffic_ue,92,180,0.6066171526908875,0.6492808406407758
traffic_ue,92,181,0.6143375039100647,0.6053432508670148
traffic_ue,92,182,0.5697445273399353,0.612475062193684
traffic_ue,92,183,0.6166008114814758,0.5708794526611385
traffic_ue,92,184,0.6277559995651245,0.6147232320910593
traffic_ue,92,185,0.580108106136322,0.6252155475258961
traffic_ue,92,186,0.5887923836708069,0.579677540412423
traffic_ue,92,187,0.6182952523231506,0.588270298297261
traffic_ue,92,188,0.6377654671669006,0.6166297246367992
traffic_ue,92,189,0.6071164608001709,0.6352649818732095
traffic_ue,92,190,0.5782322287559509,0.605221992947889
traffic_ue,92,191,0.6260243654251099,0.5782437273419783
traffic_ue,92,192,0.5837519764900208,0.6239683007810921
traffic_ue,92,193,0.6502257585525513,0.5832365159567265
traffic_ue,92,194,0.6119853854179382,0.6466491763971863
traffic_ue,92,195,0.6823462247848511,0.6110851856818394
traffic_ue,92,196,0.7153211832046509,0.6780396637870948
traffic_ue,92,197,0.6464857459068298,0.709150016440711
traffic_ue,92,198,0.6834482550621033,0.6436438648235044
traffic_ue,92,199,0.6904686093330383,0.6793836791147698
traffic_ue,92,200,0.6102909445762634,0.6850570803464414
traffic_ue,92,201,0.6711696982383728,0.6089306360665621
traffic_ue,92,202,0.7300640344619751,0.6674774766662841
traffic_ue,92,203,0.720229983329773,0.7232471631064413
traffic_ue,92,204,0.7070738673210144,0.7144557328837836
traffic_ue,92,205,0.6847130060195923,0.700575250078463
traffic_ue,92,206,0.6752402186393738,0.6800884105426651
traffic_ue,92,207,0.7324406504631042,0.6712927102243141
traffic_ue,92,208,0.6695543527603149,0.7248091335578276
traffic_ue,92,209,0.7272505164146423,0.6652988030528901
traffic_ue,92,210,0.7572809457778931,0.721171143586329
traffic_ue,92,211,0.751184344291687,0.7496345827153308
traffic_ue,92,212,0.7218673229217529,0.7438460305699893
traffic_ue,92,213,0.6638355255126953,0.715762283841235
traffic_ue,92,214,0.7158007621765137,0.6598193255393293
traffic_ue,92,215,0.7658156752586365,0.7097045860535698
traffic_ue,92,216,0.7479956150054932,0.7572915662943682
traffic_ue,92,217,0.7709173560142517,0.7405207530502194
traffic_ue,92,218,0.7576894164085388,0.7629788631428099
traffic_ue,92,219,0.7209943532943726,0.7497247456410214
traffic_ue,92,220,0.7282865643501282,0.714734978004925
traffic_ue,92,221,0.7278344631195068,0.7216587279083069
traffic_ue,92,222,0.722107470035553,0.7213286932958338
traffic_ue,92,223,0.7802086472511292,0.7157918511357593
traffic_ue,92,224,0.7246715426445007,0.7713045694792747
traffic_ue,92,225,0.7880830764770508,0.7181767547602574
traffic_ue,92,226,0.7403304576873779,0.7793764561750882
traffic_ue,92,227,0.7002586126327515,0.7334909581987241
traffic_ue,92,228,0.7889419794082642,0.6944020253542657
traffic_ue,92,229,0.7435036897659302,0.7796958462831521
traffic_ue,92,230,0.7552477717399597,0.7359085161040886
traffic_ue,92,231,0.7633656859397888,0.7471088040153278
traffic_ue,92,232,0.7646224498748779,0.7550645929685119
traffic_ue,92,233,0.7464272975921631,0.7568035806346747
traffic_ue,92,234,0.7113569974899292,0.7382875084376704
traffic_ue,92,235,0.7474701404571533,0.7053861332714727
traffic_ue,92,236,0.7646076679229736,0.7402202753579813
traffic_ue,92,237,0.7600948810577393,0.7559957629633489
traffic_ue,92,238,0.818465530872345,0.7524551695946268
traffic_ue,92,239,0.7275264263153076,0.8082237446141531
traffic_ue,92,240,0.7130575180053711,0.7204904954354804
traffic_ue,92,241,0.706713080406189,0.7066038385022584
traffic_ue,92,242,0.6655715107917786,0.7011753098845562
traffic_ue,92,243,0.6709607243537903,0.6620133204329035
traffic_ue,92,244,0.6347637176513672,0.6671302275813645
traffic_ue,92,245,0.6540298461914062,0.6323652934717815
traffic_ue,92,246,0.6353552937507629,0.6503602737608034
traffic_ue,92,247,0.6965526342391968,0.6330758126304267
traffic_ue,92,248,0.6627568602561951,0.6913298055207853
traffic_ue,92,249,0.6190190315246582,0.6588943859548977
traffic_ue,92,250,0.6050046682357788,0.6179618810726286
traffic_ue,92,251,0.6135818958282471,0.6037130192676625
traffic_ue,92,252,0.5919758677482605,0.6121049134067212
traffic_ue,92,253,0.5808786749839783,0.5913425385688851
traffic_ue,92,254,0.5897346138954163,0.580111505440915
traffic_ue,92,255,0.5760746002197266,0.5893137537144709
traffic_ue,92,256,0.5405630469322205,0.5762943423806061
traffic_ue,92,257,0.5740175843238831,0.5413368330300222
traffic_ue,92,258,0.4735900461673736,0.5739939835746474
traffic_ue,92,259,0.5115355849266052,0.4786408523649864
traffic_ue,92,260,0.5010155439376831,0.5144706316618741
traffic_ue,92,261,0.4954988956451416,0.5053751532046936
traffic_ue,92,262,0.5248240232467651,0.4992442449028869
traffic_ue,92,263,0.4758586287498474,0.5281790823077365
traffic_ue,92,264,0.4773406982421875,0.48079480790962453
traffic_ue,92,265,0.4527903795242309,0.4817058771921396
traffic_ue,92,266,0.4363897144794464,0.45904098641005625
traffic_ue,92,267,0.4504190981388092,0.4429232893177149
traffic_ue,92,268,0.4713031649589538,0.45678952123198163
traffic_ue,92,269,0.4646706581115722,0.4761222428908047
traffic_ue,92,270,0.4731732904911041,0.4696760293915946
traffic_ue,92,271,0.3775933682918548,0.4779970974678295
traffic_ue,92,272,0.4309587180614471,0.3871970302549267
traffic_ue,92,273,0.4142498075962066,0.43717137355231206
traffic_ue,92,274,0.3467016220092773,0.4216044001137418
traffic_ue,92,275,0.3958741426467895,0.3566755095170796
traffic_ue,92,276,0.3713594377040863,0.40346266175476786
traffic_ue,92,277,0.4053693413734436,0.38112925373702256
traffic_ue,92,278,0.3528454899787903,0.4140656519187526
traffic_ue,92,279,0.3627774715423584,0.3629554425880037
traffic_ue,92,280,0.3684380948543548,0.373179363184502
traffic_ue,92,281,0.3965722918510437,0.37810746355431507
traffic_ue,92,282,0.3455111384391784,0.40526659736601733
traffic_ue,92,283,0.3647503554821014,0.35614051571866023
traffic_ue,92,284,0.3239858746528625,0.3747052812627343
traffic_ue,92,285,0.2677780389785766,0.3356532699684369
traffic_ue,92,286,0.4107605516910553,0.2817397806681375
traffic_ue,92,287,0.3867579102516174,0.41928367775847625
traffic_ue,92,288,0.3365193009376526,0.39535278029326876
traffic_ue,92,289,0.3157074749469757,0.3474045725116839
traffic_ue,93,0,0.3246715664863586,0.3337238443922574
traffic_ue,93,1,0.3072186112403869,0.3354113096852835
traffic_ue,93,2,0.2695581912994385,0.3200308920428473
traffic_ue,93,3,0.411451518535614,0.2838764881014976
traffic_ue,93,4,0.2849099934101105,0.41993973140073576
traffic_ue,93,5,0.3005172908306122,0.2980060909728086
traffic_ue,93,6,0.3209386169910431,0.3130232278567951
traffic_ue,93,7,0.379187673330307,0.33256153861656407
traffic_ue,93,8,0.387524276971817,0.38831388686889057
traffic_ue,93,9,0.3481588661670685,0.3960308125891177
traffic_ue,93,10,0.3419484496116638,0.3589521274300225
traffic_ue,93,11,0.2633683085441589,0.35350201379333845
traffic_ue,93,12,0.350995123386383,0.27755286528187184
traffic_ue,93,13,0.2799334526062011,0.3612481828118914
traffic_ue,93,14,0.3843819200992584,0.2934298392773863
traffic_ue,93,15,0.2589358687400818,0.3932456785147567
traffic_ue,93,16,0.3864648938179016,0.27393972495283914
traffic_ue,93,17,0.3496066927909851,0.3943800096117535
traffic_ue,93,18,0.3758545517921448,0.3603764096222181
traffic_ue,93,19,0.4087136089801788,0.3849507357828553
traffic_ue,93,20,0.3966843783855438,0.4175386087121458
traffic_ue,93,21,0.2749979197978973,0.40512496331776676
traffic_ue,93,22,0.4271882176399231,0.28879330069599707
traffic_ue,93,23,0.417284607887268,0.43433556034609855
traffic_ue,93,24,0.3395081758499145,0.4252300290944021
traffic_ue,93,25,0.4412099719047546,0.349845534113178
traffic_ue,93,26,0.3839943408966064,0.44809532553639236
traffic_ue,93,27,0.3663212060928345,0.39262962586110944
traffic_ue,93,28,0.4227142035961151,0.3754525886579543
traffic_ue,93,29,0.3872527480125427,0.429442661094612
traffic_ue,93,30,0.3814188539981842,0.3963683404236107
traffic_ue,93,31,0.3814626038074493,0.3907796102418264
traffic_ue,93,32,0.4441110491752624,0.39082114945885615
traffic_ue,93,33,0.4685644209384918,0.4508002056364857
traffic_ue,93,34,0.4493121206760406,0.4738691621427952
traffic_ue,93,35,0.4924190044403076,0.4554904201042993
traffic_ue,93,36,0.3821598887443542,0.49686570012567033
traffic_ue,93,37,0.413445770740509,0.39183048184997393
traffic_ue,93,38,0.4915878772735595,0.4214363266335963
traffic_ue,93,39,0.4328081309795379,0.4953820083932757
traffic_ue,93,40,0.4537620842456817,0.4398203447056472
traffic_ue,93,41,0.5213326215744019,0.45971553572420953
traffic_ue,93,42,0.5279552340507507,0.5242191459477289
traffic_ue,93,43,0.4795304834842682,0.5308047992608319
traffic_ue,93,44,0.4746552407741546,0.484380353838663
traffic_ue,93,45,0.4728211164474487,0.479404167703542
traffic_ue,93,46,0.5007501840591431,0.47805960940058695
traffic_ue,93,47,0.5177371501922607,0.5044286416467504
traffic_ue,93,48,0.5239319205284119,0.5202100097306014
traffic_ue,93,49,0.462747186422348,0.5259429362043132
traffic_ue,93,50,0.5490244030952454,0.4681474154456642
traffic_ue,93,51,0.4542916119098663,0.5503628817047973
traffic_ue,93,52,0.5233871936798096,0.4603175302197264
traffic_ue,93,53,0.47215336561203,0.5259218474763095
traffic_ue,93,54,0.5478606224060059,0.47747521012187133
traffic_ue,93,55,0.5764244794845581,0.5496051844733927
traffic_ue,93,56,0.5222448110580444,0.5764280972753374
traffic_ue,93,57,0.5838541984558105,0.5251348556960026
traffic_ue,93,58,0.528579831123352,0.5839289098135433
traffic_ue,93,59,0.6128796339035034,0.5318443393909801
traffic_ue,93,60,0.5630875825881958,0.6116365810582021
traffic_ue,93,61,0.6162073612213135,0.5639635333318803
traffic_ue,93,62,0.5193185806274414,0.6154411132084494
traffic_ue,93,63,0.558316707611084,0.522802984687024
traffic_ue,93,64,0.5583046078681946,0.5593841099159255
traffic_ue,93,65,0.5403078198432922,0.5591741758937327
traffic_ue,93,66,0.5609267354011536,0.5419378961027962
traffic_ue,93,67,0.5798018574714661,0.5628544863882443
traffic_ue,93,68,0.5989722013473511,0.5798828800322893
traffic_ue,93,69,0.5689849257469177,0.5982830296078425
traffic_ue,93,70,0.5520003437995911,0.5691660039717782
traffic_ue,93,71,0.5267742872238159,0.5531884539498464
traffic_ue,93,72,0.5480390787124634,0.5287905179153848
traffic_ue,93,73,0.5351527333259583,0.5490800639372534
traffic_ue,93,74,0.5651351809501648,0.5369440631898623
traffic_ue,93,75,0.6380947232246399,0.5659572819700743
traffic_ue,93,76,0.5779512524604797,0.6359744925780292
traffic_ue,93,77,0.5903202295303345,0.578076171056607
traffic_ue,93,78,0.5208715796470642,0.5896713336818902
traffic_ue,93,79,0.5374855995178223,0.5232356740136485
traffic_ue,93,80,0.5398553013801575,0.5393078884606463
traffic_ue,93,81,0.594731330871582,0.541409019684122
traffic_ue,93,82,0.5205287337303162,0.5938595507057467
traffic_ue,93,83,0.6111792325973511,0.5236543226386703
traffic_ue,93,84,0.551971435546875,0.6099724862881263
traffic_ue,93,85,0.5322346687316895,0.5536075090997284
traffic_ue,93,86,0.5335198044776917,0.5343222769300452
traffic_ue,93,87,0.5717525482177734,0.5353440316264323
traffic_ue,93,88,0.5017876029014587,0.5722402866211239
traffic_ue,93,89,0.5408113598823547,0.505215196089764
traffic_ue,93,90,0.5974142551422119,0.5421183247657655
traffic_ue,93,91,0.534713864326477,0.5966549691335232
traffic_ue,93,92,0.5675272345542908,0.5366762036236956
traffic_ue,93,93,0.6013309955596924,0.5674842985786849
traffic_ue,93,94,0.5603840351104736,0.6002249700818076
traffic_ue,93,95,0.594107985496521,0.5615950364724699
traffic_ue,93,96,0.6202180981636047,0.5932180903385721
traffic_ue,93,97,0.5761403441429138,0.6175624073899828
traffic_ue,93,98,0.6277679204940796,0.5774482154979934
traffic_ue,93,99,0.6164828538894653,0.6253757003553652
traffic_ue,93,100,0.5776507258415222,0.6141151205262322
traffic_ue,93,101,0.620549201965332,0.5782869435985915
traffic_ue,93,102,0.5542584657669067,0.6186209523732559
traffic_ue,93,103,0.561909556388855,0.5550844203641994
traffic_ue,93,104,0.5962015390396118,0.5630930875603037
traffic_ue,93,105,0.6266801357269287,0.5954043063742515
traffic_ue,93,106,0.6346930265426636,0.6243428792234923
traffic_ue,93,107,0.6381461024284363,0.6318020601073694
traffic_ue,93,108,0.6820062398910522,0.6359736642773094
traffic_ue,93,109,0.69412761926651,0.6773695777672105
traffic_ue,93,110,0.6600255966186523,0.6895730473614256
traffic_ue,93,111,0.6710206270217896,0.6567972418624215
traffic_ue,93,112,0.6942763328552246,0.6668398235874384
traffic_ue,93,113,0.6655746102333069,0.6885731842236913
traffic_ue,93,114,0.7511836886405945,0.6614209262988275
traffic_ue,93,115,0.76773601770401,0.7435477395642184
traffic_ue,93,116,0.7666764855384827,0.7583707063858477
traffic_ue,93,117,0.7654839754104614,0.7583073271711767
traffic_ue,93,118,0.8420646786689758,0.7572742950737654
traffic_ue,93,119,0.793950080871582,0.8302335823494765
traffic_ue,93,120,0.8405903577804565,0.7849966237343385
traffic_ue,93,121,0.8867921829223633,0.8284368646986617
traffic_ue,93,122,0.8843991160392761,0.8730979846646144
traffic_ue,93,123,0.8884792923927307,0.8706770005257104
traffic_ue,93,124,0.9511812925338744,0.8748982934510752
traffic_ue,93,125,0.9120988845825196,0.9337375244503757
traffic_ue,93,126,0.9111210107803344,0.897522879531274
traffic_ue,93,127,0.9408727288246156,0.8956021875002741
traffic_ue,93,128,0.9117013812065125,0.9243467236007443
traffic_ue,93,129,0.9184918403625488,0.8962028443586225
traffic_ue,93,130,0.9453369975090028,0.902848640559382
traffic_ue,93,131,1.0,0.9287838671815803
traffic_ue,93,132,0.9700133204460144,0.9809825236262666
traffic_ue,93,133,0.9727442860603333,0.9525110123003871
traffic_ue,93,134,0.9975483417510986,0.9543102049447246
traffic_ue,93,135,0.9240598678588868,0.9785059086285882
traffic_ue,93,136,0.9669817090034484,0.9083833835935791
traffic_ue,93,137,0.9424473643302916,0.9495333594227465
traffic_ue,93,138,0.9443143606185912,0.9263379099952611
traffic_ue,93,139,0.8724431395530701,0.9281105706151873
traffic_ue,93,140,0.9116356372833252,0.859325136131184
traffic_ue,93,141,0.9203338027000428,0.897083039211443
traffic_ue,93,142,0.9182479977607728,0.9051928691119306
traffic_ue,93,143,0.8360729813575745,0.9024682846053039
traffic_ue,93,144,0.9079408049583436,0.8240981310511372
traffic_ue,93,145,0.920019507408142,0.893277231048893
traffic_ue,93,146,0.9197061061859132,0.9039022262678426
traffic_ue,93,147,0.9032829403877258,0.9039519404933384
traffic_ue,93,148,0.8952059745788574,0.8881601594639779
traffic_ue,93,149,0.9616492390632628,0.8806897525848705
traffic_ue,93,150,0.8679967522621155,0.9441230488546065
traffic_ue,93,151,0.9168244004249572,0.8545080791207076
traffic_ue,93,152,0.8647072911262512,0.9016623444095931
traffic_ue,93,153,0.8388491272926331,0.8522778334682592
traffic_ue,93,154,0.9067066311836244,0.8270316722489992
traffic_ue,93,155,0.905709743499756,0.891460469278695
traffic_ue,93,156,0.8687098026275635,0.8914069578287247
traffic_ue,93,157,0.9084049463272096,0.85573082599975
traffic_ue,93,158,0.846441388130188,0.893122583295915
traffic_ue,93,159,0.8531013131141663,0.8345875909033142
traffic_ue,93,160,0.897523045539856,0.8403652773596364
traffic_ue,93,161,0.9393246173858644,0.8836835291076878
traffic_ue,93,162,0.9113783836364746,0.9221326639944257
traffic_ue,93,163,0.8657342791557312,0.8955984987401847
traffic_ue,93,164,0.8087684512138367,0.8527072042496421
traffic_ue,93,165,0.7908570766448975,0.7981236339613856
traffic_ue,93,166,0.7806829214096069,0.7815141774046357
traffic_ue,93,167,0.8602012395858765,0.7719037137344938
traffic_ue,93,168,0.7881930470466614,0.8478010182373714
traffic_ue,93,169,0.8608314394950867,0.778587864696715
traffic_ue,93,170,0.7578915953636169,0.8475063699282578
traffic_ue,93,171,0.7058851718902588,0.7498670974752953
traffic_ue,93,172,0.7490810751914978,0.7003396225516506
traffic_ue,93,173,0.7285450100898743,0.741501755643574
traffic_ue,93,174,0.649836003780365,0.7219041148906521
traffic_ue,93,175,0.7335176467895508,0.6468744521377029
traffic_ue,93,176,0.663878321647644,0.7256828771260673
traffic_ue,93,177,0.7421642541885376,0.6599591820971544
traffic_ue,93,178,0.6207563877105713,0.7345871481709786
traffic_ue,93,179,0.6312210559844971,0.6185200009448459
traffic_ue,93,180,0.6789365410804749,0.6295473611182438
traffic_ue,93,181,0.6573914885520935,0.6744549848295348
traffic_ue,93,182,0.6116635799407959,0.6538993388097447
traffic_ue,93,183,0.6779277920722961,0.6098866349552862
traffic_ue,93,184,0.6455042362213135,0.6728522575536241
traffic_ue,93,185,0.6557747721672058,0.6435057315239121
traffic_ue,93,186,0.6194894313812256,0.6521658662839274
traffic_ue,93,187,0.6269788146018982,0.6179123984060325
traffic_ue,93,188,0.6646344065666199,0.6256683061315398
traffic_ue,93,189,0.5797130465507507,0.6606770635249796
traffic_ue,93,190,0.6049313545227051,0.5804435049343749
traffic_ue,93,191,0.6490410566329956,0.6037426327808362
traffic_ue,93,192,0.6565114855766296,0.6459708378721015
traffic_ue,93,193,0.6084153056144714,0.6529645778344793
traffic_ue,93,194,0.6626339554786682,0.607199380884427
traffic_ue,93,195,0.6323467493057251,0.6588769141430457
traffic_ue,93,196,0.6614627838134766,0.6298720041505381
traffic_ue,93,197,0.630229651927948,0.6579137537316083
traffic_ue,93,198,0.6483802199363708,0.6277130453179668
traffic_ue,93,199,0.7142625451087952,0.6450953348908339
traffic_ue,93,200,0.6178604364395142,0.707896812186341
traffic_ue,93,201,0.6724156737327576,0.6161672677348361
traffic_ue,93,202,0.6138863563537598,0.6684124383880161
traffic_ue,93,203,0.7107008695602417,0.6119970988265082
traffic_ue,93,204,0.6120030879974365,0.7044654897184575
traffic_ue,93,205,0.6883769035339355,0.610407433989938
traffic_ue,93,206,0.7061772346496582,0.6829222301057702
traffic_ue,93,207,0.6363153457641602,0.7004680937097186
traffic_ue,93,208,0.7054921984672546,0.6338385208528726
traffic_ue,93,209,0.6513168215751648,0.6991727226840655
traffic_ue,93,210,0.6451990008354187,0.6489750069022845
traffic_ue,93,211,0.6671044230461121,0.6412314625283616
traffic_ue,93,212,0.6600446105003357,0.66351838904514
traffic_ue,93,213,0.7645328044891357,0.6555253982482822
traffic_ue,93,214,0.6712592244148254,0.7565200191991905
traffic_ue,93,215,0.6928644180297852,0.6672151993629082
traffic_ue,93,216,0.6986470222473145,0.6871333878631746
traffic_ue,93,217,0.6904273629188538,0.6926734198211794
traffic_ue,93,218,0.6825774312019348,0.6851171408606533
traffic_ue,93,219,0.697942316532135,0.6782591877964392
traffic_ue,93,220,0.734121561050415,0.691905098678727
traffic_ue,93,221,0.7286681532859802,0.7267523909203827
traffic_ue,93,222,0.7717456221580505,0.7215745331769065
traffic_ue,93,223,0.7035379409790039,0.7630211074108278
traffic_ue,93,224,0.7818832397460938,0.6977637127270021
traffic_ue,93,225,0.729461133480072,0.7723488225399889
traffic_ue,93,226,0.7279280424118042,0.7220793885642695
traffic_ue,93,227,0.7437655925750732,0.7213679327957367
traffic_ue,93,228,0.7654086947441101,0.7361075740629729
traffic_ue,93,229,0.6786015629768372,0.7571532067782384
traffic_ue,93,230,0.6568789482116699,0.6744346009973017
traffic_ue,93,231,0.6786521077156067,0.6538591988547493
traffic_ue,93,232,0.6756248474121094,0.6752267630179597
traffic_ue,93,233,0.7246851325035095,0.6717075158718641
traffic_ue,93,234,0.6300336718559265,0.7184377150198261
traffic_ue,93,235,0.6600101590156555,0.6283703617718411
traffic_ue,93,236,0.664368748664856,0.6558895788409547
traffic_ue,93,237,0.6110183596611023,0.6612682228334753
traffic_ue,93,238,0.6600955128669739,0.608877125082244
traffic_ue,93,239,0.6462810039520264,0.6569132367934626
traffic_ue,93,240,0.5851793885231018,0.6434494680789574
traffic_ue,93,241,0.6662944555282593,0.5847406378952211
traffic_ue,93,242,0.5598138570785522,0.6625012905311631
traffic_ue,93,243,0.628908097743988,0.5599622173145873
traffic_ue,93,244,0.6159567832946777,0.6265078780942916
traffic_ue,93,245,0.5193287134170532,0.6142605796297743
traffic_ue,93,246,0.6042383313179016,0.5225645484170711
traffic_ue,93,247,0.6026129126548767,0.6025389011292078
traffic_ue,93,248,0.5649780035018921,0.600846777448243
traffic_ue,93,249,0.5753042697906494,0.5654607664932835
traffic_ue,93,250,0.5542327761650085,0.5761086607934065
traffic_ue,93,251,0.5665407776832581,0.5544646918407155
traffic_ue,93,252,0.534710705280304,0.5668453539261027
traffic_ue,93,253,0.5367404222488403,0.5369212612674803
traffic_ue,93,254,0.4582786560058594,0.5389476434379619
traffic_ue,93,255,0.5092834234237671,0.46316049991672614
traffic_ue,93,256,0.5199764370918274,0.5130268272665619
traffic_ue,93,257,0.4952562749385834,0.522286538431945
traffic_ue,93,258,0.4656095206737518,0.49970844314048024
traffic_ue,93,259,0.4570486843585968,0.47096434437730367
traffic_ue,93,260,0.4696543216705322,0.4625880132963963
traffic_ue,93,261,0.3941805362701416,0.47480476949617806
traffic_ue,93,262,0.4829345643520355,0.40244996696050545
traffic_ue,93,263,0.4362332820892334,0.4881581587156121
traffic_ue,93,264,0.4842546880245209,0.44322126387517835
traffic_ue,93,265,0.4402693212032318,0.48836973943060763
traffic_ue,93,266,0.4705670773983001,0.447549483971134
traffic_ue,93,267,0.3919701278209686,0.47557218263564704
traffic_ue,93,268,0.4534683525562286,0.40089697167705296
traffic_ue,93,269,0.4315071105957031,0.45948625713604196
traffic_ue,93,270,0.4577511548995971,0.4384858395076429
traffic_ue,93,271,0.3837091326713562,0.4636022692731837
traffic_ue,93,272,0.3850222826004028,0.39345027975523833
traffic_ue,93,273,0.3761337101459503,0.3944986331328296
traffic_ue,93,274,0.4137390255928039,0.3855630687087627
traffic_ue,93,275,0.3430439233779907,0.4214170954087164
traffic_ue,93,276,0.3695440292358398,0.3535002957222503
traffic_ue,93,277,0.3537282645702362,0.3788102373386795
traffic_ue,93,278,0.4146186709403991,0.3638432237210127
traffic_ue,93,279,0.3576532006263733,0.4214585113760144
traffic_ue,93,280,0.3799569010734558,0.36856206871824554
traffic_ue,93,281,0.3051396012306213,0.38929230410924365
traffic_ue,93,282,0.3552770018577575,0.3173127591312361
traffic_ue,93,283,0.4116521179676056,0.3653633177584828
traffic_ue,93,284,0.3017443120479584,0.4193860237274283
traffic_ue,93,285,0.322290688753128,0.31403941585182515
traffic_ue,93,286,0.4201291501522064,0.33444062980566797
traffic_ue,93,287,0.344759464263916,0.42758356230866235
traffic_ue,93,288,0.3846639096736908,0.3550299308570415
traffic_ue,93,289,0.3328503668308258,0.3947040936416815
traffic_ue,94,0,0.2495006024837494,0.3179185299474316
traffic_ue,94,1,0.3548376858234405,0.2647827585781603
traffic_ue,94,2,0.3614366948604584,0.3651942565730905
traffic_ue,94,3,0.3365260362625122,0.3717574990824554
traffic_ue,94,4,0.3030116558074951,0.3475101903415757
traffic_ue,94,5,0.2628867924213409,0.315689225936798
traffic_ue,94,6,0.3672299981117248,0.2774429591236718
traffic_ue,94,7,0.324889063835144,0.37691079816170264
traffic_ue,94,8,0.3256235122680664,0.33665965701077694
traffic_ue,94,9,0.3238775134086609,0.3374066066157495
traffic_ue,94,10,0.3258032202720642,0.33495504703893075
traffic_ue,94,11,0.3088614344596863,0.33757723432602876
traffic_ue,94,12,0.3571118414402008,0.32109459248112454
traffic_ue,94,13,0.265837162733078,0.3670558350740552
traffic_ue,94,14,0.3174513280391693,0.2802938644119121
traffic_ue,94,15,0.2655582726001739,0.32994501534483167
traffic_ue,94,16,0.3067983388900757,0.279880231809859
traffic_ue,94,17,0.3341214060783386,0.3193341867483976
traffic_ue,94,18,0.3522883951663971,0.3455743413116326
traffic_ue,94,19,0.2751322090625763,0.3624761081000455
traffic_ue,94,20,0.3372905850410461,0.2891192502425921
traffic_ue,94,21,0.2683822214603424,0.3484345536223308
traffic_ue,94,22,0.3476073741912842,0.28251188064723215
traffic_ue,94,23,0.3580464720726013,0.3582796670226752
traffic_ue,94,24,0.3303723931312561,0.3683897433750217
traffic_ue,94,25,0.3267540633678436,0.3421139814790346
traffic_ue,94,26,0.359754353761673,0.3378350848003655
traffic_ue,94,27,0.3321475386619568,0.37001132914500084
traffic_ue,94,28,0.2857136130332947,0.34350176389692855
traffic_ue,94,29,0.3681200742721557,0.29916599658053306
traffic_ue,94,30,0.3138631582260132,0.3774582320323539
traffic_ue,94,31,0.35507732629776,0.32594281176269896
traffic_ue,94,32,0.357915461063385,0.3655210113110806
traffic_ue,94,33,0.3633271753787994,0.3679180721983346
traffic_ue,94,34,0.3168783783912658,0.3730563431811672
traffic_ue,94,35,0.3915082812309265,0.32890490158218794
traffic_ue,94,36,0.3150481581687927,0.40001195856611466
traffic_ue,94,37,0.3117082715034485,0.3269191017359224
traffic_ue,94,38,0.2886289060115814,0.3237975844208785
traffic_ue,94,39,0.3998647034168243,0.3021820425799591
traffic_ue,94,40,0.4228975474834442,0.40839264981926804
traffic_ue,94,41,0.3656392693519592,0.43046013501058156
traffic_ue,94,42,0.3408117592334747,0.37584694853797035
traffic_ue,94,43,0.3909141719341278,0.35192664401616036
traffic_ue,94,44,0.3495940864086151,0.39994398258837094
traffic_ue,94,45,0.3873374164104461,0.3599675489044161
traffic_ue,94,46,0.4124954044818878,0.396101450795728
traffic_ue,94,47,0.4107820689678192,0.41934330658819174
traffic_ue,94,48,0.3259154260158539,0.41890721649809876
traffic_ue,94,49,0.430097371339798,0.33763415911928574
traffic_ue,94,50,0.3491614162921905,0.43749461151455765
traffic_ue,94,51,0.3607107400894165,0.35945751793434
traffic_ue,94,52,0.426375538110733,0.3711178367990673
traffic_ue,94,53,0.4356000125408172,0.43361355533685414
traffic_ue,94,54,0.3855431675910949,0.4416773753333695
traffic_ue,94,55,0.4208333194255829,0.39509242165223024
traffic_ue,94,56,0.358949214220047,0.4284009855285737
traffic_ue,94,57,0.4215672612190246,0.36889959183124615
traffic_ue,94,58,0.4082353115081787,0.42884978561012194
traffic_ue,94,59,0.4127233624458313,0.4158938047415048
traffic_ue,94,60,0.4689920842647552,0.42075042021615533
traffic_ue,94,61,0.480623334646225,0.47372949092522015
traffic_ue,94,62,0.404612123966217,0.48497148264516055
traffic_ue,94,63,0.4850811958312988,0.4126521354303866
traffic_ue,94,64,0.4571821093559265,0.4892537082433604
traffic_ue,94,65,0.4724390804767608,0.4627643080036571
traffic_ue,94,66,0.5314887762069702,0.4765558144399067
traffic_ue,94,67,0.5209657549858093,0.5346063011728935
traffic_ue,94,68,0.6066104769706726,0.5236723707541988
traffic_ue,94,69,0.5870649814605713,0.6049400211466167
traffic_ue,94,70,0.5850062370300293,0.5866797897537545
traffic_ue,94,71,0.5612890124320984,0.5841793440969424
traffic_ue,94,72,0.5229538679122925,0.5615612816109143
traffic_ue,94,73,0.5420928597450256,0.5256096396395374
traffic_ue,94,74,0.598616898059845,0.5439304099154099
traffic_ue,94,75,0.5398682951927185,0.5980945133417791
traffic_ue,94,76,0.6040031909942627,0.5423143623951009
traffic_ue,94,77,0.5978085994720459,0.6033574816779648
traffic_ue,94,78,0.6145445704460144,0.5979720048804217
traffic_ue,94,79,0.5884746313095093,0.6138127285827142
traffic_ue,94,80,0.65518718957901,0.5882166584104142
traffic_ue,94,81,0.6065388321876526,0.6513103046104548
traffic_ue,94,82,0.5961768627166748,0.60546733340115
traffic_ue,94,83,0.6442025303840637,0.5952320426558936
traffic_ue,94,84,0.6024585366249084,0.6407814559177024
traffic_ue,94,85,0.5742575526237488,0.6007002017369252
traffic_ue,94,86,0.5914384722709656,0.5751148321963205
traffic_ue,94,87,0.6072971820831299,0.590881908047178
traffic_ue,94,88,0.5798770189285278,0.6058896968772018
traffic_ue,94,89,0.6225090026855469,0.5797557980724012
traffic_ue,94,90,0.5547228455543518,0.6210770651656791
traffic_ue,94,91,0.6250126361846924,0.5558230044333113
traffic_ue,94,92,0.6037471890449524,0.6234045835503023
traffic_ue,94,93,0.6406652331352234,0.6028167465226625
traffic_ue,94,94,0.5538895130157471,0.6385143424816332
traffic_ue,94,95,0.5645806193351746,0.5550813899707961
traffic_ue,94,96,0.6181133985519409,0.5653811298541972
traffic_ue,94,97,0.6209045648574829,0.616506670994633
traffic_ue,94,98,0.6626489758491516,0.6194048621991481
traffic_ue,94,99,0.5933194756507874,0.6598834038417565
traffic_ue,94,100,0.6464690566062927,0.5931639821467815
traffic_ue,94,101,0.641746997833252,0.6432807389033067
traffic_ue,94,102,0.6443690657615662,0.6388964993458964
traffic_ue,94,103,0.6652278304100037,0.6413860793136893
traffic_ue,94,104,0.586304247379303,0.6620838968594305
traffic_ue,94,105,0.6811628341674805,0.5856102141793558
traffic_ue,94,106,0.6688709259033203,0.6767176219258646
traffic_ue,94,107,0.7343367338180542,0.6649475769008253
traffic_ue,94,108,0.6967650651931763,0.7278496968795429
traffic_ue,94,109,0.7025543451309204,0.6913330570987988
traffic_ue,94,110,0.6891078352928162,0.6971770959493866
traffic_ue,94,111,0.7261163592338562,0.6843604005220626
traffic_ue,94,112,0.6741989850997925,0.7200446817342145
traffic_ue,94,113,0.7437682151794434,0.669758362624609
traffic_ue,94,114,0.7100553512573242,0.7365069554635372
traffic_ue,94,115,0.730129063129425,0.7036045311224443
traffic_ue,94,116,0.7306718826293945,0.7229120146913387
traffic_ue,94,117,0.8010029792785645,0.7241715777929906
traffic_ue,94,118,0.7260934114456177,0.7906513132966507
traffic_ue,94,119,0.7431044578552246,0.7195267793137274
traffic_ue,94,120,0.7574804425239563,0.7363232392229766
traffic_ue,94,121,0.8093063831329346,0.7502208905925294
traffic_ue,94,122,0.8040898442268372,0.7995770020976913
traffic_ue,94,123,0.7768376469612122,0.7933341479311441
traffic_ue,94,124,0.8121075630187988,0.7678062307528598
traffic_ue,94,125,0.8131760954856873,0.8015916954655785
traffic_ue,94,126,0.7842423319816589,0.8027054599060557
traffic_ue,94,127,0.8246368765830994,0.7746879372899078
traffic_ue,94,128,0.8378872871398926,0.8142817099602955
traffic_ue,94,129,0.8811569213867188,0.8255230950297786
traffic_ue,94,130,0.8270338177680969,0.867400181967712
traffic_ue,94,131,0.8058237433433533,0.8152676416368996
traffic_ue,94,132,0.7982163429260254,0.7953277164162325
traffic_ue,94,133,0.8800639510154724,0.7888488742614445
traffic_ue,94,134,0.8085665702819824,0.867106608458782
traffic_ue,94,135,0.8133611679077148,0.7979815650918053
traffic_ue,94,136,0.8301153779029846,0.8029307923947284
traffic_ue,94,137,0.8324529528617859,0.8188880563640881
traffic_ue,94,138,0.7808137536048889,0.8211075182353095
traffic_ue,94,139,0.7819151878356934,0.7716310439237521
traffic_ue,94,140,0.8110761642456055,0.7723295449412423
traffic_ue,94,141,0.8386185765266418,0.8001162971146719
traffic_ue,94,142,0.7544658184051514,0.827408107728871
traffic_ue,94,143,0.7458856701850891,0.7466640297355377
traffic_ue,94,144,0.7886478304862976,0.7384181967842034
traffic_ue,94,145,0.7934194803237915,0.7794661715444136
traffic_ue,94,146,0.7949913144111633,0.784542444807647
traffic_ue,94,147,0.7625904679298401,0.784893794675096
traffic_ue,94,148,0.7718669176101685,0.7542293223795387
traffic_ue,94,149,0.7019681334495544,0.7632851082828714
traffic_ue,94,150,0.7091026306152344,0.6966701158108575
traffic_ue,94,151,0.7811046838760376,0.702997618073185
traffic_ue,94,152,0.6753173470497131,0.7724529996106894
traffic_ue,94,153,0.7397312521934509,0.6706217702784217
traffic_ue,94,154,0.683492124080658,0.7322274695909387
traffic_ue,94,155,0.7219659090042114,0.6781850461699895
traffic_ue,94,156,0.681483268737793,0.7155582200784539
traffic_ue,94,157,0.6351571083068848,0.6774683682896594
traffic_ue,94,158,0.6287434101104736,0.6326395840396027
traffic_ue,94,159,0.5878032445907593,0.6263019003906655
traffic_ue,94,160,0.6919384002685547,0.5869838585816383
traffic_ue,94,161,0.6835559606552124,0.6871471654173575
traffic_ue,94,162,0.7019528150558472,0.6783448800351872
traffic_ue,94,163,0.6677934527397156,0.6971020741507706
traffic_ue,94,164,0.6881327629089355,0.6634780436221857
traffic_ue,94,165,0.6371153593063354,0.6835338194651485
traffic_ue,94,166,0.6777799129486084,0.6345981112765438
traffic_ue,94,167,0.6526976227760315,0.6732575760256106
traffic_ue,94,168,0.6561594605445862,0.6486984736759275
traffic_ue,94,169,0.6003594398498535,0.652283060040971
traffic_ue,94,170,0.6136775612831116,0.5990544481109261
traffic_ue,94,171,0.6434464454650879,0.6118484651760349
traffic_ue,94,172,0.6372256278991699,0.6403612429733223
traffic_ue,94,173,0.6049898266792297,0.6350996995244594
traffic_ue,94,174,0.6416009664535522,0.6044927102484381
traffic_ue,94,175,0.6174536347389221,0.6384601781625562
traffic_ue,94,176,0.6393635272979736,0.6167236377922277
traffic_ue,94,177,0.5893934369087219,0.6367326837396659
traffic_ue,94,178,0.6103256344795227,0.5889898157331647
traffic_ue,94,179,0.5847108364105225,0.609310853054257
traffic_ue,94,180,0.5811426639556885,0.5841965379760279
traffic_ue,94,181,0.618285059928894,0.5812551610168976
traffic_ue,94,182,0.6126119494438171,0.6173146070389809
traffic_ue,94,183,0.6217118501663208,0.6112335879286307
traffic_ue,94,184,0.5967013835906982,0.6200721341335296
traffic_ue,94,185,0.5933943390846252,0.5956308376889269
traffic_ue,94,186,0.5914286375045776,0.5931358400500149
traffic_ue,94,187,0.6382893323898315,0.5905749017288421
traffic_ue,94,188,0.6537161469459534,0.6360104342812691
traffic_ue,94,189,0.5722804665565491,0.6509058191606805
traffic_ue,94,190,0.564632773399353,0.5724438617960349
traffic_ue,94,191,0.6382062435150146,0.5657283171590334
traffic_ue,94,192,0.6694722771644592,0.6353858181716932
traffic_ue,94,193,0.6184393167495728,0.6656673773014227
traffic_ue,94,194,0.6243293881416321,0.6165184527001787
traffic_ue,94,195,0.6243403553962708,0.6221605217267187
traffic_ue,94,196,0.5689445734024048,0.6222701576552604
traffic_ue,94,197,0.6620643734931946,0.5694749704496086
traffic_ue,94,198,0.5880023241043091,0.6582368891927004
traffic_ue,94,199,0.5952878594398499,0.5877682159638957
traffic_ue,94,200,0.6292983889579773,0.594536793216417
traffic_ue,94,201,0.66305011510849,0.6266800030014836
traffic_ue,94,202,0.6636836528778076,0.6597681601803529
traffic_ue,94,203,0.6468260884284973,0.6591294011784558
traffic_ue,94,204,0.6830796003341675,0.644115844745391
traffic_ue,94,205,0.6993570923805237,0.6783390919940027
traffic_ue,94,206,0.6710405349731445,0.6945382854340828
traffic_ue,94,207,0.6571288108825684,0.6667098913872527
traffic_ue,94,208,0.7116026282310486,0.6534018766592119
traffic_ue,94,209,0.7408216595649719,0.7064131353945104
traffic_ue,94,210,0.6765255331993103,0.7328162780869482
traffic_ue,94,211,0.709041178226471,0.6722154118717023
traffic_ue,94,212,0.7317638993263245,0.7027904365116289
traffic_ue,94,213,0.7186402678489685,0.7248115257122534
traffic_ue,94,214,0.6803514957427979,0.7122021714062297
traffic_ue,94,215,0.6713807582855225,0.6757984446021117
traffic_ue,94,216,0.732474684715271,0.6675290380206143
traffic_ue,94,217,0.6947522163391113,0.7258832878179016
traffic_ue,94,218,0.6966676712036133,0.6886281309352735
traffic_ue,94,219,0.6502791047096252,0.6910421385812795
traffic_ue,94,220,0.6777529716491699,0.6477912781833172
traffic_ue,94,221,0.6759297251701355,0.6734304416729334
traffic_ue,94,222,0.6947898268699646,0.6719969887534821
traffic_ue,94,223,0.7091979384422302,0.6905986862220065
traffic_ue,94,224,0.7226244807243347,0.702542384629236
traffic_ue,94,225,0.6599442958831787,0.7164315725280498
traffic_ue,94,226,0.6350038647651672,0.6567696605078975
traffic_ue,94,227,0.7137457132339478,0.6327917520775659
traffic_ue,94,228,0.6964395046234131,0.7071580377450517
traffic_ue,94,229,0.7049262523651123,0.6920657861594981
traffic_ue,94,230,0.6517123579978943,0.6991314868698729
traffic_ue,94,231,0.6865109205245972,0.6484079407794725
traffic_ue,94,232,0.7764251232147217,0.6823412054995827
traffic_ue,94,233,0.6516753435134888,0.7676129966795204
traffic_ue,94,234,0.6456475853919983,0.649315413428762
traffic_ue,94,235,0.6117298007011414,0.6425999978495069
traffic_ue,94,236,0.6391457319259644,0.6096022298128658
traffic_ue,94,237,0.6395143270492554,0.6359305561746464
traffic_ue,94,238,0.6835780143737793,0.6369750867024748
traffic_ue,94,239,0.5792533159255981,0.6783658194225184
traffic_ue,94,240,0.6324260234832764,0.5798581693562067
traffic_ue,94,241,0.5569707155227661,0.6293519357921626
traffic_ue,94,242,0.6686285734176636,0.5576100140343874
traffic_ue,94,243,0.7083990573883057,0.6651639727371055
traffic_ue,94,244,0.6503185033798218,0.7031233776469035
traffic_ue,94,245,0.6208716630935669,0.647084514907207
traffic_ue,94,246,0.6533719897270203,0.6188775087578926
traffic_ue,94,247,0.5913439989089966,0.6500333259794548
traffic_ue,94,248,0.5375661253929138,0.5905441511697491
traffic_ue,94,249,0.5666689872741699,0.5393347341069668
traffic_ue,94,250,0.5954222679138184,0.5674135880624844
traffic_ue,94,251,0.5589916110038757,0.5946644102932593
traffic_ue,94,252,0.4995067715644836,0.5602233574168265
traffic_ue,94,253,0.5143627524375916,0.5034961134213838
traffic_ue,94,254,0.5785099267959595,0.5169068908623088
traffic_ue,94,255,0.5559054613113403,0.5785570052574417
traffic_ue,94,256,0.5149500966072083,0.557243533414153
traffic_ue,94,257,0.5207622051239014,0.518605620200454
traffic_ue,94,258,0.5003244876861572,0.5232310487988889
traffic_ue,94,259,0.5483623147010803,0.5038756206365985
traffic_ue,94,260,0.5501776337623596,0.5494365788579088
traffic_ue,94,261,0.4980067908763885,0.5519043446085661
traffic_ue,94,262,0.4685383439064026,0.5011293069574619
traffic_ue,94,263,0.3685857951641083,0.472901785867857
traffic_ue,94,264,0.4327739775180816,0.3775035296478823
traffic_ue,94,265,0.4642290771007538,0.43924219139877074
traffic_ue,94,266,0.4647073447704315,0.46920714919108547
traffic_ue,94,267,0.4200955629348755,0.46951241668975463
traffic_ue,94,268,0.368140161037445,0.42715478087642644
traffic_ue,94,269,0.3970993757247925,0.37757652668052183
traffic_ue,94,270,0.4231106340885162,0.4051221003424335
traffic_ue,94,271,0.4061662256717682,0.4302655634552911
traffic_ue,94,272,0.42037433385849,0.41383004293499015
traffic_ue,94,273,0.3692140579223633,0.4280644144316771
traffic_ue,94,274,0.3830534517765045,0.378496938829855
traffic_ue,94,275,0.3929747939109802,0.39198433509628106
traffic_ue,94,276,0.4200838208198547,0.40175165112804795
traffic_ue,94,277,0.3727080225944519,0.427242854895311
traffic_ue,94,278,0.3522785604000091,0.38255853151404307
traffic_ue,94,279,0.4200895130634308,0.362615604506877
traffic_ue,94,280,0.3698069453239441,0.426950591037515
traffic_ue,94,281,0.2358854264020919,0.3794071486887823
traffic_ue,94,282,0.3184219598770141,0.25155786221291965
traffic_ue,94,283,0.3254613578319549,0.32982476336356764
traffic_ue,94,284,0.3311524987220764,0.33640925148949946
traffic_ue,94,285,0.3275481462478637,0.3429538926889839
traffic_ue,94,286,0.3611052334308624,0.3389363241239852
traffic_ue,94,287,0.2637316286563873,0.3712939515084401
traffic_ue,94,288,0.29224693775177,0.2782451074372699
traffic_ue,94,289,0.3161104619503021,0.3054684280157844
traffic_ue,95,0,0.3876187801361084,0.38784806771900016
traffic_ue,95,1,0.3968368172645569,0.39666626624646106
traffic_ue,95,2,0.4245177209377289,0.40492241986122324
traffic_ue,95,3,0.4098235666751861,0.43160155295995534
traffic_ue,95,4,0.3999482989311218,0.41814597969205974
traffic_ue,95,5,0.4484033584594726,0.4077774616211357
traffic_ue,95,6,0.4219630658626556,0.4547764101056328
traffic_ue,95,7,0.3817325830459595,0.4294736480893143
traffic_ue,95,8,0.5243738293647766,0.39172243555564384
traffic_ue,95,9,0.517249345779419,0.5262136820103553
traffic_ue,95,10,0.4284642934799194,0.5204910243286252
traffic_ue,95,11,0.4570837616920471,0.435447935743613
traffic_ue,95,12,0.4720915257930755,0.46341510086336063
traffic_ue,95,13,0.5111368894577026,0.4774661063618436
traffic_ue,95,14,0.389793187379837,0.5147866412893958
traffic_ue,95,15,0.4545681476593017,0.39848274787836385
traffic_ue,95,16,0.492550790309906,0.46033203608943946
traffic_ue,95,17,0.4257385432720184,0.4960482102489659
traffic_ue,95,18,0.4690454602241516,0.43285991235889465
traffic_ue,95,19,0.482744961977005,0.4743258954548379
traffic_ue,95,20,0.4790563285350799,0.4873827996106132
traffic_ue,95,21,0.459339439868927,0.4837317113554139
traffic_ue,95,22,0.5332358479499817,0.46461418717252057
traffic_ue,95,23,0.4762250483036041,0.5345783087272343
traffic_ue,95,24,0.5244836807250977,0.4809442673448541
traffic_ue,95,25,0.4837328493595123,0.5268637083494224
traffic_ue,95,26,0.5015226602554321,0.48752698835464975
traffic_ue,95,27,0.4793672859668731,0.5053109203744494
traffic_ue,95,28,0.5295770764350891,0.4838781224750602
traffic_ue,95,29,0.5035207867622375,0.5322950817098427
traffic_ue,95,30,0.4575080275535583,0.5072080854595876
traffic_ue,95,31,0.5139416456222534,0.46252803263966524
traffic_ue,95,32,0.5795249938964844,0.5162093932667169
traffic_ue,95,33,0.4231183528900146,0.5801161199709506
traffic_ue,95,34,0.478628396987915,0.43076900637993204
traffic_ue,95,35,0.4794642031192779,0.482829288212707
traffic_ue,95,36,0.4688598811626434,0.4841685882490696
traffic_ue,95,37,0.5047767758369446,0.47405047051227844
traffic_ue,95,38,0.4630218744277954,0.5083013890367494
traffic_ue,95,39,0.4960294961929321,0.4681601669342766
traffic_ue,95,40,0.4857235252857208,0.4995992010017633
traffic_ue,95,41,0.4254644811153412,0.490359696186689
traffic_ue,95,42,0.4184861481189728,0.4325004751987865
traffic_ue,95,43,0.5166766047477722,0.42607318936640143
traffic_ue,95,44,0.4444175064563751,0.520046445608157
traffic_ue,95,45,0.4516607522964477,0.45029739560846016
traffic_ue,95,46,0.4996614456176758,0.45826610551863806
traffic_ue,95,47,0.4657657444477081,0.5034445264417653
traffic_ue,95,48,0.4178234338760376,0.4708150059862772
traffic_ue,95,49,0.4258229732513428,0.4253447379492862
traffic_ue,95,50,0.4727991223335266,0.43323774474005466
traffic_ue,95,51,0.4809135496616363,0.47724494398367456
traffic_ue,95,52,0.4191026389598846,0.4860408162863704
traffic_ue,95,53,0.4758602678775787,0.42660891871780676
traffic_ue,95,54,0.414368987083435,0.4805979185598096
traffic_ue,95,55,0.4328165352344513,0.42216406041990545
traffic_ue,95,56,0.3796375691890716,0.43953065582656353
traffic_ue,95,57,0.415983110666275,0.38884027319826037
traffic_ue,95,58,0.4404518604278564,0.4235974026694429
traffic_ue,95,59,0.4354696273803711,0.4468297943956679
traffic_ue,95,60,0.4478638768196106,0.44175202393552165
traffic_ue,95,61,0.3963966965675354,0.4540161303476251
traffic_ue,95,62,0.4144994914531708,0.4047029832572506
traffic_ue,95,63,0.418024867773056,0.4222879706592609
traffic_ue,95,64,0.4816659390926361,0.425486382371826
traffic_ue,95,65,0.3799463510513305,0.4868544117798091
traffic_ue,95,66,0.4130702018737793,0.3891334529173654
traffic_ue,95,67,0.4199655055999756,0.42122856876836373
traffic_ue,95,68,0.5341663956642151,0.4278250777066316
traffic_ue,95,69,0.4478139877319336,0.5358091175840827
traffic_ue,95,70,0.4259694814682007,0.4531749794353857
traffic_ue,95,71,0.4313453733921051,0.43283112463047724
traffic_ue,95,72,0.3764570951461792,0.4380346060849466
traffic_ue,95,73,0.4369797110557556,0.3856716680422273
traffic_ue,95,74,0.4807125926017761,0.4434834745217611
traffic_ue,95,75,0.4310132563114166,0.48530428764045047
traffic_ue,95,76,0.4233631491661072,0.4386122756806627
traffic_ue,95,77,0.4316949248313904,0.43010842812897243
traffic_ue,95,78,0.474498450756073,0.43796960406288477
traffic_ue,95,79,0.4699262678623199,0.479503357047743
traffic_ue,95,80,0.4913670718669891,0.47570792315994376
traffic_ue,95,81,0.4623765051364898,0.49576769681863025
traffic_ue,95,82,0.4848329126834869,0.4675970183040551
traffic_ue,95,83,0.4312686324119568,0.48911719318488406
traffic_ue,95,84,0.471184641122818,0.4380113540902356
traffic_ue,95,85,0.4312548637390136,0.4764065991433948
traffic_ue,95,86,0.4525030851364136,0.43824633819092584
traffic_ue,95,87,0.4481165409088135,0.45817287147847435
traffic_ue,95,88,0.4794577360153198,0.4542064164010058
traffic_ue,95,89,0.5263409614562988,0.48381516801786467
traffic_ue,95,90,0.508062481880188,0.5285279214925201
traffic_ue,95,91,0.4594265818595886,0.5110737948870401
traffic_ue,95,92,0.5253834128379822,0.4643496461515953
traffic_ue,95,93,0.5862358212471008,0.5273210874483333
traffic_ue,95,94,0.5623157620429993,0.5866366965916556
traffic_ue,95,95,0.5464099049568176,0.5633795456099524
traffic_ue,95,96,0.5696942210197449,0.5482277689375761
traffic_ue,95,97,0.5769482851028442,0.5708316882208481
traffic_ue,95,98,0.5521798729896545,0.5770742702626434
traffic_ue,95,99,0.5349294543266296,0.5529124091561419
traffic_ue,95,100,0.6267117857933044,0.536583231799647
traffic_ue,95,101,0.5734302997589111,0.624521764315682
traffic_ue,95,102,0.6127794981002808,0.5739324874883885
traffic_ue,95,103,0.5751216411590576,0.6113926706794085
traffic_ue,95,104,0.6576812863349915,0.5752903116483318
traffic_ue,95,105,0.4843261837959289,0.6548194420586609
traffic_ue,95,106,0.5875943899154663,0.4884376226606175
traffic_ue,95,107,0.5005092024803162,0.5869840025799488
traffic_ue,95,108,0.6705429553985596,0.5041502249815463
traffic_ue,95,109,0.5990878939628601,0.6665351220181567
traffic_ue,95,110,0.6711542010307312,0.5976983167072177
traffic_ue,95,111,0.6177409887313843,0.6673635396743985
traffic_ue,95,112,0.6193151473999023,0.6157065755882631
traffic_ue,95,113,0.6354990005493164,0.6179453663088079
traffic_ue,95,114,0.6476317048072815,0.6332618696196188
traffic_ue,95,115,0.707444429397583,0.6445830864218579
traffic_ue,95,116,0.6464609503746033,0.7021673737262522
traffic_ue,95,117,0.6125636100769043,0.6447117732669566
traffic_ue,95,118,0.6727688908576965,0.611832639436116
traffic_ue,95,119,0.7582204937934875,0.668995865212484
traffic_ue,95,120,0.7742676734924316,0.7494848175165177
traffic_ue,95,121,0.7058061361312866,0.7660110613943171
traffic_ue,95,122,0.6637864708900452,0.6999669118314459
traffic_ue,95,123,0.658778190612793,0.6602688636898274
traffic_ue,95,124,0.7216968536376953,0.6555136420128074
traffic_ue,95,125,0.7303288578987122,0.7153523709669217
traffic_ue,95,126,0.694821298122406,0.7238954968444911
traffic_ue,95,127,0.7250260710716248,0.6902812873963049
traffic_ue,95,128,0.768729031085968,0.7176699755234124
traffic_ue,95,129,0.7312725782394409,0.7597104360563953
traffic_ue,95,130,0.7278377413749695,0.7248411442573544
traffic_ue,95,131,0.7619121670722961,0.7210837488379267
traffic_ue,95,132,0.7019034028053284,0.7538333518062974
traffic_ue,95,133,0.7489558458328247,0.6968567129489313
traffic_ue,95,134,0.7561932802200317,0.7406882940845915
traffic_ue,95,135,0.7449004650115967,0.7477584807329078
traffic_ue,95,136,0.7340328097343445,0.7373339378581671
traffic_ue,95,137,0.7428838014602661,0.7276603523127596
traffic_ue,95,138,0.7812895178794861,0.7357664522664354
traffic_ue,95,139,0.6573084592819214,0.7714378203799195
traffic_ue,95,140,0.7738180160522461,0.6543662303990725
traffic_ue,95,141,0.7358691692352295,0.7651376215393496
traffic_ue,95,142,0.7158694863319397,0.7290566442648246
traffic_ue,95,143,0.7398059964179993,0.7095713920562987
traffic_ue,95,144,0.7514142394065857,0.7329433855169071
traffic_ue,95,145,0.7594339847564697,0.7444612008459417
traffic_ue,95,146,0.709439218044281,0.751529998606513
traffic_ue,95,147,0.6916817426681519,0.7036148668816539
traffic_ue,95,148,0.7185551524162292,0.6862089164284693
traffic_ue,95,149,0.6764060258865356,0.7116748539645518
traffic_ue,95,150,0.7677104473114014,0.6712585489931155
traffic_ue,95,151,0.8347508907318115,0.7595371019489113
traffic_ue,95,152,0.6704164147377014,0.823934294183071
traffic_ue,95,153,0.7570804953575134,0.666613420864857
traffic_ue,95,154,0.7196947336196899,0.7493450378345575
traffic_ue,95,155,0.6897854208946228,0.7147909223303911
traffic_ue,95,156,0.7215270400047302,0.684755691980039
traffic_ue,95,157,0.7201254367828369,0.7155384175818247
traffic_ue,95,158,0.6963808536529541,0.7129177378659287
traffic_ue,95,159,0.6602797508239746,0.691414761740895
traffic_ue,95,160,0.68592768907547,0.6566912742558255
traffic_ue,95,161,0.6396373510360718,0.680944049557655
traffic_ue,95,162,0.7018667459487915,0.6369926717002041
traffic_ue,95,163,0.6684595346450806,0.696176959910813
traffic_ue,95,164,0.7153316140174866,0.6640112468847092
traffic_ue,95,165,0.683263897895813,0.7091599202049892
traffic_ue,95,166,0.6763482093811035,0.6785636887744718
traffic_ue,95,167,0.6532427668571472,0.6715509337398974
traffic_ue,95,168,0.7053411602973938,0.6503571352134498
traffic_ue,95,169,0.6970131397247314,0.6998230987998367
traffic_ue,95,170,0.6820983290672302,0.6913701512541746
traffic_ue,95,171,0.6956525444984436,0.6776058480992752
traffic_ue,95,172,0.7351335883140564,0.6909216982781494
traffic_ue,95,173,0.6998923420906067,0.7282093965662012
traffic_ue,95,174,0.6788058280944824,0.6947984329543654
traffic_ue,95,175,0.7408801317214966,0.6742812651009864
traffic_ue,95,176,0.7312631011009216,0.7330206300015676
traffic_ue,95,177,0.6838265061378479,0.7243360318410208
traffic_ue,95,178,0.8369016051292419,0.6789986466953554
traffic_ue,95,179,0.7256131172180176,0.8247360518436775
traffic_ue,95,180,0.7487070560455322,0.7189715305856039
traffic_ue,95,181,0.7051204442977905,0.741245857780841
traffic_ue,95,182,0.7608861327171326,0.6997623693894318
traffic_ue,95,183,0.7486758232116699,0.7526607153033217
traffic_ue,95,184,0.7612264752388,0.7409681460114075
traffic_ue,95,185,0.7461246252059937,0.7533807522947457
traffic_ue,95,186,0.778500497341156,0.739339637670288
traffic_ue,95,187,0.7798460125923157,0.7694842833854414
traffic_ue,95,188,0.7824348211288452,0.7712083151095621
traffic_ue,95,189,0.7886325120925903,0.7733190363201895
traffic_ue,95,190,0.7706713676452637,0.7789059016061767
traffic_ue,95,191,0.7526919841766357,0.7621003557038624
traffic_ue,95,192,0.8017653226852417,0.7439379841867931
traffic_ue,95,193,0.8912610411643982,0.7913255255691352
traffic_ue,95,194,0.848505437374115,0.8769441489348428
traffic_ue,95,195,0.8154551982879639,0.8360512336396159
traffic_ue,95,196,0.7912987470626831,0.8050182383461026
traffic_ue,95,197,0.8298255801200867,0.7812389712859403
traffic_ue,95,198,0.8374653458595276,0.8189105699794145
traffic_ue,95,199,0.8317234516143799,0.8259162562390094
traffic_ue,95,200,0.8722150921821594,0.8202164316025292
traffic_ue,95,201,0.8262931704521179,0.8596543371005749
traffic_ue,95,202,0.7827531099319458,0.8148124748497437
traffic_ue,95,203,0.8520821928977966,0.774166968166005
traffic_ue,95,204,0.7785780429840088,0.8396457083627212
traffic_ue,95,205,0.8255829215049744,0.7693594651431026
traffic_ue,95,206,0.7355042099952698,0.8142373362196192
traffic_ue,95,207,0.8477086424827576,0.7275690631810914
traffic_ue,95,208,0.7821963429450989,0.8355923677180814
traffic_ue,95,209,0.7875400185585022,0.7731918308001348
traffic_ue,95,210,0.794105052947998,0.7786127808407565
traffic_ue,95,211,0.7642098069190979,0.7843499827525237
traffic_ue,95,212,0.8192116618156433,0.7560645078224753
traffic_ue,95,213,0.7956088185310364,0.8083368380543198
traffic_ue,95,214,0.7044200301170349,0.7856785431759974
traffic_ue,95,215,0.8345330357551575,0.6982043403160482
traffic_ue,95,216,0.8188014626502991,0.8237770584059103
traffic_ue,95,217,0.781805157661438,0.8079473654499609
traffic_ue,95,218,0.8292192220687866,0.7726715771015091
traffic_ue,95,219,0.7928176522254944,0.8173426217355361
traffic_ue,95,220,0.7437058091163635,0.7836733574218173
traffic_ue,95,221,0.7809867858886719,0.7357531428619789
traffic_ue,95,222,0.733482837677002,0.7715968875692634
traffic_ue,95,223,0.7238155603408813,0.7259971067471999
traffic_ue,95,224,0.7320456504821777,0.7173144121532089
traffic_ue,95,225,0.7112875580787659,0.7249798177058281
traffic_ue,95,226,0.7774843573570251,0.7058163166369242
traffic_ue,95,227,0.7226092219352722,0.7687675440354628
traffic_ue,95,228,0.7244285345077515,0.7163674733218266
traffic_ue,95,229,0.7287985682487488,0.7174002997960616
traffic_ue,95,230,0.6976421475410461,0.7211526329738711
traffic_ue,95,231,0.7362532019615173,0.6926123249174189
traffic_ue,95,232,0.6932467818260193,0.7291236040856348
traffic_ue,95,233,0.7288152575492859,0.6891336082240929
traffic_ue,95,234,0.7091369032859802,0.7219622616192363
traffic_ue,95,235,0.6840347647666931,0.7026332677016962
traffic_ue,95,236,0.7019057869911194,0.6792956052511026
traffic_ue,95,237,0.6634451746940613,0.6966605310108506
traffic_ue,95,238,0.7207057476043701,0.6602424810060886
traffic_ue,95,239,0.7052034139633179,0.7144113435816735
traffic_ue,95,240,0.6496315002441406,0.6993946440349803
traffic_ue,95,241,0.7026365995407104,0.6469779502483558
traffic_ue,95,242,0.6792566180229187,0.6970071371353004
traffic_ue,95,243,0.6668760776519775,0.6746100546688072
traffic_ue,95,244,0.7424035668373108,0.6625574102882423
traffic_ue,95,245,0.7113808989524841,0.7354097057868807
traffic_ue,95,246,0.6776948571205139,0.704962324314737
traffic_ue,95,247,0.6614408493041992,0.6736233206272066
traffic_ue,95,248,0.626747190952301,0.6574960362188945
traffic_ue,95,249,0.6328744292259216,0.6253491631438093
traffic_ue,95,250,0.6448937654495239,0.6300753529536942
traffic_ue,95,251,0.6699206829071045,0.6415369870560012
traffic_ue,95,252,0.6399933099746704,0.6656466232543417
traffic_ue,95,253,0.5810590386390686,0.6376779246276688
traffic_ue,95,254,0.5652497410774231,0.5807292583986879
traffic_ue,95,255,0.5847007036209106,0.5659172193565962
traffic_ue,95,256,0.6050548553466797,0.5846334199016108
traffic_ue,95,257,0.6516940593719482,0.6042567846611505
traffic_ue,95,258,0.5282911062240601,0.6485394009890041
traffic_ue,95,259,0.5426739454269409,0.531024477642776
traffic_ue,95,260,0.5531124472618103,0.5441844659916705
traffic_ue,95,261,0.5755435824394226,0.5542939764146296
traffic_ue,95,262,0.5367017984390259,0.5756413216477134
traffic_ue,95,263,0.5783792734146118,0.5385140799024031
traffic_ue,95,264,0.561007559299469,0.5787802334330919
traffic_ue,95,265,0.5425078272819519,0.5625343351019059
traffic_ue,95,266,0.506976842880249,0.5443244099548673
traffic_ue,95,267,0.5394566655158997,0.5111344622069267
traffic_ue,95,268,0.5694281458854675,0.5413778060072298
traffic_ue,95,269,0.5498995780944824,0.5700333317893626
traffic_ue,95,270,0.4711554646492004,0.5506977216851352
traffic_ue,95,271,0.4654280245304107,0.476974233866775
traffic_ue,95,272,0.5438863039016724,0.47168502432919746
traffic_ue,95,273,0.4972075223922729,0.5454347891933097
traffic_ue,95,274,0.4600944221019745,0.5004200353594326
traffic_ue,95,275,0.4671022295951843,0.465231798803164
traffic_ue,95,276,0.4796115159988403,0.472232795396735
traffic_ue,95,277,0.5013704299926758,0.48445729193887016
traffic_ue,95,278,0.4484075307846069,0.505464050492371
traffic_ue,95,279,0.4658257365226745,0.4546315373696216
traffic_ue,95,280,0.4414961636066437,0.47092157819301916
traffic_ue,95,281,0.4198991060256958,0.44777171956482775
traffic_ue,95,282,0.3885195255279541,0.42672019348082574
traffic_ue,95,283,0.4020622968673706,0.3973230530809605
traffic_ue,95,284,0.4519775211811065,0.41033036893215297
traffic_ue,95,285,0.471208393573761,0.4574258061716607
traffic_ue,95,286,0.3584288358688354,0.4764291514294798
traffic_ue,95,287,0.3992282152175903,0.3683062843518248
traffic_ue,95,288,0.4440763294696808,0.4074906536395652
traffic_ue,95,289,0.3831159174442291,0.45041996035232135
traffic_ue,96,0,0.3791288137435913,0.35175337184397715
traffic_ue,96,1,0.3560290038585663,0.38800994427235447
traffic_ue,96,2,0.3683467507362366,0.36602771115609717
traffic_ue,96,3,0.3607681095600128,0.3779711234617996
traffic_ue,96,4,0.4410400688648224,0.37082502760524505
traffic_ue,96,5,0.3973099589347839,0.44714022474201465
traffic_ue,96,6,0.4254518151283264,0.40532204319497633
traffic_ue,96,7,0.3651840686798095,0.4321411693019533
traffic_ue,96,8,0.3945688903331756,0.3743729085728107
traffic_ue,96,9,0.45982226729393,0.4026698640110961
traffic_ue,96,10,0.4198861420154571,0.4652214525144477
traffic_ue,96,11,0.4594129920005798,0.42745205572526385
traffic_ue,96,12,0.3762776255607605,0.46488246851454673
traffic_ue,96,13,0.3679085373878479,0.3858485466010555
traffic_ue,96,14,0.4160381853580475,0.3778031092457739
traffic_ue,96,15,0.3659249246120453,0.4236993059587395
traffic_ue,96,16,0.3895350694656372,0.3758701131273096
traffic_ue,96,17,0.406088650226593,0.3982376721571817
traffic_ue,96,18,0.4428378939628601,0.41365716439741446
traffic_ue,96,19,0.3901657462120056,0.4492441005678015
traffic_ue,96,20,0.3717385232448578,0.39898531628363554
traffic_ue,96,21,0.3793553411960602,0.3814891848273629
traffic_ue,96,22,0.4106447994709015,0.3882250257360083
traffic_ue,96,23,0.3779006898403168,0.41818154599330715
traffic_ue,96,24,0.4201188385486603,0.38674465223842036
traffic_ue,96,25,0.3751491010189056,0.4275737717302616
traffic_ue,96,26,0.3514413237571716,0.3847274327816513
traffic_ue,96,27,0.3849468231201172,0.3621183402764124
traffic_ue,96,28,0.4046518504619598,0.3940797065750415
traffic_ue,96,29,0.4265406727790832,0.4124417975545144
traffic_ue,96,30,0.3408563435077667,0.43317500910672324
traffic_ue,96,31,0.3739396929740906,0.35191936412042496
traffic_ue,96,32,0.416374921798706,0.38333107668875677
traffic_ue,96,33,0.402086466550827,0.4235725250409426
traffic_ue,96,34,0.3754579722881317,0.4108494315078841
traffic_ue,96,35,0.3704767227172851,0.38462380607890445
traffic_ue,96,36,0.3941569924354553,0.37984463788569217
traffic_ue,96,37,0.3892119824886322,0.4030725611305035
traffic_ue,96,38,0.3933119177818298,0.39803013296059586
traffic_ue,96,39,0.4484614431858063,0.40192290654779794
traffic_ue,96,40,0.389215886592865,0.4548315599244279
traffic_ue,96,41,0.347771942615509,0.3979346169702678
traffic_ue,96,42,0.3618078529834747,0.35908086850731386
traffic_ue,96,43,0.304910659790039,0.37106806361988665
traffic_ue,96,44,0.379018634557724,0.3172938313091936
traffic_ue,96,45,0.4061999917030334,0.38845105777808947
traffic_ue,96,46,0.3890133798122406,0.41406054849041224
traffic_ue,96,47,0.4159234762191772,0.39848651366953586
traffic_ue,96,48,0.4009312391281128,0.42368961567596325
traffic_ue,96,49,0.3474924266338348,0.40935568415457513
traffic_ue,96,50,0.391784518957138,0.3586666416794041
traffic_ue,96,51,0.4343993365764618,0.4007703526797466
traffic_ue,96,52,0.4101631641387939,0.4410334813146119
traffic_ue,96,53,0.3799947202205658,0.41836919513267457
traffic_ue,96,54,0.3348545730113983,0.3887328753619796
traffic_ue,96,55,0.396548867225647,0.34617123992669985
traffic_ue,96,56,0.3852875530719757,0.40499629927155784
traffic_ue,96,57,0.3374497592449188,0.39415516303976983
traffic_ue,96,58,0.3922208249568939,0.3488833535486617
traffic_ue,96,59,0.4053263962268829,0.40058927602438044
traffic_ue,96,60,0.3986923396587372,0.4133303169116906
traffic_ue,96,61,0.3810211718082428,0.40698185482388843
traffic_ue,96,62,0.4028740227222442,0.39050124498241645
traffic_ue,96,63,0.3511945009231567,0.41129952552391497
traffic_ue,96,64,0.4380360841751098,0.36188398891712004
traffic_ue,96,65,0.3869564235210418,0.44483375107227424
traffic_ue,96,66,0.3821255266666412,0.3960373772147932
traffic_ue,96,67,0.4667347371578216,0.39150018753734944
traffic_ue,96,68,0.4356235861778259,0.4720823172886081
traffic_ue,96,69,0.4402360618114471,0.44204703773799087
traffic_ue,96,70,0.4117848873138428,0.44717062521396844
traffic_ue,96,71,0.4139135479927063,0.419760141567993
traffic_ue,96,72,0.3970347940921783,0.42123551963597344
traffic_ue,96,73,0.4589150846004486,0.4050607818933165
traffic_ue,96,74,0.4127244055271148,0.46485622212601024
traffic_ue,96,75,0.4682216942310333,0.42070179917867556
traffic_ue,96,76,0.3992131948471069,0.4727995815364692
traffic_ue,96,77,0.3686195015907287,0.4075260036329121
traffic_ue,96,78,0.4777974784374237,0.3778828128520882
traffic_ue,96,79,0.4411299228668213,0.4826853027311006
traffic_ue,96,80,0.4561434984207153,0.4478208755640443
traffic_ue,96,81,0.4414598345756531,0.4614805075627937
traffic_ue,96,82,0.5157323479652405,0.44838217454946766
traffic_ue,96,83,0.4304796159267425,0.5185049518919551
traffic_ue,96,84,0.4872847199440002,0.4375598735472057
traffic_ue,96,85,0.5204660892486572,0.4914451154231867
traffic_ue,96,86,0.4606816470623016,0.5238429005295997
traffic_ue,96,87,0.4605681896209717,0.4670296377832467
traffic_ue,96,88,0.43172687292099,0.4656816277766813
traffic_ue,96,89,0.4820202589035034,0.4382479949475831
traffic_ue,96,90,0.4588560163974762,0.48619860022595585
traffic_ue,96,91,0.4887974858283996,0.464204801556836
traffic_ue,96,92,0.4655035734176636,0.49307988986385415
traffic_ue,96,93,0.5330556631088257,0.47086375042870626
traffic_ue,96,94,0.4674069881439209,0.5358459592767628
traffic_ue,96,95,0.5297778248786926,0.4725717665063831
traffic_ue,96,96,0.5233626961708069,0.5312454013798071
traffic_ue,96,97,0.5329996943473816,0.5261962562619354
traffic_ue,96,98,0.5076087117195129,0.5345029217456976
traffic_ue,96,99,0.5770987272262573,0.5107917870861901
traffic_ue,96,100,0.620714008808136,0.5772171108400048
traffic_ue,96,101,0.6229552626609802,0.619075100332297
traffic_ue,96,102,0.511754035949707,0.6201116569085611
traffic_ue,96,103,0.5903624296188354,0.5145788219545148
traffic_ue,96,104,0.5196085572242737,0.5897610128964206
traffic_ue,96,105,0.5627526640892029,0.5226814180226989
traffic_ue,96,106,0.5570393204689026,0.563645537609141
traffic_ue,96,107,0.5596323609352112,0.5573774840234237
traffic_ue,96,108,0.5986132025718689,0.5611790114055561
traffic_ue,96,109,0.5921474099159241,0.5983390616491151
traffic_ue,96,110,0.6467300057411194,0.5922991956690781
traffic_ue,96,111,0.6273207664489746,0.6432308343056337
traffic_ue,96,112,0.6045811176300049,0.6250007515428996
traffic_ue,96,113,0.6580711603164673,0.6035589269145649
traffic_ue,96,114,0.6461248993873596,0.6546935023318369
traffic_ue,96,115,0.755862295627594,0.6433508625863239
traffic_ue,96,116,0.6894665956497192,0.748436448422275
traffic_ue,96,117,0.7036200165748596,0.6849987019037401
traffic_ue,96,118,0.6956741809844971,0.6983873667566197
traffic_ue,96,119,0.7000607252120972,0.6907934072731868
traffic_ue,96,120,0.7233125567436218,0.6943133596254879
traffic_ue,96,121,0.6730059385299683,0.7174321613101332
traffic_ue,96,122,0.7131189703941345,0.6697170494688992
traffic_ue,96,123,0.7703647613525391,0.7074559684446119
traffic_ue,96,124,0.6382931470870972,0.762503801421726
traffic_ue,96,125,0.7419889569282532,0.635716387745903
traffic_ue,96,126,0.7196736335754395,0.7343710969242581
traffic_ue,96,127,0.7524746060371399,0.7135802144962995
traffic_ue,96,128,0.6695420145988464,0.7446742066034774
traffic_ue,96,129,0.7254701852798462,0.6660808709370925
traffic_ue,96,130,0.7192549109458923,0.7193815462715053
traffic_ue,96,131,0.7155501246452332,0.7131826491017019
traffic_ue,96,132,0.7701004147529602,0.7101115611269961
traffic_ue,96,133,0.7302318215370178,0.7612109720463888
traffic_ue,96,134,0.7550047039985657,0.7228607466759914
traffic_ue,96,135,0.7301108837127686,0.747522966391973
traffic_ue,96,136,0.7570294141769409,0.7233412565701928
traffic_ue,96,137,0.7185784578323364,0.7488004235469886
traffic_ue,96,138,0.7545444965362549,0.7110520334227988
traffic_ue,96,139,0.7227892279624939,0.7464410639312199
traffic_ue,96,140,0.7440776824951172,0.7162407155133544
traffic_ue,96,141,0.7652822732925415,0.7368503974153452
traffic_ue,96,142,0.6971791982650757,0.7574796758803538
traffic_ue,96,143,0.7415712475776672,0.692023933320559
traffic_ue,96,144,0.8086178302764893,0.7351155561294915
traffic_ue,96,145,0.6902542114257812,0.7980302350191154
traffic_ue,96,146,0.6658042073249817,0.6854488525127097
traffic_ue,96,147,0.6525024771690369,0.6618869793683637
traffic_ue,96,148,0.6854822635650635,0.6501999764673716
traffic_ue,96,149,0.6990675926208496,0.6803722962847826
traffic_ue,96,150,0.7112603187561035,0.6934200194942302
traffic_ue,96,151,0.7361248731613159,0.7054927851804783
traffic_ue,96,152,0.7365891933441162,0.7285552567633756
traffic_ue,96,153,0.6929845809936523,0.7294426184812713
traffic_ue,96,154,0.690951943397522,0.6890831015422375
traffic_ue,96,155,0.7130659818649292,0.6862105522813304
traffic_ue,96,156,0.6735466122627258,0.707752937219431
traffic_ue,96,157,0.6748981475830078,0.669436621393624
traffic_ue,96,158,0.6457603573799133,0.6701741407264068
traffic_ue,96,159,0.6949809193611145,0.6432527972425718
traffic_ue,96,160,0.6972025036811829,0.6894902264219887
traffic_ue,96,161,0.7144327759742737,0.6922445068152335
traffic_ue,96,162,0.6179876327514648,0.7091002813114193
traffic_ue,96,163,0.6986950635910034,0.6162880370660918
traffic_ue,96,164,0.6220559477806091,0.693215147868873
traffic_ue,96,165,0.5666658878326416,0.6202996223410188
traffic_ue,96,166,0.6318556070327759,0.5670633653323177
traffic_ue,96,167,0.6143845915794373,0.6287607299545827
traffic_ue,96,168,0.5894022583961487,0.6125197706152828
traffic_ue,96,169,0.6519274711608887,0.589295859971542
traffic_ue,96,170,0.6327512860298157,0.648810630350989
traffic_ue,96,171,0.6534610390663147,0.6303553232535324
traffic_ue,96,172,0.5574979186058044,0.6501178758299216
traffic_ue,96,173,0.6063427329063416,0.5579617443357561
traffic_ue,96,174,0.598237931728363,0.6058268681857016
traffic_ue,96,175,0.6058505773544312,0.5969409128147961
traffic_ue,96,176,0.6522606611251831,0.6043177405985278
traffic_ue,96,177,0.6065390110015869,0.6487300935672452
traffic_ue,96,178,0.6065024733543396,0.6052194461104285
traffic_ue,96,179,0.553949236869812,0.6053832002946155
traffic_ue,96,180,0.6583881378173828,0.5554357645788514
traffic_ue,96,181,0.600103497505188,0.6543991266131276
traffic_ue,96,182,0.5472254753112793,0.5997540548962502
traffic_ue,96,183,0.570259690284729,0.5486052388069963
traffic_ue,96,184,0.6073437929153442,0.5708228598776233
traffic_ue,96,185,0.6559447646141052,0.6063804552804584
traffic_ue,96,186,0.5624825954437256,0.6517319323783032
traffic_ue,96,187,0.5437207818031311,0.5634883378315579
traffic_ue,96,188,0.6346809267997742,0.5449799621190038
traffic_ue,96,189,0.6512898802757263,0.6323362972937893
traffic_ue,96,190,0.6208690404891968,0.6480068100297347
traffic_ue,96,191,0.6171233654022217,0.619817635532831
traffic_ue,96,192,0.6491707563400269,0.6147232682458543
traffic_ue,96,193,0.5950316190719604,0.646490875418044
traffic_ue,96,194,0.6282901763916016,0.5948392257257875
traffic_ue,96,195,0.6273855566978455,0.6258715676845416
traffic_ue,96,196,0.6575219631195068,0.6255087707924696
traffic_ue,96,197,0.6345076560974121,0.6544201120638907
traffic_ue,96,198,0.6887493133544922,0.6321717816208932
traffic_ue,96,199,0.631507933139801,0.6832758227869725
traffic_ue,96,200,0.7495047450065613,0.6298197429323646
traffic_ue,96,201,0.6340248584747314,0.7413582926991039
traffic_ue,96,202,0.6838678121566772,0.6311180418502678
traffic_ue,96,203,0.6819612979888916,0.6780952487376546
traffic_ue,96,204,0.6698104739189148,0.6777734094165736
traffic_ue,96,205,0.7119765281677246,0.6662365427053297
traffic_ue,96,206,0.67385333776474,0.7060239716905686
traffic_ue,96,207,0.681268572807312,0.6697278486563428
traffic_ue,96,208,0.6870822906494141,0.676173069418379
traffic_ue,96,209,0.7007076144218445,0.6832309853076274
traffic_ue,96,210,0.6639550924301147,0.6957709568259822
traffic_ue,96,211,0.6675187349319458,0.6612723591499299
traffic_ue,96,212,0.7003066539764404,0.663961377976179
traffic_ue,96,213,0.6705507040023804,0.6947949191602368
traffic_ue,96,214,0.7098188996315002,0.6661951992028393
traffic_ue,96,215,0.6918995976448059,0.7039257524874739
traffic_ue,96,216,0.7936023473739624,0.6861180951360925
traffic_ue,96,217,0.7304807901382446,0.783128506698639
traffic_ue,96,218,0.7333330512046814,0.7236428609340608
traffic_ue,96,219,0.6966711282730103,0.7261525571756094
traffic_ue,96,220,0.6724491715431213,0.6914919236968935
traffic_ue,96,221,0.6895288825035095,0.6685930778613064
traffic_ue,96,222,0.7217519879341125,0.6839663904187507
traffic_ue,96,223,0.6684443354606628,0.7154543308491571
traffic_ue,96,224,0.6822628378868103,0.6644929298244074
traffic_ue,96,225,0.7082154154777527,0.6774643761267326
traffic_ue,96,226,0.720015823841095,0.7022048435940553
traffic_ue,96,227,0.689630389213562,0.7136074460741192
traffic_ue,96,228,0.6983829736709595,0.6841619910212277
traffic_ue,96,229,0.6198907494544983,0.6928196044138533
traffic_ue,96,230,0.6450165510177612,0.6180453815929826
traffic_ue,96,231,0.6213847398757935,0.6424969625462182
traffic_ue,96,232,0.6672523021697998,0.6195631064301342
traffic_ue,96,233,0.6444054841995239,0.663658796126136
traffic_ue,96,234,0.6189947724342346,0.6414206575992549
traffic_ue,96,235,0.6608121991157532,0.6175915678492119
traffic_ue,96,236,0.6276694536209106,0.6572464303914327
traffic_ue,96,237,0.5896393060684204,0.6244884261980586
traffic_ue,96,238,0.5632802248001099,0.5890744273637147
traffic_ue,96,239,0.676236093044281,0.5635511047429745
traffic_ue,96,240,0.6575303077697754,0.6710972025247884
traffic_ue,96,241,0.6520234942436218,0.6544776464892209
traffic_ue,96,242,0.6122166514396667,0.6487033559196576
traffic_ue,96,243,0.6107376217842102,0.61135437769803
traffic_ue,96,244,0.6277527213096619,0.6093547435494253
traffic_ue,96,245,0.5303844809532166,0.6260062175367859
traffic_ue,96,246,0.5808475613594055,0.5327640211744716
traffic_ue,96,247,0.5681518316268921,0.5804292438242492
traffic_ue,96,248,0.5448055863380432,0.568821507192278
traffic_ue,96,249,0.5733972191810608,0.5460595650178476
traffic_ue,96,250,0.5957764983177185,0.5743971925464668
traffic_ue,96,251,0.5898151397705078,0.5944550165751656
traffic_ue,96,252,0.51971834897995,0.5903328276389415
traffic_ue,96,253,0.5814660787582397,0.5230833306992897
traffic_ue,96,254,0.5065479278564453,0.5818599027859065
traffic_ue,96,255,0.4576235115528106,0.5093380998303957
traffic_ue,96,256,0.5040618181228638,0.46362990973661006
traffic_ue,96,257,0.5605735778808594,0.5071264425975749
traffic_ue,96,258,0.5118532180786133,0.5616261677759177
traffic_ue,96,259,0.4972338378429413,0.515169106743641
traffic_ue,96,260,0.5303787589073181,0.5010899695226807
traffic_ue,96,261,0.4690512716770172,0.5325601425967234
traffic_ue,96,262,0.4648602902889251,0.47448024750808687
traffic_ue,96,263,0.4243594706058502,0.4702529711374329
traffic_ue,96,264,0.4520924389362335,0.43179857860497245
traffic_ue,96,265,0.4830300211906433,0.457584528771445
traffic_ue,96,266,0.4027772545814514,0.48775267816791756
traffic_ue,96,267,0.4725358784198761,0.4107611441627149
traffic_ue,96,268,0.3954587280750274,0.47763994965055884
traffic_ue,96,269,0.4141933023929596,0.4035643514073449
traffic_ue,96,270,0.4115831553936004,0.4224437554581582
traffic_ue,96,271,0.390343427658081,0.4192213228694994
traffic_ue,96,272,0.3810839653015136,0.39920363124790537
traffic_ue,96,273,0.3664051592350006,0.3896678601930363
traffic_ue,96,274,0.3586024641990661,0.37622685960686447
traffic_ue,96,275,0.3883101940155029,0.3690664765492434
traffic_ue,96,276,0.3668795824050903,0.39816613837218856
traffic_ue,96,277,0.3389793634414673,0.3768261453444303
traffic_ue,96,278,0.3545420467853546,0.34978994428590854
traffic_ue,96,279,0.3719404339790344,0.36536005832214363
traffic_ue,96,280,0.3521953225135803,0.38153205916559757
traffic_ue,96,281,0.3224129676818847,0.3625861838818443
traffic_ue,96,282,0.3811310231685638,0.33396139325258817
traffic_ue,96,283,0.3390376567840576,0.39040710011287083
traffic_ue,96,284,0.2838951349258423,0.3497460693521741
traffic_ue,96,285,0.3510253429412842,0.2971913455431978
traffic_ue,96,286,0.3456419706344604,0.362070658054349
traffic_ue,96,287,0.2962798178195953,0.35651279428871624
traffic_ue,96,288,0.3138699233531952,0.30934714596081964
traffic_ue,96,289,0.3574512600898742,0.3261476807168751
traffic_ue,97,0,0.2519592344760895,0.28792485627063724
traffic_ue,97,1,0.2963059842586517,0.2668691036384103
traffic_ue,97,2,0.2734748125076294,0.3094216016748308
traffic_ue,97,3,0.3229557871818542,0.28804171283079466
traffic_ue,97,4,0.3433119654655456,0.33467523080125744
traffic_ue,97,5,0.302786111831665,0.35449896537634396
traffic_ue,97,6,0.2297942191362381,0.3156239124983557
traffic_ue,97,7,0.2502695024013519,0.24582404314244108
traffic_ue,97,8,0.3143091797828674,0.2652647504182753
traffic_ue,97,9,0.3618155121803283,0.3272593021735712
traffic_ue,97,10,0.3132060766220093,0.3713233928820514
traffic_ue,97,11,0.3119121789932251,0.3254677654478315
traffic_ue,97,12,0.3640396893024444,0.32394157745037583
traffic_ue,97,13,0.3321896195411682,0.3744770263793912
traffic_ue,97,14,0.3333155214786529,0.3437401641673039
traffic_ue,97,15,0.3109931647777557,0.3441642281026987
traffic_ue,97,16,0.3525279760360718,0.32416045033048985
traffic_ue,97,17,0.366970807313919,0.3625547491755593
traffic_ue,97,18,0.3014475107192993,0.3767639265954383
traffic_ue,97,19,0.3426007926464081,0.3143529482802955
traffic_ue,97,20,0.3402551114559173,0.3533276125887791
traffic_ue,97,21,0.300916463136673,0.3512988997335201
traffic_ue,97,22,0.2952424883842468,0.3135510650092109
traffic_ue,97,23,0.3336263597011566,0.30851106499330666
traffic_ue,97,24,0.3181400597095489,0.34505469724508014
traffic_ue,97,25,0.3272171914577484,0.3302020554406286
traffic_ue,97,26,0.3422469794750213,0.33906859455683913
traffic_ue,97,27,0.3612353801727295,0.35309089973227636
traffic_ue,97,28,0.2439923137426376,0.371020630878903
traffic_ue,97,29,0.3530980050563812,0.2599496841976059
traffic_ue,97,30,0.3232917189598083,0.36289753008950004
traffic_ue,97,31,0.3333374857902527,0.33549030274303027
traffic_ue,97,32,0.3462713658809662,0.3451276994648643
traffic_ue,97,33,0.3240068554878235,0.35711038742526485
traffic_ue,97,34,0.3655286133289337,0.33577241351068593
traffic_ue,97,35,0.3210331797599792,0.37470004405515545
traffic_ue,97,36,0.3599691689014435,0.3329489917973086
traffic_ue,97,37,0.3565320968627929,0.36957034171539616
traffic_ue,97,38,0.3016510903835296,0.36680305233891597
traffic_ue,97,39,0.3827581405639648,0.3143974072208146
traffic_ue,97,40,0.3272883594036102,0.39160472255351453
traffic_ue,97,41,0.3335063457489013,0.339136166525686
traffic_ue,97,42,0.3471446931362152,0.3451391930185717
traffic_ue,97,43,0.363042265176773,0.35744347302450213
traffic_ue,97,44,0.4037226438522339,0.37298427458965466
traffic_ue,97,45,0.3793257176876068,0.41245254738647524
traffic_ue,97,46,0.3766826689243316,0.3890402930818857
traffic_ue,97,47,0.3845118284225464,0.3857370097771388
traffic_ue,97,48,0.3282665610313415,0.39257524020220474
traffic_ue,97,49,0.3371396660804748,0.33966805022843866
traffic_ue,97,50,0.4039525687694549,0.34814242605973694
traffic_ue,97,51,0.3722348511219024,0.4117778491973017
traffic_ue,97,52,0.3792891502380371,0.3813650972613005
traffic_ue,97,53,0.4117506742477417,0.38855907058880557
traffic_ue,97,54,0.4362683594226837,0.4196284343933454
traffic_ue,97,55,0.3397703468799591,0.4429569003361775
traffic_ue,97,56,0.387939304113388,0.3503921266376391
traffic_ue,97,57,0.3601416051387787,0.3973674860857565
traffic_ue,97,58,0.4061368405818939,0.3697836765010575
traffic_ue,97,59,0.3841311931610107,0.4142486453413624
traffic_ue,97,60,0.4192311763763428,0.3934541230431449
traffic_ue,97,61,0.3841533362865448,0.4264829043206465
traffic_ue,97,62,0.3905334770679474,0.3938224272172367
traffic_ue,97,63,0.3838010430335998,0.3995825234886848
traffic_ue,97,64,0.4037986695766449,0.3928925976859666
traffic_ue,97,65,0.3919692933559418,0.4121278403685688
traffic_ue,97,66,0.4131175279617309,0.40099540220372576
traffic_ue,97,67,0.3807815909385681,0.42067816659482743
traffic_ue,97,68,0.4502957761287689,0.39052182673471764
traffic_ue,97,69,0.4227578639984131,0.4559778706470385
traffic_ue,97,70,0.4325988888740539,0.4297817839056788
traffic_ue,97,71,0.4379720389842987,0.4400185665054859
traffic_ue,97,72,0.4514719843864441,0.44383032509536335
traffic_ue,97,73,0.4115940034389496,0.4570946474035214
traffic_ue,97,74,0.4418926239013672,0.4188347314730888
traffic_ue,97,75,0.4984909892082214,0.4489915415332363
traffic_ue,97,76,0.4334169328212738,0.5019859310065176
traffic_ue,97,77,0.4579548239707947,0.44005110508451106
traffic_ue,97,78,0.4340005815029144,0.4633491446196661
traffic_ue,97,79,0.4469972252845764,0.44095254303793474
traffic_ue,97,80,0.4199404716491699,0.45329249184626585
traffic_ue,97,81,0.4322001039981842,0.4268090803942137
traffic_ue,97,82,0.4755271673202514,0.43904459448200434
traffic_ue,97,83,0.5224902033805847,0.4798847576104416
traffic_ue,97,84,0.4789866209030151,0.5252686259969503
traffic_ue,97,85,0.4360318183898926,0.48341746884402836
traffic_ue,97,86,0.4635855555534363,0.4433276482257066
traffic_ue,97,87,0.4998995661735534,0.46953876039229986
traffic_ue,97,88,0.4786294102668762,0.5039186723015402
traffic_ue,97,89,0.4628373980522156,0.48342558725955553
traffic_ue,97,90,0.4877966344356537,0.46808423461671367
traffic_ue,97,91,0.5130640864372253,0.49203038670530813
traffic_ue,97,92,0.5124402046203613,0.5167156836052571
traffic_ue,97,93,0.5581064820289612,0.5155279883486512
traffic_ue,97,94,0.575951099395752,0.5592837294488301
traffic_ue,97,95,0.6088359951972961,0.5760778589837369
traffic_ue,97,96,0.5889184474945068,0.6075492024320954
traffic_ue,97,97,0.5390264987945557,0.5882411581209582
traffic_ue,97,98,0.5607776641845703,0.5410685975962106
traffic_ue,97,99,0.6041308045387268,0.5624152789650286
traffic_ue,97,100,0.609178364276886,0.6028833101929015
traffic_ue,97,101,0.6197247505187988,0.6078246608582689
traffic_ue,97,102,0.6289528012275696,0.6180366045003344
traffic_ue,97,103,0.5020486116409302,0.6261038200731737
traffic_ue,97,104,0.6186594367027283,0.5051653480850298
traffic_ue,97,105,0.6140580177307129,0.6174716216315314
traffic_ue,97,106,0.5960038900375366,0.6128546462847636
traffic_ue,97,107,0.6245052814483643,0.5956135355006736
traffic_ue,97,108,0.5968737602233887,0.6227740302140865
traffic_ue,97,109,0.5946517586708069,0.5956456702260196
traffic_ue,97,110,0.6425197720527649,0.593833610546446
traffic_ue,97,111,0.5901207327842712,0.6393821697270291
traffic_ue,97,112,0.6573327779769897,0.5889361915629692
traffic_ue,97,113,0.6581162214279175,0.6539924290068155
traffic_ue,97,114,0.688221275806427,0.6541409496266288
traffic_ue,97,115,0.6720920205116272,0.6826256317010164
traffic_ue,97,116,0.6375203132629395,0.6674601903498997
traffic_ue,97,117,0.7365031242370605,0.6347345466327566
traffic_ue,97,118,0.6662959456443787,0.7307004064532439
traffic_ue,97,119,0.6961278915405273,0.6629988194937064
traffic_ue,97,120,0.6745209693908691,0.6914226383784507
traffic_ue,97,121,0.708134651184082,0.6699648548518283
traffic_ue,97,122,0.7383592128753662,0.7022273829898874
traffic_ue,97,123,0.7277300357818604,0.7305774768368967
traffic_ue,97,124,0.7375231981277466,0.7205845940863764
traffic_ue,97,125,0.6448088884353638,0.7301309841755836
traffic_ue,97,126,0.7860755324363708,0.6413571758834307
traffic_ue,97,127,0.7334197163581848,0.7773215151639077
traffic_ue,97,128,0.745583176612854,0.7259867862389894
traffic_ue,97,129,0.8070142865180969,0.7370395365141695
traffic_ue,97,130,0.6747047305107117,0.7972518863970006
traffic_ue,97,131,0.742059051990509,0.670685056434924
traffic_ue,97,132,0.7619298696517944,0.7343880388063002
traffic_ue,97,133,0.7436699867248535,0.7538997713230086
traffic_ue,97,134,0.7473816871643066,0.7354214620223555
traffic_ue,97,135,0.8024333119392395,0.7396401772978269
traffic_ue,97,136,0.6937392950057983,0.7923070425308657
traffic_ue,97,137,0.8466776609420776,0.6882617275013391
traffic_ue,97,138,0.7440027594566345,0.8345142568290058
traffic_ue,97,139,0.7763617634773254,0.7369777057469881
traffic_ue,97,140,0.734934389591217,0.76770167262737
traffic_ue,97,141,0.7716816067695618,0.7284667656901238
traffic_ue,97,142,0.806876540184021,0.7627618809389989
traffic_ue,97,143,0.7461366057395935,0.7971211001155892
traffic_ue,97,144,0.7891677618026733,0.7384580074006383
traffic_ue,97,145,0.7004277110099792,0.7790172148847369
traffic_ue,97,146,0.7015472650527954,0.6954059735578781
traffic_ue,97,147,0.7655442953109741,0.6959232331731129
traffic_ue,97,148,0.8495509624481201,0.7574804013694855
traffic_ue,97,149,0.7377217411994934,0.8371927646196496
traffic_ue,97,150,0.7210580110549927,0.7305179409101324
traffic_ue,97,151,0.7290616035461426,0.7142496937105091
traffic_ue,97,152,0.7023833394050598,0.7220969374072038
traffic_ue,97,153,0.772807240486145,0.6969155079803474
traffic_ue,97,154,0.6893957853317261,0.7642275298982271
traffic_ue,97,155,0.8005481362342834,0.6843361325256355
traffic_ue,97,156,0.7501811981201172,0.790021006925551
traffic_ue,97,157,0.7324636578559875,0.742298234444227
traffic_ue,97,158,0.7820594906806946,0.7261208751937736
traffic_ue,97,159,0.6938431262969971,0.7730618934128044
traffic_ue,97,160,0.7810184955596924,0.6882114781588891
traffic_ue,97,161,0.7718573212623596,0.7724703890490967
traffic_ue,97,162,0.7204087972640991,0.7635736653031805
traffic_ue,97,163,0.8004406690597534,0.7142782318026294
traffic_ue,97,164,0.6918164491653442,0.7894724671318484
traffic_ue,97,165,0.7079468965530396,0.6876267132316003
traffic_ue,97,166,0.7318915128707886,0.7019498924050642
traffic_ue,97,167,0.6903805136680603,0.7255280281609702
traffic_ue,97,168,0.8436362147331238,0.684725378913457
traffic_ue,97,169,0.7925236821174622,0.8313784318747519
traffic_ue,97,170,0.7518668174743652,0.7830469611506349
traffic_ue,97,171,0.7620856165885925,0.744345185476757
traffic_ue,97,172,0.6700423955917358,0.7537499801884723
traffic_ue,97,173,0.7177200317382812,0.6653156833100664
traffic_ue,97,174,0.704410195350647,0.7114772672668572
traffic_ue,97,175,0.6510962247848511,0.6987903394480472
traffic_ue,97,176,0.7007716298103333,0.6479717738135145
traffic_ue,97,177,0.6773188710212708,0.6952364006752911
traffic_ue,97,178,0.6989867091178894,0.6723733269193453
traffic_ue,97,179,0.7847142815589905,0.6936905027737225
traffic_ue,97,180,0.6627028584480286,0.7752352630066089
traffic_ue,97,181,0.711593747138977,0.6581485529577008
traffic_ue,97,182,0.7277868390083313,0.7058589774936568
traffic_ue,97,183,0.7203888893127441,0.7207873613987114
traffic_ue,97,184,0.7676937580108643,0.7139616612776476
traffic_ue,97,185,0.6757211685180664,0.7594716445121587
traffic_ue,97,186,0.7311608791351318,0.6714516901635037
traffic_ue,97,187,0.75642329454422,0.7241893635371865
traffic_ue,97,188,0.6822155117988586,0.7487706555059976
traffic_ue,97,189,0.7008649706840515,0.6778659440585463
traffic_ue,97,190,0.7382549047470093,0.6954738594590691
traffic_ue,97,191,0.6851025819778442,0.7316691131278945
traffic_ue,97,192,0.7227553725242615,0.6806567476458525
traffic_ue,97,193,0.7184408903121948,0.7163574049658767
traffic_ue,97,194,0.7321375608444214,0.7126082049930587
traffic_ue,97,195,0.7420316934585571,0.7257616438120591
traffic_ue,97,196,0.7467273473739624,0.7342132284056994
traffic_ue,97,197,0.6929988861083984,0.7387708429468811
traffic_ue,97,198,0.7049446702003479,0.6874098957746783
traffic_ue,97,199,0.6531329154968262,0.6990001398462189
traffic_ue,97,200,0.7634146213531494,0.650302445841273
traffic_ue,97,201,0.6975274085998535,0.7551606671851191
traffic_ue,97,202,0.6951733231544495,0.6920072693712833
traffic_ue,97,203,0.7278262376785278,0.690268245395108
traffic_ue,97,204,0.7545203566551208,0.7212712720563812
traffic_ue,97,205,0.790539562702179,0.7466165894466631
traffic_ue,97,206,0.6842795014381409,0.7813119296478213
traffic_ue,97,207,0.7496922612190247,0.6794287530297243
traffic_ue,97,208,0.7376833558082581,0.7417347797399872
traffic_ue,97,209,0.6975736021995544,0.730332660815866
traffic_ue,97,210,0.6968421936035156,0.6919022946570786
traffic_ue,97,211,0.7278618812561035,0.6919520139145016
traffic_ue,97,212,0.7533484101295471,0.7216523945310959
traffic_ue,97,213,0.6923345923423767,0.7457023047409296
traffic_ue,97,214,0.7252259850502014,0.6872256701976692
traffic_ue,97,215,0.7200977206230164,0.718554348034627
traffic_ue,97,216,0.7498475909233093,0.7144293759805507
traffic_ue,97,217,0.7138345241546631,0.7418326495244173
traffic_ue,97,218,0.6631834506988525,0.7078376981906536
traffic_ue,97,219,0.7737390398979187,0.658604861822703
traffic_ue,97,220,0.757041871547699,0.7643184646869161
traffic_ue,97,221,0.7348988652229309,0.7502509824745013
traffic_ue,97,222,0.7228065729141235,0.727837699331749
traffic_ue,97,223,0.7874475717544556,0.7157114585055432
traffic_ue,97,224,0.7319516539573669,0.778028891053707
traffic_ue,97,225,0.6625758409500122,0.7253370733666141
traffic_ue,97,226,0.6526052951812744,0.6590697930973187
traffic_ue,97,227,0.7073284387588501,0.648958091111183
traffic_ue,97,228,0.7360735535621643,0.7020076324535707
traffic_ue,97,229,0.6601088047027588,0.7285065302431267
traffic_ue,97,230,0.6788966059684753,0.6573723597439675
traffic_ue,97,231,0.6535307765007019,0.6755581300804565
traffic_ue,97,232,0.682296633720398,0.6503329238099614
traffic_ue,97,233,0.6678760647773743,0.6782902469455142
traffic_ue,97,234,0.6436439156532288,0.6635564814352694
traffic_ue,97,235,0.6669417023658752,0.640747181034974
traffic_ue,97,236,0.6440983414649963,0.6643065071866422
traffic_ue,97,237,0.6761545538902283,0.64182359398067
traffic_ue,97,238,0.6078945994377136,0.6714166746958621
traffic_ue,97,239,0.6347536444664001,0.6063080936603977
traffic_ue,97,240,0.6574151515960693,0.6323557292651356
traffic_ue,97,241,0.6849278807640076,0.6540210290342365
traffic_ue,97,242,0.6356636881828308,0.6798955367755367
traffic_ue,97,243,0.6660596132278442,0.6339143500484126
traffic_ue,97,244,0.61516934633255,0.6621294801108335
traffic_ue,97,245,0.463775098323822,0.614306712938696
traffic_ue,97,246,0.5907142162322998,0.46882572048713494
traffic_ue,97,247,0.6275177597999573,0.5902438586625438
traffic_ue,97,248,0.6096348166465759,0.6248901227219663
traffic_ue,97,249,0.5732287168502808,0.609299889275142
traffic_ue,97,250,0.5001904368400574,0.5738899244113168
traffic_ue,97,251,0.5351134538650513,0.503599508875666
traffic_ue,97,252,0.4879767596721649,0.5369067684432375
traffic_ue,97,253,0.5032883882522583,0.49259830187741854
traffic_ue,97,254,0.5845337510108948,0.5073347094888211
traffic_ue,97,255,0.4798104763031006,0.5834826748020703
traffic_ue,97,256,0.5108422040939331,0.4845965877544527
traffic_ue,97,257,0.5159651041030884,0.5146060686281161
traffic_ue,97,258,0.5083356499671936,0.5197181755958566
traffic_ue,97,259,0.500489354133606,0.5118788858782348
traffic_ue,97,260,0.4732385575771332,0.5036352653938733
traffic_ue,97,261,0.4207465946674347,0.4782575123913718
traffic_ue,97,262,0.403998464345932,0.42762408300801247
traffic_ue,97,263,0.4818935692310333,0.412019871415756
traffic_ue,97,264,0.4263339638710022,0.487219374454552
traffic_ue,97,265,0.4635081887245178,0.43302835620910557
traffic_ue,97,266,0.415725976228714,0.46886996579093465
traffic_ue,97,267,0.4113725125789642,0.4235020949734723
traffic_ue,97,268,0.4621129930019378,0.4187732663544803
traffic_ue,97,269,0.4006384909152984,0.4673468209219176
traffic_ue,97,270,0.4167140424251556,0.4091273393498967
traffic_ue,97,271,0.4239511787891388,0.4248371274301052
traffic_ue,97,272,0.4176854193210602,0.43141091697465306
traffic_ue,97,273,0.4107857644557953,0.424965639930113
traffic_ue,97,274,0.3334346413612366,0.41970450788282027
traffic_ue,97,275,0.403422087430954,0.3443765519185712
traffic_ue,97,276,0.366811603307724,0.41157184052602525
traffic_ue,97,277,0.3674441277980804,0.3769104353395281
traffic_ue,97,278,0.3674739301204681,0.37671721698284
traffic_ue,97,279,0.3432473540306091,0.37704318193565145
traffic_ue,97,280,0.2690850794315338,0.35428878438903516
traffic_ue,97,281,0.3633090555667877,0.28312961316686136
traffic_ue,97,282,0.3354794681072235,0.3726422476165325
traffic_ue,97,283,0.3491747379302978,0.3467645602963741
traffic_ue,97,284,0.3689718246459961,0.35981744635349927
traffic_ue,97,285,0.3127134442329407,0.37851500219638257
traffic_ue,97,286,0.3500805795192718,0.3244542992562227
traffic_ue,97,287,0.3551312685012817,0.3608263517816129
traffic_ue,97,288,0.3270505368709564,0.36567145074844876
traffic_ue,97,289,0.3289807438850403,0.3378685210080848
traffic_ue,98,0,0.4736390113830566,0.3701158897864542
traffic_ue,98,1,0.3788112103939056,0.4786377320502478
traffic_ue,98,2,0.516171932220459,0.3880060572817619
traffic_ue,98,3,0.3804955184459686,0.5191207704707393
traffic_ue,98,4,0.4629805088043213,0.3897044833722872
traffic_ue,98,5,0.4264709651470184,0.4679720571930735
traffic_ue,98,6,0.4156748354434967,0.4333072693205053
traffic_ue,98,7,0.4420420825481415,0.4232054811625021
traffic_ue,98,8,0.3805055916309356,0.4487861684297561
traffic_ue,98,9,0.5253375172615051,0.3895652133372105
traffic_ue,98,10,0.5055944323539734,0.5276247907828616
traffic_ue,98,11,0.4805147349834442,0.5089785081424703
traffic_ue,98,12,0.476109892129898,0.485017204552512
traffic_ue,98,13,0.5534148216247559,0.4814302667541125
traffic_ue,98,14,0.4397242963314056,0.5544322381510984
traffic_ue,98,15,0.5229984521865845,0.446585495414194
traffic_ue,98,16,0.4872120320796966,0.5262473081245995
traffic_ue,98,17,0.4867848753929138,0.4912768775065871
traffic_ue,98,18,0.4874393045902252,0.4915162525919564
traffic_ue,98,19,0.4712285101413727,0.49094694082899265
traffic_ue,98,20,0.4606994092464447,0.47605136023504196
traffic_ue,98,21,0.4733313024044037,0.465458937233949
traffic_ue,98,22,0.4262847900390625,0.4776510112093349
traffic_ue,98,23,0.4961898922920227,0.4326343871372985
traffic_ue,98,24,0.5077304244041443,0.5001979953250607
traffic_ue,98,25,0.5257107615470886,0.5112546297644349
traffic_ue,98,26,0.4829608201980591,0.5292690725268012
traffic_ue,98,27,0.4640228450298309,0.4880838650773089
traffic_ue,98,28,0.472743809223175,0.46911056045088506
traffic_ue,98,29,0.4223733246326446,0.47833348825640304
traffic_ue,98,30,0.4882501065731048,0.42906939466409183
traffic_ue,98,31,0.4765442311763763,0.4929074485083544
traffic_ue,98,32,0.4589785635471344,0.48159460242912056
traffic_ue,98,33,0.4148363471031189,0.4642715452249631
traffic_ue,98,34,0.428359717130661,0.42235974858297154
traffic_ue,98,35,0.4447622299194336,0.434902140707439
traffic_ue,98,36,0.4915724396705627,0.45141848349214114
traffic_ue,98,37,0.4715999960899353,0.49561540789168146
traffic_ue,98,38,0.4293586909770965,0.4766025213813239
traffic_ue,98,39,0.4811665713787079,0.4364955867413975
traffic_ue,98,40,0.4503794908523559,0.4854376592748635
traffic_ue,98,41,0.4391627311706543,0.4558092983599511
traffic_ue,98,42,0.4529400765895843,0.44560580231675584
traffic_ue,98,43,0.5119304656982422,0.45838933695316353
traffic_ue,98,44,0.5116751194000244,0.5147463370531636
traffic_ue,98,45,0.5705364346504211,0.5148511728009851
traffic_ue,98,46,0.5299270153045654,0.5697957241305642
traffic_ue,98,47,0.5340457558631897,0.5322304475418829
traffic_ue,98,48,0.4827328622341156,0.5365875789264226
traffic_ue,98,49,0.5019895434379578,0.48761936831358793
traffic_ue,98,50,0.4942253530025482,0.505456544380098
traffic_ue,98,51,0.5433468222618103,0.4977373833940084
traffic_ue,98,52,0.50873863697052,0.544773732263117
traffic_ue,98,53,0.5535591244697571,0.511963842253562
traffic_ue,98,54,0.4458649158477783,0.5549661409670306
traffic_ue,98,55,0.5388414263725281,0.4516220588222696
traffic_ue,98,56,0.5875481963157654,0.5404463737962778
traffic_ue,98,57,0.5719628930091858,0.5871882001219684
traffic_ue,98,58,0.5245214700698853,0.5718942775489292
traffic_ue,98,59,0.5802670121192932,0.5273460909977465
traffic_ue,98,60,0.5184736251831055,0.5805725883956971
traffic_ue,98,61,0.559737503528595,0.521851888945826
traffic_ue,98,62,0.4730138480663299,0.5605842815547757
traffic_ue,98,63,0.5470907092094421,0.4781929912540718
traffic_ue,98,64,0.4612188935279846,0.5490726191394116
traffic_ue,98,65,0.4539452791213989,0.467490126822607
traffic_ue,98,66,0.5129055976867676,0.4597406398796822
traffic_ue,98,67,0.5531477928161621,0.5162179230838141
traffic_ue,98,68,0.4842354357242584,0.5544763702690207
traffic_ue,98,69,0.453937828540802,0.48800418001404444
traffic_ue,98,70,0.5019807815551758,0.45963434293452554
traffic_ue,98,71,0.4296365082263946,0.5055474480459193
traffic_ue,98,72,0.5201123356819153,0.4378012061208884
traffic_ue,98,73,0.5253587961196899,0.5234077986104058
traffic_ue,98,74,0.4527624249458313,0.5270000460811917
traffic_ue,98,75,0.4829888939857483,0.45871677583834564
traffic_ue,98,76,0.5229490399360657,0.488308966007082
traffic_ue,98,77,0.4389472901821136,0.5250593300585176
traffic_ue,98,78,0.4479747116565704,0.4448555215867237
traffic_ue,98,79,0.491432636976242,0.45402214208938363
traffic_ue,98,80,0.4670443832874298,0.4957307262234213
traffic_ue,98,81,0.4521136283874511,0.4724259290192324
traffic_ue,98,82,0.4584217965602875,0.457852704630702
traffic_ue,98,83,0.5126170516014099,0.46389174482598283
traffic_ue,98,84,0.4537525475025177,0.5160431794952238
traffic_ue,98,85,0.5547951459884644,0.45945842378447477
traffic_ue,98,86,0.4974526762962341,0.5560900973236241
traffic_ue,98,87,0.4588685035705566,0.5014961961528679
traffic_ue,98,88,0.4320845305919647,0.46491121757220555
traffic_ue,98,89,0.4608370065689087,0.43928214067115406
traffic_ue,98,90,0.4816646873950958,0.4665321988972561
traffic_ue,98,91,0.5026698708534241,0.48640672060292817
traffic_ue,98,92,0.5378788709640503,0.5075412271861114
traffic_ue,98,93,0.4834473729133606,0.539681288670405
traffic_ue,98,94,0.4700516164302826,0.4883969989944619
traffic_ue,98,95,0.5448175072669983,0.4753308239710238
traffic_ue,98,96,0.5405008792877197,0.5461701064334091
traffic_ue,98,97,0.5159720182418823,0.5428157604260566
traffic_ue,98,98,0.5196834206581116,0.5187821235125071
traffic_ue,98,99,0.5176867842674255,0.5230005558232849
traffic_ue,98,100,0.6284042000770569,0.5205590800086324
traffic_ue,98,101,0.5099387168884277,0.626823224012765
traffic_ue,98,102,0.5222236514091492,0.5131032844820074
traffic_ue,98,103,0.5894520282745361,0.5250155423749374
traffic_ue,98,104,0.4844835698604584,0.5883508867972338
traffic_ue,98,105,0.6064448952674866,0.489232004696139
traffic_ue,98,106,0.5692882537841797,0.6054773657575221
traffic_ue,98,107,0.607763946056366,0.5697516739204342
traffic_ue,98,108,0.6325076818466187,0.6071762702168456
traffic_ue,98,109,0.6191918849945068,0.6304216963963767
traffic_ue,98,110,0.6552001237869263,0.616984938075081
traffic_ue,98,111,0.632358729839325,0.6518186994172349
traffic_ue,98,112,0.6057285666465759,0.6297345450895009
traffic_ue,98,113,0.5566733479499817,0.6037553921277743
traffic_ue,98,114,0.6795437335968018,0.557575728932587
traffic_ue,98,115,0.7249428033828735,0.674981885682498
traffic_ue,98,116,0.6634782552719116,0.7186327548800604
traffic_ue,98,117,0.6588120460510254,0.6598273873619178
traffic_ue,98,118,0.6130203008651733,0.6552481183185626
traffic_ue,98,119,0.755459725856781,0.6120181974631488
traffic_ue,98,120,0.6998289823532104,0.7479053854723513
traffic_ue,98,121,0.7119983434677124,0.6943413833492326
traffic_ue,98,122,0.6784924864768982,0.7053997363253472
traffic_ue,98,123,0.7429600358009338,0.6740829788498833
traffic_ue,98,124,0.6952356696128845,0.7352931090820922
traffic_ue,98,125,0.740587592124939,0.6906251100924675
traffic_ue,98,126,0.7091513872146606,0.732048312063562
traffic_ue,98,127,0.6914148926734924,0.7029942996831607
traffic_ue,98,128,0.7818991541862488,0.6865012753947453
traffic_ue,98,129,0.7028915286064148,0.7729592698215207
traffic_ue,98,130,0.7719087600708008,0.6973484079620753
traffic_ue,98,131,0.7807868123054504,0.7631760022841394
traffic_ue,98,132,0.7376362085342407,0.7717542981571675
traffic_ue,98,133,0.7339840531349182,0.7299902273178834
traffic_ue,98,134,0.7593420147895813,0.7266218310107262
traffic_ue,98,135,0.7469087243080139,0.7511450072186033
traffic_ue,98,136,0.7680423855781555,0.7388934438455375
traffic_ue,98,137,0.7418798208236694,0.7592073196439165
traffic_ue,98,138,0.7860676646232605,0.7344659209090684
traffic_ue,98,139,0.7625696063041687,0.7771652106542725
traffic_ue,98,140,0.7433796525001526,0.7548048518178722
traffic_ue,98,141,0.7098017334938049,0.7362372489237533
traffic_ue,98,142,0.7547472715377808,0.7037606194793964
traffic_ue,98,143,0.7416882514953613,0.7464847588670662
traffic_ue,98,144,0.7512046098709106,0.7335398599953687
traffic_ue,98,145,0.7624855041503906,0.7444606091360486
traffic_ue,98,146,0.7724108695983887,0.755369947562118
traffic_ue,98,147,0.7523325085639954,0.7644465238225442
traffic_ue,98,148,0.7414045333862305,0.745085014590521
traffic_ue,98,149,0.7219128012657166,0.7336673689182609
traffic_ue,98,150,0.7385384440422058,0.7147636245614305
traffic_ue,98,151,0.6814117431640625,0.7313926001844637
traffic_ue,98,152,0.7778367400169373,0.6774004567631801
traffic_ue,98,153,0.726490318775177,0.7683579502806382
traffic_ue,98,154,0.6882385015487671,0.7201020773483789
traffic_ue,98,155,0.6715608239173889,0.6837830495801829
traffic_ue,98,156,0.7363566160202026,0.6681961194276009
traffic_ue,98,157,0.7495898008346558,0.7293210156621511
traffic_ue,98,158,0.7795451283454895,0.7418855535478431
traffic_ue,98,159,0.7420428395271301,0.7713691366800067
traffic_ue,98,160,0.8016734719276428,0.7351168167355775
traffic_ue,98,161,0.7554928660392761,0.7916848185757156
traffic_ue,98,162,0.8266294598579407,0.7485321881131768
traffic_ue,98,163,0.7499259114265442,0.814933326554444
traffic_ue,98,164,0.7977199554443359,0.7428496295101548
traffic_ue,98,165,0.7949168682098389,0.788476791095493
traffic_ue,98,166,0.7812827825546265,0.7843766073694513
traffic_ue,98,167,0.7826758623123169,0.7718283166891028
traffic_ue,98,168,0.7585078477859497,0.7737959552339623
traffic_ue,98,169,0.7242783904075623,0.7499064863158709
traffic_ue,98,170,0.7722223401069641,0.7178530791502838
traffic_ue,98,171,0.7942418456077576,0.7638706290460725
traffic_ue,98,172,0.7198044657707214,0.7846783092025453
traffic_ue,98,173,0.750629186630249,0.7139524930663554
traffic_ue,98,174,0.7498219609260559,0.7423266956604824
traffic_ue,98,175,0.7708017826080322,0.7421555944581147
traffic_ue,98,176,0.8117174506187439,0.7617280669147346
traffic_ue,98,177,0.7539085149765015,0.8013701289232952
traffic_ue,98,178,0.7925355434417725,0.7456387716193112
traffic_ue,98,179,0.7865269780158997,0.7832566688010726
traffic_ue,98,180,0.7575436234474182,0.7766586989759044
traffic_ue,98,181,0.7968611121177673,0.748891759518176
traffic_ue,98,182,0.7227457165718079,0.7859745553684376
traffic_ue,98,183,0.7348630428314209,0.7160009570124496
traffic_ue,98,184,0.7980238795280457,0.7276548527338481
traffic_ue,98,185,0.7008748054504395,0.7885669128344613
traffic_ue,98,186,0.7145453095436096,0.6954335858800524
traffic_ue,98,187,0.7468096613883972,0.7084629575711343
traffic_ue,98,188,0.7401921153068542,0.7393947233482536
traffic_ue,98,189,0.7142598032951355,0.7332107717462029
traffic_ue,98,190,0.7031517028808594,0.7078942089111593
traffic_ue,98,191,0.6592960953712463,0.6977442703813663
traffic_ue,98,192,0.7432756423950195,0.6557077095740113
traffic_ue,98,193,0.6719423532485962,0.735691991520497
traffic_ue,98,194,0.6835258603096008,0.6682607023449844
traffic_ue,98,195,0.6926563382148743,0.6790108603958324
traffic_ue,98,196,0.6871032118797302,0.6876303817087636
traffic_ue,98,197,0.7137114405632019,0.6825562896344175
traffic_ue,98,198,0.7138339281082153,0.7074727767026329
traffic_ue,98,199,0.6827421188354492,0.7073906295360988
traffic_ue,98,200,0.6694730520248413,0.6778202171192678
traffic_ue,98,201,0.6697919368743896,0.6653208331122735
traffic_ue,98,202,0.7110186219215393,0.6656236053344938
traffic_ue,98,203,0.7155635952949524,0.705461746469547
traffic_ue,98,204,0.6648595333099365,0.7093305685086296
traffic_ue,98,205,0.6684927344322205,0.6611884835380182
traffic_ue,98,206,0.7094082832336426,0.6639931577376759
traffic_ue,98,207,0.7268223762512207,0.7040319978716191
traffic_ue,98,208,0.6495248079299927,0.7196731854014465
traffic_ue,98,209,0.7790272235870361,0.645785197782059
traffic_ue,98,210,0.6817408800125122,0.7699843951850228
traffic_ue,98,211,0.6943850517272949,0.6761750091397297
traffic_ue,98,212,0.6832714080810547,0.6892221352969223
traffic_ue,98,213,0.6721374988555908,0.678273151001307
traffic_ue,98,214,0.681108832359314,0.6679498734873204
traffic_ue,98,215,0.7692126631736755,0.6767159601372803
traffic_ue,98,216,0.7292567491531372,0.7613106936811457
traffic_ue,98,217,0.7201287746429443,0.7226791139998748
traffic_ue,98,218,0.7439188957214355,0.7135162440373878
traffic_ue,98,219,0.7138600945472717,0.7366996338265611
traffic_ue,98,220,0.727994441986084,0.7087053705977975
traffic_ue,98,221,0.6675564646720886,0.72133175450167
traffic_ue,98,222,0.6808457374572754,0.6637987556507667
traffic_ue,98,223,0.6668577790260315,0.6770118844586963
traffic_ue,98,224,0.7094470262527466,0.6625400362560514
traffic_ue,98,225,0.6560508012771606,0.7033246120731828
traffic_ue,98,226,0.7141962051391602,0.6527256166666437
traffic_ue,98,227,0.6780372262001038,0.7091237210071265
traffic_ue,98,228,0.7230591177940369,0.6741964475368251
traffic_ue,98,229,0.6700477600097656,0.7155047400617863
traffic_ue,98,230,0.6617251038551331,0.6659657250553499
traffic_ue,98,231,0.6639087200164795,0.657567482288081
traffic_ue,98,232,0.6792045831680298,0.6604345472210758
traffic_ue,98,233,0.6406064629554749,0.6756024887253511
traffic_ue,98,234,0.6096593141555786,0.6380120391188752
traffic_ue,98,235,0.6526637077331543,0.608926257661701
traffic_ue,98,236,0.620964527130127,0.6502538375388286
traffic_ue,98,237,0.6374190449714661,0.6202059659041258
traffic_ue,98,238,0.6541830897331238,0.6352337321967397
traffic_ue,98,239,0.6107735633850098,0.6508034426897302
traffic_ue,98,240,0.6099767088890076,0.6090912006080361
traffic_ue,98,241,0.6239323019981384,0.6081361639544879
traffic_ue,98,242,0.6847800612449646,0.6212377740158984
traffic_ue,98,243,0.5371139645576477,0.6798544091152944
traffic_ue,98,244,0.5697590112686157,0.5392030885571851
traffic_ue,98,245,0.5666037797927856,0.5704963134339905
traffic_ue,98,246,0.5861017107963562,0.5671036183179733
traffic_ue,98,247,0.5581086874008179,0.5850706314761892
traffic_ue,98,248,0.6157258749008179,0.5598315489405457
traffic_ue,98,249,0.5696588754653931,0.6138925043434011
traffic_ue,98,250,0.5806643962860107,0.5698059003300295
traffic_ue,98,251,0.538384199142456,0.5802057223096159
traffic_ue,98,252,0.5989879965782166,0.5407564205718715
traffic_ue,98,253,0.6319746971130371,0.5983972495644216
traffic_ue,98,254,0.4877690076828003,0.6298164195104133
traffic_ue,98,255,0.5115979909896851,0.4920537672921129
traffic_ue,98,256,0.521579921245575,0.5143810502270049
traffic_ue,98,257,0.452767014503479,0.5240074473253636
traffic_ue,98,258,0.512201726436615,0.45906841339198057
traffic_ue,98,259,0.4720625579357147,0.515450394242504
traffic_ue,98,260,0.523227334022522,0.4765455967432845
traffic_ue,98,261,0.4357999563217163,0.5257204538007209
traffic_ue,98,262,0.4610878527164459,0.4424129418993311
traffic_ue,98,263,0.4330941438674927,0.46677037027991297
traffic_ue,98,264,0.4067510962486267,0.4399926830943413
traffic_ue,98,265,0.4475959241390228,0.41443497256021283
traffic_ue,98,266,0.4688661694526672,0.4533152140663845
traffic_ue,98,267,0.398899644613266,0.4740564410673147
traffic_ue,98,268,0.366223931312561,0.4068810165813559
traffic_ue,98,269,0.4041619002819061,0.3758067317071099
traffic_ue,98,270,0.4461075067520141,0.4123734949093912
traffic_ue,98,271,0.4075385928153991,0.45224928339417186
traffic_ue,98,272,0.3816253244876861,0.415083455638935
traffic_ue,98,273,0.4156859219074249,0.3914717623206717
traffic_ue,98,274,0.3966563940048218,0.4231663960351989
traffic_ue,98,275,0.4627545177936554,0.40519761576084673
traffic_ue,98,276,0.4271025061607361,0.4677574850658683
traffic_ue,98,277,0.3367102444171905,0.43370845414721826
traffic_ue,98,278,0.4118764698505401,0.3482804277856193
traffic_ue,98,279,0.317676693201065,0.41959903954881833
traffic_ue,98,280,0.4182767570018768,0.3293652106236601
traffic_ue,98,281,0.3744233846664428,0.42567593271700316
traffic_ue,98,282,0.3327618837356567,0.3833438256614055
traffic_ue,98,283,0.3725249171257019,0.344085067316447
traffic_ue,98,284,0.3027822375297546,0.3821366209367185
traffic_ue,98,285,0.3785594403743744,0.31557062254343055
traffic_ue,98,286,0.3737797737121582,0.38732050598338724
traffic_ue,98,287,0.3114427924156189,0.38312962642022924
traffic_ue,98,288,0.3550772964954376,0.32364474229957785
traffic_ue,98,289,0.3229065835475921,0.36532253735898124
traffic_ue,99,0,0.5068700909614563,0.4109343056649842
traffic_ue,99,1,0.4452753961086273,0.5098424303198763
traffic_ue,99,2,0.4285410940647125,0.4514096062590857
traffic_ue,99,3,0.4289696812629699,0.43552085574517024
traffic_ue,99,4,0.4254032075405121,0.43508439323470055
traffic_ue,99,5,0.456011027097702,0.4323430748299542
traffic_ue,99,6,0.4872322082519531,0.4617516210677202
traffic_ue,99,7,0.4323075711727142,0.4912464228024407
traffic_ue,99,8,0.4344507157802582,0.43939468862007697
traffic_ue,99,9,0.471279501914978,0.44172721280859706
traffic_ue,99,10,0.4523752927780151,0.4764470553914804
traffic_ue,99,11,0.4934735596179962,0.4581011476317388
traffic_ue,99,12,0.3969652354717254,0.49727163372730965
traffic_ue,99,13,0.4875061810016632,0.40544124065898296
traffic_ue,99,14,0.4462868869304657,0.4919034435565859
traffic_ue,99,15,0.4334726631641388,0.4526180454989182
traffic_ue,99,16,0.3785217702388763,0.44025285372394873
traffic_ue,99,17,0.4525811970233917,0.3873839620739231
traffic_ue,99,18,0.4527609050273895,0.45849509359422114
traffic_ue,99,19,0.4816277325153351,0.4590626126157604
traffic_ue,99,20,0.4848707318305969,0.4865700786365439
traffic_ue,99,21,0.4202027320861816,0.48964921554358515
traffic_ue,99,22,0.5122648477554321,0.4271573121524529
traffic_ue,99,23,0.4060324728488922,0.5154607147507144
traffic_ue,99,24,0.4400457441806793,0.4142487739334564
traffic_ue,99,25,0.3950598835945129,0.4468410897188724
traffic_ue,99,26,0.3617792427539825,0.40368177389688975
traffic_ue,99,27,0.4076639115810394,0.3717850702179075
traffic_ue,99,28,0.4297774732112884,0.41599622491514066
traffic_ue,99,29,0.4561933577060699,0.43689320872893384
traffic_ue,99,30,0.3943213224411011,0.46252007583419374
traffic_ue,99,31,0.4307110607624054,0.40273247372351473
traffic_ue,99,32,0.4389752447605133,0.4376804011004901
traffic_ue,99,33,0.4132052063941955,0.4457750691253245
traffic_ue,99,34,0.4103221297264099,0.4207118033937958
traffic_ue,99,35,0.3596886694431305,0.41792479153338485
traffic_ue,99,36,0.4258232712745666,0.3701970207960548
traffic_ue,99,37,0.3847809731960296,0.43269230215176574
traffic_ue,99,38,0.3779942095279693,0.39377340248129505
traffic_ue,99,39,0.4424033164978027,0.3871807264566445
traffic_ue,99,40,0.4514256715774536,0.44868264720977835
traffic_ue,99,41,0.3856963217258453,0.457546788829201
traffic_ue,99,42,0.3447031080722809,0.394741723069229
traffic_ue,99,43,0.4574782848358154,0.3551748678890997
traffic_ue,99,44,0.4313910007476806,0.4639881351804627
traffic_ue,99,45,0.3785613775253296,0.43817715080736147
traffic_ue,99,46,0.3974676728248596,0.38836418494595365
traffic_ue,99,47,0.4302020072937011,0.40571984518040083
traffic_ue,99,48,0.4536812007427215,0.43734590334896545
traffic_ue,99,49,0.3932814002037048,0.4591922363811816
traffic_ue,99,50,0.3979149162769317,0.40119937116846166
traffic_ue,99,51,0.3958125114440918,0.4065909930213495
traffic_ue,99,52,0.3943336308002472,0.4046444300038059
traffic_ue,99,53,0.422461450099945,0.40249610309582545
traffic_ue,99,54,0.4025402367115021,0.4292522901518232
traffic_ue,99,55,0.4482655227184295,0.409940765374954
traffic_ue,99,56,0.4063190817832947,0.45409981338183075
traffic_ue,99,57,0.469307005405426,0.41486818097670536
traffic_ue,99,58,0.3644441068172455,0.47417733395873723
traffic_ue,99,59,0.4269549548625946,0.37381916977663543
traffic_ue,99,60,0.4393332004547119,0.4334195240856628
traffic_ue,99,61,0.4000812172889709,0.44631338367451406
traffic_ue,99,62,0.4146108031272888,0.4087470579109373
traffic_ue,99,63,0.3806372582912445,0.4225921036279743
traffic_ue,99,64,0.4101079404354095,0.3896406157249637
traffic_ue,99,65,0.3158904910087585,0.4180190932914936
traffic_ue,99,66,0.4235090613365173,0.3277188731460937
traffic_ue,99,67,0.4576030969619751,0.4301477448151752
traffic_ue,99,68,0.4634507894515991,0.46410664079416913
traffic_ue,99,69,0.4115446507930755,0.46916274668828756
traffic_ue,99,70,0.4522956609725952,0.42002815786750564
traffic_ue,99,71,0.4380531907081604,0.45906737915764945
traffic_ue,99,72,0.4694962203502655,0.44455232476224554
traffic_ue,99,73,0.4983924031257629,0.4750515480374494
traffic_ue,99,74,0.4800027012825012,0.5023388290110211
traffic_ue,99,75,0.4734677672386169,0.4842829858427907
traffic_ue,99,76,0.516348659992218,0.4785247519511761
traffic_ue,99,77,0.4171941876411438,0.5189412886367294
traffic_ue,99,78,0.5396168828010559,0.425293011848067
traffic_ue,99,79,0.5137578248977661,0.540686533790116
traffic_ue,99,80,0.4836399555206299,0.5158860264019425
traffic_ue,99,81,0.4503381252288818,0.48818295946824736
traffic_ue,99,82,0.5215868949890137,0.4561669141717306
traffic_ue,99,83,0.4851136207580566,0.5241132915270104
traffic_ue,99,84,0.5455212593078613,0.48958216328547605
traffic_ue,99,85,0.5319848656654358,0.5473344134001019
traffic_ue,99,86,0.5588585734367371,0.5345315986489838
traffic_ue,99,87,0.5995990633964539,0.5595513164245924
traffic_ue,99,88,0.6187523007392883,0.599076663200125
traffic_ue,99,89,0.5986717939376831,0.6171132907049094
traffic_ue,99,90,0.6032177209854126,0.5976505212992769
traffic_ue,99,91,0.591701328754425,0.6028101455869744
traffic_ue,99,92,0.6809089183807373,0.591280317148712
traffic_ue,99,93,0.6701590418815613,0.676774204490308
traffic_ue,99,94,0.6971912384033203,0.6659225498302414
traffic_ue,99,95,0.6916425824165344,0.691440028127293
traffic_ue,99,96,0.6581177711486816,0.6861717348677218
traffic_ue,99,97,0.6658413410186768,0.6546881465960184
traffic_ue,99,98,0.6981238126754761,0.6629144650473442
traffic_ue,99,99,0.6979373693466187,0.6924743154884282
traffic_ue,99,100,0.7026229500770569,0.6926445726734246
traffic_ue,99,101,0.7008880376815796,0.6965972860410705
traffic_ue,99,102,0.6575659513473511,0.6951484810290061
traffic_ue,99,103,0.7190299034118652,0.6533704265467104
traffic_ue,99,104,0.7456193566322327,0.7130186221718933
traffic_ue,99,105,0.7132726311683655,0.7379172824644079
traffic_ue,99,106,0.7188045978546143,0.7075026422128499
traffic_ue,99,107,0.8307624459266663,0.713350426416466
traffic_ue,99,108,0.8168708682060242,0.8195024293069709
traffic_ue,99,109,0.7091184854507446,0.8065608228895744
traffic_ue,99,110,0.7810574173927307,0.7029630603809802
traffic_ue,99,111,0.6780919432640076,0.7716143387877542
traffic_ue,99,112,0.8154520392417908,0.6737522857155067
traffic_ue,99,113,0.8246258497238159,0.8054121302316098
traffic_ue,99,114,0.7961737513542175,0.8139239603692774
traffic_ue,99,115,0.8993815183639526,0.7863141538771214
traffic_ue,99,116,0.8536235690116882,0.8852992626956526
traffic_ue,99,117,0.7804837226867676,0.8401665848941078
traffic_ue,99,118,0.8553836941719055,0.7715657458915264
traffic_ue,99,119,0.932076334953308,0.8425819455834986
traffic_ue,99,120,0.8246750831604004,0.9158955714676873
traffic_ue,99,121,0.8244259357452393,0.8139707061366707
traffic_ue,99,122,0.8660996556282043,0.8139325933083977
traffic_ue,99,123,0.8588576912879944,0.8537982901726865
traffic_ue,99,124,0.8239790201187134,0.8457811855967838
traffic_ue,99,125,0.8305315971374512,0.813359425212057
traffic_ue,99,126,0.9072688221931458,0.8191840220274439
traffic_ue,99,127,0.8317418694496155,0.8919942538768223
traffic_ue,99,128,0.7919946908950806,0.8208788672013951
traffic_ue,99,129,0.7880150675773621,0.7817509161968615
traffic_ue,99,130,0.7692354917526245,0.778220432526029
traffic_ue,99,131,0.7709078192710876,0.7602409176707152
traffic_ue,99,132,0.8089554309844971,0.7619279685805551
traffic_ue,99,133,0.7665504217147827,0.7981027203545603
traffic_ue,99,134,0.867414116859436,0.7579395760362193
traffic_ue,99,135,0.8421656489372253,0.8546990543532075
traffic_ue,99,136,0.7940047383308411,0.8305775078572274
traffic_ue,99,137,0.7514509558677673,0.7834113428002087
traffic_ue,99,138,0.828460693359375,0.7429084968511609
traffic_ue,99,139,0.8094317317008972,0.8169200884806681
traffic_ue,99,140,0.8174357414245605,0.7991006800809562
traffic_ue,99,141,0.8180891275405884,0.8068987085143147
traffic_ue,99,142,0.786771833896637,0.8072710232391658
traffic_ue,99,143,0.7718466520309448,0.7778834110463687
traffic_ue,99,144,0.7454224228858948,0.7633650895115174
traffic_ue,99,145,0.6980093717575073,0.7375318537392048
traffic_ue,99,146,0.7738738059997559,0.6931098282546739
traffic_ue,99,147,0.7728186845779419,0.7644464213213908
traffic_ue,99,148,0.687355101108551,0.7640895615007413
traffic_ue,99,149,0.6804909110069275,0.6821505030127045
traffic_ue,99,150,0.7392265200614929,0.6760796497275302
traffic_ue,99,151,0.7048901319503784,0.7325916346221772
traffic_ue,99,152,0.6778436899185181,0.6990971915490009
traffic_ue,99,153,0.6380543112754822,0.6735165761256847
traffic_ue,99,154,0.6830199360847473,0.6355888426682159
traffic_ue,99,155,0.6606274843215942,0.6788777794292212
traffic_ue,99,156,0.6333040595054626,0.6565749347352248
traffic_ue,99,157,0.7088971138000488,0.6310290004090625
traffic_ue,99,158,0.642670214176178,0.7036458796568619
traffic_ue,99,159,0.6467349529266357,0.6398722902017431
traffic_ue,99,160,0.7053689956665039,0.6436324228308086
traffic_ue,99,161,0.6530011296272278,0.6992541907353349
traffic_ue,99,162,0.6517410278320312,0.6498796503702897
traffic_ue,99,163,0.6289222240447998,0.649427390261153
traffic_ue,99,164,0.6077983379364014,0.6265709020346788
traffic_ue,99,165,0.616686999797821,0.6070600901007719
traffic_ue,99,166,0.6093988418579102,0.6148050654804669
traffic_ue,99,167,0.6316442489624023,0.6085301122777164
traffic_ue,99,168,0.5677979588508606,0.6293538340163564
traffic_ue,99,169,0.5613358616828918,0.5684359035011141
traffic_ue,99,170,0.6176418662071228,0.5623499348693709
traffic_ue,99,171,0.597392201423645,0.6155132387033356
traffic_ue,99,172,0.5952383875846863,0.596733252574007
traffic_ue,99,173,0.5904342532157898,0.5942913754216388
traffic_ue,99,174,0.6075925827026367,0.589779595973686
traffic_ue,99,175,0.587557852268219,0.6057732801703013
traffic_ue,99,176,0.6205413937568665,0.587693482317118
traffic_ue,99,177,0.641588568687439,0.6188615957678194
traffic_ue,99,178,0.5394099354743958,0.6388949095564673
traffic_ue,99,179,0.6237860321998596,0.541581494212801
traffic_ue,99,180,0.5450835824012756,0.6209004492886182
traffic_ue,99,181,0.562372088432312,0.5466211829675423
traffic_ue,99,182,0.4782840013504028,0.5630361346257949
traffic_ue,99,183,0.677160918712616,0.4830480197656916
traffic_ue,99,184,0.5774165391921997,0.6727690811846859
traffic_ue,99,185,0.6507319808006287,0.578114201356218
traffic_ue,99,186,0.6190319657325745,0.6469809859841211
traffic_ue,99,187,0.5925551652908325,0.617229990531721
traffic_ue,99,188,0.5820781588554382,0.5915948968569837
traffic_ue,99,189,0.6080214977264404,0.5819945529485857
traffic_ue,99,190,0.7137178778648376,0.6067758599243123
traffic_ue,99,191,0.6293584108352661,0.7079750028790912
traffic_ue,99,192,0.5854761004447937,0.6267369920907876
traffic_ue,99,193,0.6400689482688904,0.5852704146137704
traffic_ue,99,194,0.7015727162361145,0.6380970209642732
traffic_ue,99,195,0.6727657318115234,0.6958977869440444
traffic_ue,99,196,0.6527581214904785,0.6680006375085812
traffic_ue,99,197,0.6394945979118347,0.6502938693398739
traffic_ue,99,198,0.5883110165596008,0.6366090745424018
traffic_ue,99,199,0.6326178312301636,0.5874659738267026
traffic_ue,99,200,0.6496340036392212,0.6307743372166923
traffic_ue,99,201,0.6879106760025024,0.6465834358405225
traffic_ue,99,202,0.6571691632270813,0.6827772286224476
traffic_ue,99,203,0.6872302889823914,0.6543331955290691
traffic_ue,99,204,0.711810290813446,0.6826273343658882
traffic_ue,99,205,0.6840884685516357,0.7055684655009979
traffic_ue,99,206,0.7221442461013794,0.6781063101412131
traffic_ue,99,207,0.6740842461585999,0.7153802662537898
traffic_ue,99,208,0.6922594308853149,0.6693517527341034
traffic_ue,99,209,0.6951298117637634,0.6877992548827248
traffic_ue,99,210,0.6567512154579163,0.6904749896193707
traffic_ue,99,211,0.6979339122772217,0.6539859772565825
traffic_ue,99,212,0.7538992166519165,0.6919963419021806
traffic_ue,99,213,0.6872395873069763,0.745233051809609
traffic_ue,99,214,0.7049557566642761,0.6829338313477755
traffic_ue,99,215,0.656211256980896,0.6991595003745457
traffic_ue,99,216,0.6080474257469177,0.6534236904106949
traffic_ue,99,217,0.6766037344932556,0.606998923508291
traffic_ue,99,218,0.6984132528305054,0.6720416047377822
traffic_ue,99,219,0.750468909740448,0.6934933020075271
traffic_ue,99,220,0.7120658159255981,0.7422737400760451
traffic_ue,99,221,0.737769603729248,0.7059103022571602
traffic_ue,99,222,0.690700113773346,0.7311091105929174
traffic_ue,99,223,0.715548574924469,0.6858722242873695
traffic_ue,99,224,0.7237924337387085,0.709316307088069
traffic_ue,99,225,0.6808393597602844,0.7179374024737781
traffic_ue,99,226,0.7080712914466858,0.6757159322526569
traffic_ue,99,227,0.6856387257575989,0.7028121730768121
traffic_ue,99,228,0.7261193990707397,0.6811658011297537
traffic_ue,99,229,0.6668145656585693,0.7196010652489225
traffic_ue,99,230,0.6651067137718201,0.6630943433423601
traffic_ue,99,231,0.6413595080375671,0.6614727858688504
traffic_ue,99,232,0.6227565407752991,0.6395704283432523
traffic_ue,99,233,0.6141325831413269,0.6208655929150686
traffic_ue,99,234,0.7549430131912231,0.6125285527398583
traffic_ue,99,235,0.6794644594192505,0.7478612840116446
traffic_ue,99,236,0.6530987024307251,0.6751546741435209
traffic_ue,99,237,0.6557767391204834,0.6500219044249027
traffic_ue,99,238,0.5867668986320496,0.6522173452648131
traffic_ue,99,239,0.643028199672699,0.5856525972585394
traffic_ue,99,240,0.6135520935058594,0.6401129645639572
traffic_ue,99,241,0.6220250725746155,0.6122254511790775
traffic_ue,99,242,0.6816188097000122,0.6200222501292177
traffic_ue,99,243,0.5688322186470032,0.6773986149767077
traffic_ue,99,244,0.5097177028656006,0.5695171270018199
traffic_ue,99,245,0.6090282797813416,0.5131911063486313
traffic_ue,99,246,0.580043375492096,0.6076821598385398
traffic_ue,99,247,0.6120970249176025,0.5812532571399069
traffic_ue,99,248,0.525709867477417,0.6105462358752884
traffic_ue,99,249,0.5163512825965881,0.5283256067684777
traffic_ue,99,250,0.5836725234985352,0.5194398928651086
traffic_ue,99,251,0.5349780917167664,0.5832106889833032
traffic_ue,99,252,0.559455156326294,0.537224748604543
traffic_ue,99,253,0.5466001033782959,0.5597704752510161
traffic_ue,99,254,0.5622321963310242,0.5487556369024248
traffic_ue,99,255,0.4834780097007751,0.5637963164489241
traffic_ue,99,256,0.5460588932037354,0.4882772535232479
traffic_ue,99,257,0.5098129510879517,0.5473487675683962
traffic_ue,99,258,0.43731889128685,0.5132319304508187
traffic_ue,99,259,0.5077757239341736,0.44291251118928476
traffic_ue,99,260,0.5727607607841492,0.5107023034309818
traffic_ue,99,261,0.4609474241733551,0.573544836077141
traffic_ue,99,262,0.4665864109992981,0.46638898024672104
traffic_ue,99,263,0.4855824112892151,0.4716934286910342
traffic_ue,99,264,0.4487336277961731,0.4905729923015918
traffic_ue,99,265,0.4599733650684356,0.454693100267891
traffic_ue,99,266,0.4242542386054992,0.4656129726836728
traffic_ue,99,267,0.4757291674613952,0.4313513838742871
traffic_ue,99,268,0.3961732685565948,0.48077111087451196
traffic_ue,99,269,0.4254208207130432,0.40508618159330084
traffic_ue,99,270,0.3811981379985809,0.4323101866294422
traffic_ue,99,271,0.4034192562103271,0.3898258753810864
traffic_ue,99,272,0.393973559141159,0.4121148779144179
traffic_ue,99,273,0.4344525933265686,0.4023030593946633
traffic_ue,99,274,0.4810823798179626,0.4411336585192771
traffic_ue,99,275,0.3281728029251098,0.48590344730188595
traffic_ue,99,276,0.426228791475296,0.339380583880182
traffic_ue,99,277,0.3924162089824676,0.43327577786606414
traffic_ue,99,278,0.377240926027298,0.40087401050536137
traffic_ue,99,279,0.3425644934177398,0.3874081217611825
traffic_ue,99,280,0.3168130218982696,0.3532435360751833
traffic_ue,99,281,0.3692187666893005,0.32899168166659
traffic_ue,99,282,0.3893482983112335,0.37909674663890486
traffic_ue,99,283,0.3385381698608398,0.3981099495975701
traffic_ue,99,284,0.3731054365634918,0.34937104335340863
traffic_ue,99,285,0.3719497621059418,0.3822413051383387
traffic_ue,99,286,0.3730955123901367,0.3808463561658042
traffic_ue,99,287,0.3515556752681732,0.3824303280696697
traffic_ue,99,288,0.2590629756450653,0.3623261366571862
traffic_ue,99,289,0.3215076923370361,0.2741100208085942
full_features,80,0,0.3171028196811676,0.2898699862500361
full_features,80,1,0.3385449051856994,0.3336361316296884
full_features,80,2,0.3787165880203247,0.3514447069898686
full_features,80,3,0.3115369975566864,0.3858342646753733
full_features,80,4,0.3487873673439026,0.3273492567225489
full_features,80,5,0.3506577908992767,0.36118982861631505
full_features,80,6,0.3575319349765777,0.3604623765517615
full_features,80,7,0.3468916714191437,0.3679517512229163
full_features,80,8,0.385602742433548,0.3580751027884769
full_features,80,9,0.3897936344146728,0.3943176283876777
full_features,80,10,0.3964115083217621,0.3964302347331362
full_features,80,11,0.4004085063934326,0.40264433004995664
full_features,80,12,0.3966313004493713,0.4052536732843799
full_features,80,13,0.3335061371326446,0.39892832071205353
full_features,80,14,0.4165720045566559,0.34724638898879534
full_features,80,15,0.4682942628860473,0.41826183908304665
full_features,80,16,0.3528449535369873,0.46337733674024173
full_features,80,17,0.4917473495006561,0.36263177716478956
full_features,80,18,0.4012103080749511,0.4845704015834265
full_features,80,19,0.4175938367843628,0.4070435572973238
full_features,80,20,0.4985604286193847,0.4191715879275134
full_features,80,21,0.4636311829090118,0.49031587748309957
full_features,80,22,0.4481066763401031,0.4605967006660417
full_features,80,23,0.424977570772171,0.44673576332506054
full_features,80,24,0.4475413858890533,0.42500258524075973
full_features,80,25,0.5175599455833435,0.4472671519077125
full_features,80,26,0.4909065961837768,0.5280615809360989
full_features,80,27,0.4881808161735534,0.48494287868497676
full_features,80,28,0.4335328638553619,0.48089755107786447
full_features,80,29,0.4903588891029358,0.4319758297108769
full_features,80,30,0.4254919588565826,0.48387442751880383
full_features,80,31,0.5102866888046265,0.4268464140505434
full_features,80,32,0.4839149713516235,0.521968508981852
full_features,80,33,0.5029402375221252,0.47887415276884243
full_features,80,34,0.512796938419342,0.5157534996797999
full_features,80,35,0.3941155970096588,0.5244015911192561
full_features,80,36,0.4693592190742492,0.3971990960311217
full_features,80,37,0.4558360874652862,0.4661186567701269
full_features,80,38,0.4529505968093872,0.45362208281609545
full_features,80,39,0.4297763407230377,0.45191135345357525
full_features,80,40,0.472412645816803,0.4294581008687522
full_features,80,41,0.4224380254745483,0.4679073004756191
full_features,80,42,0.4629472196102142,0.42443120448450866
full_features,80,43,0.4144075512886047,0.4590643634443146
full_features,80,44,0.4001414179801941,0.4154648772446869
full_features,80,45,0.3926469087600708,0.40443883920536045
full_features,80,46,0.3771015107631683,0.39853375494318427
full_features,80,47,0.4169935882091522,0.3829053825930206
full_features,80,48,0.4413856863975525,0.42024306475648104
full_features,80,49,0.4449680149555206,0.4418029897314023
full_features,80,50,0.4027701318264007,0.44496855767518917
full_features,80,51,0.3839549720287323,0.40569552462659925
full_features,80,52,0.4844058752059936,0.3912355508953038
full_features,80,53,0.3982817828655243,0.478046785725719
full_features,80,54,0.4445187747478485,0.4027761551915628
full_features,80,55,0.4610751867294311,0.4429695706239798
full_features,80,56,0.3934034705162048,0.45839700140952927
full_features,80,57,0.4062438309192657,0.3944515675498972
full_features,80,58,0.4063456952571869,0.4082752808478231
full_features,80,59,0.391896516084671,0.41046989970109676
full_features,80,60,0.3801545798778534,0.39747360291424466
full_features,80,61,0.4229834675788879,0.38644170402476863
full_features,80,62,0.4507084786891937,0.4234843318882435
full_features,80,63,0.4818951785564422,0.44801038278792793
full_features,80,64,0.3972775936126709,0.4770457330693194
full_features,80,65,0.4018971920013428,0.40057490182711075
full_features,80,66,0.3847483694553375,0.407963213030148
full_features,80,67,0.3558823466300964,0.39152317875446785
full_features,80,68,0.4513172209262848,0.365512435952159
full_features,80,69,0.421793133020401,0.45006034684699425
full_features,80,70,0.4674232006072998,0.4247809487400966
full_features,80,71,0.4610809087753296,0.46533600164808353
full_features,80,72,0.4380103349685669,0.4565505286957052
full_features,80,73,0.4338244795799255,0.43655175951689584
full_features,80,74,0.4122577011585235,0.43205207255531997
full_features,80,75,0.4593054056167602,0.414005588622221
full_features,80,76,0.477059006690979,0.45633287295656993
full_features,80,77,0.4589422047138214,0.4723380079584383
full_features,80,78,0.3923071026802063,0.4561226300397252
full_features,80,79,0.5032588839530945,0.39629281421660245
full_features,80,80,0.414623886346817,0.5157903827528579
full_features,80,81,0.4858629405498504,0.4157904650575457
full_features,80,82,0.4631775319576263,0.47960126761152083
full_features,80,83,0.4569431245326996,0.45867152222429813
full_features,80,84,0.5104680061340332,0.45504379573373155
full_features,80,85,0.524974524974823,0.5226223778919161
full_features,80,86,0.483148992061615,0.53454289355087
full_features,80,87,0.5369921326637268,0.4768754514264012
full_features,80,88,0.5286455750465393,0.5461472974643968
full_features,80,89,0.4715863764286041,0.5382268926884592
full_features,80,90,0.5410142540931702,0.46598360255757526
full_features,80,91,0.5112188458442688,0.5495117415424465
full_features,80,92,0.4506185352802276,0.5229294433180065
full_features,80,93,0.5060477256774902,0.4495430493362586
full_features,80,94,0.5421308875083923,0.5175020985745136
full_features,80,95,0.4628670811653137,0.5504193046988081
full_features,80,96,0.552092432975769,0.4588286136743363
full_features,80,97,0.5595763325691223,0.5595856763560489
full_features,80,98,0.5709052085876465,0.5663233736437301
full_features,80,99,0.5555046200752258,0.5765937911193932
full_features,80,100,0.575937807559967,0.5625910928126967
full_features,80,101,0.556587815284729,0.5811942333303296
full_features,80,102,0.5270010232925415,0.5637208694914196
full_features,80,103,0.542506992816925,0.5368871175827715
full_features,80,104,0.5567138195037842,0.5510985260643306
full_features,80,105,0.5288419723510742,0.5637051727453721
full_features,80,106,0.6168461441993713,0.5386675518989712
full_features,80,107,0.5671969056129456,0.6182045578684429
full_features,80,108,0.6513944268226624,0.5732502615187985
full_features,80,109,0.6409000754356384,0.6501760725038647
full_features,80,110,0.6194189190864563,0.6405853381724698
full_features,80,111,0.6453680992126465,0.620954821502248
full_features,80,112,0.6014326214790344,0.644577175995969
full_features,80,113,0.6252598762512207,0.603909041963259
full_features,80,114,0.7242890000343323,0.6263563297847126
full_features,80,115,0.665152907371521,0.7208403612743971
full_features,80,116,0.6687352061271667,0.6635191528147639
full_features,80,117,0.6671935319900513,0.6657844937779507
full_features,80,118,0.7151774168014526,0.6665306857353637
full_features,80,119,0.6916579604148865,0.7122784539279757
full_features,80,120,0.7592792510986328,0.6885024755215216
full_features,80,121,0.6917210817337036,0.7474055100665276
full_features,80,122,0.7586626410484314,0.6875759980113454
full_features,80,123,0.6905692219734192,0.7483313900486493
full_features,80,124,0.7104007601737976,0.6867947256092213
full_features,80,125,0.692376434803009,0.702147788082257
full_features,80,126,0.731756329536438,0.6878916268260679
full_features,80,127,0.761786699295044,0.7230396679311653
full_features,80,128,0.6861721277236938,0.746898326911663
full_features,80,129,0.7051014304161072,0.6822055061599847
full_features,80,130,0.7187251448631287,0.7006307533325893
full_features,80,131,0.7834344506263733,0.7154288811459694
full_features,80,132,0.7458070516586304,0.7691432862890669
full_features,80,133,0.7124349474906921,0.7370285436279996
full_features,80,134,0.7387815117835999,0.7082180922987911
full_features,80,135,0.7940657138824463,0.7363583641676532
full_features,80,136,0.748999297618866,0.7817858822236881
full_features,80,137,0.6986368298530579,0.7405638128309127
full_features,80,138,0.7785913944244385,0.6928743610012362
full_features,80,139,0.7102235555648804,0.7639370250872825
full_features,80,140,0.7760928869247437,0.7061573241809419
full_features,80,141,0.7427788376808167,0.7616270918171572
full_features,80,142,0.7793301939964294,0.7385750103960236
full_features,80,143,0.7127025127410889,0.7712619459830722
full_features,80,144,0.7330275774002075,0.706984366081601
full_features,80,145,0.7343423366546631,0.7273441800114169
full_features,80,146,0.7894472479820251,0.729127792169651
full_features,80,147,0.680394172668457,0.7766917689334701
full_features,80,148,0.666904091835022,0.6774062190645087
full_features,80,149,0.6274845004081726,0.6645365365167528
full_features,80,150,0.740326464176178,0.6290507674437967
full_features,80,151,0.6531727313995361,0.7325675762208415
full_features,80,152,0.6930930018424988,0.6513688452558501
full_features,80,153,0.6998132467269897,0.688238292043183
full_features,80,154,0.6873787641525269,0.6960215315939208
full_features,80,155,0.682712197303772,0.6830146799845186
full_features,80,156,0.6490781307220459,0.6787493979643332
full_features,80,157,0.6612881422042847,0.648293250762508
full_features,80,158,0.6271708011627197,0.6614119942542007
full_features,80,159,0.6779552698135376,0.6266814679644015
full_features,80,160,0.6266112923622131,0.675275069180371
full_features,80,161,0.5781399607658386,0.6276845700232508
full_features,80,162,0.5658770799636841,0.5831113910685161
full_features,80,163,0.6704471111297607,0.5719652879833181
full_features,80,164,0.6711633205413818,0.6677676442705663
full_features,80,165,0.6624687910079956,0.6674812862197909
full_features,80,166,0.6493512392044067,0.6601332748876713
full_features,80,167,0.6716522574424744,0.6472244740238474
full_features,80,168,0.6714874505996704,0.670168223816892
full_features,80,169,0.5956723690032959,0.6701323368917399
full_features,80,170,0.5986768007278442,0.5993694651848587
full_features,80,171,0.6296046376228333,0.6024679068434334
full_features,80,172,0.5719877481460571,0.6299891131042417
full_features,80,173,0.602706789970398,0.577536830834478
full_features,80,174,0.6503602862358093,0.6057906972389737
full_features,80,175,0.5905218720436096,0.6489785984995725
full_features,80,176,0.5992658138275146,0.5943725843630596
full_features,80,177,0.5878226161003113,0.6028570101846478
full_features,80,178,0.6519365906715393,0.591839623602448
full_features,80,179,0.6213003993034363,0.6508937659098766
full_features,80,180,0.6021318435668945,0.622983178184076
full_features,80,181,0.5868434309959412,0.6052973701618525
full_features,80,182,0.5694077014923096,0.5905096504152821
full_features,80,183,0.6812834143638611,0.5751192859254561
full_features,80,184,0.6001794934272766,0.6774169894224878
full_features,80,185,0.5899714231491089,0.6033421094894154
full_features,80,186,0.5563488006591797,0.5943358471765341
full_features,80,187,0.6599628925323486,0.5633513161859078
full_features,80,188,0.6238842010498047,0.6588780022912716
full_features,80,189,0.579551637172699,0.6250259588828159
full_features,80,190,0.7080273032188416,0.5845952338331337
full_features,80,191,0.6502078175544739,0.7024828477321324
full_features,80,192,0.6505934000015259,0.6476893855705256
full_features,80,193,0.6444270014762878,0.6495535795504706
full_features,80,194,0.715853750705719,0.6436397922940841
full_features,80,195,0.6446459889411926,0.7113368114442449
full_features,80,196,0.6596695780754089,0.6440144334335486
full_features,80,197,0.6503384709358215,0.6583885124783426
full_features,80,198,0.6194455027580261,0.6497884817371685
full_features,80,199,0.6757854223251343,0.6208344639155786
full_features,80,200,0.6080115437507629,0.6744651536946157
full_features,80,201,0.5964303016662598,0.6104924257513977
full_features,80,202,0.7300138473510742,0.5990558339785167
full_features,80,203,0.6039259433746338,0.7252192528089624
full_features,80,204,0.688601553440094,0.6069680319776457
full_features,80,205,0.7088619470596313,0.6881935829334745
full_features,80,206,0.6050713658332825,0.7054664305557091
full_features,80,207,0.6995569467544556,0.6075293605827747
full_features,80,208,0.7353962659835815,0.6934960498148225
full_features,80,209,0.712040901184082,0.7281628791285343
full_features,80,210,0.695899248123169,0.7082679418096672
full_features,80,211,0.7058555483818054,0.690312002109171
full_features,80,212,0.7097556591033936,0.7004685829028514
full_features,80,213,0.7032714486122131,0.7064545932836862
full_features,80,214,0.69525146484375,0.6990131278560925
full_features,80,215,0.7384157776832581,0.6913060773532236
full_features,80,216,0.7118659615516663,0.7330518707839506
full_features,80,217,0.7134431600570679,0.7045182649123093
full_features,80,218,0.6880297064781189,0.7100614449248293
full_features,80,219,0.6693724989891052,0.6861388566115671
full_features,80,220,0.6764248013496399,0.6684652391485857
full_features,80,221,0.6969202160835266,0.6747943483177004
full_features,80,222,0.7519798874855042,0.6929852376597132
full_features,80,223,0.7280279397964478,0.7425876424927487
full_features,80,224,0.7065251469612122,0.7238866813096564
full_features,80,225,0.7122395038604736,0.7015414205732023
full_features,80,226,0.6208182573318481,0.7069696638529174
full_features,80,227,0.7141546607017517,0.6215027864869231
full_features,80,228,0.6923844218254089,0.7092305333312413
full_features,80,229,0.6620033383369446,0.6923176436733172
full_features,80,230,0.7078515291213989,0.6600774210651896
full_features,80,231,0.6852664947509766,0.7024414518830128
full_features,80,232,0.6604700684547424,0.6822104109173891
full_features,80,233,0.668019711971283,0.6595151658789667
full_features,80,234,0.6218715310096741,0.6661623725936788
full_features,80,235,0.6340373754501343,0.6245296962961672
full_features,80,236,0.6432082653045654,0.6352660990384246
full_features,80,237,0.6723996996879578,0.6420525605516797
full_features,80,238,0.7282674312591553,0.6696045120175941
full_features,80,239,0.6087733507156372,0.7192133321718938
full_features,80,240,0.5980424880981445,0.6114440027768778
full_features,80,241,0.6325616836547852,0.6010391541181926
full_features,80,242,0.6424719095230103,0.6325395163845923
full_features,80,243,0.588450014591217,0.6429256870457084
full_features,80,244,0.583957850933075,0.592187959333955
full_features,80,245,0.5885170698165894,0.5885069452814876
full_features,80,246,0.614035964012146,0.5926136827088105
full_features,80,247,0.6108145713806152,0.6155789054801631
full_features,80,248,0.5856207609176636,0.6134701638874015
full_features,80,249,0.5485867261886597,0.5898227553621243
full_features,80,250,0.5657709240913391,0.5563284002107505
full_features,80,251,0.5467250347137451,0.5717907346586302
full_features,80,252,0.5661910772323608,0.5547920706615213
full_features,80,253,0.5521540641784668,0.5721715013427782
full_features,80,254,0.5136118531227112,0.5593791374499995
full_features,80,255,0.5002930164337158,0.5252063876748211
full_features,80,256,0.5285137295722961,0.5124580716678082
full_features,80,257,0.5777941346168518,0.5379865794243257
full_features,80,258,0.4575885832309723,0.5826766986477934
full_features,80,259,0.4964232742786407,0.45675471378759286
full_features,80,260,0.5110048055648804,0.49062875538959916
full_features,80,261,0.5063185095787048,0.5226350153814205
full_features,80,262,0.4814864099025726,0.5178470706561746
full_features,80,263,0.524294912815094,0.4752006746846385
full_features,80,264,0.5005678534507751,0.5348698732066137
full_features,80,265,0.5348376035690308,0.5128406318850851
full_features,80,266,0.4634305238723755,0.5440794895903496
full_features,80,267,0.4803971350193023,0.46063183509111033
full_features,80,268,0.5708527565002441,0.4749560995076831
full_features,80,269,0.5253925323486328,0.5763434172229628
full_features,80,270,0.4626824855804443,0.5346194068293812
full_features,80,271,0.4819422364234924,0.4600764803641611
full_features,80,272,0.4844219982624054,0.4767052850798083
full_features,80,273,0.4640385806560516,0.4778509254874167
full_features,80,274,0.5306750535964966,0.45893542377817725
full_features,80,275,0.4967930316925049,0.5401566106252016
full_features,80,276,0.4528326094150543,0.48920744028917423
full_features,80,277,0.5032440423965454,0.45046420059367326
full_features,80,278,0.5941148400306702,0.5159282002636795
full_features,80,279,0.507093608379364,0.5978008659664966
full_features,80,280,0.5449522137641907,0.519107687178748
full_features,80,281,0.4635290503501892,0.5529858584628184
full_features,80,282,0.4604954123497009,0.4592482582856893
full_features,80,283,0.5169584155082703,0.4576628645990701
full_features,80,284,0.5599142909049988,0.5277958128892075
full_features,80,285,0.5901612043380737,0.5663803495581485
full_features,80,286,0.5541990399360657,0.5941638238254078
full_features,80,287,0.5473104119300842,0.5612821534665172
full_features,80,288,0.4697040021419525,0.5551634584090801
full_features,80,289,0.547893762588501,0.4643950285329584
full_features,81,0,0.292133629322052,0.2911469581169336
full_features,81,1,0.350722074508667,0.3075070782161797
full_features,81,2,0.313109278678894,0.3624183861934024
full_features,81,3,0.3392404913902282,0.325674833859315
full_features,81,4,0.3279796540737152,0.35130736286070063
full_features,81,5,0.2862894833087921,0.34527075874875335
full_features,81,6,0.3283544480800628,0.30659910986053585
full_features,81,7,0.2991610467433929,0.3403618355477827
full_features,81,8,0.2998490631580353,0.31847714698452045
full_features,81,9,0.3154588937759399,0.3205440822806064
full_features,81,10,0.2596100866794586,0.32997817484584513
full_features,81,11,0.3557368218898773,0.28352644339080585
full_features,81,12,0.2915495932102203,0.36242964246747145
full_features,81,13,0.3511067926883697,0.30788122638456417
full_features,81,14,0.3219606876373291,0.3644008435239982
full_features,81,15,0.3719346821308136,0.3386905945286224
full_features,81,16,0.2963701486587524,0.38129842241368533
full_features,81,17,0.30974280834198,0.3154322555127639
full_features,81,18,0.3336946070194244,0.3265985664275537
full_features,81,19,0.2458582073450088,0.34791900526179365
full_features,81,20,0.3533734083175659,0.2700570443639681
full_features,81,21,0.3796586096286773,0.36262952365551265
full_features,81,22,0.3664734959602356,0.387266467962499
full_features,81,23,0.3548137247562408,0.37626915004061184
full_features,81,24,0.3246763348579407,0.3680916225311557
full_features,81,25,0.3760676085948944,0.3386631742138123
full_features,81,26,0.3702336549758911,0.38220896697901136
full_features,81,27,0.3478513956069946,0.3791459819498843
full_features,81,28,0.3357807397842407,0.3577051006355302
full_features,81,29,0.3244563937187195,0.3487282596250265
full_features,81,30,0.295600414276123,0.33766616287571805
full_features,81,31,0.3831401467323303,0.3150414481220778
full_features,81,32,0.2657869458198547,0.38611320843748004
full_features,81,33,0.3304618895053863,0.2935494138127527
full_features,81,34,0.3508006334304809,0.34688009797313624
full_features,81,35,0.376794695854187,0.3600881086668058
full_features,81,36,0.4100293517112732,0.3845135519055131
full_features,81,37,0.3848303258419037,0.4098163493468943
full_features,81,38,0.3415735960006714,0.39102604766319227
full_features,81,39,0.378993958234787,0.35259776531571047
full_features,81,40,0.3111057877540588,0.3872785243879539
full_features,81,41,0.4070814549922943,0.32721388678096597
full_features,81,42,0.3533483147621155,0.4102655722097548
full_features,81,43,0.3370544612407684,0.3646918563698394
full_features,81,44,0.3401000201702118,0.34656239891305274
full_features,81,45,0.3621710836887359,0.35178022453175534
full_features,81,46,0.3524441421031952,0.3684226632390969
full_features,81,47,0.4482336044311523,0.36553659715374826
full_features,81,48,0.3448690772056579,0.4468251633006578
full_features,81,49,0.3730905652046203,0.3574625711158592
full_features,81,50,0.3749021291732788,0.3812218704727332
full_features,81,51,0.3769107162952423,0.38282421336771666
full_features,81,52,0.3798918128013611,0.383145636536734
full_features,81,53,0.3631698787212372,0.38867054768656434
full_features,81,54,0.3617157340049743,0.3702068605283083
full_features,81,55,0.3541153073310852,0.37025111294297364
full_features,81,56,0.3344120681285858,0.3620911459584364
full_features,81,57,0.3963340818881988,0.3451988788754826
full_features,81,58,0.4255472123622894,0.3997350756791404
full_features,81,59,0.3744909167289734,0.42517391490463236
full_features,81,60,0.3764359056949615,0.384557425969313
full_features,81,61,0.3874936997890472,0.38292154974365433
full_features,81,62,0.3851379156112671,0.39317292094876105
full_features,81,63,0.3538002669811249,0.391871767298203
full_features,81,64,0.4547919332981109,0.364369350464852
full_features,81,65,0.425471156835556,0.45071644433950614
full_features,81,66,0.3884560167789459,0.4283360837602866
full_features,81,67,0.4272093176841736,0.3949997002105529
full_features,81,68,0.4051076769828796,0.4262090168606049
full_features,81,69,0.4169133603572845,0.40759627746399124
full_features,81,70,0.4411679208278656,0.4175329134532789
full_features,81,71,0.4661530256271362,0.4402214523853914
full_features,81,72,0.4906343817710876,0.4625820090788222
full_features,81,73,0.5020410418510437,0.4836710434132669
full_features,81,74,0.4389678537845611,0.5133826576042961
full_features,81,75,0.4357987642288208,0.43797011433027705
full_features,81,76,0.4627426266670227,0.43641049503616935
full_features,81,77,0.4700844287872314,0.4580568718198305
full_features,81,78,0.4466111361980438,0.46682848146346473
full_features,81,79,0.4576982855796814,0.4416852365684687
full_features,81,80,0.5153804421424866,0.4542963573189658
full_features,81,81,0.5522761344909668,0.5261862082593154
full_features,81,82,0.4951763153076172,0.5597519964226916
full_features,81,83,0.4891018867492676,0.4884701028587508
full_features,81,84,0.5109132528305054,0.4828583282411622
full_features,81,85,0.4954085946083069,0.5214690468609162
full_features,81,86,0.530428409576416,0.4884450252078222
full_features,81,87,0.5648112297058105,0.5397339967583334
full_features,81,88,0.5574988722801208,0.5710760255481772
full_features,81,89,0.6141123175621033,0.5645143493115854
full_features,81,90,0.5869335532188416,0.616343950504034
full_features,81,91,0.6093905568122864,0.5911417973204158
full_features,81,92,0.5983434319496155,0.6115130442556106
full_features,81,93,0.6606450080871582,0.6018987370201679
full_features,81,94,0.5828563570976257,0.6589617722609185
full_features,81,95,0.625995397567749,0.5875790969637654
full_features,81,96,0.6064115166664124,0.6263017178611271
full_features,81,97,0.6871136426925659,0.6087137075431819
full_features,81,98,0.6984414458274841,0.6848569222539945
full_features,81,99,0.6608489155769348,0.6922901847739344
full_features,81,100,0.7468450665473938,0.6587179552195489
full_features,81,101,0.6879669427871704,0.7414353275432999
full_features,81,102,0.6591275930404663,0.6851019037925608
full_features,81,103,0.7064635157585144,0.6587095287059678
full_features,81,104,0.7372283935546875,0.703481290457949
full_features,81,105,0.7242910265922546,0.7320493763703251
full_features,81,106,0.8191897869110107,0.719262671607349
full_features,81,107,0.7767675518989563,0.8040041266133958
full_features,81,108,0.8138890266418457,0.7665034563933004
full_features,81,109,0.8078061938285828,0.7990527858008257
full_features,81,110,0.7058576345443726,0.797136412642399
full_features,81,111,0.7567703127861023,0.7019717689849133
full_features,81,112,0.6792202591896057,0.7503899250657342
full_features,81,113,0.7564374804496765,0.6774985651312496
full_features,81,114,0.8220800757408142,0.743071930872393
full_features,81,115,0.7572038173675537,0.803848508458705
full_features,81,116,0.7678008675575256,0.7446277743760917
full_features,81,117,0.8046013712882996,0.753540978250772
full_features,81,118,0.8236053586006165,0.788780133269567
full_features,81,119,0.7862279415130615,0.8023884309699844
full_features,81,120,0.7922059297561646,0.7744395427956451
full_features,81,121,0.8317657113075256,0.7777889013821839
full_features,81,122,0.8144845366477966,0.8136644738594229
full_features,81,123,0.7976115345954895,0.7990429016215783
full_features,81,124,0.8204814195632935,0.7835822180132131
full_features,81,125,0.8138946890830994,0.8066074251467211
full_features,81,126,0.8217812776565552,0.7990418114765606
full_features,81,127,0.8844319581985474,0.8069733965226664
full_features,81,128,0.8051031827926636,0.8726824629076573
full_features,81,129,0.7981600165367126,0.7913618967957001
full_features,81,130,0.8676549196243286,0.7871864098579342
full_features,81,131,0.7944526076316833,0.8566061374363588
full_features,81,132,0.8801574110984802,0.7806285095233664
full_features,81,133,0.813793957233429,0.8657909596874139
full_features,81,134,0.8236103057861328,0.8003175946544472
full_features,81,135,0.8469284772872925,0.814404813914438
full_features,81,136,0.8637117147445679,0.8308130410402379
full_features,81,137,0.8559114933013916,0.8462079128988002
full_features,81,138,0.8134025931358337,0.8382622588669338
full_features,81,139,0.806956946849823,0.8024208243117217
full_features,81,140,0.8309255242347717,0.7941581182804291
full_features,81,141,0.822184145450592,0.8172851351988322
full_features,81,142,0.7934128642082214,0.8024947773452538
full_features,81,143,0.8284077048301697,0.7799012478060763
full_features,81,144,0.8466830253601074,0.8099506586029571
full_features,81,145,0.8152928948402405,0.8365003583751894
full_features,81,146,0.8615065813064575,0.8019911535591108
full_features,81,147,0.8181616067886353,0.847745697999176
full_features,81,148,0.7951251864433289,0.8027245289028606
full_features,81,149,0.80061936378479,0.7827685584606193
full_features,81,150,0.7738112211227417,0.7845360288808767
full_features,81,151,0.7534091472625732,0.7620536666487178
full_features,81,152,0.8020768165588379,0.7408708764337315
full_features,81,153,0.7512518763542175,0.7900816713122042
full_features,81,154,0.7641369104385376,0.7417619573559896
full_features,81,155,0.768982470035553,0.7518925536737329
full_features,81,156,0.7808986306190491,0.7561739935902223
full_features,81,157,0.7787874341011047,0.7698767798541847
full_features,81,158,0.7597059011459351,0.7693087990477909
full_features,81,159,0.6853318214416504,0.7484130764245802
full_features,81,160,0.7407980561256409,0.6820729227693606
full_features,81,161,0.7159911394119263,0.7339657395611875
full_features,81,162,0.7343721985816956,0.7099905054198307
full_features,81,163,0.7681506276130676,0.7300774894186345
full_features,81,164,0.7568802833557129,0.7542683247587526
full_features,81,165,0.7317736744880676,0.7459815247439588
full_features,81,166,0.7372280359268188,0.7241266344608276
full_features,81,167,0.6630293726921082,0.7304634693384188
full_features,81,168,0.7176921367645264,0.6606429980505927
full_features,81,169,0.7286456227302551,0.7103634302459814
full_features,81,170,0.6781728863716125,0.7232481444694732
full_features,81,171,0.7133594155311584,0.6775975488592104
full_features,81,172,0.6823645830154419,0.7072327517526676
full_features,81,173,0.7274426221847534,0.679456103533681
full_features,81,174,0.7281839847564697,0.7212266001522238
full_features,81,175,0.667878270149231,0.7238990121376851
full_features,81,176,0.735253632068634,0.6660873566620799
full_features,81,177,0.6751093864440918,0.7280620482172221
full_features,81,178,0.751900851726532,0.6723911284702249
full_features,81,179,0.6607617735862732,0.7423483112654978
full_features,81,180,0.6786953210830688,0.6586680618558108
full_features,81,181,0.6826875805854797,0.6745507796277398
full_features,81,182,0.647973358631134,0.6800063773444072
full_features,81,183,0.6131486892700195,0.6472551687513003
full_features,81,184,0.6450930237770081,0.6152087194161145
full_features,81,185,0.7106585502624512,0.6460330282407395
full_features,81,186,0.6614065170288086,0.7055492492749789
full_features,81,187,0.6617488861083984,0.6607469608355062
full_features,81,188,0.726772665977478,0.6600987733491908
full_features,81,189,0.691676139831543,0.7218478635029937
full_features,81,190,0.6999061107635498,0.6878908219489387
full_features,81,191,0.7061717510223389,0.6948762422830095
full_features,81,192,0.645976185798645,0.7035936050426127
full_features,81,193,0.6835605502128601,0.6455037564013982
full_features,81,194,0.6860611438751221,0.6786998702434102
full_features,81,195,0.6769844889640808,0.6833823782363176
full_features,81,196,0.6461458206176758,0.6738495087376505
full_features,81,197,0.7025894522666931,0.6453856897844504
full_features,81,198,0.6303460597991943,0.6983976819207144
full_features,81,199,0.6576911211013794,0.6302032164041488
full_features,81,200,0.6642996072769165,0.6556374023233661
full_features,81,201,0.6803621649742126,0.6624313009798907
full_features,81,202,0.7263876795768738,0.677580812614437
full_features,81,203,0.7570784687995911,0.7164698075593031
full_features,81,204,0.7614825367927551,0.7461294784743221
full_features,81,205,0.7314711809158325,0.7506808014955222
full_features,81,206,0.7206136584281921,0.7241797622613556
full_features,81,207,0.6253201961517334,0.7169554813889643
full_features,81,208,0.7484118938446045,0.6273929369372984
full_features,81,209,0.8024934530258179,0.7417826697343736
full_features,81,210,0.7277992963790894,0.7891048655177859
full_features,81,211,0.7214361429214478,0.7202582431738122
full_features,81,212,0.7388058304786682,0.7159883055741465
full_features,81,213,0.7407541275024414,0.7326488226681396
full_features,81,214,0.7206531763076782,0.734847779306961
full_features,81,215,0.7032900452613831,0.7138808912650495
full_features,81,216,0.7292273044586182,0.6999477977645227
full_features,81,217,0.66848224401474,0.7222882967768506
full_features,81,218,0.650264322757721,0.6663750028755555
full_features,81,219,0.7631513476371765,0.6497000599621553
full_features,81,220,0.6985610127449036,0.7495966079772329
full_features,81,221,0.7384238243103027,0.6925779342489936
full_features,81,222,0.7662391662597656,0.7295957514862175
full_features,81,223,0.7526865005493164,0.7520003887327982
full_features,81,224,0.6884375810623169,0.7390942148681319
full_features,81,225,0.7166809439659119,0.6859672228696755
full_features,81,226,0.661686897277832,0.7115717172933341
full_features,81,227,0.6957025527954102,0.6601116701506415
full_features,81,228,0.7325143814086914,0.6938823652906105
full_features,81,229,0.6932471990585327,0.726044650631837
full_features,81,230,0.5882360339164734,0.6897267095561226
full_features,81,231,0.604837954044342,0.5923190578577745
full_features,81,232,0.6508719325065613,0.6067175911410109
full_features,81,233,0.7205908298492432,0.6504370702525438
full_features,81,234,0.6756088137626648,0.7155292643267293
full_features,81,235,0.6680223941802979,0.672673136218029
full_features,81,236,0.6111904382705688,0.6635361523288437
full_features,81,237,0.6562921404838562,0.6133150604666708
full_features,81,238,0.5652129650115967,0.656147867679718
full_features,81,239,0.6502578854560852,0.5712956011331428
full_features,81,240,0.6728039979934692,0.6483503030171842
full_features,81,241,0.5959540009498596,0.6705699238623573
full_features,81,242,0.6553801894187927,0.5992493042826398
full_features,81,243,0.5849204659461975,0.6552935971757545
full_features,81,244,0.6078157424926758,0.5892805152466781
full_features,81,245,0.5903077125549316,0.6108898773489094
full_features,81,246,0.5906428694725037,0.5938286791117607
full_features,81,247,0.6329941749572754,0.5945576406327785
full_features,81,248,0.6025052070617676,0.6339079254454457
full_features,81,249,0.5399900674819946,0.6052001248386953
full_features,81,250,0.4589372277259826,0.5484316576490474
full_features,81,251,0.5789996385574341,0.4538441737024941
full_features,81,252,0.5663756132125854,0.5837589846765912
full_features,81,253,0.5373921394348145,0.5723460664924377
full_features,81,254,0.5040422677993774,0.5454673484954282
full_features,81,255,0.5715377926826477,0.5158560696907708
full_features,81,256,0.4451057612895965,0.5770398050617513
full_features,81,257,0.4723342359066009,0.44370029636023556
full_features,81,258,0.4406733810901642,0.46834546937977367
full_features,81,259,0.4972913265228271,0.43795082512039557
full_features,81,260,0.4603715538978576,0.48900081675451684
full_features,81,261,0.5431140661239624,0.4567646104689157
full_features,81,262,0.4624957144260406,0.5509387123771006
full_features,81,263,0.446303129196167,0.4592392151749005
full_features,81,264,0.4676433801651001,0.44410832285884494
full_features,81,265,0.4150671362876892,0.46265617215767973
full_features,81,266,0.3960182964801788,0.41435534902572185
full_features,81,267,0.4461148381233215,0.40167964080724045
full_features,81,268,0.4038886427879333,0.44327851159465126
full_features,81,269,0.4489640891551971,0.4079136512191157
full_features,81,270,0.4205141961574554,0.4475212895787338
full_features,81,271,0.4070592224597931,0.4231416924629759
full_features,81,272,0.3997671604156494,0.408105768801977
full_features,81,273,0.3889397978782654,0.407357394966946
full_features,81,274,0.4010179936885834,0.39425635147325844
full_features,81,275,0.3678517043590545,0.404454809982264
full_features,81,276,0.3084422945976257,0.37418986240251834
full_features,81,277,0.3750998973846435,0.3254906371322825
full_features,81,278,0.3518784046173095,0.3827820797110552
full_features,81,279,0.3156361877918243,0.36058010469450613
full_features,81,280,0.3871869444847107,0.32987697835540597
full_features,81,281,0.3427927196025848,0.39288708911038417
full_features,81,282,0.2914580404758453,0.3512374631332845
full_features,81,283,0.346563458442688,0.3129855827661594
full_features,81,284,0.3223986029624939,0.3560717176339435
full_features,81,285,0.2834892570972442,0.33747394227875366
full_features,81,286,0.3511872887611389,0.3032520972844236
full_features,81,287,0.300894021987915,0.3637372098003111
full_features,81,288,0.3603908121585846,0.3133015667168978
full_features,81,289,0.3015971779823303,0.367039366185661
full_features,82,0,0.2848216295242309,0.3127046968354631
full_features,82,1,0.2668632268905639,0.3071749154210158
full_features,82,2,0.2649541199207306,0.29021980079648774
full_features,82,3,0.335611492395401,0.2885482274908472
full_features,82,4,0.3293169140815735,0.3488563557452177
full_features,82,5,0.2729434669017792,0.34304480801389936
full_features,82,6,0.347798228263855,0.2939219772906093
full_features,82,7,0.2934401333332062,0.3586382832966495
full_features,82,8,0.3511495590209961,0.31317064899013547
full_features,82,9,0.2704777717590332,0.3601877091065826
full_features,82,10,0.322970300912857,0.29435214352516126
full_features,82,11,0.2489617317914962,0.3363658085534637
full_features,82,12,0.3202316761016845,0.27244822020203985
full_features,82,13,0.354662537574768,0.33420466477342536
full_features,82,14,0.3186731934547424,0.36355176049833837
full_features,82,15,0.2968898415565491,0.3339110631908609
full_features,82,16,0.3597766458988189,0.31737133034242615
full_features,82,17,0.3642047941684723,0.3712850065395059
full_features,82,18,0.3497386276721954,0.3731663059443127
full_features,82,19,0.3815306425094604,0.3629638736451379
full_features,82,20,0.341632604598999,0.3868952577024918
full_features,82,21,0.3282309770584106,0.35587753276010675
full_features,82,22,0.3597843647003174,0.3407610500480472
full_features,82,23,0.3680635988712311,0.3647074249772327
full_features,82,24,0.3194507360458374,0.3770153900439044
full_features,82,25,0.360693871974945,0.33675887886905076
full_features,82,26,0.3492607176303863,0.36778905647729326
full_features,82,27,0.3473277986049652,0.3620615550282879
full_features,82,28,0.3367885947227478,0.3601263759461187
full_features,82,29,0.3748821318149566,0.34860884659224056
full_features,82,30,0.4661603271961212,0.38198603338804665
full_features,82,31,0.4193439483642578,0.46186374018825505
full_features,82,32,0.3812309503555298,0.4207264472036708
full_features,82,33,0.4159336984157562,0.3882395460542175
full_features,82,34,0.5182345509529114,0.4206373567045858
full_features,82,35,0.5035513043403625,0.5286679401217163
full_features,82,36,0.4858568608760834,0.5154851901003616
full_features,82,37,0.5180928111076355,0.4799008878595558
full_features,82,38,0.4950734972953796,0.5290527054440577
full_features,82,39,0.5136616230010986,0.4886515256050702
full_features,82,40,0.557331383228302,0.525060394509959
full_features,82,41,0.5601959824562073,0.5642611694257196
full_features,82,42,0.5321260094642639,0.5669689786960798
full_features,82,43,0.5570881366729736,0.5416128702592218
full_features,82,44,0.5356668829917908,0.5641547344200292
full_features,82,45,0.5453236699104309,0.5446140038602881
full_features,82,46,0.5465646982192993,0.5532653849574742
full_features,82,47,0.595396101474762,0.5545626804537507
full_features,82,48,0.5348877310752869,0.5991983469779604
full_features,82,49,0.5708637237548828,0.5443650562787181
full_features,82,50,0.5480424761772156,0.5766298524483351
full_features,82,51,0.4599903225898742,0.5558252611194908
full_features,82,52,0.5159798860549927,0.4547660915204413
full_features,82,53,0.4658703207969665,0.5276758372829549
full_features,82,54,0.5188630819320679,0.4615799361069193
full_features,82,55,0.5434301495552063,0.5294250974754349
full_features,82,56,0.5325745940208435,0.5514740211801106
full_features,82,57,0.4237171113491058,0.5418974465169406
full_features,82,58,0.4870845675468445,0.4246155262384628
full_features,82,59,0.4512789845466614,0.48124204665915227
full_features,82,60,0.4317769706249237,0.4485276411011575
full_features,82,61,0.4658096134662628,0.43197337115059736
full_features,82,62,0.4562713503837585,0.46217468749563523
full_features,82,63,0.4623600542545318,0.4531461384493769
full_features,82,64,0.471502810716629,0.46055519218619884
full_features,82,65,0.4521884024143219,0.4659314335551287
full_features,82,66,0.4748676717281341,0.45083713546447185
full_features,82,67,0.4283007681369781,0.47008780904763725
full_features,82,68,0.3637863397598266,0.4308228225338524
full_features,82,69,0.4329202175140381,0.37163460169816176
full_features,82,70,0.4329983592033386,0.4345918777504533
full_features,82,71,0.4000159502029419,0.4330555865518398
full_features,82,72,0.4007245004177093,0.4043014105075726
full_features,82,73,0.4022832810878753,0.40438603473975093
full_features,82,74,0.3939917087554931,0.40559690175893054
full_features,82,75,0.4005449116230011,0.3972392201135361
full_features,82,76,0.4213757812976837,0.4049498221217945
full_features,82,77,0.4482718706130981,0.4218670753011566
full_features,82,78,0.421486884355545,0.44708850537370354
full_features,82,79,0.4472002685070038,0.4213307851279706
full_features,82,80,0.5140652656555176,0.44496113131650933
full_features,82,81,0.4135554432868957,0.525665362056231
full_features,82,82,0.4396260380744934,0.41583264372727974
full_features,82,83,0.414443701505661,0.440215057379755
full_features,82,84,0.4241716861724853,0.4167901169815198
full_features,82,85,0.477260023355484,0.42437411601893976
full_features,82,86,0.4840294122695923,0.47212184427491133
full_features,82,87,0.4660637080669403,0.4773156625292032
full_features,82,88,0.4924138784408569,0.4622682552903423
full_features,82,89,0.4640916883945465,0.48510786731336875
full_features,82,90,0.5142229795455933,0.45993985695337986
full_features,82,91,0.4802489280700683,0.5255171171399409
full_features,82,92,0.5004281997680664,0.4741494789846143
full_features,82,93,0.5424574613571167,0.5127364947776037
full_features,82,94,0.5132551789283752,0.5506928716842507
full_features,82,95,0.5372191667556763,0.5244136136468953
full_features,82,96,0.5249147415161133,0.5464041344252412
full_features,82,97,0.5136452317237854,0.5349630431712226
full_features,82,98,0.579384982585907,0.5243108744877054
full_features,82,99,0.5336397886276245,0.5843831447114681
full_features,82,100,0.4941330850124359,0.5432007454656907
full_features,82,101,0.5621449947357178,0.4873616542934771
full_features,82,102,0.5588680505752563,0.5686086558217369
full_features,82,103,0.5594483017921448,0.565637436707356
full_features,82,104,0.6249035000801086,0.5661305150292038
full_features,82,105,0.6369698643684387,0.6269698684718179
full_features,82,106,0.541885495185852,0.6362790807431681
full_features,82,107,0.6536485552787781,0.5500322435230076
full_features,82,108,0.6408970952033997,0.6555791782145985
full_features,82,109,0.6347144842147827,0.6411729339285492
full_features,82,110,0.6503056287765503,0.6354743975066507
full_features,82,111,0.641502857208252,0.6507874878176851
full_features,82,112,0.6594676375389099,0.6413888453845507
full_features,82,113,0.6358645558357239,0.6559784377918965
full_features,82,114,0.6790881752967834,0.6366876743747997
full_features,82,115,0.6899893879890442,0.6745918172164764
full_features,82,116,0.6457458138465881,0.6841909661963459
full_features,82,117,0.6698200106620789,0.6444693375372772
full_features,82,118,0.7257755994796753,0.6652618735336829
full_features,82,119,0.6817879676818848,0.7190268432099659
full_features,82,120,0.6480985283851624,0.6778098365430408
full_features,82,121,0.7543278932571411,0.6467841358953821
full_features,82,122,0.7651447057723999,0.7427978114717586
full_features,82,123,0.7643364071846008,0.7548558578837424
full_features,82,124,0.75982266664505,0.7503416116568362
full_features,82,125,0.8019208908081055,0.7479072752795615
full_features,82,126,0.8051289319992065,0.7899605270102072
full_features,82,127,0.7462950944900513,0.7959084186359716
full_features,82,128,0.7353840470314026,0.737882547450295
full_features,82,129,0.8282168507575989,0.7282281537931705
full_features,82,130,0.7855639457702637,0.8135767049617636
full_features,82,131,0.7685571908950806,0.7676987564016475
full_features,82,132,0.7902222871780396,0.7569289780359513
full_features,82,133,0.7621314525604248,0.7764328797536807
full_features,82,134,0.8095600605010986,0.7496100949293208
full_features,82,135,0.7870433926582336,0.7960691248747626
full_features,82,136,0.8757031559944153,0.7732229379059142
full_features,82,137,0.7926930785179138,0.8643111149321974
full_features,82,138,0.8291352987289429,0.7825119404599045
full_features,82,139,0.8690089583396912,0.819694271437342
full_features,82,140,0.8536616563796997,0.8565484088952153
full_features,82,141,0.835811972618103,0.8377567428824848
full_features,82,142,0.8261030912399292,0.8200908337787386
full_features,82,143,0.8705836534500122,0.8112921309373953
full_features,82,144,0.910753846168518,0.8492495298557006
full_features,82,145,0.8623653054237366,0.8978842177042309
full_features,82,146,0.7798132300376892,0.8515240009938182
full_features,82,147,0.762546181678772,0.7643443623823674
full_features,82,148,0.8126607537269592,0.7558891313264837
full_features,82,149,0.8031636476516724,0.7964964191232491
full_features,82,150,0.8573543429374695,0.785042993853613
full_features,82,151,0.822702169418335,0.8425103295139751
full_features,82,152,0.8019790649414062,0.8092381555490624
full_features,82,153,0.7854520678520203,0.7865779812656134
full_features,82,154,0.7881987690925598,0.7766079532461375
full_features,82,155,0.854619562625885,0.7769987012591754
full_features,82,156,0.8415120840072632,0.8415281583819695
full_features,82,157,0.7840105295181274,0.8257175792127224
full_features,82,158,0.7371453046798706,0.7677121143917771
full_features,82,159,0.7581876516342163,0.7311573660248207
full_features,82,160,0.7589479088783264,0.7444268149166953
full_features,82,161,0.76759934425354,0.7500663615531118
full_features,82,162,0.7427546977996826,0.7524146667633681
full_features,82,163,0.7753448486328125,0.7371539068590728
full_features,82,164,0.7738807201385498,0.7618459064280075
full_features,82,165,0.731211245059967,0.7621053201249466
full_features,82,166,0.6758127212524414,0.7237949437630223
full_features,82,167,0.7388760447502136,0.6728025926860857
full_features,82,168,0.73887699842453,0.731794100319341
full_features,82,169,0.7673901319503784,0.7344905175114557
full_features,82,170,0.7291476726531982,0.7531117573079054
full_features,82,171,0.7395834922790527,0.7224408468511585
full_features,82,172,0.753006637096405,0.7339908900864318
full_features,82,173,0.6853315830230713,0.7411032418980843
full_features,82,174,0.692870557308197,0.6811257868524935
full_features,82,175,0.7500876188278198,0.6902812027782926
full_features,82,176,0.7109822630882263,0.7377759394535738
full_features,82,177,0.7445015907287598,0.7035921510485331
full_features,82,178,0.776049017906189,0.7387706707796442
full_features,82,179,0.6619389653205872,0.766692407568701
full_features,82,180,0.7253049612045288,0.660711078189206
full_features,82,181,0.7415498495101929,0.7208435165719218
full_features,82,182,0.7130081653594971,0.733468410578974
full_features,82,183,0.6655297875404358,0.7096878083615081
full_features,82,184,0.7297919392585754,0.6643586663680523
full_features,82,185,0.6994649767875671,0.7259420437234818
full_features,82,186,0.6831497550010681,0.696711417295155
full_features,82,187,0.6968829035758972,0.6801671524237097
full_features,82,188,0.7014124989509583,0.6942985771976894
full_features,82,189,0.7003494501113892,0.6965620025670697
full_features,82,190,0.6627418994903564,0.6954337714637898
full_features,82,191,0.7161270380020142,0.660683719277619
full_features,82,192,0.7143402099609375,0.7094170006948725
full_features,82,193,0.6889846324920654,0.7048030221953383
full_features,82,194,0.6859473586082458,0.6863684517784246
full_features,82,195,0.6597443222999573,0.6818024326442326
full_features,82,196,0.7508012056350708,0.6601391192676128
full_features,82,197,0.7540010809898376,0.7388274293426357
full_features,82,198,0.7296039462089539,0.7428397176341252
full_features,82,199,0.6236672401428223,0.7231992326217499
full_features,82,200,0.6990535855293274,0.6247518119344534
full_features,82,201,0.7032679319381714,0.6951246014142876
full_features,82,202,0.7276185750961304,0.6985617393747807
full_features,82,203,0.7950713038444519,0.7217216962728173
full_features,82,204,0.7226824760437012,0.7796079247102341
full_features,82,205,0.7370185256004333,0.7171490804240123
full_features,82,206,0.7766286134719849,0.7273741402335144
full_features,82,207,0.7134827375411987,0.7608869481875506
full_features,82,208,0.7343142032623291,0.7092855111583669
full_features,82,209,0.6825927495956421,0.7318546483881009
full_features,82,210,0.7621656656265259,0.6783279286872949
full_features,82,211,0.7076371312141418,0.7497865576688665
full_features,82,212,0.6682195663452148,0.7028946817771979
full_features,82,213,0.7197499871253967,0.6662524285930962
full_features,82,214,0.7724684476852417,0.7171681428001593
full_features,82,215,0.7218143343925476,0.7600463727518493
full_features,82,216,0.7288285493850708,0.7166821261778794
full_features,82,217,0.7228742837905884,0.7202878751280947
full_features,82,218,0.7396791577339172,0.7209871479846182
full_features,82,219,0.757870614528656,0.7336481627118844
full_features,82,220,0.7167501449584961,0.749845407361673
full_features,82,221,0.7360289096832275,0.7113043348577069
full_features,82,222,0.7093631029129028,0.7285440029600757
full_features,82,223,0.6689658164978027,0.7047984473403356
full_features,82,224,0.7661301493644714,0.6657770949795776
full_features,82,225,0.7036031484603882,0.7525662979864
full_features,82,226,0.7058135271072388,0.7016120855398637
full_features,82,227,0.6961233615875244,0.6997915565663895
full_features,82,228,0.6133595705032349,0.6918074989353148
full_features,82,229,0.7304608821868896,0.6150899750325222
full_features,82,230,0.6529166102409363,0.7226781190851393
full_features,82,231,0.6718389391899109,0.6512553443557658
full_features,82,232,0.7217315435409546,0.6695696820887671
full_features,82,233,0.6791121363639832,0.7143317569936564
full_features,82,234,0.7023749351501465,0.6776616455971594
full_features,82,235,0.6835764646530151,0.6978594473602127
full_features,82,236,0.7094873189926147,0.6802511477782365
full_features,82,237,0.6506350040435791,0.7036193731869815
full_features,82,238,0.6999731063842773,0.6500234773037127
full_features,82,239,0.6941651701927185,0.6947421970211762
full_features,82,240,0.5925810933113098,0.6917112224566495
full_features,82,241,0.6811656355857849,0.5962752123264402
full_features,82,242,0.5836540460586548,0.6786701299040633
full_features,82,243,0.5979676842689514,0.5884176068801317
full_features,82,244,0.5777381658554077,0.6011519794633462
full_features,82,245,0.632709801197052,0.582824470053854
full_features,82,246,0.6009684205055237,0.6319941661603022
full_features,82,247,0.5795034170150757,0.603844537005334
full_features,82,248,0.619351327419281,0.5839259524565837
full_features,82,249,0.556404709815979,0.6208213908937996
full_features,82,250,0.5544772148132324,0.5631648783201939
full_features,82,251,0.5362400412559509,0.5614654899221687
full_features,82,252,0.5880546569824219,0.5451900269712656
full_features,82,253,0.5691668391227722,0.5921324713325476
full_features,82,254,0.555862545967102,0.5748443824462743
full_features,82,255,0.5004023313522339,0.562729119588999
full_features,82,256,0.5593470335006714,0.5120583064289868
full_features,82,257,0.5452540516853333,0.5659816205081067
full_features,82,258,0.4678647816181183,0.5535179587369574
full_features,82,259,0.49828040599823,0.4627552525940628
full_features,82,260,0.5033180117607117,0.4907143138397869
full_features,82,261,0.4557408690452575,0.5145137822232382
full_features,82,262,0.4904256463050842,0.45320209893096297
full_features,82,263,0.4941296577453613,0.48445231555693863
full_features,82,264,0.5341489315032959,0.48782823079040494
full_features,82,265,0.465509682893753,0.5430231443644922
full_features,82,266,0.5585695505142212,0.46127129305107917
full_features,82,267,0.5234666466712952,0.5651874032509289
full_features,82,268,0.5275653600692749,0.5342208168385529
full_features,82,269,0.5371105670928955,0.5365379187889258
full_features,82,270,0.4632307589054107,0.5457422495329096
full_features,82,271,0.5284565091133118,0.45943905310934413
full_features,82,272,0.377069354057312,0.5378801016550239
full_features,82,273,0.445965051651001,0.3849453474692501
full_features,82,274,0.4402511417865753,0.44471512523679524
full_features,82,275,0.4958781003952026,0.43948140727533697
full_features,82,276,0.4885634183883667,0.48792289411612166
full_features,82,277,0.40765181183815,0.4815994666696038
full_features,82,278,0.4016739428043365,0.4115916773003754
full_features,82,279,0.4692564010620117,0.4055780978573581
full_features,82,280,0.4362968206405639,0.4641033129391327
full_features,82,281,0.4844339191913605,0.4356609487529385
full_features,82,282,0.4422091841697693,0.4781198980110384
full_features,82,283,0.3793393075466156,0.43945843847455257
full_features,82,284,0.4384151697158813,0.3846814632243878
full_features,82,285,0.411031424999237,0.43643426163582283
full_features,82,286,0.4340680241584778,0.4135542293720765
full_features,82,287,0.4579728245735168,0.43250320162347705
full_features,82,288,0.3728101849555969,0.45422669469609916
full_features,82,289,0.4073675572872162,0.38095751566213093
full_features,83,0,0.2141011953353881,0.25280997808622685
full_features,83,1,0.3031775653362274,0.2436618630168009
full_features,83,2,0.296620100736618,0.32083972106907677
full_features,83,3,0.2827654182910919,0.3186323079221094
full_features,83,4,0.2943331897258758,0.3056938705817397
full_features,83,5,0.2974844872951507,0.3118611223639788
full_features,83,6,0.2682856321334839,0.3140541271291228
full_features,83,7,0.2837407886981964,0.288178840644104
full_features,83,8,0.2821380198001861,0.30498323035149133
full_features,83,9,0.2521823048591614,0.3032669654769372
full_features,83,10,0.2701355814933777,0.27632748554715125
full_features,83,11,0.2783390581607818,0.2891622462665093
full_features,83,12,0.338153600692749,0.29898461118106623
full_features,83,13,0.3190743327140808,0.35184151060032703
full_features,83,14,0.345634400844574,0.33345003255725003
full_features,83,15,0.3272501230239868,0.35889571670433895
full_features,83,16,0.3371279239654541,0.3372669747817247
full_features,83,17,0.3487566709518432,0.35194440173642266
full_features,83,18,0.3356142044067383,0.3597161271441692
full_features,83,19,0.3418281078338623,0.3508731341285281
full_features,83,20,0.3958832919597626,0.3528420390633799
full_features,83,21,0.3338910341262817,0.40011364454075055
full_features,83,22,0.3089453876018524,0.3473221809777753
full_features,83,23,0.3805106282234192,0.3236276466961876
full_features,83,24,0.3417395949363708,0.3892411725676293
full_features,83,25,0.3748475611209869,0.3557203989120082
full_features,83,26,0.2993309497833252,0.3821692921301209
full_features,83,27,0.3251606523990631,0.3165514770096218
full_features,83,28,0.4017748534679413,0.3380277709673579
full_features,83,29,0.3699840903282165,0.4055462500305251
full_features,83,30,0.3358370065689087,0.37676716172891145
full_features,83,31,0.397736132144928,0.3513094761100826
full_features,83,32,0.384008377790451,0.4039755713950057
full_features,83,33,0.3808930516242981,0.39050069682978095
full_features,83,34,0.4550047516822815,0.38631122463981826
full_features,83,35,0.3472491800785064,0.4502099701933246
full_features,83,36,0.4073438346385956,0.3574018507312987
full_features,83,37,0.4371148347854614,0.40876205946155547
full_features,83,38,0.42807537317276,0.43832095375033325
full_features,83,39,0.3845698237419128,0.426416307649012
full_features,83,40,0.4441155791282654,0.39019444372009787
full_features,83,41,0.3650324642658233,0.4430218270528447
full_features,83,42,0.4209828674793243,0.37299261186845595
full_features,83,43,0.4663013219833374,0.4229784165309737
full_features,83,44,0.4565274715423584,0.4621965661938041
full_features,83,45,0.4597087800502777,0.45219595235092613
full_features,83,46,0.4261737167835235,0.45590904055889836
full_features,83,47,0.4010814130306244,0.4268246963124197
full_features,83,48,0.509443461894989,0.40273589708930724
full_features,83,49,0.452875941991806,0.5210694542891763
full_features,83,50,0.4479138255119324,0.4494816976321727
full_features,83,51,0.520778238773346,0.44744215228311196
full_features,83,52,0.518427312374115,0.5315550400765612
full_features,83,53,0.4934939742088318,0.528723807863491
full_features,83,54,0.4767076075077057,0.4873059121857067
full_features,83,55,0.4769559800624847,0.4709723182326862
full_features,83,56,0.5161312818527222,0.4728490982454804
full_features,83,57,0.4929609298706054,0.5271604116596202
full_features,83,58,0.4837125837802887,0.4864293216251431
full_features,83,59,0.5473002791404724,0.47884848986544243
full_features,83,60,0.4931778609752655,0.5551981740089631
full_features,83,61,0.4239921569824219,0.48677958762314544
full_features,83,62,0.5285029411315918,0.4253252757521462
full_features,83,63,0.4691263735294342,0.5382828834876552
full_features,83,64,0.5243264436721802,0.46673289470099194
full_features,83,65,0.4544373750686645,0.534371699582865
full_features,83,66,0.4998330771923065,0.45112537622289844
full_features,83,67,0.5131427049636841,0.4927302254829806
full_features,83,68,0.4979177117347717,0.5247949538655562
full_features,83,69,0.5149680972099304,0.49079204798799153
full_features,83,70,0.499349981546402,0.5254362175361234
full_features,83,71,0.5153278708457947,0.4920043366299521
full_features,83,72,0.57602858543396,0.5255996302043493
full_features,83,73,0.5426833629608154,0.5813285068094489
full_features,83,74,0.5770493745803833,0.5513585060509434
full_features,83,75,0.5081621408462524,0.582217621789397
full_features,83,76,0.5350683927536011,0.5196348188999007
full_features,83,77,0.6213038563728333,0.5448945807660097
full_features,83,78,0.533560574054718,0.6228964009328884
full_features,83,79,0.5497864484786987,0.5431500260583522
full_features,83,80,0.6210193037986755,0.5573873052755918
full_features,83,81,0.5395860075950623,0.6228813607415378
full_features,83,82,0.5321839451789856,0.5482820873111602
full_features,83,83,0.5743036866188049,0.541735180824424
full_features,83,84,0.5676344633102417,0.5797752083429404
full_features,83,85,0.5397980809211731,0.5736776578978587
full_features,83,86,0.5670635104179382,0.5483315998608206
full_features,83,87,0.5480676293373108,0.5731277181274609
full_features,83,88,0.5562673211097717,0.5560164948772036
full_features,83,89,0.5422911047935486,0.5632771499535559
full_features,83,90,0.5631128549575806,0.5506696024866573
full_features,83,91,0.5681319236755371,0.5695268805292709
full_features,83,92,0.5348171591758728,0.5741583008967119
full_features,83,93,0.5600923299789429,0.5438948991999537
full_features,83,94,0.5250846743583679,0.5668051530419806
full_features,83,95,0.5871010422706604,0.5354263743061065
full_features,83,96,0.5747937560081482,0.5915109918952013
full_features,83,97,0.6529722809791565,0.5801343122175835
full_features,83,98,0.5633531808853149,0.6522137760580583
full_features,83,99,0.612234354019165,0.569742859291491
full_features,83,100,0.6055734753608704,0.6145050219484005
full_features,83,101,0.6083823442459106,0.6079966010003578
full_features,83,102,0.5382949709892273,0.6107817342211985
full_features,83,103,0.6538318991661072,0.5472124247773646
full_features,83,104,0.6221299171447754,0.6536888127245262
full_features,83,105,0.5917609333992004,0.624199028425172
full_features,83,106,0.6088245511054993,0.5955066726354775
full_features,83,107,0.6046690940856934,0.6108878163668728
full_features,83,108,0.6220930814743042,0.6072145917384071
full_features,83,109,0.6644494533538818,0.623527170416955
full_features,83,110,0.634650468826294,0.6634279015640786
full_features,83,111,0.6526810526847839,0.6345643374150721
full_features,83,112,0.6958943009376526,0.6507655244391735
full_features,83,113,0.6821489930152893,0.6919967748459245
full_features,83,114,0.6712000370025635,0.6791837947114491
full_features,83,115,0.6768984198570251,0.6695637369132325
full_features,83,116,0.6747236251831055,0.6742191875043564
full_features,83,117,0.6971736550331116,0.6735543105282545
full_features,83,118,0.7204599380493164,0.6928794660852426
full_features,83,119,0.7260798811912537,0.71603447886412
full_features,83,120,0.6488134264945984,0.7209116518331775
full_features,83,121,0.6832020282745361,0.648828555678737
full_features,83,122,0.6896859407424927,0.6809325831041158
full_features,83,123,0.7284564971923828,0.6859826733497137
full_features,83,124,0.7220889329910278,0.7278243822270403
full_features,83,125,0.7550848722457886,0.717894223293675
full_features,83,126,0.7699795365333557,0.7468669147587726
full_features,83,127,0.6973901987075806,0.7578093647811189
full_features,83,128,0.7162885069847107,0.6940961307591574
full_features,83,129,0.7593672275543213,0.7072784195449703
full_features,83,130,0.7823129892349243,0.7468329217979653
full_features,83,131,0.7937425374984741,0.7690672212849918
full_features,83,132,0.695106565952301,0.7797129696451409
full_features,83,133,0.7209279537200928,0.6912508287356378
full_features,83,134,0.7233646512031555,0.7161105941109762
full_features,83,135,0.7258507609367371,0.7181986020221127
full_features,83,136,0.8353650569915771,0.7196142598373522
full_features,83,137,0.7751798629760742,0.8223716430089688
full_features,83,138,0.7601643204689026,0.7619504140749584
full_features,83,139,0.7237518429756165,0.7503733654234246
full_features,83,140,0.8024316430091858,0.7152116603269348
full_features,83,141,0.729516863822937,0.7896388175160634
full_features,83,142,0.7137501835823059,0.7260893149802291
full_features,83,143,0.7175807356834412,0.7072892701812616
full_features,83,144,0.7285674810409546,0.711131007202828
full_features,83,145,0.6759939193725586,0.72410543680488
full_features,83,146,0.7275206446647644,0.6756954840005046
full_features,83,147,0.7106029987335205,0.7260055735807344
full_features,83,148,0.6823193430900574,0.7063409604864364
full_features,83,149,0.7506522536277771,0.6770968368449698
full_features,83,150,0.6094997525215149,0.7377061200786179
full_features,83,151,0.6686477661132812,0.6122974728433943
full_features,83,152,0.6893033385276794,0.6671649947628957
full_features,83,153,0.6825998425483704,0.6864283400713709
full_features,83,154,0.6806365847587585,0.6774756073598298
full_features,83,155,0.6134477853775024,0.6782634763280188
full_features,83,156,0.6318886876106262,0.6147556316064862
full_features,83,157,0.6745889186859131,0.6331222299635203
full_features,83,158,0.65875643491745,0.6705955653590703
full_features,83,159,0.6837878823280334,0.6568556643737383
full_features,83,160,0.6892660856246948,0.6807817597112723
full_features,83,161,0.6768269538879395,0.6874878571167357
full_features,83,162,0.7076432704925537,0.673737556997216
full_features,83,163,0.6960387229919434,0.701682857143723
full_features,83,164,0.6100995540618896,0.6926620647004251
full_features,83,165,0.6549047827720642,0.6128882708318197
full_features,83,166,0.5730913281440735,0.6536284020780306
full_features,83,167,0.5977627635002136,0.5787044636709521
full_features,83,168,0.6222636699676514,0.6004908638375084
full_features,83,169,0.6036070585250854,0.6234353029221832
full_features,83,170,0.5729261636734009,0.6056336920961194
full_features,83,171,0.6044152975082397,0.5783312919453317
full_features,83,172,0.6143606901168823,0.6079311890474022
full_features,83,173,0.5866727828979492,0.6168216129086335
full_features,83,174,0.587147057056427,0.5910678003941917
full_features,83,175,0.6025752425193787,0.5913045587232999
full_features,83,176,0.6106033325195312,0.6053336534154781
full_features,83,177,0.6691328883171082,0.6128866375782616
full_features,83,178,0.5881526470184326,0.6688591425155866
full_features,83,179,0.5897340774536133,0.5919826857228977
full_features,83,180,0.570036768913269,0.5935696050738926
full_features,83,181,0.5935079455375671,0.5757333122813497
full_features,83,182,0.5995336174964905,0.5972093520453287
full_features,83,183,0.7144164443016052,0.6030989462542967
full_features,83,184,0.6558974981307983,0.7078596124760338
full_features,83,185,0.5839918255805969,0.6539159122078614
full_features,83,186,0.6052359342575073,0.588148742510765
full_features,83,187,0.6498817205429077,0.6081900667872989
full_features,83,188,0.5836033225059509,0.6488123127662878
full_features,83,189,0.6490206122398376,0.5880061725173946
full_features,83,190,0.6538680791854858,0.6488612144994745
full_features,83,191,0.6636053323745728,0.6528507933156419
full_features,83,192,0.656600296497345,0.6620202815326763
full_features,83,193,0.6108061075210571,0.6541418642563493
full_features,83,194,0.6454904079437256,0.6130049992980139
full_features,83,195,0.6359360218048096,0.644877237726855
full_features,83,196,0.6135773658752441,0.6348650207642549
full_features,83,197,0.6870871186256409,0.6155345137120115
full_features,83,198,0.6628853678703308,0.6839247606365241
full_features,83,199,0.6645203828811646,0.6602648619673711
full_features,83,200,0.616977870464325,0.6620835584515058
full_features,83,201,0.6898699998855591,0.6195040090164343
full_features,83,202,0.6544792056083679,0.6871835592893961
full_features,83,203,0.6266350746154785,0.653301919883716
full_features,83,204,0.6946264505386353,0.6282809671447899
full_features,83,205,0.6252698302268982,0.6903080383421188
full_features,83,206,0.6502421498298645,0.6258091008883289
full_features,83,207,0.6866668462753296,0.6481785479170654
full_features,83,208,0.7076451182365417,0.6844708284453119
full_features,83,209,0.6455736756324768,0.7033790869468004
full_features,83,210,0.7061132788658142,0.6451178957446234
full_features,83,211,0.7286602258682251,0.6988299405192882
full_features,83,212,0.7351614832878113,0.7235841327172903
full_features,83,213,0.6893840432167053,0.7270002152377645
full_features,83,214,0.6137698292732239,0.686031268012319
full_features,83,215,0.7174543738365173,0.615693168722787
full_features,83,216,0.7193742394447327,0.7107773339918337
full_features,83,217,0.698657214641571,0.7142452748639743
full_features,83,218,0.7212420105934143,0.6942974373659252
full_features,83,219,0.7266510128974915,0.7170135034233469
full_features,83,220,0.6776638627052307,0.7199140979068056
full_features,83,221,0.6503816843032837,0.6730750232741325
full_features,83,222,0.6888995170593262,0.6497106536023752
full_features,83,223,0.6956358551979065,0.6848885296111502
full_features,83,224,0.7559584379196167,0.691941652962634
full_features,83,225,0.6874715685844421,0.740832225815999
full_features,83,226,0.705336332321167,0.683981655335896
full_features,83,227,0.6833245158195496,0.7027763799777031
full_features,83,228,0.6970237493515015,0.6793711992638785
full_features,83,229,0.7254590392112732,0.6917575135430103
full_features,83,230,0.6676826477050781,0.7182741086736926
full_features,83,231,0.6121949553489685,0.6650574281361034
full_features,83,232,0.6120196580886841,0.614185342294362
full_features,83,233,0.6476866602897644,0.6142333591701191
full_features,83,234,0.713353157043457,0.647585388512935
full_features,83,235,0.7131970524787903,0.7065092800026255
full_features,83,236,0.6919280290603638,0.7096496954378935
full_features,83,237,0.6023925542831421,0.6899065443453805
full_features,83,238,0.6709839701652527,0.6053577485625227
full_features,83,239,0.6588706374168396,0.6705373658336947
full_features,83,240,0.617517352104187,0.657715187481069
full_features,83,241,0.6241234540939331,0.6190344700044096
full_features,83,242,0.6063567399978638,0.6253254226543362
full_features,83,243,0.5676238536834717,0.6080187178726004
full_features,83,244,0.6391928791999817,0.573468982152043
full_features,83,245,0.6032111644744873,0.6387315245763411
full_features,83,246,0.644899845123291,0.6063974314708076
full_features,83,247,0.5619661211967468,0.6426026785303256
full_features,83,248,0.543193519115448,0.5683388797692659
full_features,83,249,0.6366094946861267,0.5514307754176704
full_features,83,250,0.601345956325531,0.6362923029657984
full_features,83,251,0.6051770448684692,0.6046696401847403
full_features,83,252,0.5072581171989441,0.6078503206912196
full_features,83,253,0.5207852721214294,0.5183260200370816
full_features,83,254,0.5799077749252319,0.5312706982900174
full_features,83,255,0.5474904775619507,0.5847116330481786
full_features,83,256,0.4997753500938415,0.5551067851442815
full_features,83,257,0.4260937869548797,0.49206507500472807
full_features,83,258,0.4699016213417053,0.4257839055479925
full_features,83,259,0.4649396538734436,0.46544305791197654
full_features,83,260,0.4462313950061798,0.46142669024978483
full_features,83,261,0.4715268313884735,0.44457146377125706
full_features,83,262,0.5067886710166931,0.46813864007567585
full_features,83,263,0.459496408700943,0.5180158532904866
full_features,83,264,0.4188981652259826,0.456440697218102
full_features,83,265,0.4646623730659485,0.4215575346398967
full_features,83,266,0.4301708936691284,0.4612838975037295
full_features,83,267,0.4648493528366089,0.43272412777064967
full_features,83,268,0.4805499315261841,0.46211249607449784
full_features,83,269,0.4064972400665283,0.4757448081055165
full_features,83,270,0.3577718734741211,0.40900103523142795
full_features,83,271,0.4016129970550537,0.3665365588187863
full_features,83,272,0.3847740888595581,0.4040860558453965
full_features,83,273,0.3501970171928406,0.3927432512299586
full_features,83,274,0.4519353806972503,0.3586088639623733
full_features,83,275,0.4194098114967346,0.4499128713303145
full_features,83,276,0.4252746403217315,0.4199084662641202
full_features,83,277,0.3576796948909759,0.4261087639641982
full_features,83,278,0.4096558690071106,0.367364582914675
full_features,83,279,0.3536595106124878,0.4131927136331701
full_features,83,280,0.4047606587409973,0.36310378883516503
full_features,83,281,0.3660492300987243,0.408144617433584
full_features,83,282,0.382187932729721,0.3730087571575746
full_features,83,283,0.3746121525764465,0.38763604108515193
full_features,83,284,0.3861190676689148,0.3817133416498178
full_features,83,285,0.3204519152641296,0.39490025596061623
full_features,83,286,0.3020198047161102,0.33576086832074475
full_features,83,287,0.3290484845638275,0.3204211043285814
full_features,83,288,0.3848394453525543,0.3407110960392901
full_features,83,289,0.3206633031368255,0.3894001433660481
full_features,84,0,0.3090295493602752,0.3274072440783754
full_features,84,1,0.3869508802890777,0.3274025522445854
full_features,84,2,0.3373607397079468,0.3925507150620037
full_features,84,3,0.2597066164016723,0.3544262057362532
full_features,84,4,0.3280855417251587,0.2842928811273313
full_features,84,5,0.3457939028739929,0.3393385018794915
full_features,84,6,0.2919804453849792,0.35855942277647573
full_features,84,7,0.3103758692741394,0.30977954952808573
full_features,84,8,0.3260398805141449,0.32716491138748904
full_features,84,9,0.2590573728084564,0.33856282791834214
full_features,84,10,0.2334595620632171,0.284396321777101
full_features,84,11,0.3371576964855194,0.26574650654125237
full_features,84,12,0.2928961515426636,0.3481969420099369
full_features,84,13,0.3024704158306122,0.3117866630151408
full_features,84,14,0.2635688781738281,0.3202062997861176
full_features,84,15,0.2659800946712494,0.285658013732125
full_features,84,16,0.2782478034496307,0.2884416769344559
full_features,84,17,0.2659871876239776,0.3020702309086979
full_features,84,18,0.2744947671890259,0.28910725895712663
full_features,84,19,0.3354778885841369,0.29880903730512287
full_features,84,20,0.3106091022491455,0.3474545343026355
full_features,84,21,0.3575336635112762,0.3290451601980871
full_features,84,22,0.3582018613815307,0.36839760445145964
full_features,84,23,0.2967589199542999,0.3687564691295565
full_features,84,24,0.3466182053089142,0.31072469179889334
full_features,84,25,0.3211387991905212,0.35854106067242597
full_features,84,26,0.3441083133220672,0.33499607064161463
full_features,84,27,0.2234925627708435,0.3570587158160529
full_features,84,28,0.3030866980552673,0.251486944688026
full_features,84,29,0.3784258663654327,0.31957564169179015
full_features,84,30,0.342093288898468,0.3863753788626868
full_features,84,31,0.3688343167304992,0.3555313234368668
full_features,84,32,0.3916927278041839,0.37877317159851076
full_features,84,33,0.3861893117427826,0.3955947390818436
full_features,84,34,0.3410302102565765,0.39105134350872034
full_features,84,35,0.3491488099098205,0.3506332760417521
full_features,84,36,0.3272924423217773,0.36123904460099826
full_features,84,37,0.3610928952693939,0.3388617472458596
full_features,84,38,0.3351210951805115,0.3703895875022198
full_features,84,39,0.4128882884979248,0.347119792626988
full_features,84,40,0.36161008477211,0.4149410183407417
full_features,84,41,0.4163956940174103,0.36859673822000155
full_features,84,42,0.4052112698554992,0.41840663101711423
full_features,84,43,0.3563973009586334,0.4078906812743858
full_features,84,44,0.2868762910366058,0.36437811453794333
full_features,84,45,0.4160508215427398,0.305539004618416
full_features,84,46,0.2704551517963409,0.4203991864799986
full_features,84,47,0.416361927986145,0.29657684781324484
full_features,84,48,0.2648134529590606,0.4208344498081411
full_features,84,49,0.3461365103721618,0.2867214720473416
full_features,84,50,0.4142807722091675,0.35518903292204995
full_features,84,51,0.4034440219402313,0.41684295788749387
full_features,84,52,0.3234583139419555,0.40772676269990077
full_features,84,53,0.3409254848957062,0.3391619956367774
full_features,84,54,0.3641291260719299,0.3537416710227963
full_features,84,55,0.3645561635494232,0.3717316074856224
full_features,84,56,0.4262700378894806,0.3725550395602232
full_features,84,57,0.3429348170757293,0.42736118951550506
full_features,84,58,0.4423918128013611,0.35575277275953776
full_features,84,59,0.3799946010112762,0.44078652823188924
full_features,84,60,0.4524700343608856,0.3852777567143887
full_features,84,61,0.4166700839996338,0.4497248676679761
full_features,84,62,0.4077500700950622,0.41846855982601233
full_features,84,63,0.3829192817211151,0.41014656517001996
full_features,84,64,0.4465935826301574,0.3891022390518604
full_features,84,65,0.4474513232707977,0.44495233164271236
full_features,84,66,0.4559327661991119,0.44520060293452546
full_features,84,67,0.433184951543808,0.4528374075583914
full_features,84,68,0.4423506259918213,0.43409904818974215
full_features,84,69,0.4216673970222473,0.44155286422887174
full_features,84,70,0.4484405815601349,0.4207106693378557
full_features,84,71,0.3940316140651703,0.44685919128651036
full_features,84,72,0.466292530298233,0.39746693615723666
full_features,84,73,0.4132792055606842,0.46292390640348985
full_features,84,74,0.4621614813804626,0.41408475212470025
full_features,84,75,0.3644017875194549,0.4583253042990374
full_features,84,76,0.4275206923484802,0.373285383259417
full_features,84,77,0.4199583232402801,0.4278496310795782
full_features,84,78,0.5083733201026917,0.4217131062957973
full_features,84,79,0.536750316619873,0.5200735103333058
full_features,84,80,0.4095156788825989,0.5461245048693013
full_features,84,81,0.4617349803447723,0.41102421918347454
full_features,84,82,0.5068368911743164,0.45793406187012764
full_features,84,83,0.4768464267253876,0.5194506583989602
full_features,84,84,0.5474590063095093,0.4718490876451962
full_features,84,85,0.4823782444000244,0.5556254914580622
full_features,84,86,0.532082736492157,0.4767252767919589
full_features,84,87,0.5516109466552734,0.5411334541386172
full_features,84,88,0.4894195795059204,0.5593348073160962
full_features,84,89,0.493786871433258,0.48263846670012006
full_features,84,90,0.5232334733009338,0.48651111895037374
full_features,84,91,0.4954186677932739,0.5334933095932577
full_features,84,92,0.5359028577804565,0.4881412555923392
full_features,84,93,0.5183039307594299,0.5448466300710926
full_features,84,94,0.5445958375930786,0.5290863504561503
full_features,84,95,0.5789815187454224,0.5529319243238358
full_features,84,96,0.5512811541557312,0.5839859545740452
full_features,84,97,0.5150208473205566,0.5586587828959668
full_features,84,98,0.5238779187202454,0.5260636705614128
full_features,84,99,0.5896919369697571,0.5340681400568819
full_features,84,100,0.554177463054657,0.5933325807252288
full_features,84,101,0.6505113244056702,0.5613347510187341
full_features,84,102,0.5575259327888489,0.6507034394756763
full_features,84,103,0.6481321454048157,0.5644205405654532
full_features,84,104,0.7015451192855835,0.6481217673725762
full_features,84,105,0.6309431195259094,0.69782338277622
full_features,84,106,0.6693698167800903,0.6317100068995152
full_features,84,107,0.6680452823638916,0.667876648497172
full_features,84,108,0.6985920071601868,0.6650499391325929
full_features,84,109,0.7575698494911194,0.6949337485515125
full_features,84,110,0.7070069313049316,0.7481717885972784
full_features,84,111,0.7525128722190857,0.7019371307360137
full_features,84,112,0.7711164951324463,0.7442340917207744
full_features,84,113,0.7471515536308289,0.7595679378742606
full_features,84,114,0.775328516960144,0.7407009269175048
full_features,84,115,0.7620783448219299,0.7602470508475256
full_features,84,116,0.7913244962692261,0.7484866266714181
full_features,84,117,0.7965555191040039,0.7754697938041764
full_features,84,118,0.7838990092277527,0.7841416560949566
full_features,84,119,0.8536019325256348,0.7707985088327681
full_features,84,120,0.8602616190910339,0.8377207315578348
full_features,84,121,0.8095176219940186,0.8439748998383848
full_features,84,122,0.922889769077301,0.8001032753630039
full_features,84,123,0.8717756271362305,0.9024004273267224
full_features,84,124,0.8833072781562805,0.8564848634668978
full_features,84,125,0.8900174498558044,0.863149867385113
full_features,84,126,0.9360905289649964,0.8711986810194037
full_features,84,127,0.899025559425354,0.9221755581835994
full_features,84,128,0.8833284974098206,0.8848150049303638
full_features,84,129,0.8777374625205994,0.8670426219292561
full_features,84,130,0.911918878555298,0.8586492656008555
full_features,84,131,0.9563152194023132,0.8990137825325043
full_features,84,132,0.9404596090316772,0.9346161576106247
full_features,84,133,0.957718789577484,0.9263556681509103
full_features,84,134,0.948171854019165,0.9428900737449375
full_features,84,135,1.0,0.9337425633889153
full_features,84,136,0.9657516479492188,0.9732840514031875
full_features,84,137,0.9691392183303832,0.9461468235666289
full_features,84,138,0.9981985092163086,0.9538277384823278
full_features,84,139,0.9977738857269288,0.9720766400705397
full_features,84,140,1.0,0.9812596263771632
full_features,84,141,1.0,0.9833914288594281
full_features,84,142,0.986448049545288,0.977130563082576
full_features,84,143,1.0,0.9652740015240864
full_features,84,144,0.9585955142974854,0.98338855882282
full_features,84,145,1.0,0.9384908981766277
full_features,84,146,0.9909291863441468,0.9833866454650811
full_features,84,147,0.9642682075500488,0.9746952805501397
full_features,84,148,0.9803814888000488,0.9491514491571373
full_features,84,149,0.9697484374046326,0.9636683691340312
full_features,84,150,1.0,0.9543999363814683
full_features,84,151,1.0,0.9800111417872052
full_features,84,152,0.9428313970565796,0.983380905391865
full_features,84,153,1.0,0.928190582380643
full_features,84,154,1.0,0.9814528661578237
full_features,84,155,0.9649089574813844,0.9819334409480299
full_features,84,156,0.9280272126197816,0.9466587381427114
full_features,84,157,0.9766827821731568,0.9144216909159694
full_features,84,158,0.9431031942367554,0.9541998390874937
full_features,84,159,0.9816377758979796,0.9288635198852263
full_features,84,160,0.966306746006012,0.9593240969634922
full_features,84,161,0.977350115776062,0.9466495416993823
full_features,84,162,0.9281340837478638,0.9616713288980022
full_features,84,163,0.9693515300750732,0.9064780627578195
full_features,84,164,1.0,0.9540062809324952
full_features,84,165,0.865571141242981,0.983368468566563
full_features,84,166,0.8497396111488342,0.8479204641906635
full_features,84,167,0.9699724912643432,0.8375160746189986
full_features,84,168,0.9118040800094604,0.9519075195860285
full_features,84,169,0.9732986688613892,0.895411929890797
full_features,84,170,0.9100133180618286,0.9568781648963895
full_features,84,171,0.8452412486076355,0.8937121841319136
full_features,84,172,0.8309721946716309,0.8288873088507024
full_features,84,173,0.8656854629516602,0.8155314650594401
full_features,84,174,0.9307070970535278,0.8510160521341719
full_features,84,175,0.8811399340629578,0.9169719686879392
full_features,84,176,0.8584480881690979,0.869482573535319
full_features,84,177,0.9627841114997864,0.8441674158443142
full_features,84,178,0.8818169236183167,0.9402148816563975
full_features,84,179,0.8841939568519592,0.87012830496924
full_features,84,180,0.8538246750831604,0.8685173375166142
full_features,84,181,0.9177463054656982,0.8391507623621102
full_features,84,182,0.8462536334991455,0.9041575082219098
full_features,84,183,0.8469944596290588,0.829512891592333
full_features,84,184,0.8304295539855957,0.8358247102587409
full_features,84,185,0.805879533290863,0.8176572784746232
full_features,84,186,0.8468602895736694,0.7936344384881264
full_features,84,187,0.782307505607605,0.830700356450982
full_features,84,188,0.8206443786621094,0.7690075843526284
full_features,84,189,0.7746988534927368,0.8018869025270036
full_features,84,190,0.7382451295852661,0.7600602135095471
full_features,84,191,0.7543999552726746,0.7319569138988238
full_features,84,192,0.7448028922080994,0.741329417220949
full_features,84,193,0.8050300478935242,0.7368468504271742
full_features,84,194,0.665279746055603,0.7867126125218775
full_features,84,195,0.7257853150367737,0.6625599068678204
full_features,84,196,0.8009005784988403,0.7237713767242852
full_features,84,197,0.8050910234451294,0.7920656926512158
full_features,84,198,0.7805954813957214,0.792879728938361
full_features,84,199,0.7992739677429199,0.7726551625845292
full_features,84,200,0.7358545660972595,0.7863570807928145
full_features,84,201,0.7324094176292419,0.7289714061082222
full_features,84,202,0.7353204488754272,0.7280133520137846
full_features,84,203,0.7555311322212219,0.7297967932221433
full_features,84,204,0.6947510838508606,0.7478484959026293
full_features,84,205,0.7600277066230774,0.6921480035450419
full_features,84,206,0.810079038143158,0.7486685841997361
full_features,84,207,0.7082661986351013,0.7940446187722204
full_features,84,208,0.7786410450935364,0.7045907788983828
full_features,84,209,0.7894477248191833,0.7669917775391885
full_features,84,210,0.6932916641235352,0.7758862611103158
full_features,84,211,0.7762575745582581,0.6895016851051491
full_features,84,212,0.7599809169769287,0.7607754303427692
full_features,84,213,0.7276799082756042,0.7499139456548248
full_features,84,214,0.7580689191818237,0.7241107834206593
full_features,84,215,0.733849823474884,0.7500386408402793
full_features,84,216,0.7441631555557251,0.7269181033487898
full_features,84,217,0.7666788101196289,0.7392111806463353
full_features,84,218,0.7057327628135681,0.7535271657330057
full_features,84,219,0.7494338154792786,0.7014406696822578
full_features,84,220,0.739557683467865,0.7412929324768966
full_features,84,221,0.7714859843254089,0.7362402624550891
full_features,84,222,0.6755991578102112,0.7584373516746049
full_features,84,223,0.679422914981842,0.6740242530950662
full_features,84,224,0.6842879056930542,0.6774541001853156
full_features,84,225,0.71833735704422,0.6788012263388916
full_features,84,226,0.7368757724761963,0.7144645551761337
full_features,84,227,0.6654563546180725,0.7295090963051613
full_features,84,228,0.6926705241203308,0.6623552233773891
full_features,84,229,0.744115948677063,0.690326163122432
full_features,84,230,0.7182289958000183,0.7373688236633036
full_features,84,231,0.6714566349983215,0.7145282323964697
full_features,84,232,0.6244763731956482,0.6727576114115725
full_features,84,233,0.6652823686599731,0.6256577035905849
full_features,84,234,0.651286780834198,0.662191459665803
full_features,84,235,0.6734586358070374,0.6512011382465364
full_features,84,236,0.7102919816970825,0.6719000520628421
full_features,84,237,0.635079562664032,0.7062890914105089
full_features,84,238,0.6075491905212402,0.635221836562423
full_features,84,239,0.6703881621360779,0.6105060215544521
full_features,84,240,0.6592382788658142,0.6663558636566134
full_features,84,241,0.688072919845581,0.6580534366914493
full_features,84,242,0.610814094543457,0.6845205328928238
full_features,84,243,0.6327936053276062,0.6133217791010832
full_features,84,244,0.5555737614631653,0.633199876722834
full_features,84,245,0.6925021409988403,0.5625970310561383
full_features,84,246,0.5394546985626221,0.690011388662811
full_features,84,247,0.5678358674049377,0.5481457924394404
full_features,84,248,0.519152045249939,0.5736802642290798
full_features,84,249,0.5104865431785583,0.5291985647731733
full_features,84,250,0.5069911479949951,0.5224810528672081
full_features,84,251,0.56072598695755,0.5191714385470484
full_features,84,252,0.5148293375968933,0.567231236775767
full_features,84,253,0.5441178679466248,0.5260740649339944
full_features,84,254,0.5084571242332458,0.552236525779527
full_features,84,255,0.5124368071556091,0.5199185335394745
full_features,84,256,0.4732552170753479,0.5240404841793904
full_features,84,257,0.447010338306427,0.46734328864328056
full_features,84,258,0.4888657629489898,0.4454018160663352
full_features,84,259,0.5214990377426147,0.4821427011691936
full_features,84,260,0.4029371440410614,0.5314285602262312
full_features,84,261,0.4033330976963043,0.40707708973842394
full_features,84,262,0.5017778277397156,0.4070701166212278
full_features,84,263,0.4873807430267334,0.514075648084648
full_features,84,264,0.4627583920955658,0.4821679993945079
full_features,84,265,0.3959965705871582,0.4593591939840563
full_features,84,266,0.4218454658985138,0.3997936111813619
full_features,84,267,0.4285750389099121,0.4224241105571823
full_features,84,268,0.4507934749126434,0.43011903985783867
full_features,84,269,0.4357842206954956,0.4472591962622544
full_features,84,270,0.3459863662719726,0.43464166951573685
full_features,84,271,0.3470467925071716,0.35678015280336506
full_features,84,272,0.3840548694133758,0.35892359545676417
full_features,84,273,0.3751449584960937,0.3915123058690782
full_features,84,274,0.4174605309963226,0.38114696672773524
full_features,84,275,0.4245987236499786,0.41815620215384774
full_features,84,276,0.3936879932880401,0.4259716749317703
full_features,84,277,0.307133287191391,0.3979088139745699
full_features,84,278,0.3425671756267547,0.32291432552996846
full_features,84,279,0.3575423955917358,0.3557098024831188
full_features,84,280,0.3186485767364502,0.36769981281106207
full_features,84,281,0.3585380613803863,0.3317283338075983
full_features,84,282,0.3155615627765655,0.36789221321954746
full_features,84,283,0.3532752096652984,0.33284155666598547
full_features,84,284,0.3710125088691711,0.36299261668017563
full_features,84,285,0.3088224530220032,0.37872904733164287
full_features,84,286,0.3653621971607208,0.32524948455062674
full_features,84,287,0.2631274163722992,0.37503796663569344
full_features,84,288,0.2881471812725067,0.28567567795087306
full_features,84,289,0.3778850138187408,0.30520309399536083
full_features,85,0,0.2408831864595413,0.27862678298158
full_features,85,1,0.3216919898986816,0.2667693975783093
full_features,85,2,0.2893929779529571,0.3360472278625765
full_features,85,3,0.2469449043273925,0.3123719907508996
full_features,85,4,0.3641032874584198,0.2703259030560976
full_features,85,5,0.3479703664779663,0.3737550006754604
full_features,85,6,0.2648462951183319,0.35711233564044303
full_features,85,7,0.3010938167572021,0.28679057311698014
full_features,85,8,0.2866390645503998,0.3163752272603942
full_features,85,9,0.3288427293300628,0.3072107064302053
full_features,85,10,0.2973056137561798,0.34366574303969344
full_features,85,11,0.3019271194934845,0.3162586693835254
full_features,85,12,0.3409030139446258,0.3194395182953734
full_features,85,13,0.3251490890979767,0.35475206501968354
full_features,85,14,0.2967411279678345,0.3398870922199944
full_features,85,15,0.2740500569343567,0.31516641755788705
full_features,85,16,0.3522816896438598,0.29842570355967835
full_features,85,17,0.3376028835773468,0.36260169954949356
full_features,85,18,0.321540892124176,0.35160437134199823
full_features,85,19,0.3641106188297272,0.33751238616422985
full_features,85,20,0.375366061925888,0.37419124774649704
full_features,85,21,0.2990169823169708,0.3822154723917806
full_features,85,22,0.3552393317222595,0.31480865541135994
full_features,85,23,0.2912508845329284,0.3659124819404507
full_features,85,24,0.3588109612464905,0.3085130486713117
full_features,85,25,0.3179858922958374,0.3663285771056842
full_features,85,26,0.3587079346179962,0.3319290486766891
full_features,85,27,0.3591089844703674,0.3676025800297355
full_features,85,28,0.3106456100940704,0.3704618935477258
full_features,85,29,0.3282721042633056,0.32260133599138335
full_features,85,30,0.345074862241745,0.34445395377507926
full_features,85,31,0.3538050055503845,0.3593626474552462
full_features,85,32,0.3493655323982239,0.3634702958729641
full_features,85,33,0.3082545697689056,0.35857200424694585
full_features,85,34,0.2946597635746002,0.3235711605012177
full_features,85,35,0.3626028299331665,0.31032764869981644
full_features,85,36,0.394676148891449,0.3719532485082914
full_features,85,37,0.3770683109760284,0.4027854565919404
full_features,85,38,0.4169071018695831,0.38309200327014786
full_features,85,39,0.3688689172267914,0.4206661579711051
full_features,85,40,0.3858977556228637,0.3768447399009329
full_features,85,41,0.3347688317298889,0.39216939041796656
full_features,85,42,0.4218519628047943,0.34654984946557377
full_features,85,43,0.3530651926994324,0.42438413346308473
full_features,85,44,0.4004373252391815,0.3618644670078989
full_features,85,45,0.4606382250785827,0.40615697442305865
full_features,85,46,0.4181177616119385,0.45640334752127387
full_features,85,47,0.5357157588005066,0.4204261891268867
full_features,85,48,0.4521473348140716,0.5443659059934808
full_features,85,49,0.4577842652797699,0.4504429631966392
full_features,85,50,0.4138117134571075,0.454994651847827
full_features,85,51,0.4810064435005188,0.41425333759927624
full_features,85,52,0.4812136888504028,0.4763584561732479
full_features,85,53,0.5133638381958008,0.4756169313003458
full_features,85,54,0.5272814631462097,0.523754328667288
full_features,85,55,0.4928373098373413,0.5369789214830508
full_features,85,56,0.6077223420143127,0.4858425469882558
full_features,85,57,0.5341193079948425,0.6095583010929221
full_features,85,58,0.6337398886680603,0.5432960916336607
full_features,85,59,0.5579142570495605,0.6341673989683471
full_features,85,60,0.5867737531661987,0.5649681433282299
full_features,85,61,0.6091674566268921,0.5912443114773291
full_features,85,62,0.6088892817497253,0.6113884439117662
full_features,85,63,0.6020387411117554,0.6109397111255952
full_features,85,64,0.5700402855873108,0.6046645251744176
full_features,85,65,0.6179357171058655,0.5757895505032601
full_features,85,66,0.6565617322921753,0.6194073616260066
full_features,85,67,0.6892292499542236,0.6542274670136883
full_features,85,68,0.5753815770149231,0.6858902759318475
full_features,85,69,0.645548403263092,0.5805311514863413
full_features,85,70,0.5536928176879883,0.6456753305847194
full_features,85,71,0.5643821358680725,0.5610798705878709
full_features,85,72,0.5469687581062317,0.5706923132811172
full_features,85,73,0.5818183422088623,0.554785948308322
full_features,85,74,0.5493072271347046,0.5865930214725099
full_features,85,75,0.5040608644485474,0.5570238193509143
full_features,85,76,0.5078914761543274,0.5157753243867602
full_features,85,77,0.5450246930122375,0.519828828630686
full_features,85,78,0.5275543928146362,0.5533548420055115
full_features,85,79,0.5540993809700012,0.5375338800335138
full_features,85,80,0.5127618312835693,0.5612715529414264
full_features,85,81,0.534042239189148,0.5246139650546512
full_features,85,82,0.5903869867324829,0.5426927413556554
full_features,85,83,0.4775853753089905,0.5943388956541262
full_features,85,84,0.483967661857605,0.4711618207705482
full_features,85,85,0.4774039387702942,0.477798009993969
full_features,85,86,0.5553323030471802,0.4721545824625733
full_features,85,87,0.4987315833568573,0.5624675986778698
full_features,85,88,0.5032379627227783,0.49084701699713573
full_features,85,89,0.4735894501209259,0.5152180074726513
full_features,85,90,0.4916554391384125,0.46871570902571835
full_features,85,91,0.5413879156112671,0.48546926632573856
full_features,85,92,0.4636971056461334,0.5500825301481896
full_features,85,93,0.4544464349746704,0.4596926531827325
full_features,85,94,0.5248624086380005,0.4495193762878126
full_features,85,95,0.5952385067939758,0.534696625603308
full_features,85,96,0.5142565369606018,0.599512843308138
full_features,85,97,0.5538788437843323,0.5255415995964472
full_features,85,98,0.5734590888023376,0.5611852941896591
full_features,85,99,0.5692688226699829,0.5789201562999086
full_features,85,100,0.6221858263015747,0.5751133058802815
full_features,85,101,0.5270251631736755,0.6232388324600053
full_features,85,102,0.5787867307662964,0.5370352953539059
full_features,85,103,0.5396316051483154,0.5837088635622959
full_features,85,104,0.5346507430076599,0.548469371926022
full_features,85,105,0.5772222876548767,0.5440662787619499
full_features,85,106,0.6021949052810669,0.5823039880194599
full_features,85,107,0.5927553772926331,0.6045987049557995
full_features,85,108,0.6153526306152344,0.5963141046231789
full_features,85,109,0.6432334780693054,0.6165138516446163
full_features,85,110,0.5997374653816223,0.6432382889519038
full_features,85,111,0.6865419745445251,0.6029311851467715
full_features,85,112,0.6554638147354126,0.684176948146046
full_features,85,113,0.6622887849807739,0.6528877441802794
full_features,85,114,0.6536219716072083,0.659587271795761
full_features,85,115,0.6442446708679199,0.6516162203221584
full_features,85,116,0.7079511284828186,0.6448664841070585
full_features,85,117,0.6519138216972351,0.7045427322594641
full_features,85,118,0.7307555079460144,0.6497746280941087
full_features,85,119,0.7309861183166504,0.7265429758656012
full_features,85,120,0.6696420907974243,0.7234483530420242
full_features,85,121,0.6732867360115051,0.6671873748195927
full_features,85,122,0.6838766932487488,0.6707690748096916
full_features,85,123,0.7355490326881409,0.6807673455087868
full_features,85,124,0.7055885195732117,0.7325413075614453
full_features,85,125,0.7363371253013611,0.702799003451859
full_features,85,126,0.7245942950248718,0.7262623874170002
full_features,85,127,0.7408461570739746,0.7219996411586874
full_features,85,128,0.7096253633499146,0.7344314253663096
full_features,85,129,0.7455824017524719,0.7072143502309015
full_features,85,130,0.7182980179786682,0.736225298790368
full_features,85,131,0.7288074493408203,0.7145186611075217
full_features,85,132,0.7111488580703735,0.7234348769424795
full_features,85,133,0.7163585424423218,0.7044330728451997
full_features,85,134,0.7894689440727234,0.7103550552251507
full_features,85,135,0.7084066271781921,0.7715032700753872
full_features,85,136,0.741349458694458,0.7038371170241745
full_features,85,137,0.6769367456436157,0.7317644990003324
full_features,85,138,0.7424066662788391,0.6739852796260287
full_features,85,139,0.6826867461204529,0.7392100517817257
full_features,85,140,0.7896850109100342,0.6790023184190963
full_features,85,141,0.7454360127449036,0.7731876796089827
full_features,85,142,0.7531178593635559,0.7376789574669333
full_features,85,143,0.7196076512336731,0.7391515377723435
full_features,85,144,0.7577570676803589,0.7147027897150448
full_features,85,145,0.694739043712616,0.7431908514001402
full_features,85,146,0.73568195104599,0.6904679906797473
full_features,85,147,0.7130197882652283,0.7281073240385817
full_features,85,148,0.6604405641555786,0.7115361263359021
full_features,85,149,0.7098009586334229,0.6581925609151859
full_features,85,150,0.667306125164032,0.7046319954528049
full_features,85,151,0.6752563118934631,0.6658102176178172
full_features,85,152,0.692659854888916,0.6726732869492376
full_features,85,153,0.6786961555480957,0.690105975606775
full_features,85,154,0.6516680121421814,0.6762156082650014
full_features,85,155,0.663131833076477,0.6505742926130168
full_features,85,156,0.5541199445724487,0.6620535575088967
full_features,85,157,0.6603580713272095,0.5613349429645613
full_features,85,158,0.6794278025627136,0.6590603017509102
full_features,85,159,0.6288624405860901,0.6771403432435765
full_features,85,160,0.6528914570808411,0.6295374687795368
full_features,85,161,0.6268107295036316,0.6530537726184895
full_features,85,162,0.6562423706054688,0.626562961016784
full_features,85,163,0.61396324634552,0.6554650464006049
full_features,85,164,0.64286208152771,0.6154835590119255
full_features,85,165,0.6385948061943054,0.6429301872683745
full_features,85,166,0.6550321578979492,0.6389967293277639
full_features,85,167,0.646074652671814,0.6544431040877705
full_features,85,168,0.6582053303718567,0.643999468084555
full_features,85,169,0.6078804731369019,0.6563425019380363
full_features,85,170,0.6089959144592285,0.6100208634602311
full_features,85,171,0.604149580001831,0.6108838735435055
full_features,85,172,0.5964552164077759,0.6073350958175279
full_features,85,173,0.5156486630439758,0.600051273584112
full_features,85,174,0.6013097167015076,0.5269391347298895
full_features,85,175,0.5848973989486694,0.6044665159174513
full_features,85,176,0.5946318507194519,0.5895913075514155
full_features,85,177,0.5761880278587341,0.598043143853815
full_features,85,178,0.5730963349342346,0.5815625142092006
full_features,85,179,0.5878621935844421,0.5784774446430402
full_features,85,180,0.5408012866973877,0.5924348578243153
full_features,85,181,0.5182204842567444,0.5487015101921676
full_features,85,182,0.6380488872528076,0.5285144848179664
full_features,85,183,0.5399388074874878,0.6397740636860484
full_features,85,184,0.5572540760040283,0.548530895924791
full_features,85,185,0.5119040608406067,0.5641861695508017
full_features,85,186,0.6367816925048828,0.5233965185997048
full_features,85,187,0.6773067116737366,0.6370668460657789
full_features,85,188,0.6370826363563538,0.6724099466915039
full_features,85,189,0.6324077844619751,0.6387807943639606
full_features,85,190,0.620439350605011,0.632224904861409
full_features,85,191,0.5863428711891174,0.6229188205430302
full_features,85,192,0.6263580322265625,0.5902948354314693
full_features,85,193,0.5698826909065247,0.6261276416838271
full_features,85,194,0.6806033253669739,0.5755528344504919
full_features,85,195,0.600042462348938,0.6801163362770489
full_features,85,196,0.5899943709373474,0.6034791482366382
full_features,85,197,0.6567063331604004,0.593789182820117
full_features,85,198,0.6602951288223267,0.6549449652989362
full_features,85,199,0.6131295561790466,0.6589630706586848
full_features,85,200,0.6203474998474121,0.6153363169971022
full_features,85,201,0.6175327301025391,0.6214099737272003
full_features,85,202,0.6286581754684448,0.6188524429948405
full_features,85,203,0.6697224378585815,0.6292390218936187
full_features,85,204,0.6250464916229248,0.6676460108134062
full_features,85,205,0.6965975165367126,0.6264073265240211
full_features,85,206,0.7035382390022278,0.6916816692177497
full_features,85,207,0.6887638568878174,0.6995735849251169
full_features,85,208,0.6771620512008667,0.6838182084059355
full_features,85,209,0.6029368042945862,0.6749944815851062
full_features,85,210,0.6902325749397278,0.6057143092608788
full_features,85,211,0.6877644062042236,0.6836259733252769
full_features,85,212,0.7121922373771667,0.6838567630734165
full_features,85,213,0.7045737504959106,0.7079169641681814
full_features,85,214,0.6913555860519409,0.7020734011927644
full_features,85,215,0.7155682444572449,0.6899519329861018
full_features,85,216,0.7286565899848938,0.7093832398761939
full_features,85,217,0.6246933341026306,0.7237572599877573
full_features,85,218,0.7899852395057678,0.6256722389130176
full_features,85,219,0.7414621114730835,0.7763789466264178
full_features,85,220,0.6806319952011108,0.7376516682597665
full_features,85,221,0.6845424771308899,0.6792213611706405
full_features,85,222,0.7138336896896362,0.6814186718193663
full_features,85,223,0.7089660167694092,0.7066295505793467
full_features,85,224,0.7709736227989197,0.7052273628300705
full_features,85,225,0.687004029750824,0.7570458709994128
full_features,85,226,0.7003841996192932,0.6851733295007635
full_features,85,227,0.6946234107017517,0.6976805153628527
full_features,85,228,0.7091525197029114,0.6910014448046584
full_features,85,229,0.725053608417511,0.7049171474147274
full_features,85,230,0.6995734572410583,0.7216258216298622
full_features,85,231,0.6663265228271484,0.6955767161122243
full_features,85,232,0.6957055330276489,0.6672980109082897
full_features,85,233,0.6569865345954895,0.693445865581896
full_features,85,234,0.6734269261360168,0.6556765575641644
full_features,85,235,0.6427282094955444,0.6721119156327309
full_features,85,236,0.6444112658500671,0.6436873185620998
full_features,85,237,0.6945911645889282,0.642703463066844
full_features,85,238,0.6683496832847595,0.6899568129103026
full_features,85,239,0.5833709239959717,0.6672640254321105
full_features,85,240,0.6238833069801331,0.5874181157568628
full_features,85,241,0.7042062878608704,0.6248446574279178
full_features,85,242,0.6533228158950806,0.6995424574503771
full_features,85,243,0.6490866541862488,0.6520059313859192
full_features,85,244,0.5950582027435303,0.6481245789191146
full_features,85,245,0.6905631422996521,0.5987330883585832
full_features,85,246,0.6664869785308838,0.6886204940646837
full_features,85,247,0.6326026916503906,0.6645107347237197
full_features,85,248,0.643217146396637,0.633321240976062
full_features,85,249,0.6493759751319885,0.6426564689517865
full_features,85,250,0.6582733988761902,0.6489453231388063
full_features,85,251,0.6451696753501892,0.6558091453655946
full_features,85,252,0.5948621034622192,0.6445289098405487
full_features,85,253,0.6398168802261353,0.5979132502027968
full_features,85,254,0.5818926095962524,0.6409517366982341
full_features,85,255,0.6549302935600281,0.5864686568381242
full_features,85,256,0.5884889364242554,0.6537651373508444
full_features,85,257,0.6182299256324768,0.5923415623439786
full_features,85,258,0.5641838312149048,0.6196094534600534
full_features,85,259,0.5726664662361145,0.5703371468541247
full_features,85,260,0.546334445476532,0.5780810157262224
full_features,85,261,0.5802105069160461,0.5540468964142463
full_features,85,262,0.5430542230606079,0.5846747302101167
full_features,85,263,0.5837442874908447,0.5511714572111632
full_features,85,264,0.5497528910636902,0.588145970317424
full_features,85,265,0.5119702816009521,0.5571297662509367
full_features,85,266,0.5339450836181641,0.5225611142736553
full_features,85,267,0.516599178314209,0.5430748665782051
full_features,85,268,0.4814682602882385,0.5274342782603436
full_features,85,269,0.4857414364814758,0.4767460398744006
full_features,85,270,0.5123878121376038,0.4797491283365714
full_features,85,271,0.4533734321594238,0.5238082957670036
full_features,85,272,0.4641579985618591,0.4499666577143
full_features,85,273,0.4448389112949371,0.45960192032613373
full_features,85,274,0.4776682257652282,0.4426490714225817
full_features,85,275,0.4112662971019745,0.47288666184319106
full_features,85,276,0.456456184387207,0.41309368572641963
full_features,85,277,0.4357622563838959,0.452868089750205
full_features,85,278,0.3421161770820617,0.4340431365921976
full_features,85,279,0.4325590133666992,0.35235737190717464
full_features,85,280,0.4350280463695526,0.43290189277383645
full_features,85,281,0.3323806226253509,0.4346689947032805
full_features,85,282,0.4061061143875122,0.3459988608067586
full_features,85,283,0.3911747634410858,0.4107456799598298
full_features,85,284,0.3670359849929809,0.3995006710693606
full_features,85,285,0.384024828672409,0.37366911127711794
full_features,85,286,0.4043361246585846,0.39087333398040974
full_features,85,287,0.3679437041282654,0.40882611893316406
full_features,85,288,0.3554543852806091,0.3768746675889457
full_features,85,289,0.335071861743927,0.3619099885345066
full_features,86,0,0.248634934425354,0.33494801746891456
full_features,86,1,0.277019739151001,0.2714709370598301
full_features,86,2,0.3259996473789215,0.29942595807037675
full_features,86,3,0.3605213761329651,0.3427604680865193
full_features,86,4,0.2979192435741424,0.36946360200753225
full_features,86,5,0.3358434736728668,0.3141450368947335
full_features,86,6,0.3527739644050598,0.3470322775177339
full_features,86,7,0.30595862865448,0.3658627562225229
full_features,86,8,0.3353493809700012,0.3249983656932794
full_features,86,9,0.3598250150680542,0.3493821194931187
full_features,86,10,0.3736912608146667,0.3688392477339422
full_features,86,11,0.3220770061016083,0.3794647500421589
full_features,86,12,0.2912523448467254,0.3369151302132805
full_features,86,13,0.2651080191135406,0.31397305421550786
full_features,86,14,0.317026138305664,0.28668274725210974
full_features,86,15,0.275516927242279,0.33437794304941504
full_features,86,16,0.3536053299903869,0.2958585350691176
full_features,86,17,0.2802582383155823,0.36657885705523396
full_features,86,18,0.3100194931030273,0.3006667943882403
full_features,86,19,0.304796814918518,0.3271228661813378
full_features,86,20,0.3741020262241363,0.3228220161278802
full_features,86,21,0.3388349711894989,0.3806677479820295
full_features,86,22,0.3520027101039886,0.3526814419244866
full_features,86,23,0.3463060259819031,0.359994157620451
full_features,86,24,0.2923073172569275,0.36261847806173264
full_features,86,25,0.2930857241153717,0.3115588113662071
full_features,86,26,0.4053330421447754,0.31404549558904293
full_features,86,27,0.3368337750434875,0.407662207599863
full_features,86,28,0.3403298854827881,0.35041558681776375
full_features,86,29,0.2963769435882568,0.3522475999449814
full_features,86,30,0.3442853689193725,0.31542578051839154
full_features,86,31,0.3491473793983459,0.3547704390163517
full_features,86,32,0.3407860398292541,0.3595712873837903
full_features,86,33,0.3375900983810425,0.35041665878465045
full_features,86,34,0.3605215847492218,0.35006941298882666
full_features,86,35,0.3566792905330658,0.36920809856021025
full_features,86,36,0.3712740242481231,0.3671712737432218
full_features,86,37,0.3225443065166473,0.3806972826604117
full_features,86,38,0.3109581470489502,0.33462174583875526
full_features,86,39,0.3662992417812347,0.324557764557762
full_features,86,40,0.3657407760620117,0.37697799556876643
full_features,86,41,0.3923577070236206,0.3756066905589929
full_features,86,42,0.371993213891983,0.395991945101736
full_features,86,43,0.3629066348075866,0.3811107324716068
full_features,86,44,0.3058160245418548,0.37199107928644326
full_features,86,45,0.3727141916751861,0.3251250565160439
full_features,86,46,0.2995397448539734,0.3785546306138594
full_features,86,47,0.4353666305541992,0.31466212214753886
full_features,86,48,0.4200557172298431,0.4337623688017392
full_features,86,49,0.437212586402893,0.42150737212872946
full_features,86,50,0.4075237512588501,0.43712507411537427
full_features,86,51,0.3940956592559814,0.410477321038584
full_features,86,52,0.3858923017978668,0.40188793515023
full_features,86,53,0.4311588704586029,0.3939347186423577
full_features,86,54,0.4259069263935089,0.4311318046314729
full_features,86,55,0.451604425907135,0.42596352327857356
full_features,86,56,0.4767382442951202,0.45032792418048817
full_features,86,57,0.4444444179534912,0.4723623888392504
full_features,86,58,0.4874519109725952,0.4419677658396237
full_features,86,59,0.4988664090633392,0.48097210710740196
full_features,86,60,0.4731066823005676,0.4917258430998751
full_features,86,61,0.4988121390342712,0.4700335367744377
full_features,86,62,0.4156916439533233,0.4910910920817044
full_features,86,63,0.4599297940731048,0.4157781151938676
full_features,86,64,0.530219554901123,0.457251990546186
full_features,86,65,0.5989048480987549,0.5395646531140124
full_features,86,66,0.4898914098739624,0.6024784274730214
full_features,86,67,0.4979100525379181,0.48333516036862206
full_features,86,68,0.5180138945579529,0.4909341562718834
full_features,86,69,0.5842896699905396,0.5289519819095594
full_features,86,70,0.547989010810852,0.5886987670574229
full_features,86,71,0.5978419184684753,0.5558690171592026
full_features,86,72,0.6761962175369263,0.6013480993722744
full_features,86,73,0.6778292655944824,0.6744767607318711
full_features,86,74,0.6258755922317505,0.6728650974641001
full_features,86,75,0.6508378982543945,0.6272272641903499
full_features,86,76,0.6535926461219788,0.6513173789749885
full_features,86,77,0.7622716426849365,0.6526083969538256
full_features,86,78,0.7531633377075195,0.7502307754720813
full_features,86,79,0.7328495383262634,0.7396713069309435
full_features,86,80,0.6759456992149353,0.7292862291536614
full_features,86,81,0.697603702545166,0.6733757479931332
full_features,86,82,0.6978572607040405,0.6950730080228278
full_features,86,83,0.7657251954078674,0.6908922221355579
full_features,86,84,0.7842663526535034,0.7536605349731875
full_features,86,85,0.7941957712173462,0.7692310003623453
full_features,86,86,0.7864792346954346,0.7811944286868917
full_features,86,87,0.7682040333747864,0.7739713092766074
full_features,86,88,0.7844245433807373,0.7557407028262324
full_features,86,89,0.8267738819122314,0.7744763788800261
full_features,86,90,0.8098640441894531,0.8099423597001981
full_features,86,91,0.7890095114707947,0.8001925266312976
full_features,86,92,0.7765824198722839,0.7748462346617498
full_features,86,93,0.7690972089767456,0.7651714636010984
full_features,86,94,0.7975433468818665,0.7576962004843246
full_features,86,95,0.8085353374481201,0.783546365152869
full_features,86,96,0.8237535953521729,0.791639236729481
full_features,86,97,0.8615551590919495,0.8068424147796042
full_features,86,98,0.850592315196991,0.8435701401892405
full_features,86,99,0.8006967306137085,0.8396572765870317
full_features,86,100,0.8088565468788147,0.7859604559580088
full_features,86,101,0.7792081236839294,0.7935514035214354
full_features,86,102,0.7563031911849976,0.7681006126791652
full_features,86,103,0.7968184351921082,0.7440181449247346
full_features,86,104,0.7714390754699707,0.7833751277553372
full_features,86,105,0.8188083171844482,0.7601061427029899
full_features,86,106,0.8254382610321045,0.807302522358876
full_features,86,107,0.8231313228607178,0.8078197672508738
full_features,86,108,0.752797544002533,0.8134000820234015
full_features,86,109,0.7959428429603577,0.7403463658557349
full_features,86,110,0.7423591017723083,0.7843410967948893
full_features,86,111,0.7300894260406494,0.7370307371831736
full_features,86,112,0.7821832895278931,0.727205712637406
full_features,86,113,0.8068202137947083,0.7706472944070849
full_features,86,114,0.7658403515815735,0.7943221921593226
full_features,86,115,0.8302331566810608,0.7564074344761353
full_features,86,116,0.8541993498802185,0.8137195564499643
full_features,86,117,0.8448225259780884,0.8382847295690824
full_features,86,118,0.7727307081222534,0.8335043886496907
full_features,86,119,0.8163195848464966,0.763143570277018
full_features,86,120,0.791484534740448,0.802146608775335
full_features,86,121,0.803630530834198,0.7803791143001806
full_features,86,122,0.7653446197509766,0.7918400725668583
full_features,86,123,0.7816731333732605,0.7514935813615108
full_features,86,124,0.878733217716217,0.7636787001438243
full_features,86,125,0.8552166819572449,0.864794101945527
full_features,86,126,0.8340741991996765,0.8347329884787409
full_features,86,127,0.755986213684082,0.8181808035072331
full_features,86,128,0.7840349674224854,0.7415849908048872
full_features,86,129,0.8325924277305603,0.7697028741152862
full_features,86,130,0.7902882695198059,0.8200520320572525
full_features,86,131,0.7629184722900391,0.7759972684202396
full_features,86,132,0.7497597336769104,0.7527537912150456
full_features,86,133,0.8076013922691345,0.741676871080868
full_features,86,134,0.8021759986877441,0.7907401376449422
full_features,86,135,0.7913348078727722,0.789141799990919
full_features,86,136,0.7825229167938232,0.7819780153218897
full_features,86,137,0.8192774653434753,0.7690161258174469
full_features,86,138,0.788878858089447,0.8054641722812269
full_features,86,139,0.7614795565605164,0.773440191928737
full_features,86,140,0.7980819344520569,0.7481288078009573
full_features,86,141,0.7416008114814758,0.7886507194837754
full_features,86,142,0.6990472674369812,0.7343360076687323
full_features,86,143,0.764957845211029,0.6944315688771469
full_features,86,144,0.739187479019165,0.7548815145307557
full_features,86,145,0.766747772693634,0.731717896457551
full_features,86,146,0.6917431950569153,0.7550006530472255
full_features,86,147,0.6631312370300293,0.6889769293228489
full_features,86,148,0.7105582356452942,0.6607551037183323
full_features,86,149,0.7300015091896057,0.7075886336875206
full_features,86,150,0.6793653964996338,0.724710079322252
full_features,86,151,0.7067612409591675,0.6746817987870627
full_features,86,152,0.6816074252128601,0.7010434723488487
full_features,86,153,0.6554076075553894,0.6795520772661585
full_features,86,154,0.6892107129096985,0.6538002829721544
full_features,86,155,0.6588323712348938,0.6837251587304715
full_features,86,156,0.6597440838813782,0.6564077322649776
full_features,86,157,0.679355263710022,0.6612266930054745
full_features,86,158,0.6792317628860474,0.6742856849495595
full_features,86,159,0.6829004287719727,0.6772120406032863
full_features,86,160,0.65656578540802,0.6798322735387006
full_features,86,161,0.6404706835746765,0.655968778996816
full_features,86,162,0.6543090343475342,0.640896712344513
full_features,86,163,0.6303732991218567,0.6526887542464281
full_features,86,164,0.6401992440223694,0.6304064184846155
full_features,86,165,0.5941824913024902,0.6415607523472494
full_features,86,166,0.6044031977653503,0.5982636422365
full_features,86,167,0.6275426149368286,0.607530347403526
full_features,86,168,0.5946868658065796,0.6288096855967977
full_features,86,169,0.592835009098053,0.598497476802734
full_features,86,170,0.5684829354286194,0.5964508279403333
full_features,86,171,0.6476632356643677,0.5743356472896534
full_features,86,172,0.5771461129188538,0.6469812635469161
full_features,86,173,0.6302152276039124,0.582293773037253
full_features,86,174,0.594182550907135,0.6303983822072444
full_features,86,175,0.5810256600379944,0.5982550883989685
full_features,86,176,0.5585874319076538,0.585503611265247
full_features,86,177,0.5821516513824463,0.5653793110193659
full_features,86,178,0.5981432199478149,0.5867205911437436
full_features,86,179,0.5733755826950073,0.6008946282339341
full_features,86,180,0.570289134979248,0.5788806260865768
full_features,86,181,0.6083645820617676,0.5759685974166452
full_features,86,182,0.6585382223129272,0.6109299970648285
full_features,86,183,0.5789494514465332,0.6571518752002771
full_features,86,184,0.5552205443382263,0.5838412285787095
full_features,86,185,0.561810314655304,0.5623677700817794
full_features,86,186,0.6444274187088013,0.5682798704849961
full_features,86,187,0.5609878897666931,0.6439111757036851
full_features,86,188,0.5078450441360474,0.5675246720343412
full_features,86,189,0.5942655801773071,0.5193647449121757
full_features,86,190,0.5536075830459595,0.5979266301362586
full_features,86,191,0.6514474153518677,0.5608511438487371
full_features,86,192,0.6694729924201965,0.6497616184470985
full_features,86,193,0.6002095341682434,0.6690480448760555
full_features,86,194,0.6525466442108154,0.6035960363570381
full_features,86,195,0.6237838268280029,0.6509525269132171
full_features,86,196,0.6862812638282776,0.6259063245985755
full_features,86,197,0.6285315155982971,0.6845254143818557
full_features,86,198,0.6428033709526062,0.6293397426417819
full_features,86,199,0.5800225734710693,0.6428435632840669
full_features,86,200,0.7273865938186646,0.5846670882922352
full_features,86,201,0.7072773575782776,0.7213289055599555
full_features,86,202,0.6567370891571045,0.7020989787538973
full_features,86,203,0.6464520692825317,0.6559855035322272
full_features,86,204,0.6984462141990662,0.646472250693309
full_features,86,205,0.714849054813385,0.6951505221012863
full_features,86,206,0.6238267421722412,0.7115547739307376
full_features,86,207,0.6385817527770996,0.6258704717593437
full_features,86,208,0.6587174534797668,0.6378016616128513
full_features,86,209,0.6084877848625183,0.6582269869513472
full_features,86,210,0.730441689491272,0.6111612065053961
full_features,86,211,0.6214902997016907,0.7250612665111796
full_features,86,212,0.6899097561836243,0.6236291279009076
full_features,86,213,0.7497379779815674,0.6874868344216907
full_features,86,214,0.7417869567871094,0.7464902843492623
full_features,86,215,0.6841238737106323,0.7324798581125657
full_features,86,216,0.7000949382781982,0.6801140209541454
full_features,86,217,0.6966591477394104,0.696072408625254
full_features,86,218,0.7527952194213867,0.6936232651084375
full_features,86,219,0.7406913638114929,0.7416950267842455
full_features,86,220,0.6368454694747925,0.7310859075227214
full_features,86,221,0.732804536819458,0.637092876827553
full_features,86,222,0.781853437423706,0.7259479287490893
full_features,86,223,0.715451717376709,0.770232235099384
full_features,86,224,0.6835325956344604,0.7104353982005673
full_features,86,225,0.7642828822135925,0.679958556325048
full_features,86,226,0.6782864332199097,0.7535054690547851
full_features,86,227,0.7007512450218201,0.6767718007235604
full_features,86,228,0.6858758926391602,0.6947134083179605
full_features,86,229,0.714415967464447,0.6814365939435052
full_features,86,230,0.679938554763794,0.7109604466057072
full_features,86,231,0.7218383550643921,0.6786909424363746
full_features,86,232,0.6959193348884583,0.7142565654158716
full_features,86,233,0.6949188113212585,0.6897289429381628
full_features,86,234,0.6997774839401245,0.694580172225026
full_features,86,235,0.6652465462684631,0.6969563394560875
full_features,86,236,0.6319604516029358,0.6634906448613298
full_features,86,237,0.630885124206543,0.6317746340330044
full_features,86,238,0.6545335054397583,0.6318961133476457
full_features,86,239,0.6262404918670654,0.6527216382444592
full_features,86,240,0.6339855194091797,0.6269290332339363
full_features,86,241,0.604144275188446,0.6360551446056666
full_features,86,242,0.6069496870040894,0.607176169587263
full_features,86,243,0.5736991167068481,0.6097605368133956
full_features,86,244,0.6327283382415771,0.5790388213514316
full_features,86,245,0.5596875548362732,0.633514916293507
full_features,86,246,0.5826773643493652,0.5663052018025861
full_features,86,247,0.6100137233734131,0.5869139486861744
full_features,86,248,0.5635133385658264,0.6117290265629773
full_features,86,249,0.5123588442802429,0.5697260734506622
full_features,86,250,0.5329420566558838,0.523860391654885
full_features,86,251,0.5065218210220337,0.5422210668322084
full_features,86,252,0.5644110441207886,0.5177186324436683
full_features,86,253,0.5100487470626831,0.5705582288661866
full_features,86,254,0.4903767108917236,0.5205722214279945
full_features,86,255,0.4475681185722351,0.4822752389796402
full_features,86,256,0.4819744527339935,0.44590232209142816
full_features,86,257,0.5385992527008057,0.47610685566555805
full_features,86,258,0.512694239616394,0.5470478644479618
full_features,86,259,0.4573507010936737,0.5236337762108146
full_features,86,260,0.5143495798110962,0.4547619168290648
full_features,86,261,0.4902649223804474,0.5253010089355861
full_features,86,262,0.4296135604381561,0.48365033258897483
full_features,86,263,0.3994342386722564,0.4299958611606591
full_features,86,264,0.4391220211982727,0.4026854331763367
full_features,86,265,0.491821676492691,0.4387610464887145
full_features,86,266,0.3909986019134521,0.48286634591883276
full_features,86,267,0.4179359674453735,0.3959019661318155
full_features,86,268,0.4922537505626678,0.4207030857813437
full_features,86,269,0.4502978026866913,0.4859943514106804
full_features,86,270,0.4955378770828247,0.4484556578018458
full_features,86,271,0.4467291831970215,0.4893806548494939
full_features,86,272,0.4751920402050018,0.4444838689380722
full_features,86,273,0.4779287576675415,0.46998381073546913
full_features,86,274,0.3899033367633819,0.4735047153660052
full_features,86,275,0.4942851662635803,0.3954994723278741
full_features,86,276,0.4295566976070404,0.4869407149520939
full_features,86,277,0.4741455614566803,0.4282855776176686
full_features,86,278,0.4435823261737823,0.46913695769567454
full_features,86,279,0.533859372138977,0.4420492119368882
full_features,86,280,0.4194510877132416,0.5432590679095823
full_features,86,281,0.5069314241409302,0.4192974913273169
full_features,86,282,0.4467724859714508,0.5190242971303065
full_features,86,283,0.4381650984287262,0.44503469078840047
full_features,86,284,0.4162781536579132,0.43719005194468746
full_features,86,285,0.4590961635112762,0.41938393813413616
full_features,86,286,0.5098627209663391,0.45606143275856376
full_features,86,287,0.4329353868961334,0.5206735891230396
full_features,86,288,0.5717045068740845,0.4346885143093489
full_features,86,289,0.5419456958770752,0.5771218458413048
full_features,87,0,0.2448954880237579,0.3208441154719756
full_features,87,1,0.2939430773258209,0.2685195023332612
full_features,87,2,0.2976603806018829,0.310320360652347
full_features,87,3,0.3279819190502167,0.3189422512108261
full_features,87,4,0.2943626344203949,0.3410810924213798
full_features,87,5,0.3000553846359253,0.31487950657127906
full_features,87,6,0.28311687707901,0.3189687366642378
full_features,87,7,0.2833133041858673,0.3047498942262641
full_features,87,8,0.331951767206192,0.3033633020997135
full_features,87,9,0.3422831594944,0.34536709115955255
full_features,87,10,0.3781936764717102,0.3512861506615365
full_features,87,11,0.3254862129688263,0.3884598445903826
full_features,87,12,0.3188015520572662,0.3391266872227668
full_features,87,13,0.3417248427867889,0.33266517813950464
full_features,87,14,0.3665553629398346,0.3537433661853832
full_features,87,15,0.3084195256233215,0.3756908255159374
full_features,87,16,0.2298859059810638,0.3268550585578033
full_features,87,17,0.3055950701236725,0.2626649447481707
full_features,87,18,0.310266762971878,0.32151658100210173
full_features,87,19,0.3594435453414917,0.32593187644834776
full_features,87,20,0.3076466619968414,0.3680363483117692
full_features,87,21,0.3333837985992431,0.32418305310343887
full_features,87,22,0.3833883106708526,0.3512279610138648
full_features,87,23,0.3581154942512512,0.3875513317197716
full_features,87,24,0.3201003968715668,0.3702802267261487
full_features,87,25,0.3401918709278106,0.3327230662612856
full_features,87,26,0.3959469795227051,0.3531224295657294
full_features,87,27,0.3421288728713989,0.3982964081709252
full_features,87,28,0.3316528797149658,0.35310157214636373
full_features,87,29,0.2639959156513214,0.34353624139267036
full_features,87,30,0.3115582764148712,0.28435553949559234
full_features,87,31,0.3841984272003174,0.3276224199375158
full_features,87,32,0.316650390625,0.38787258085469667
full_features,87,33,0.3251508474349975,0.3288154057802677
full_features,87,34,0.3834843039512634,0.33801332114115007
full_features,87,35,0.3061220347881317,0.39063567470943117
full_features,87,36,0.3948489129543304,0.32282441555271074
full_features,87,37,0.3439422249794006,0.40030316585627435
full_features,87,38,0.3595163226127624,0.3571466791970831
full_features,87,39,0.3444657623767853,0.36672011447370784
full_features,87,40,0.3882785439491272,0.3558974725897651
full_features,87,41,0.3325140178203583,0.39447706059361365
full_features,87,42,0.3857081532478332,0.34634593175642414
full_features,87,43,0.3193254768848419,0.3919992510374566
full_features,87,44,0.3764709234237671,0.33364360347680305
full_features,87,45,0.40304696559906,0.384218390517008
full_features,87,46,0.36001718044281,0.4052324588252108
full_features,87,47,0.3420250117778778,0.36874796791492676
full_features,87,48,0.3213481903076172,0.3539761687665404
full_features,87,49,0.330182284116745,0.3356983701789915
full_features,87,50,0.362125962972641,0.3427273177427838
full_features,87,51,0.3844985067844391,0.3742079429944248
full_features,87,52,0.3644749820232391,0.3907178829564277
full_features,87,53,0.3361768126487732,0.3738155620924019
full_features,87,54,0.3941081166267395,0.3495599431248426
full_features,87,55,0.3861277997493744,0.40095158815568654
full_features,87,56,0.4047569632530212,0.3901844420263731
full_features,87,57,0.3675073385238647,0.40817853335300974
full_features,87,58,0.485002726316452,0.37605456180772423
full_features,87,59,0.3826108276844024,0.47911161716377515
full_features,87,60,0.4074155390262604,0.387218975224493
full_features,87,61,0.3737773001194,0.4115901654008516
full_features,87,62,0.384647011756897,0.38160681093821874
full_features,87,63,0.419511616230011,0.3928326701084424
full_features,87,64,0.3638695776462555,0.4218104665220094
full_features,87,65,0.3702256679534912,0.372379636211863
full_features,87,66,0.3635642230510711,0.37780984813313745
full_features,87,67,0.4294640719890594,0.37166112726208445
full_features,87,68,0.4379767179489136,0.4293002019101756
full_features,87,69,0.4045454561710357,0.4363849456360974
full_features,87,70,0.4219232201576233,0.405494999794866
full_features,87,71,0.4962257742881775,0.42505278469400987
full_features,87,72,0.4320473372936249,0.4898763273205018
full_features,87,73,0.3978895545005798,0.4324973505402579
full_features,87,74,0.3846292793750763,0.40277752240977077
full_features,87,75,0.4160442948341369,0.3892171834230398
full_features,87,76,0.45734703540802,0.41954176660637643
full_features,87,77,0.5496779680252075,0.4535069360690634
full_features,87,78,0.4063079357147217,0.5574242196034391
full_features,87,79,0.4806245267391205,0.4090143344484233
full_features,87,80,0.47348552942276,0.4750605440749159
full_features,87,81,0.4511522650718689,0.46691303292924036
full_features,87,82,0.4635958075523376,0.4500271227345947
full_features,87,83,0.3952952623367309,0.45938691756731925
full_features,87,84,0.5319974422454834,0.4023417420968344
full_features,87,85,0.4749168753623962,0.5411299282707911
full_features,87,86,0.505628228187561,0.47011383303741844
full_features,87,87,0.4906206727027893,0.5174537654300093
full_features,87,88,0.4978212118148803,0.4836442710867525
full_features,87,89,0.5571582913398743,0.49120503103464336
full_features,87,90,0.4908804893493652,0.5641570622503587
full_features,87,91,0.4974677264690399,0.4846129610060832
full_features,87,92,0.5974487066268921,0.4905893340209018
full_features,87,93,0.6260289549827576,0.6006427406366822
full_features,87,94,0.6022673845291138,0.6266726443099775
full_features,87,95,0.6052372455596924,0.6049653769688789
full_features,87,96,0.5747615098953247,0.6076967378825527
full_features,87,97,0.6170121431350708,0.580160111074858
full_features,87,98,0.6136601567268372,0.6180747385031153
full_features,87,99,0.6547124981880188,0.6160282705547162
full_features,87,100,0.6548869013786316,0.6534157099251882
full_features,87,101,0.6623857617378235,0.6536741789713794
full_features,87,102,0.6753659248352051,0.6616303147162744
full_features,87,103,0.7273417711257935,0.6731880516527529
full_features,87,104,0.77428138256073,0.725516638168709
full_features,87,105,0.761061429977417,0.7618423732130813
full_features,87,106,0.8180955052375793,0.7488608523547695
full_features,87,107,0.8348755240440369,0.8021415915615467
full_features,87,108,0.9110672473907472,0.8219363442596951
full_features,87,109,0.8737924695014954,0.8943876043590709
full_features,87,110,0.8159469962120056,0.8570362006750398
full_features,87,111,0.8735977411270142,0.8004166741521652
full_features,87,112,0.8841712474822998,0.856851175122118
full_features,87,113,0.9369308948516846,0.8650262535149718
full_features,87,114,0.832567572593689,0.9209343841851247
full_features,87,115,0.9228339195251464,0.8191540291201681
full_features,87,116,0.9207190871238708,0.905523922548069
full_features,87,117,0.8416258096694946,0.9058830776634749
full_features,87,118,0.9029605388641356,0.82739292401071
full_features,87,119,0.993720293045044,0.8889459670967568
full_features,87,120,0.9718614220619202,0.9745476632653176
full_features,87,121,0.9731739163398744,0.9551008576165724
full_features,87,122,0.9475151896476746,0.9577085340890149
full_features,87,123,0.9176767468452454,0.9331249212546311
full_features,87,124,0.909143090248108,0.9045368626584861
full_features,87,125,0.9263542890548706,0.8933121355536234
full_features,87,126,0.9083951115608216,0.9084480969170049
full_features,87,127,0.9035621285438538,0.8895588427155586
full_features,87,128,0.962791919708252,0.8861376189182035
full_features,87,129,0.9294797778129578,0.9477552386676198
full_features,87,130,0.920145869255066,0.9118041373579209
full_features,87,131,0.9093374013900756,0.9068957533653427
full_features,87,132,0.9148963093757628,0.8915837970381241
full_features,87,133,0.8496237397193909,0.9018644281605598
full_features,87,134,0.9243268370628356,0.829873933554903
full_features,87,135,0.9444602131843568,0.9089085428617396
full_features,87,136,0.8814473152160645,0.9301856317342827
full_features,87,137,0.8511391282081604,0.8684129430097384
full_features,87,138,0.8287410140037537,0.8388753527104527
full_features,87,139,0.88799649477005,0.8193165279619062
full_features,87,140,0.8845818042755127,0.8760860241083405
full_features,87,141,0.8212671875953674,0.8689215128620588
full_features,87,142,0.9441530704498292,0.8078967341991613
full_features,87,143,0.8594558835029602,0.9298846654391908
full_features,87,144,0.8142420053482056,0.8484124802485389
full_features,87,145,0.8702269792556763,0.7987959348159853
full_features,87,146,0.8625680804252625,0.8539868555751781
full_features,87,147,0.8534908294677734,0.849081579471754
full_features,87,148,0.855247974395752,0.8350342011503411
full_features,87,149,0.8433997631072998,0.8379535735932746
full_features,87,150,0.849311113357544,0.8290343953297903
full_features,87,151,0.8450497388839722,0.8289389276943331
full_features,87,152,0.8681721091270447,0.829657447571616
full_features,87,153,0.8434199094772339,0.8507029076612226
full_features,87,154,0.7864151000976562,0.8278164357230877
full_features,87,155,0.8203524947166443,0.7684516973687099
full_features,87,156,0.8470693826675415,0.8022153171994595
full_features,87,157,0.7400712966918945,0.8343604837405226
full_features,87,158,0.8385833501815796,0.7331017260136332
full_features,87,159,0.830581784248352,0.8278181827448885
full_features,87,160,0.7436777949333191,0.8178251839760203
full_features,87,161,0.7923262715339661,0.7384135768721702
full_features,87,162,0.7749122381210327,0.7823929471478642
full_features,87,163,0.767605721950531,0.7623752275003632
full_features,87,164,0.8015187382698059,0.7589260268936243
full_features,87,165,0.7666628956794739,0.7837819707740701
full_features,87,166,0.704460084438324,0.7575824755273368
full_features,87,167,0.694730281829834,0.7029388823447721
full_features,87,168,0.6812838315963745,0.6913014432805147
full_features,87,169,0.7316664457321167,0.6801382301496993
full_features,87,170,0.6955958008766174,0.723285953986635
full_features,87,171,0.7229042053222656,0.6913764410171676
full_features,87,172,0.7187552452087402,0.7163363610213018
full_features,87,173,0.6652815937995911,0.7142245414723106
full_features,87,174,0.7169031500816345,0.6628040284722244
full_features,87,175,0.7167640924453735,0.7131726137006743
full_features,87,176,0.7082186937332153,0.7127053826209265
full_features,87,177,0.6565176248550415,0.7064803960314129
full_features,87,178,0.6521614193916321,0.6548931345923654
full_features,87,179,0.6372003555297852,0.6503266959288814
full_features,87,180,0.6050757765769958,0.6372176603767653
full_features,87,181,0.6756496429443359,0.6077364773676299
full_features,87,182,0.6693599224090576,0.6706763237144939
full_features,87,183,0.6105232238769531,0.6683732200313661
full_features,87,184,0.6688128113746643,0.6127560662949969
full_features,87,185,0.6599744558334351,0.6686672438593728
full_features,87,186,0.6549052000045776,0.6574163524365354
full_features,87,187,0.6418594717979431,0.6548050194250987
full_features,87,188,0.6749703288078308,0.6430073477766798
full_features,87,189,0.6215955018997192,0.6717651769913494
full_features,87,190,0.6875054240226746,0.6225540250406519
full_features,87,191,0.7090307474136353,0.6851324682701604
full_features,87,192,0.7400676608085632,0.7054778559927695
full_features,87,193,0.6661230325698853,0.7317074130779907
full_features,87,194,0.728961706161499,0.663778017897855
full_features,87,195,0.6448951363563538,0.7224281498953408
full_features,87,196,0.7097075581550598,0.6452171871927888
full_features,87,197,0.6883198022842407,0.7028976429937047
full_features,87,198,0.6130340695381165,0.6846534739714808
full_features,87,199,0.6445316076278687,0.6150361356095738
full_features,87,200,0.6635152697563171,0.6446116910149244
full_features,87,201,0.7016432881355286,0.6610549060148555
full_features,87,202,0.7027105689048767,0.6967617373591126
full_features,87,203,0.6376662850379944,0.6959108977141066
full_features,87,204,0.6751272678375244,0.6385884231597504
full_features,87,205,0.6184521913528442,0.6712831118819795
full_features,87,206,0.6669595241546631,0.6196243781674788
full_features,87,207,0.7016996741294861,0.6658882064289556
full_features,87,208,0.7178798913955688,0.6974137171659192
full_features,87,209,0.6875515580177307,0.7132062992868994
full_features,87,210,0.6850209832191467,0.6836632303315587
full_features,87,211,0.6769314408302307,0.6824027600438011
full_features,87,212,0.7617442607879639,0.6746540032780314
full_features,87,213,0.7253910899162292,0.74917512623247
full_features,87,214,0.7086202502250671,0.7219584746409293
full_features,87,215,0.7445273399353027,0.7057095297614466
full_features,87,216,0.7020488977432251,0.7431332375897436
full_features,87,217,0.7004163861274719,0.6989425680802133
full_features,87,218,0.7278615236282349,0.6972690494017142
full_features,87,219,0.7436776757240295,0.7230138584574521
full_features,87,220,0.6903629899024963,0.7399403659371716
full_features,87,221,0.7365001440048218,0.6905409898561287
full_features,87,222,0.6905316710472107,0.7289777384813297
full_features,87,223,0.6636725664138794,0.6851351985664663
full_features,87,224,0.7402927875518799,0.6593167529887911
full_features,87,225,0.7671977281570435,0.7349900323573894
full_features,87,226,0.7144057750701904,0.7522090491450593
full_features,87,227,0.7076112031936646,0.709629542309724
full_features,87,228,0.6872786283493042,0.7053836161812509
full_features,87,229,0.739473283290863,0.6839364993238511
full_features,87,230,0.7533235549926758,0.7318999603117274
full_features,87,231,0.7648662328720093,0.7432192311557472
full_features,87,232,0.7875154614448547,0.7500624602993757
full_features,87,233,0.72206711769104,0.7762800157098279
full_features,87,234,0.7107770442962646,0.7160295069387432
full_features,87,235,0.6826932430267334,0.7059347297356293
full_features,87,236,0.7209867835044861,0.6802208334013395
full_features,87,237,0.7708433866500854,0.7169307838658515
full_features,87,238,0.7360938787460327,0.7619284649216524
full_features,87,239,0.7192260026931763,0.7280189513861866
full_features,87,240,0.723590075969696,0.7145984384708681
full_features,87,241,0.8124272227287292,0.7183064397597859
full_features,87,242,0.8213626146316528,0.8011224647855804
full_features,87,243,0.7755164504051208,0.8050512031353401
full_features,87,244,0.7821241021156311,0.7651927095831921
full_features,87,245,0.7272466421127319,0.7661371643038182
full_features,87,246,0.7809557318687439,0.7231335335807919
full_features,87,247,0.8375592827796936,0.7676919505245796
full_features,87,248,0.7332650423049927,0.8237373587676547
full_features,87,249,0.6859104633331299,0.7263469795825637
full_features,87,250,0.7342034578323364,0.6818500631582354
full_features,87,251,0.7688375115394592,0.7298350003777532
full_features,87,252,0.7547758221626282,0.7586565245003879
full_features,87,253,0.7557613849639893,0.7426688402483347
full_features,87,254,0.7449775338172913,0.7429488101299259
full_features,87,255,0.7055944204330444,0.7383439785402278
full_features,87,256,0.7548825740814209,0.6998751570411704
full_features,87,257,0.7048630118370056,0.7427640976701524
full_features,87,258,0.6288811564445496,0.6978085207365837
full_features,87,259,0.6375272870063782,0.6297434596836423
full_features,87,260,0.6339720487594604,0.6369574403049622
full_features,87,261,0.597989559173584,0.6344926821467483
full_features,87,262,0.5685742497444153,0.6010078212158835
full_features,87,263,0.6120936870574951,0.5743348429065726
full_features,87,264,0.6116875410079956,0.6139053240271174
full_features,87,265,0.5783732533454895,0.6144169098613121
full_features,87,266,0.6287113428115845,0.5831487185066817
full_features,87,267,0.497973769903183,0.6297213012143678
full_features,87,268,0.5198135375976562,0.4902822963402996
full_features,87,269,0.5008349418640137,0.5298336841378257
full_features,87,270,0.4937756359577179,0.5133603743552568
full_features,87,271,0.4676518738269806,0.4867993249256423
full_features,87,272,0.491869181394577,0.46448460607153763
full_features,87,273,0.3883974552154541,0.4838722042223929
full_features,87,274,0.4065191447734833,0.3941643377887628
full_features,87,275,0.4229570031166076,0.4093661309902135
full_features,87,276,0.4604714810848236,0.4252961769297033
full_features,87,277,0.3862117230892181,0.45660829467366115
full_features,87,278,0.4435701966285705,0.39123318519654765
full_features,87,279,0.3458946347236633,0.44337976486047015
full_features,87,280,0.3485758900642395,0.35596360409528927
full_features,87,281,0.3494308292865753,0.35834752120258806
full_features,87,282,0.3524928689002991,0.3622049563074953
full_features,87,283,0.3531615138053894,0.3622994408848067
full_features,87,284,0.3435284495353699,0.36382844627624306
full_features,87,285,0.3176272511482239,0.3548335317338149
full_features,87,286,0.2782260179519653,0.32944765022114214
full_features,87,287,0.3882230818271637,0.29608538170634324
full_features,87,288,0.3045150339603424,0.3941916145060474
full_features,87,289,0.3405322432518005,0.31943744459740026
full_features,88,0,0.3381139934062958,0.328876972843164
full_features,88,1,0.2795419096946716,0.35181820022757215
full_features,88,2,0.3137282133102417,0.3006833585030316
full_features,88,3,0.3092173635959625,0.3331739832162148
full_features,88,4,0.3574336469173431,0.32756382654424193
full_features,88,5,0.3128551840782165,0.36603129818997193
full_features,88,6,0.3139807283878326,0.3290686146270551
full_features,88,7,0.2701657116413116,0.3250633046748609
full_features,88,8,0.3109394013881683,0.2878878476022378
full_features,88,9,0.2927702963352203,0.3313112038656079
full_features,88,10,0.309912234544754,0.31498981474765786
full_features,88,11,0.2518866956233978,0.3256261514984815
full_features,88,12,0.2983190715312958,0.27502720817155957
full_features,88,13,0.2748298048973083,0.3186201431142397
full_features,88,14,0.2769491076469421,0.2965379945340484
full_features,88,15,0.3642702996730804,0.29521124877408733
full_features,88,16,0.300830066204071,0.3752232300728555
full_features,88,17,0.3458455204963684,0.3202211367482636
full_features,88,18,0.2887968719005584,0.35713965464271313
full_features,88,19,0.3474661409854889,0.3072594104730162
full_features,88,20,0.3044228851795196,0.35953396144500477
full_features,88,21,0.3632989823818207,0.3219168069513762
full_features,88,22,0.2958746552467346,0.37280572074104246
full_features,88,23,0.3292193114757538,0.3143966999859422
full_features,88,24,0.3202848732471466,0.34346180134161586
full_features,88,25,0.3183548748493194,0.3350519862006979
full_features,88,26,0.3012196123600006,0.33580138459915954
full_features,88,27,0.3916284143924713,0.3193854280796903
full_features,88,28,0.2789929211139679,0.39515859076645987
full_features,88,29,0.2823235988616943,0.29954342114354726
full_features,88,30,0.3277861773967743,0.3027843627790019
full_features,88,31,0.4277009963989258,0.33799701605749455
full_features,88,32,0.3439624011516571,0.4286610536868031
full_features,88,33,0.2946401536464691,0.3530151275499462
full_features,88,34,0.3090036511421203,0.3150939989141676
full_features,88,35,0.3905602097511291,0.32706435312336307
full_features,88,36,0.3811069130897522,0.39553974438030576
full_features,88,37,0.3250910937786102,0.3860932471196336
full_features,88,38,0.3524442017078399,0.3406087676343033
full_features,88,39,0.3686197698116302,0.3615498098155633
full_features,88,40,0.3649483919143677,0.37749169849808234
full_features,88,41,0.3264477849006653,0.3735820992131733
full_features,88,42,0.3390043079853058,0.3388940735142743
full_features,88,43,0.3247013986110687,0.35405911446029537
full_features,88,44,0.4074958860874176,0.3421208197580013
full_features,88,45,0.3484004139900207,0.4108062981192999
full_features,88,46,0.4104997217655182,0.3579373734800149
full_features,88,47,0.4331614971160888,0.4165527042323316
full_features,88,48,0.3462800085544586,0.4308928751726632
full_features,88,49,0.3871840834617615,0.3558020004364418
full_features,88,50,0.4098749160766601,0.3956604487676062
full_features,88,51,0.4407648146152496,0.4117192715631032
full_features,88,52,0.355860561132431,0.4401533442624585
full_features,88,53,0.4240525662899017,0.3666634084926893
full_features,88,54,0.3928934931755066,0.42507532113402835
full_features,88,55,0.3834470808506012,0.3993140234452158
full_features,88,56,0.3809274733066559,0.38998068234192246
full_features,88,57,0.4103789329528808,0.3887614802000151
full_features,88,58,0.3935901522636413,0.4138740096019156
full_features,88,59,0.4342819154262543,0.3985983489325504
full_features,88,60,0.4267738163471222,0.43146950249124305
full_features,88,61,0.4341093003749847,0.42597384947283656
full_features,88,62,0.4348243176937103,0.4346356936087537
full_features,88,63,0.3900955021381378,0.43483926039578435
full_features,88,64,0.452510803937912,0.39432534887374165
full_features,88,65,0.4896075129508972,0.4498820053448863
full_features,88,66,0.4160341620445251,0.48341296134698575
full_features,88,67,0.4238146543502807,0.41723689436569533
full_features,88,68,0.4565561413764953,0.42640926876322677
full_features,88,69,0.4539748430252075,0.4535166333400647
full_features,88,70,0.4688004553318023,0.4509487463395451
full_features,88,71,0.4501497447490692,0.46473994594724666
full_features,88,72,0.5021970868110657,0.44863975927874
full_features,88,73,0.4693878889083862,0.5139427046878808
full_features,88,74,0.4869114458560943,0.4637860692579797
full_features,88,75,0.4790868163108825,0.481243981384408
full_features,88,76,0.475820779800415,0.4734899352755104
full_features,88,77,0.5192129611968994,0.47083597469873484
full_features,88,78,0.4993561804294586,0.5302249441203548
full_features,88,79,0.4776076078414917,0.49258159148713215
full_features,88,80,0.5110929012298584,0.47128244613327
full_features,88,81,0.4999082386493683,0.5225296790158751
full_features,88,82,0.5615758299827576,0.4927831417041562
full_features,88,83,0.4882280230522156,0.5681993970395607
full_features,88,84,0.6041656732559204,0.48215805327053995
full_features,88,85,0.6167363524436951,0.6066056992848802
full_features,88,86,0.5457130074501038,0.6193318577467175
full_features,88,87,0.5488865375518799,0.5538151619306905
full_features,88,88,0.6347429156303406,0.55650646482061
full_features,88,89,0.6192281246185303,0.6357528425355505
full_features,88,90,0.6374151110649109,0.62176405979384
full_features,88,91,0.62694251537323,0.6368565511294132
full_features,88,92,0.5975233912467957,0.6277105804579676
full_features,88,93,0.6586430072784424,0.6007828154251386
full_features,88,94,0.6932969093322754,0.6593061197853298
full_features,88,95,0.6740955114364624,0.6911813988563733
full_features,88,96,0.6580333709716797,0.671416556309275
full_features,88,97,0.6981067657470703,0.6572857947423341
full_features,88,98,0.6415689587593079,0.6937574767232146
full_features,88,99,0.6348363757133484,0.6412920298404888
full_features,88,100,0.7480152249336243,0.6359837369578304
full_features,88,101,0.7202575206756592,0.7384761631952097
full_features,88,102,0.7123278379440308,0.7174102311839259
full_features,88,103,0.6876357197761536,0.7083114503707526
full_features,88,104,0.8006429672241211,0.6846573743340881
full_features,88,105,0.7186873555183411,0.784339957523669
full_features,88,106,0.7594048976898193,0.7126930680641301
full_features,88,107,0.7866585850715637,0.7473204919659492
full_features,88,108,0.7670018672943115,0.7755919330664618
full_features,88,109,0.7935315370559692,0.7519174074952847
full_features,88,110,0.7826980352401733,0.7777659080855475
full_features,88,111,0.8293567299842834,0.7660697253056017
full_features,88,112,0.8540548086166382,0.8155414588301323
full_features,88,113,0.8645039200782776,0.8346322738498069
full_features,88,114,0.7903720736503601,0.8466397553602298
full_features,88,115,0.8820411562919617,0.7765896215079056
full_features,88,116,0.8254144191741943,0.8682973184535279
full_features,88,117,0.8125585317611694,0.8095182619914851
full_features,88,118,0.8202688097953796,0.8016397229666845
full_features,88,119,0.8573377132415771,0.8050001480699908
full_features,88,120,0.8516344428062439,0.8444663717717771
full_features,88,121,0.8965106010437012,0.8412670784723408
full_features,88,122,0.8492864370346069,0.8813241080013655
full_features,88,123,0.8446882963180542,0.8324054400813259
full_features,88,124,0.8288132548332214,0.8333706345557282
full_features,88,125,0.8943718671798706,0.8164779508046197
full_features,88,126,0.8741525411605835,0.8756435940255107
full_features,88,127,0.8941689133644104,0.8628350888973111
full_features,88,128,0.8539901971817017,0.8820110681844512
full_features,88,129,0.8220217823982239,0.8371168742761441
full_features,88,130,0.890483558177948,0.80804942988837
full_features,88,131,0.882888913154602,0.8716306611793853
full_features,88,132,0.8426167964935303,0.8638093171195915
full_features,88,133,0.834376871585846,0.8243165611645843
full_features,88,134,0.8698809742927551,0.8247208128888763
full_features,88,135,0.8442493081092834,0.8563720988335431
full_features,88,136,0.8403299450874329,0.8242829815297206
full_features,88,137,0.8367244601249695,0.8270678858492694
full_features,88,138,0.8458755612373352,0.8248600275678771
full_features,88,139,0.9114205837249756,0.8301345462251265
full_features,88,140,0.7403547167778015,0.8900903022640734
full_features,88,141,0.7900892496109009,0.7359052549767774
full_features,88,142,0.7583097219467163,0.7740568990481277
full_features,88,143,0.7259368896484375,0.7479811714050333
full_features,88,144,0.7684255242347717,0.7221821128108036
full_features,88,145,0.7951711416244507,0.7534139400364461
full_features,88,146,0.8287652134895325,0.7833243836606087
full_features,88,147,0.7940407991409302,0.8149510867463428
full_features,88,148,0.7748407125473022,0.7812437187137999
full_features,88,149,0.7812936902046204,0.7639487104714501
full_features,88,150,0.7688899040222168,0.7702554154769676
full_features,88,151,0.7542094588279724,0.7560927528265451
full_features,88,152,0.6967291831970215,0.7432876290686131
full_features,88,153,0.7788940072059631,0.6936046415733793
full_features,88,154,0.7556827068328857,0.7634915671875042
full_features,88,155,0.7188272476196289,0.7427595517390043
full_features,88,156,0.7055841088294983,0.7122627340476017
full_features,88,157,0.7037162184715271,0.7019854136933634
full_features,88,158,0.7899514436721802,0.6993243610192652
full_features,88,159,0.6814395189285278,0.7746609940716065
full_features,88,160,0.7262850403785706,0.6790021846862497
full_features,88,161,0.6682650446891785,0.7190976628236002
full_features,88,162,0.7261251211166382,0.6647404674691468
full_features,88,163,0.7259972095489502,0.724125490414824
full_features,88,164,0.7354121804237366,0.7232897022325201
full_features,88,165,0.7677851319313049,0.7295410453714736
full_features,88,166,0.8208716511726379,0.7588698171735461
full_features,88,167,0.6988290548324585,0.8049504459045613
full_features,88,168,0.750382125377655,0.6940587407598031
full_features,88,169,0.7094194889068604,0.7355909770728052
full_features,88,170,0.7478249669075012,0.7058614424500634
full_features,88,171,0.7364296913146973,0.7424879841391407
full_features,88,172,0.7537845969200134,0.7312395154154544
full_features,88,173,0.7228512763977051,0.7420344319689716
full_features,88,174,0.7098322510719299,0.7175099122946061
full_features,88,175,0.7473145127296448,0.7043159787573874
full_features,88,176,0.7479267716407776,0.7397835221815356
full_features,88,177,0.758696436882019,0.7429828877631146
full_features,88,178,0.7343263626098633,0.7468087296443002
full_features,88,179,0.7314236164093018,0.7311446065236776
full_features,88,180,0.7829441428184509,0.7248983530453986
full_features,88,181,0.7269622683525085,0.7729864310684575
full_features,88,182,0.7288929224014282,0.7223900244056539
full_features,88,183,0.7404109835624695,0.7231023946995305
full_features,88,184,0.7877248525619507,0.734168228141505
full_features,88,185,0.6741795539855957,0.7760299918962802
full_features,88,186,0.822478175163269,0.6697133345008831
full_features,88,187,0.7527247071266174,0.8132704108052411
full_features,88,188,0.7451948523521423,0.7410351332049903
full_features,88,189,0.7680323123931885,0.7372118861365808
full_features,88,190,0.8065763711929321,0.7611050073299928
full_features,88,191,0.7211914658546448,0.7897387400101186
full_features,88,192,0.7682017087936401,0.7161269479077105
full_features,88,193,0.7765950560569763,0.7578886253199728
full_features,88,194,0.7657887935638428,0.7625089516510651
full_features,88,195,0.7309952974319458,0.7516121299616871
full_features,88,196,0.8000232577323914,0.7246712620461429
full_features,88,197,0.7446891665458679,0.7891450064650546
full_features,88,198,0.8190533518791199,0.733552662749513
full_features,88,199,0.8115118145942688,0.8032260767429026
full_features,88,200,0.8008923530578613,0.7926514545184178
full_features,88,201,0.7650337815284729,0.7904866573513928
full_features,88,202,0.8529762625694275,0.7531251428663324
full_features,88,203,0.8544607758522034,0.8415176196028133
full_features,88,204,0.8040764331817627,0.8426134933169667
full_features,88,205,0.8263921737670898,0.788210241787014
full_features,88,206,0.7919126152992249,0.8094766681557735
full_features,88,207,0.9140647053718568,0.7779366318232597
full_features,88,208,0.8716835379600525,0.897517922875165
full_features,88,209,0.8228288888931274,0.8597120751352824
full_features,88,210,0.8822479844093323,0.8038775258119355
full_features,88,211,0.8759953379631042,0.8666470044362903
full_features,88,212,0.8739148378372192,0.8638306386022387
full_features,88,213,0.926441490650177,0.862183058883595
full_features,88,214,0.8518128991127014,0.9068458263542615
full_features,88,215,0.9434012174606324,0.833726522878672
full_features,88,216,0.9009365439414978,0.9290945145250171
full_features,88,217,0.85053950548172,0.8809713284732887
full_features,88,218,0.8870605230331421,0.8388606400221029
full_features,88,219,0.9119828343391418,0.8676258138547517
full_features,88,220,0.9037299752235411,0.893227763270531
full_features,88,221,0.904483437538147,0.883206951116067
full_features,88,222,0.9214460253715516,0.8895480274856222
full_features,88,223,0.9190593361854552,0.8997664720313185
full_features,88,224,0.930171549320221,0.9006701581288098
full_features,88,225,0.8365898132324219,0.9135811658022391
full_features,88,226,0.920320451259613,0.8162276338644435
full_features,88,227,0.8288136124610901,0.9018573803212746
full_features,88,228,0.8650314807891846,0.8058634734398089
full_features,88,229,0.8536861538887024,0.8483516904301106
full_features,88,230,0.8580129146575928,0.8418499190342545
full_features,88,231,0.8377968668937683,0.8407842877253303
full_features,88,232,0.8362931609153748,0.821560400984017
full_features,88,233,0.7746585011482239,0.8222565080155037
full_features,88,234,0.7762242555618286,0.7613740778984653
full_features,88,235,0.7945230603218079,0.7602549322602105
full_features,88,236,0.7483413219451904,0.7793238292709337
full_features,88,237,0.8047579526901245,0.7416902264849218
full_features,88,238,0.8088982701301575,0.7954480441834841
full_features,88,239,0.6977772116661072,0.8002102671414233
full_features,88,240,0.6908046007156372,0.6928768965527035
full_features,88,241,0.7248032093048096,0.6873176972347402
full_features,88,242,0.7331238389015198,0.7197855646752469
full_features,88,243,0.6868233680725098,0.725849961294874
full_features,88,244,0.7375882267951965,0.6814769380476313
full_features,88,245,0.6653951406478882,0.7322514252557356
full_features,88,246,0.6393049955368042,0.6635067143752178
full_features,88,247,0.6397806406021118,0.6395737116330826
full_features,88,248,0.7242358922958374,0.6395133300215539
full_features,88,249,0.6838956475257874,0.7196038445279275
full_features,88,250,0.6601722240447998,0.6801362305539139
full_features,88,251,0.6368701457977295,0.6580614041912716
full_features,88,252,0.5602496266365051,0.6366871869475094
full_features,88,253,0.597139835357666,0.566855683662687
full_features,88,254,0.6239756345748901,0.600566644876666
full_features,88,255,0.5482529401779175,0.6249155298666035
full_features,88,256,0.5615292191505432,0.5558576225007863
full_features,88,257,0.589634120464325,0.5679624331585749
full_features,88,258,0.5709750652313232,0.5940088315908922
full_features,88,259,0.5846440196037292,0.5765791999882226
full_features,88,260,0.5274378657341003,0.5890787496077458
full_features,88,261,0.5009592771530151,0.5374615556381301
full_features,88,262,0.4677206575870514,0.513762430457221
full_features,88,263,0.5237006545066833,0.46197616326047636
full_features,88,264,0.4593853950500488,0.5332952681597843
full_features,88,265,0.4750494360923767,0.4551739565397858
full_features,88,266,0.479797214269638,0.46857104549442613
full_features,88,267,0.402620404958725,0.4735722844209759
full_features,88,268,0.4501453042030334,0.40553320460225206
full_features,88,269,0.3982775807380676,0.44679806655187326
full_features,88,270,0.4352617263793945,0.4014602345835978
full_features,88,271,0.3890201449394226,0.43359742984537053
full_features,88,272,0.4850392937660217,0.3929682314681592
full_features,88,273,0.45130455493927,0.4775276528937735
full_features,88,274,0.4111283421516418,0.4506064788058599
full_features,88,275,0.4248022735118866,0.4136511724440801
full_features,88,276,0.3717250227928161,0.42491346023208604
full_features,88,277,0.4349928498268127,0.38065069792257444
full_features,88,278,0.4058353304862976,0.4360767279842263
full_features,88,279,0.3765545487403869,0.40857591424199474
full_features,88,280,0.3894103765487671,0.38240124023335215
full_features,88,281,0.3769910633563995,0.3956385586499237
full_features,88,282,0.4112568199634552,0.38362076198317996
full_features,88,283,0.3395996689796448,0.4130784966605793
full_features,88,284,0.3506714403629303,0.35160656088421377
full_features,88,285,0.313457578420639,0.3654201018576577
full_features,88,286,0.3293068706989288,0.3273844653305988
full_features,88,287,0.3598877787590027,0.34328729988767553
full_features,88,288,0.3584938645362854,0.3713498548031839
full_features,88,289,0.3256481289863586,0.36898773288876563
full_features,89,0,0.5173516869544983,0.46096121413491703
full_features,89,1,0.4596565663814544,0.5284732032756487
full_features,89,2,0.4734630584716797,0.456718341642432
full_features,89,3,0.5649706125259399,0.4694936496593607
full_features,89,4,0.5359925031661987,0.5713008339842016
full_features,89,5,0.4997884631156921,0.5453946919267953
full_features,89,6,0.5457741618156433,0.49224508777689974
full_features,89,7,0.5219637751579285,0.5540311980105286
full_features,89,8,0.5348378419876099,0.5318088798508157
full_features,89,9,0.5533967018127441,0.5434966494347551
full_features,89,10,0.5013695955276489,0.5607327228360233
full_features,89,11,0.5047959089279175,0.5133169607701522
full_features,89,12,0.557978630065918,0.5174353624439267
full_features,89,13,0.6585337519645691,0.5649797348864207
full_features,89,14,0.6181333661079407,0.6571020273301647
full_features,89,15,0.5610552430152893,0.6208160379365838
full_features,89,16,0.4963817894458771,0.567762541652018
full_features,89,17,0.6614317297935486,0.4893863491147053
full_features,89,18,0.581047534942627,0.6609320674294002
full_features,89,19,0.6074022054672241,0.5860687837921434
full_features,89,20,0.5975863337516785,0.6108150968432011
full_features,89,21,0.6190319061279297,0.6007275007541897
full_features,89,22,0.5923175811767578,0.6203263042871288
full_features,89,23,0.6627614498138428,0.5960301663295874
full_features,89,24,0.5818564295768738,0.6625955818246653
full_features,89,25,0.6081933975219727,0.586693488351803
full_features,89,26,0.6478139758110046,0.6106821946916072
full_features,89,27,0.6607283353805542,0.6495544321099086
full_features,89,28,0.6905794143676758,0.6604811183196361
full_features,89,29,0.6859312653541565,0.686616652061194
full_features,89,30,0.6435625553131104,0.6843579850553032
full_features,89,31,0.5840051770210266,0.6439653416125637
full_features,89,32,0.6234689354896545,0.5883505108409783
full_features,89,33,0.6207093596458435,0.6250549142649405
full_features,89,34,0.6335659027099609,0.6225788394937538
full_features,89,35,0.6258072853088379,0.6350202528468525
full_features,89,36,0.6242300868034363,0.6270667812113426
full_features,89,37,0.6208466291427612,0.6260796043682928
full_features,89,38,0.6635500192642212,0.6229494008487136
full_features,89,39,0.6151850819587708,0.661350862227993
full_features,89,40,0.6666314005851746,0.6167636323840996
full_features,89,41,0.6241188645362854,0.6667561106299587
full_features,89,42,0.6124555468559265,0.6253156575274377
full_features,89,43,0.6133094429969788,0.6145512709283453
full_features,89,44,0.6100300550460815,0.6151140397883033
full_features,89,45,0.5555875301361084,0.6126385518611623
full_features,89,46,0.6032789349555969,0.5626774483548151
full_features,89,47,0.5588657855987549,0.6067781212781699
full_features,89,48,0.5687575340270996,0.5657734061948925
full_features,89,49,0.5764322876930237,0.5747064521962219
full_features,89,50,0.605235755443573,0.5817704337871511
full_features,89,51,0.5456379652023315,0.6077831775456201
full_features,89,52,0.5393498539924622,0.553250648672624
full_features,89,53,0.504368245601654,0.5480963834308261
full_features,89,54,0.5710849761962891,0.5162099739858246
full_features,89,55,0.5414122343063354,0.5768337134779756
full_features,89,56,0.540399432182312,0.5498022948407715
full_features,89,57,0.4976798892021179,0.5489602037619203
full_features,89,58,0.5574619174003601,0.49081174556980667
full_features,89,59,0.5452919602394104,0.5643799059453405
full_features,89,60,0.5210224986076355,0.5532877167575592
full_features,89,61,0.4695324301719665,0.5316689621738463
full_features,89,62,0.5054733753204346,0.4636132254708563
full_features,89,63,0.4831050634384155,0.5171394775553401
full_features,89,64,0.4453241229057312,0.4772192420214658
full_features,89,65,0.4500083029270172,0.44355036481804144
full_features,89,66,0.5152446627616882,0.44699515928822586
full_features,89,67,0.4629761874675751,0.5277213626786202
full_features,89,68,0.4327050447463989,0.459629915817967
full_features,89,69,0.4811520576477051,0.43352613127744916
full_features,89,70,0.5056476593017578,0.47563772477769223
full_features,89,71,0.5180650353431702,0.5181412301688586
full_features,89,72,0.433536946773529,0.5293571724049837
full_features,89,73,0.4637669920921325,0.4345518131754407
full_features,89,74,0.5002316236495972,0.4598856376051241
full_features,89,75,0.4695537686347961,0.5121469199093658
full_features,89,76,0.4852746427059173,0.46520025736763304
full_features,89,77,0.4276746213436126,0.47872298207951236
full_features,89,78,0.4305620193481445,0.426014122801035
full_features,89,79,0.5500364303588867,0.4307215866583298
full_features,89,80,0.4943324327468872,0.5577949272593656
full_features,89,81,0.4803087413311004,0.4876378406956107
full_features,89,82,0.4811297357082367,0.4744937824570149
full_features,89,83,0.4611040949821472,0.47634587690302693
full_features,89,84,0.4632285833358764,0.45793702607808695
full_features,89,85,0.4248166680335998,0.45894069931158105
full_features,89,86,0.4783324897289276,0.42526305325905533
full_features,89,87,0.4899715483188629,0.47203302328402663
full_features,89,88,0.5066750645637512,0.483801328219175
full_features,89,89,0.4935775697231293,0.5187219372886414
full_features,89,90,0.5079112648963928,0.48647910214175283
full_features,89,91,0.5282500386238098,0.5204627597533682
full_features,89,92,0.5406867861747742,0.5382287854140752
full_features,89,93,0.5772194266319275,0.5496400875036411
full_features,89,94,0.5460566878318787,0.5824090347531572
full_features,89,95,0.5072203874588013,0.5538069884436454
full_features,89,96,0.5239423513412476,0.5191426014854301
full_features,89,97,0.4974733293056488,0.5335857398238968
full_features,89,98,0.5238020420074463,0.48932211329727926
full_features,89,99,0.5372034311294556,0.5341810302153844
full_features,89,100,0.6028382778167725,0.5457754510441928
full_features,89,101,0.5592384338378906,0.605223765077069
full_features,89,102,0.5865081548690796,0.5659887585106231
full_features,89,103,0.5455599427223206,0.5908404669088952
full_features,89,104,0.5782608389854431,0.5537031382503188
full_features,89,105,0.5383691191673279,0.5833501530897882
full_features,89,106,0.6138153076171875,0.5468375014504487
full_features,89,107,0.6605030298233032,0.6150788372080427
full_features,89,108,0.6373170614242554,0.6592417182976257
full_features,89,109,0.6101292371749878,0.6371516585432646
full_features,89,110,0.6040449142456055,0.6120154770069631
full_features,89,111,0.6415092349052429,0.6070796741151981
full_features,89,112,0.6525812149047852,0.6419887982056991
full_features,89,113,0.7339010834693909,0.6505768735200276
full_features,89,114,0.5988684892654419,0.7296823947201961
full_features,89,115,0.6308344602584839,0.6016442617169628
full_features,89,116,0.6721748113632202,0.6321122100239513
full_features,89,117,0.6599100828170776,0.6699892315795046
full_features,89,118,0.7250273823738098,0.657843866498299
full_features,89,119,0.6642565727233887,0.7174525681338899
full_features,89,120,0.6840301156044006,0.6622491516194856
full_features,89,121,0.6609455943107605,0.6780084045110052
full_features,89,122,0.7464350461959839,0.6591042858558618
full_features,89,123,0.7519509792327881,0.7376140494720178
full_features,89,124,0.7265868782997131,0.737892471745187
full_features,89,125,0.7311601042747498,0.7226310662029501
full_features,89,126,0.7778970003128052,0.7248906570649677
full_features,89,127,0.7111362218856812,0.764485958019514
full_features,89,128,0.7119879722595215,0.7087979649790029
full_features,89,129,0.7952515482902527,0.7107388917317321
full_features,89,130,0.769855260848999,0.7821404749413347
full_features,89,131,0.7184503674507141,0.7565552286414741
full_features,89,132,0.7828415632247925,0.7163601723637454
full_features,89,133,0.710887610912323,0.7688339250776388
full_features,89,134,0.7063195705413818,0.7062952506819263
full_features,89,135,0.7375053763389587,0.7009683239800067
full_features,89,136,0.7642602324485779,0.7315139853371018
full_features,89,137,0.7055830955505371,0.7542314344533179
full_features,89,138,0.6707783937454224,0.7030930187555197
full_features,89,139,0.8103830814361572,0.6686813142497995
full_features,89,140,0.7585166096687317,0.7995537179050703
full_features,89,141,0.7384516000747681,0.7441047693874039
full_features,89,142,0.7130770087242126,0.7310426134366831
full_features,89,143,0.7350602149963379,0.7091342733229469
full_features,89,144,0.7407417297363281,0.7292340596586596
full_features,89,145,0.6620668172836304,0.7349022413031281
full_features,89,146,0.7088906168937683,0.6619378901790859
full_features,89,147,0.7237987518310547,0.7045930792794034
full_features,89,148,0.671690821647644,0.7182372470221621
full_features,89,149,0.7446560263633728,0.6708135313532276
full_features,89,150,0.698110044002533,0.7377476542257753
full_features,89,151,0.6876136064529419,0.6931197921044827
full_features,89,152,0.7127096652984619,0.6858139695082632
full_features,89,153,0.65153968334198,0.7082915557627026
full_features,89,154,0.6341022849082947,0.650169786678996
full_features,89,155,0.7521938681602478,0.634253767898717
full_features,89,156,0.716770350933075,0.7409871245438394
full_features,89,157,0.651128888130188,0.7130656914177671
full_features,89,158,0.6056134104728699,0.6504596353054743
full_features,89,159,0.6637197732925415,0.6074354440851532
full_features,89,160,0.6169131398200989,0.6618280162888655
full_features,89,161,0.5924158096313477,0.6185595396470035
full_features,89,162,0.642462432384491,0.5960166311561699
full_features,89,163,0.5382953882217407,0.6409311999610956
full_features,89,164,0.6119303703308105,0.546949124452632
full_features,89,165,0.5988707542419434,0.6141122428845054
full_features,89,166,0.6755095720291138,0.6017482798158637
full_features,89,167,0.5954223871231079,0.6730145365109417
full_features,89,168,0.6445056200027466,0.5985995112665274
full_features,89,169,0.5973941087722778,0.6434709027023607
full_features,89,170,0.5956493616104126,0.6004474838018669
full_features,89,171,0.5919643640518188,0.5989036751742678
full_features,89,172,0.6197093725204468,0.5957482854605013
full_features,89,173,0.6308521032333374,0.6216469334855406
full_features,89,174,0.6006010174751282,0.6315614786549407
full_features,89,175,0.6107159852981567,0.6032620387086444
full_features,89,176,0.5668038725852966,0.6132446643731612
full_features,89,177,0.614543616771698,0.5728273482642701
full_features,89,178,0.5510438680648804,0.6157752326098623
full_features,89,179,0.6221006512641907,0.558682448033547
full_features,89,180,0.5721461176872253,0.6233393863083195
full_features,89,181,0.6122934222221375,0.5777304113714188
full_features,89,182,0.6154146790504456,0.6145332296008083
full_features,89,183,0.609362006187439,0.6176748446349805
full_features,89,184,0.5907938480377197,0.6113991269612362
full_features,89,185,0.6146032214164734,0.5950714166024629
full_features,89,186,0.6251978874206543,0.6166477680439199
full_features,89,187,0.6336222290992737,0.6264970725147856
full_features,89,188,0.5956703424453735,0.6332510358697766
full_features,89,189,0.6346299052238464,0.5994177332529105
full_features,89,190,0.5946206450462341,0.6343928004052206
full_features,89,191,0.6124820709228516,0.59785462939542
full_features,89,192,0.6484387516975403,0.615171457789066
full_features,89,193,0.6386327147483826,0.647394804248581
full_features,89,194,0.643302857875824,0.6393316349864697
full_features,89,195,0.6435179710388184,0.6420916980801522
full_features,89,196,0.6279289126396179,0.6429824017820294
full_features,89,197,0.6967033743858337,0.62878870393643
full_features,89,198,0.6344754695892334,0.6930997776501296
full_features,89,199,0.6918045282363892,0.6343980972416762
full_features,89,200,0.648907482624054,0.6884211332421064
full_features,89,201,0.6431070566177368,0.6475363035531548
full_features,89,202,0.6551094055175781,0.6418209494185898
full_features,89,203,0.7387296557426453,0.6543801842595179
full_features,89,204,0.6640247106552124,0.7341261969349872
full_features,89,205,0.6875035166740417,0.6622845372805343
full_features,89,206,0.7355799674987793,0.6818580261418269
full_features,89,207,0.6957533955574036,0.7304126231263087
full_features,89,208,0.6746392250061035,0.6891678358286253
full_features,89,209,0.6755228638648987,0.673266051001911
full_features,89,210,0.7317195534706116,0.6723731174039679
full_features,89,211,0.6939501166343689,0.7231105118505774
full_features,89,212,0.6924976706504822,0.6902511463886534
full_features,89,213,0.6972729563713074,0.6883433198501482
full_features,89,214,0.7095788717269897,0.6931721705944498
full_features,89,215,0.7107401490211487,0.7029234416488646
full_features,89,216,0.6878702044487,0.7062417349651141
full_features,89,217,0.6656911373138428,0.6853108177166498
full_features,89,218,0.7452793121337891,0.6624664107892626
full_features,89,219,0.7567055821418762,0.7400566886621398
full_features,89,220,0.691582202911377,0.7474642543577303
full_features,89,221,0.7031157612800598,0.6874940407960178
full_features,89,222,0.7135738730430603,0.6967189637624626
full_features,89,223,0.6676656603813171,0.7088621252977331
full_features,89,224,0.6908913850784302,0.6658452732379458
full_features,89,225,0.6837692856788635,0.6871341465513789
full_features,89,226,0.7239206433296204,0.6788586175114197
full_features,89,227,0.6921550631523132,0.7163379062931644
full_features,89,228,0.667910099029541,0.6897049150754756
full_features,89,229,0.6272876858711243,0.6649251857070263
full_features,89,230,0.695351779460907,0.6289993917319842
full_features,89,231,0.6694112420082092,0.6915277731215164
full_features,89,232,0.5893073081970215,0.6651332928683856
full_features,89,233,0.6549808979034424,0.5932135558912137
full_features,89,234,0.6773619651794434,0.6535333744675912
full_features,89,235,0.7049885392189026,0.6764001450196194
full_features,89,236,0.6803512573242188,0.6996495126742615
full_features,89,237,0.6439197659492493,0.6751081306725327
full_features,89,238,0.6851246953010559,0.6454107664120186
full_features,89,239,0.6006383299827576,0.6824721164716842
full_features,89,240,0.6728043556213379,0.6031145480589318
full_features,89,241,0.672329306602478,0.6698532608275038
full_features,89,242,0.6428269743919373,0.6710827733637823
full_features,89,243,0.5656420588493347,0.642909547005789
full_features,89,244,0.4954441785812378,0.5716833055788604
full_features,89,245,0.6535609364509583,0.4887853864709243
full_features,89,246,0.5804906487464905,0.6533996634627338
full_features,89,247,0.5617439150810242,0.5851130650898131
full_features,89,248,0.5655233263969421,0.5681438282008117
full_features,89,249,0.5856894850730896,0.5715783772868728
full_features,89,250,0.4845431745052337,0.5899073253978676
full_features,89,251,0.5701554417610168,0.47949147628841726
full_features,89,252,0.5612998008728027,0.5757672584068396
full_features,89,253,0.5514215230941772,0.5677017526425842
full_features,89,254,0.5428999066352844,0.5588446301578878
full_features,89,255,0.4472806453704834,0.5513057247395274
full_features,89,256,0.491934210062027,0.4460354640241196
full_features,89,257,0.5396852493286133,0.48451147703610953
full_features,89,258,0.4901108741760254,0.5483701674605468
full_features,89,259,0.53181391954422,0.4845064009958529
full_features,89,260,0.4942116439342499,0.5411235350950491
full_features,89,261,0.4605900347232818,0.4864199587570247
full_features,89,262,0.5105072855949402,0.4562682974659164
full_features,89,263,0.4903048574924469,0.521886334938874
full_features,89,264,0.5056160092353821,0.4845910817427299
full_features,89,265,0.4768159389495849,0.5176653446676536
full_features,89,266,0.3890278041362762,0.4728158603015867
full_features,89,267,0.4254825413227081,0.3974531910239317
full_features,89,268,0.3731625080108642,0.42553220528538255
full_features,89,269,0.3675399124622345,0.3808639844382852
full_features,89,270,0.4584473669528961,0.3767536798121314
full_features,89,271,0.4118552207946777,0.4538475837687496
full_features,89,272,0.3900935351848602,0.4148098814675312
full_features,89,273,0.3909298479557037,0.3962500764422178
full_features,89,274,0.4575400054454803,0.3969883593216733
full_features,89,275,0.4256947040557861,0.45301762004582496
full_features,89,276,0.4209008812904358,0.42540730260206905
full_features,89,277,0.4184050559997558,0.4214078326279155
full_features,89,278,0.3688554167747497,0.4190028564043863
full_features,89,279,0.3164815306663513,0.3776881587312383
full_features,89,280,0.3081099390983581,0.33145035605830403
full_features,89,281,0.3964378237724304,0.32633096844102616
full_features,89,282,0.4027194678783417,0.40147678210267446
full_features,89,283,0.3526457548141479,0.4043521204589447
full_features,89,284,0.3518548309803009,0.362903626567771
full_features,89,285,0.3413726091384887,0.36526576397583094
full_features,89,286,0.3355242013931274,0.35737454944931263
full_features,89,287,0.3580395877361297,0.34952341785415786
full_features,89,288,0.3060476183891296,0.367673533368
full_features,89,289,0.3745434880256653,0.3219441493411528
full_features,90,0,0.3130016326904297,0.33107759491290234
full_features,90,1,0.2476247102022171,0.3319884843102517
full_features,90,2,0.3008928000926971,0.2751393627687332
full_features,90,3,0.3469280898571014,0.3217494088210816
full_features,90,4,0.2637799680233001,0.3573879399297196
full_features,90,5,0.3314352929592132,0.2878519159976035
full_features,90,6,0.2763629555702209,0.34104076704387104
full_features,90,7,0.2711656093597412,0.2940598874800836
full_features,90,8,0.3399376273155212,0.29495368424690704
full_features,90,9,0.2498106807470321,0.35117314564945246
full_features,90,10,0.2910193502902984,0.2763354462769019
full_features,90,11,0.3611792027950287,0.3089261835073671
full_features,90,12,0.2995355129241943,0.3707162473027347
full_features,90,13,0.2493032664060592,0.3196805852159203
full_features,90,14,0.2799752056598663,0.27274744353540326
full_features,90,15,0.3204881250858307,0.2994752720676187
full_features,90,16,0.3663811981678009,0.33551036090803377
full_features,90,17,0.2728736996650696,0.3739981188853047
full_features,90,18,0.3309935629367828,0.2928800200107438
full_features,90,19,0.338823527097702,0.34528771326120433
full_features,90,20,0.383003830909729,0.3541735623051819
full_features,90,21,0.3597946166992187,0.3898220503637577
full_features,90,22,0.3392016291618347,0.3692544358936919
full_features,90,23,0.3366544842720032,0.35400064218294175
full_features,90,24,0.3816987872123718,0.34748487786308707
full_features,90,25,0.3649412095546722,0.38845916918427525
full_features,90,26,0.3537609279155731,0.3735900793069005
full_features,90,27,0.3472160100936889,0.3632024071403244
full_features,90,28,0.3998047709465027,0.358824531423206
full_features,90,29,0.3716340363025665,0.4034244442861968
full_features,90,30,0.365989625453949,0.37931071297645774
full_features,90,31,0.4288908839225769,0.3749554653342258
full_features,90,32,0.4236489832401275,0.42897012555737857
full_features,90,33,0.3896980285644531,0.4262964948917351
full_features,90,34,0.4495064616203308,0.3939978730121921
full_features,90,35,0.4756557941436767,0.4459328047142425
full_features,90,36,0.4587243795394897,0.47240368648617614
full_features,90,37,0.5033104419708252,0.45714064258528875
full_features,90,38,0.417276918888092,0.5152645091093895
full_features,90,39,0.5485016703605652,0.4175638963484208
full_features,90,40,0.4906663000583648,0.5563806444698227
full_features,90,41,0.5296807885169983,0.4843047947521139
full_features,90,42,0.4848453104496002,0.5396007438385964
full_features,90,43,0.4723291099071502,0.4792507554162835
full_features,90,44,0.5486615300178528,0.46813635010861887
full_features,90,45,0.5411527156829834,0.5565739347144083
full_features,90,46,0.5631936192512512,0.5498372668335725
full_features,90,47,0.5039225816726685,0.5696567642359953
full_features,90,48,0.5836449265480042,0.5164172056535434
full_features,90,49,0.5818460583686829,0.5882820358297866
full_features,90,50,0.5502853393554688,0.5863018319094562
full_features,90,51,0.5651896595954895,0.5580786732538152
full_features,90,52,0.6056126952171326,0.5714508223780104
full_features,90,53,0.5769334435462952,0.6092972034986088
full_features,90,54,0.5531193614006042,0.5822664947905013
full_features,90,55,0.6085405945777893,0.5603460428262388
full_features,90,56,0.5486969351768494,0.6114539289918126
full_features,90,57,0.5149018168449402,0.5563982932388426
full_features,90,58,0.6433016657829285,0.5256078448239552
full_features,90,59,0.5356877446174622,0.6440446883230997
full_features,90,60,0.604463517665863,0.5445864051449784
full_features,90,61,0.5883385539054871,0.6068097728094048
full_features,90,62,0.5205448865890503,0.5924701467769719
full_features,90,63,0.5811213254928589,0.530943119064405
full_features,90,64,0.5459907054901123,0.5860574689503244
full_features,90,65,0.5397809743881226,0.5540663900935636
full_features,90,66,0.5045042634010315,0.5480029227198857
full_features,90,67,0.5554024577140808,0.5164545228735569
full_features,90,68,0.5643861293792725,0.5624870790687762
full_features,90,69,0.4815575778484344,0.5707081495272994
full_features,90,70,0.5737772583961487,0.47637089878151234
full_features,90,71,0.5393644571304321,0.5792756460620335
full_features,90,72,0.4327236413955688,0.5480351095916272
full_features,90,73,0.4228107929229736,0.43339268032200173
full_features,90,74,0.5092533826828003,0.42237506712325407
full_features,90,75,0.5019035935401917,0.5214259648894637
full_features,90,76,0.5204012393951416,0.514785525567862
full_features,90,77,0.5050848722457886,0.5311433263111629
full_features,90,78,0.5654336810112,0.5170361386503393
full_features,90,79,0.5037232637405396,0.5716507402955464
full_features,90,80,0.527433454990387,0.5153289471514774
full_features,90,81,0.581237256526947,0.5369682145682229
full_features,90,82,0.5495600700378418,0.5858010977142809
full_features,90,83,0.5452976226806641,0.5571780706592133
full_features,90,84,0.5735050439834595,0.5533562592066259
full_features,90,85,0.5894805788993835,0.5790426825075455
full_features,90,86,0.600303590297699,0.5937574919703335
full_features,90,87,0.5872182250022888,0.6036672428308474
full_features,90,88,0.628265380859375,0.5913285103584521
full_features,90,89,0.6470828652381897,0.6287087083750618
full_features,90,90,0.6411404013633728,0.6469826361973857
full_features,90,91,0.69374018907547,0.6403163434316861
full_features,90,92,0.6572863459587097,0.6914560012017862
full_features,90,93,0.6628108024597168,0.6548591312257723
full_features,90,94,0.7102925777435303,0.6631169056018354
full_features,90,95,0.6534723043441772,0.7075523424415623
full_features,90,96,0.7145607471466064,0.6522834983527758
full_features,90,97,0.7186945080757141,0.7090690749943204
full_features,90,98,0.7180063724517822,0.7152614366813063
full_features,90,99,0.7974584102630615,0.7166498324331899
full_features,90,100,0.7634199857711792,0.7870663205331929
full_features,90,101,0.7445045113563538,0.7501783721591185
full_features,90,102,0.7542939782142639,0.7384484386589824
full_features,90,103,0.7633641362190247,0.7444617457458832
full_features,90,104,0.8071306347846985,0.7542981713981807
full_features,90,105,0.8034021854400635,0.7927461649572325
full_features,90,106,0.7696965336799622,0.7882078677711545
full_features,90,107,0.7573744058609009,0.7600583498585508
full_features,90,108,0.7986889481544495,0.7452195347075826
full_features,90,109,0.7295043468475342,0.7866716739863947
full_features,90,110,0.8228309154510498,0.7239213134550412
full_features,90,111,0.7877600789070129,0.808256586654192
full_features,90,112,0.769694447517395,0.7756395636359421
full_features,90,113,0.8024245500564575,0.7566500664493212
full_features,90,114,0.7944349050521851,0.7883433881473518
full_features,90,115,0.7366538643836975,0.7811364184970698
full_features,90,116,0.8648456931114197,0.7305516723830516
full_features,90,117,0.745818555355072,0.8486163232475604
full_features,90,118,0.7582469582557678,0.7378545870032025
full_features,90,119,0.8483989238739014,0.7466610162456214
full_features,90,120,0.8260440826416016,0.8356578958613915
full_features,90,121,0.7869054079055786,0.8147265403784697
full_features,90,122,0.7797289490699768,0.774336695436133
full_features,90,123,0.8090881705284119,0.7699971309559825
full_features,90,124,0.8541859984397888,0.7945557732071334
full_features,90,125,0.7814792990684509,0.8357029981777542
full_features,90,126,0.8614181876182556,0.7675761806200139
full_features,90,127,0.7972004413604736,0.8463682493573854
full_features,90,128,0.9001105427742004,0.7831949975152153
full_features,90,129,0.9037732481956482,0.887702559992822
full_features,90,130,0.935633420944214,0.8912107060030106
full_features,90,131,0.8822789788246155,0.9159894213369579
full_features,90,132,0.8605706691741943,0.8646442446018746
full_features,90,133,0.8119955658912659,0.8462172392172744
full_features,90,134,0.8381684422492981,0.7972609036612217
full_features,90,135,0.8457880020141602,0.8162536409079345
full_features,90,136,0.828576922416687,0.829433466660529
full_features,90,137,0.8650622367858887,0.8156589524962855
full_features,90,138,0.8053702116012573,0.8521221253633939
full_features,90,139,0.7948145270347595,0.7924007917058427
full_features,90,140,0.8137438297271729,0.7822308772834536
full_features,90,141,0.8362837433815002,0.8027428189396879
full_features,90,142,0.8234157562255859,0.826540070009505
full_features,90,143,0.8580568432807922,0.8127800345751058
full_features,90,144,0.8126979470252991,0.8461002376323539
full_features,90,145,0.8344330787658691,0.8039405304362105
full_features,90,146,0.7454129457473755,0.8220781516431835
full_features,90,147,0.8069086074829102,0.7392515976426788
full_features,90,148,0.7785924673080444,0.7900867832935216
full_features,90,149,0.7716875076293945,0.7660574067972099
full_features,90,150,0.8132472634315491,0.7550309476843547
full_features,90,151,0.7720576524734497,0.8006125375725365
full_features,90,152,0.7578611373901367,0.7610994502013438
full_features,90,153,0.7363089323043823,0.7458418699111208
full_features,90,154,0.7234805226325989,0.7303849149163911
full_features,90,155,0.724012553691864,0.7163557436268372
full_features,90,156,0.6928666830062866,0.7182514161738913
full_features,90,157,0.7577572464942932,0.6895863214186132
full_features,90,158,0.6334019303321838,0.7476620120067184
full_features,90,159,0.724119246006012,0.6331553162721886
full_features,90,160,0.6810029149055481,0.7176411500777019
full_features,90,161,0.6499387621879578,0.6757683961623432
full_features,90,162,0.6591612696647644,0.648135786736983
full_features,90,163,0.6368424296379089,0.6575349852184358
full_features,90,164,0.6628153324127197,0.6364272428474383
full_features,90,165,0.6047764420509338,0.6597998383939117
full_features,90,166,0.6630814671516418,0.6073891698558099
full_features,90,167,0.6350459456443787,0.6630838012152491
full_features,90,168,0.6146682500839233,0.6354912066034215
full_features,90,169,0.6118284463882446,0.6163926366923983
full_features,90,170,0.5962011218070984,0.6139621713965492
full_features,90,171,0.6422713398933411,0.5992292949884872
full_features,90,172,0.6220099329948425,0.6427219594341772
full_features,90,173,0.6231095194816589,0.6236429644420343
full_features,90,174,0.6679365038871765,0.6249121689983949
full_features,90,175,0.6390184164047241,0.6661420450423156
full_features,90,176,0.584955632686615,0.6398702337976988
full_features,90,177,0.599650502204895,0.5895104876869426
full_features,90,178,0.6481404304504395,0.6032118348068943
full_features,90,179,0.6612107157707214,0.6477810539414203
full_features,90,180,0.5953702926635742,0.6580116001234582
full_features,90,181,0.5708991885185242,0.5987430273228643
full_features,90,182,0.6209592223167419,0.5766303173730669
full_features,90,183,0.5334637761116028,0.6224798740686585
full_features,90,184,0.6074930429458618,0.5425816010757826
full_features,90,185,0.6222169995307922,0.6106473927601641
full_features,90,186,0.5982764363288879,0.623503489466542
full_features,90,187,0.5136949419975281,0.601191674572658
full_features,90,188,0.5992039442062378,0.5251184632787295
full_features,90,189,0.6698620915412903,0.6019509348942117
full_features,90,190,0.6059436798095703,0.6688342936444489
full_features,90,191,0.6484359502792358,0.6090652821059567
full_features,90,192,0.549525797367096,0.6479484162645756
full_features,90,193,0.599639356136322,0.556973973463196
full_features,90,194,0.637165367603302,0.6024924287071839
full_features,90,195,0.6252025961875916,0.6358101841493143
full_features,90,196,0.641601026058197,0.6254235294118544
full_features,90,197,0.6566566824913025,0.6417374525193004
full_features,90,198,0.6021835207939148,0.6556110217758672
full_features,90,199,0.6743676662445068,0.6052862983892161
full_features,90,200,0.6656115055084229,0.6713245037580771
full_features,90,201,0.657647967338562,0.6644181571023436
full_features,90,202,0.711037278175354,0.6572398098301966
full_features,90,203,0.6951557993888855,0.7045880005861156
full_features,90,204,0.6589398384094238,0.6899302569532063
full_features,90,205,0.6664129495620728,0.6561459905081565
full_features,90,206,0.7094324827194214,0.6626829825826962
full_features,90,207,0.6796600818634033,0.7056781357616402
full_features,90,208,0.6616643667221069,0.6760377049721483
full_features,90,209,0.740674614906311,0.6589292489480628
full_features,90,210,0.6859596967697144,0.7355559218222955
full_features,90,211,0.6951183676719666,0.681262198610233
full_features,90,212,0.6628149151802063,0.6898884471183714
full_features,90,213,0.7054175138473511,0.6609464467021459
full_features,90,214,0.6122881174087524,0.7034873166638659
full_features,90,215,0.7140551805496216,0.6145493320391149
full_features,90,216,0.7339272499084473,0.7089847526990193
full_features,90,217,0.7178616523742676,0.7266143226673853
full_features,90,218,0.713875949382782,0.7109791453681592
full_features,90,219,0.7077434062957764,0.707661507314175
full_features,90,220,0.6785898208618164,0.7050412654680576
full_features,90,221,0.671263575553894,0.6750460789707213
full_features,90,222,0.6443526744842529,0.6684600522285891
full_features,90,223,0.6400606632232666,0.6431041202036635
full_features,90,224,0.7399051785469055,0.6394594121753869
full_features,90,225,0.6681760549545288,0.7324964986262169
full_features,90,226,0.7293381094932556,0.6658567601024814
full_features,90,227,0.7325164079666138,0.7242012342177847
full_features,90,228,0.7011709809303284,0.7284598711745528
full_features,90,229,0.6666731238365173,0.69615081067878
full_features,90,230,0.6871426105499268,0.6641347596705108
full_features,90,231,0.6932126879692078,0.6819139953885766
full_features,90,232,0.7471657991409302,0.6875616780611116
full_features,90,233,0.6418532729148865,0.7379772323811119
full_features,90,234,0.7047173976898193,0.6399737023814833
full_features,90,235,0.710604190826416,0.7017236426549908
full_features,90,236,0.6462116837501526,0.7069031734238115
full_features,90,237,0.7038144469261169,0.6447771595608264
full_features,90,238,0.6892520785331726,0.6994923772292444
full_features,90,239,0.6610933542251587,0.6856100469917795
full_features,90,240,0.6645122766494751,0.6598725361099695
full_features,90,241,0.6528778672218323,0.6635814658953132
full_features,90,242,0.6682102084159851,0.6509171515374615
full_features,90,243,0.6161827445030212,0.6665583564300391
full_features,90,244,0.5893492698669434,0.6184388446772574
full_features,90,245,0.5773598551750183,0.5933760274333657
full_features,90,246,0.5756586194038391,0.582141877298915
full_features,90,247,0.6254081130027771,0.5808123706457234
full_features,90,248,0.5649414658546448,0.6264308171498958
full_features,90,249,0.5317211747169495,0.5710433817688335
full_features,90,250,0.5069265365600586,0.540829743687792
full_features,90,251,0.5506317615509033,0.5191776501756847
full_features,90,252,0.5617222785949707,0.5581187867786563
full_features,90,253,0.4902506470680237,0.5681603619301343
full_features,90,254,0.5003371834754944,0.4835626536488381
full_features,90,255,0.5229616761207581,0.5132123554246557
full_features,90,256,0.4631811678409576,0.5323490349473894
full_features,90,257,0.5050556063652039,0.4588456845894134
full_features,90,258,0.5613412261009216,0.5173002284686267
full_features,90,259,0.5077394247055054,0.5677454533535498
full_features,90,260,0.5516061186790466,0.5202113769396768
full_features,90,261,0.3975984752178192,0.5587415089564829
full_features,90,262,0.4352316260337829,0.3999343001747617
full_features,90,263,0.4664890170097351,0.43673198187583645
full_features,90,264,0.526466965675354,0.46269903749827357
full_features,90,265,0.4369835555553436,0.536631200385028
full_features,90,266,0.4059149622917175,0.43628992200833355
full_features,90,267,0.4644566774368286,0.40918599482950585
full_features,90,268,0.398272305727005,0.4622086579623416
full_features,90,269,0.41995769739151,0.4036676169821471
full_features,90,270,0.4294015765190124,0.41960564257093713
full_features,90,271,0.440412700176239,0.43039822845839926
full_features,90,272,0.4175698161125183,0.43976615001748653
full_features,90,273,0.4638152420520782,0.41874514048041916
full_features,90,274,0.3587440848350525,0.4616373518247722
full_features,90,275,0.3936045169830322,0.3692214738681457
full_features,90,276,0.4080583155155182,0.3993506644302229
full_features,90,277,0.3964468240737915,0.4064024909060035
full_features,90,278,0.3805849552154541,0.3986943441464966
full_features,90,279,0.3113827705383301,0.38600492877706866
full_features,90,280,0.3418777287006378,0.33087470541398994
full_features,90,281,0.3212239444255829,0.3523897663799132
full_features,90,282,0.3406495451927185,0.3361741837554032
full_features,90,283,0.3356865644454956,0.3520394922488811
full_features,90,284,0.3043745458126068,0.34916170234580907
full_features,90,285,0.2903254926204681,0.32277435992457487
full_features,90,286,0.3258494436740875,0.3110868033628974
full_features,90,287,0.2791979610919952,0.34235782976809015
full_features,90,288,0.3530560433864593,0.30390018471460933
full_features,90,289,0.3771468698978424,0.3592789800117973
full_features,91,0,0.3084191381931305,0.2809078477111312
full_features,91,1,0.2669930160045624,0.32743643545054835
full_features,91,2,0.2632984817028045,0.29033337661143865
full_features,91,3,0.3579925298690796,0.2881002380351726
full_features,91,4,0.3354243636131286,0.3656152713383742
full_features,91,5,0.2743414342403412,0.34995941662166247
full_features,91,6,0.2429990172386169,0.29161776488574265
full_features,91,7,0.3487453162670135,0.26648344699673093
full_features,91,8,0.3505622148513794,0.35732501437506087
full_features,91,9,0.3129207789897918,0.35681870931541676
full_features,91,10,0.2957097291946411,0.3274503419162053
full_features,91,11,0.3550744652748108,0.31456087135028776
full_features,91,12,0.4156660437583923,0.35997596477715194
full_features,91,13,0.3705671727657318,0.41811299187440476
full_features,91,14,0.3167724013328552,0.37945285520121436
full_features,91,15,0.3331742882728576,0.3336073049403179
full_features,91,16,0.2784624993801117,0.34413303556574176
full_features,91,17,0.2220847308635711,0.3022566816008124
full_features,91,18,0.3320984840393066,0.25367431656228695
full_features,91,19,0.3169889152050018,0.3454870487654439
full_features,91,20,0.4100715219974518,0.33187282431585896
full_features,91,21,0.3317900598049164,0.4112397589684886
full_features,91,22,0.3829200863838196,0.3467588340810288
full_features,91,23,0.3756691813468933,0.3889409287458092
full_features,91,24,0.2830285131931305,0.3816454603897692
full_features,91,25,0.3189952075481415,0.3018494567174403
full_features,91,26,0.3250109255313873,0.3320086222550655
full_features,91,27,0.2817829251289367,0.33948766259492774
full_features,91,28,0.3582001030445099,0.30481658812294643
full_features,91,29,0.3407892882823944,0.368291975753652
full_features,91,30,0.3067612946033478,0.3538925602629293
full_features,91,31,0.3511050939559936,0.3228218106379627
full_features,91,32,0.3427651226520538,0.361308266431454
full_features,91,33,0.3642664551734924,0.35071384755874885
full_features,91,34,0.3374345004558563,0.37342752853241273
full_features,91,35,0.3425380289554596,0.3501824980499668
full_features,91,36,0.3559776842594147,0.35370332568280505
full_features,91,37,0.3723601996898651,0.36447138056443684
full_features,91,38,0.3562838435173034,0.38079988662676173
full_features,91,39,0.4141734540462494,0.36820362332016854
full_features,91,40,0.3779486715793609,0.41625790192387346
full_features,91,41,0.3634898662567138,0.3836693263127866
full_features,91,42,0.3469365239143371,0.3707278311618576
full_features,91,43,0.2860951721668243,0.3607330212371152
full_features,91,44,0.3401907980442047,0.3054671393808953
full_features,91,45,0.3841101229190826,0.35335183565258366
full_features,91,46,0.3910218179225921,0.38857920538402524
full_features,91,47,0.4164753556251526,0.3957485400077804
full_features,91,48,0.3731615543365478,0.41945673958600566
full_features,91,49,0.4462390542030334,0.38043746925859007
full_features,91,50,0.3051307797431946,0.44359947765620533
full_features,91,51,0.4180608987808227,0.3202121332493846
full_features,91,52,0.3495247662067413,0.4167987486361333
full_features,91,53,0.4573302268981933,0.36369723972722146
full_features,91,54,0.441006451845169,0.4558920476856838
full_features,91,55,0.3776655793190002,0.439955268369561
full_features,91,56,0.3918103277683258,0.38650756264723474
full_features,91,57,0.4637670218944549,0.3996969546149648
full_features,91,58,0.4393591582775116,0.4602363516398792
full_features,91,59,0.4334784150123596,0.438614101537954
full_features,91,60,0.4130063951015472,0.43393114996015214
full_features,91,61,0.4655123353004455,0.41502663195522455
full_features,91,62,0.4371185004711151,0.46212802277667187
full_features,91,63,0.4431360065937042,0.4395717910771345
full_features,91,64,0.430516242980957,0.44118184069676014
full_features,91,65,0.4790579080581665,0.43054542453443834
full_features,91,66,0.4713597893714905,0.4738529076435098
full_features,91,67,0.457400381565094,0.4662128762133
full_features,91,68,0.4590329527854919,0.45415807732900454
full_features,91,69,0.4871533811092376,0.45574432511341595
full_features,91,70,0.4664484858512878,0.4812931896150585
full_features,91,71,0.5586315989494324,0.4649151257951004
full_features,91,72,0.5395059585571289,0.5655127523721656
full_features,91,73,0.5046220421791077,0.5479944085230373
full_features,91,74,0.5964173674583435,0.516487950007773
full_features,91,75,0.4892167150974273,0.6000752984414782
full_features,91,76,0.5707149505615234,0.48313640101899985
full_features,91,77,0.5632394552230835,0.576376841639905
full_features,91,78,0.5415408611297607,0.5696390018494317
full_features,91,79,0.612461268901825,0.5500260996558962
full_features,91,80,0.5981330275535583,0.6148902098889283
full_features,91,81,0.5922664999961853,0.6014586426666856
full_features,91,82,0.6657041311264038,0.5958667198490862
full_features,91,83,0.616202175617218,0.6662915624462716
full_features,91,84,0.6231120824813843,0.6184392735557047
full_features,91,85,0.6033904552459717,0.6241609717122785
full_features,91,86,0.5875187516212463,0.6071003690552049
full_features,91,87,0.6470299363136292,0.591500562916444
full_features,91,88,0.5876970291137695,0.6465717962694171
full_features,91,89,0.5944302082061768,0.5920136187226909
full_features,91,90,0.6356450915336609,0.5982056996605649
full_features,91,91,0.5637829303741455,0.6358014935720626
full_features,91,92,0.6539939641952515,0.5701394098276948
full_features,91,93,0.6564199924468994,0.6538497629218963
full_features,91,94,0.6742523312568665,0.6555937642810521
full_features,91,95,0.6155137419700623,0.6728936192613996
full_features,91,96,0.6379274129867554,0.6181300182189998
full_features,91,97,0.6163607239723206,0.6384477073100638
full_features,91,98,0.6239795088768005,0.6180015311948348
full_features,91,99,0.7148080468177795,0.6255266423270281
full_features,91,100,0.6878741979598999,0.7071364274324835
full_features,91,101,0.6500042676925659,0.6856978479353247
full_features,91,102,0.6431980133056641,0.6501379600813001
full_features,91,103,0.6787180304527283,0.6428653792250546
full_features,91,104,0.6721157431602478,0.6774180274253315
full_features,91,105,0.6895940899848938,0.6711336421796924
full_features,91,106,0.7139521837234497,0.6882616916247457
full_features,91,107,0.7515538334846497,0.7106440519520832
full_features,91,108,0.7317988872528076,0.7391970517234244
full_features,91,109,0.7652998566627502,0.7249433853984105
full_features,91,110,0.7717673182487488,0.7561234072817263
full_features,91,111,0.7383655309677124,0.7578889937963695
full_features,91,112,0.671288013458252,0.732144242498049
full_features,91,113,0.6609769463539124,0.6676441486982527
full_features,91,114,0.7362765073776245,0.6598855430516304
full_features,91,115,0.8019096255302429,0.7338072211528103
full_features,91,116,0.7867714762687683,0.7899594795797913
full_features,91,117,0.7817285656929016,0.7749529326664456
full_features,91,118,0.74699866771698,0.7718955510714469
full_features,91,119,0.7316478490829468,0.7411586824597235
full_features,91,120,0.754915714263916,0.7249782819068278
full_features,91,121,0.7096195816993713,0.7448181434684678
full_features,91,122,0.7655578851699829,0.7051325661751282
full_features,91,123,0.7808929681777954,0.7561329154511741
full_features,91,124,0.7264884114265442,0.7701421178340476
full_features,91,125,0.824468731880188,0.7232543991019172
full_features,91,126,0.741415798664093,0.8083403819454826
full_features,91,127,0.7967392206192017,0.7355473613494629
full_features,91,128,0.8733353018760681,0.7835347438325297
full_features,91,129,0.7680109739303589,0.8596605425379493
full_features,91,130,0.7768831849098206,0.7476514217233755
full_features,91,131,0.8003349304199219,0.7604894313220274
full_features,91,132,0.7308499813079834,0.7868962682416881
full_features,91,133,0.8124100565910339,0.7251483130933443
full_features,91,134,0.7873653769493103,0.7940863295852381
full_features,91,135,0.7670956254005432,0.7722921869976328
full_features,91,136,0.7746968865394592,0.7530967100297259
full_features,91,137,0.7603226900100708,0.7621992678515594
full_features,91,138,0.761994481086731,0.7481437264541292
full_features,91,139,0.7925463914871216,0.7531873230754147
full_features,91,140,0.7648728489875793,0.7768271655001664
full_features,91,141,0.7849591374397278,0.7545829923784898
full_features,91,142,0.7898789048194885,0.770303622473363
full_features,91,143,0.7447134256362915,0.7810842159462253
full_features,91,144,0.8061725497245789,0.7356168941131077
full_features,91,145,0.7605602741241455,0.7934157161358201
full_features,91,146,0.8144825100898743,0.7457576778260385
full_features,91,147,0.7557141780853271,0.7995705743941208
full_features,91,148,0.7613011598587036,0.7442739745410918
full_features,91,149,0.7724568247795105,0.7509992597311056
full_features,91,150,0.7857146859169006,0.7619358107557533
full_features,91,151,0.7806171774864197,0.7756388246366706
full_features,91,152,0.7936757802963257,0.7681838415859519
full_features,91,153,0.7815924286842346,0.7803904197031133
full_features,91,154,0.7669194936752319,0.7705328394564003
full_features,91,155,0.7486345767974854,0.7542578379141109
full_features,91,156,0.778622031211853,0.7434643751342077
full_features,91,157,0.7346300482749939,0.7677334434228483
full_features,91,158,0.7959188222885132,0.7275055680748433
full_features,91,159,0.7326542735099792,0.7804357584872791
full_features,91,160,0.7494902014732361,0.7273543662183531
full_features,91,161,0.8063985705375671,0.7424231460498056
full_features,91,162,0.7335032820701599,0.7914734588884329
full_features,91,163,0.7558570504188538,0.7283290142845269
full_features,91,164,0.7345919609069824,0.7403752571068147
full_features,91,165,0.7761393785476685,0.7265244368152429
full_features,91,166,0.74997878074646,0.766790514342055
full_features,91,167,0.7865310907363892,0.7457393685330184
full_features,91,168,0.7727410197257996,0.775659695105393
full_features,91,169,0.7632182836532593,0.7596543575871896
full_features,91,170,0.7510420680046082,0.7545361440353251
full_features,91,171,0.7489790916442871,0.7403119932043707
full_features,91,172,0.7610465884208679,0.7403079500256508
full_features,91,173,0.7238667011260986,0.7498686404456293
full_features,91,174,0.7608855366706848,0.7196832802429515
full_features,91,175,0.7539421916007996,0.7512348846928577
full_features,91,176,0.7320656180381775,0.7432243920976552
full_features,91,177,0.7281394004821777,0.7262345603773768
full_features,91,178,0.7403769493103027,0.7231315098926582
full_features,91,179,0.726283848285675,0.7333643225020408
full_features,91,180,0.7022027969360352,0.7185423751407848
full_features,91,181,0.7616451978683472,0.6960799804345891
full_features,91,182,0.7433286905288696,0.7506374266170204
full_features,91,183,0.6997729539871216,0.7376707270746542
full_features,91,184,0.7577304840087891,0.6929687475455937
full_features,91,185,0.7149592638015747,0.7476110499646068
full_features,91,186,0.7144057750701904,0.7121756015440416
full_features,91,187,0.7365458011627197,0.7058606261599825
full_features,91,188,0.682927668094635,0.7324727807460262
full_features,91,189,0.7064433693885803,0.6802217353878385
full_features,91,190,0.7104227542877197,0.7002457844751615
full_features,91,191,0.6858320236206055,0.7082271101973674
full_features,91,192,0.7039591670036316,0.682101529532013
full_features,91,193,0.639439582824707,0.7001311805830843
full_features,91,194,0.6787652969360352,0.6390052100588698
full_features,91,195,0.6547344326972961,0.6739705468922714
full_features,91,196,0.7131778001785278,0.6540404986994512
full_features,91,197,0.7035949230194092,0.7109823737764833
full_features,91,198,0.6017568707466125,0.6967169599447329
full_features,91,199,0.6761091351509094,0.6044447809077801
full_features,91,200,0.7420927286148071,0.6756291378819016
full_features,91,201,0.6153482794761658,0.7382649440044072
full_features,91,202,0.7265154719352722,0.6174835515008301
full_features,91,203,0.6984158754348755,0.723563111982363
full_features,91,204,0.6765236258506775,0.6930535634514545
full_features,91,205,0.7121729254722595,0.6739126844298904
full_features,91,206,0.676689088344574,0.7077426599699873
full_features,91,207,0.6886466145515442,0.6735680663767399
full_features,91,208,0.618514895439148,0.6850817430508858
full_features,91,209,0.712279736995697,0.6200349653921167
full_features,91,210,0.681770920753479,0.7086538638295357
full_features,91,211,0.6947018504142761,0.6791308477032527
full_features,91,212,0.6902788281440735,0.689508288624984
full_features,91,213,0.7701029777526855,0.6868587922005825
full_features,91,214,0.6827535629272461,0.7578412573553129
full_features,91,215,0.7172455787658691,0.6818629424353534
full_features,91,216,0.6589370369911194,0.7153088871968741
full_features,91,217,0.7306041121482849,0.6575901433274457
full_features,91,218,0.7176796197891235,0.7272236700064184
full_features,91,219,0.7124735116958618,0.7126723123818951
full_features,91,220,0.6590946316719055,0.7083350443867906
full_features,91,221,0.6674041748046875,0.6584616848161476
full_features,91,222,0.6633573174476624,0.6654924039475365
full_features,91,223,0.7297236323356628,0.6604535121537359
full_features,91,224,0.7108008861541748,0.723103398107051
full_features,91,225,0.6802922487258911,0.7061278887924768
full_features,91,226,0.6869238615036011,0.6765988616086883
full_features,91,227,0.729046642780304,0.6830706009555816
full_features,91,228,0.7213093042373657,0.7233835901045627
full_features,91,229,0.6882384419441223,0.7182789520960372
full_features,91,230,0.6679533123970032,0.6840016622322483
full_features,91,231,0.6823150515556335,0.6664463723197166
full_features,91,232,0.6303983926773071,0.6785738279481783
full_features,91,233,0.6593920588493347,0.6311614993559715
full_features,91,234,0.6725261807441711,0.6580973644526483
full_features,91,235,0.6426656246185303,0.6687698467797121
full_features,91,236,0.7065532803535461,0.642681222556168
full_features,91,237,0.6421048641204834,0.7009285043656106
full_features,91,238,0.6080282926559448,0.6431033819774971
full_features,91,239,0.6529366970062256,0.6098496549720571
full_features,91,240,0.6091981530189514,0.6500948526145637
full_features,91,241,0.6529942154884338,0.6115398028321027
full_features,91,242,0.6060858964920044,0.651608305219334
full_features,91,243,0.6101440191268921,0.6088274835011185
full_features,91,244,0.624046266078949,0.6128036553886926
full_features,91,245,0.6443890929222107,0.6248584632929118
full_features,91,246,0.5775756239891052,0.644612145583939
full_features,91,247,0.5708217620849609,0.5826870736808972
full_features,91,248,0.5896015167236328,0.5763822076829158
full_features,91,249,0.6180625557899475,0.5937676095724325
full_features,91,250,0.5506580471992493,0.6199359691156393
full_features,91,251,0.5341492295265198,0.5579712971225302
full_features,91,252,0.5155346393585205,0.5430019308593237
full_features,91,253,0.514782190322876,0.5268704133160413
full_features,91,254,0.4641228914260864,0.5266396322624893
full_features,91,255,0.575221836566925,0.46092418050709166
full_features,91,256,0.5187193751335144,0.5802903245360846
full_features,91,257,0.5185852646827698,0.5291524741818254
full_features,91,258,0.5765758752822876,0.5285186046565851
full_features,91,259,0.4993530213832855,0.5817933539856369
full_features,91,260,0.5118337869644165,0.4899433434458086
full_features,91,261,0.4512732625007629,0.5229685147110233
full_features,91,262,0.4687046408653259,0.4474499025561942
full_features,91,263,0.4276250600814819,0.46532095023756564
full_features,91,264,0.4948941171169281,0.4282196089282908
full_features,91,265,0.3745935261249542,0.48835252193067463
full_features,91,266,0.4215854406356811,0.3817140142050086
full_features,91,267,0.4156372547149658,0.4245678248420506
full_features,91,268,0.4236597418785095,0.418668642770169
full_features,91,269,0.4115851521492004,0.42467466718726915
full_features,91,270,0.4145330786705017,0.41389374898523995
full_features,91,271,0.4476468563079834,0.41519447751245975
full_features,91,272,0.4035824239253998,0.44608702941200756
full_features,91,273,0.4745951294898987,0.40888684397965186
full_features,91,274,0.4285796582698822,0.4701440170193232
full_features,91,275,0.3348197042942047,0.4287598760341159
full_features,91,276,0.3637581765651703,0.34917036217828673
full_features,91,277,0.3609562516212463,0.371410502079999
full_features,91,278,0.3255457878112793,0.36981334793553694
full_features,91,279,0.3694737553596496,0.33918871131627815
full_features,91,280,0.3677890598773956,0.37758470243794734
full_features,91,281,0.239094465970993,0.3756548836367235
full_features,91,282,0.2912425994873047,0.27105794599163724
full_features,91,283,0.3792436420917511,0.3106794319443003
full_features,91,284,0.3166014850139618,0.3862383820314668
full_features,91,285,0.3166320025920868,0.3321007297817299
full_features,91,286,0.3425616323947906,0.33295043363779925
full_features,91,287,0.3724188208580017,0.3522546164389226
full_features,91,288,0.3732556402683258,0.3808254025513918
full_features,91,289,0.2920682430267334,0.3809273785111399
full_features,92,0,0.3125549554824829,0.3565229789009691
full_features,92,1,0.330889493227005,0.3290881220329108
full_features,92,2,0.3036400079727173,0.341588970159088
full_features,92,3,0.3026585280895233,0.3218234264730745
full_features,92,4,0.2908272445201874,0.32270176541030715
full_features,92,5,0.329629123210907,0.3133093290512321
full_features,92,6,0.3261440098285675,0.34227862161527894
full_features,92,7,0.3050097227096557,0.34024178586809395
full_features,92,8,0.3620617389678955,0.32100809365819427
full_features,92,9,0.2968601882457733,0.3719488496070858
full_features,92,10,0.3117637932300567,0.3140900246930954
full_features,92,11,0.3266074955463409,0.3227830889851976
full_features,92,12,0.3800522983074188,0.3411732918705125
full_features,92,13,0.3809046745300293,0.38660095731850463
full_features,92,14,0.4091017246246338,0.386340761260536
full_features,92,15,0.3750516772270202,0.4119205452784193
full_features,92,16,0.362455815076828,0.3813104063223092
full_features,92,17,0.4642214775085449,0.36893070717948556
full_features,92,18,0.3854866921901703,0.46246302977423825
full_features,92,19,0.4361954927444458,0.3908336728289359
full_features,92,20,0.4803220629692077,0.4348238390222098
full_features,92,21,0.4985918402671814,0.47531199875132474
full_features,92,22,0.433571308851242,0.491808900036673
full_features,92,23,0.4118295311927795,0.43404927629454576
full_features,92,24,0.4761918187141418,0.41417800616248335
full_features,92,25,0.5045685172080994,0.4703370146158325
full_features,92,26,0.4724557399749756,0.5175516966400475
full_features,92,27,0.4465276300907135,0.4681637678412873
full_features,92,28,0.4976783394813537,0.44492862886061285
full_features,92,29,0.4497480392456054,0.49031819316753117
full_features,92,30,0.5517563819885254,0.44883097277997325
full_features,92,31,0.6052811741828918,0.5592443917809635
full_features,92,32,0.5216898322105408,0.608200852192324
full_features,92,33,0.564958393573761,0.532010474325401
full_features,92,34,0.5213345289230347,0.5712597001751428
full_features,92,35,0.5163261294364929,0.5318305307856946
full_features,92,36,0.5441765785217285,0.5275173151888777
full_features,92,37,0.5395926237106323,0.5521775920692041
full_features,92,38,0.5785166621208191,0.5479954102457072
full_features,92,39,0.5386381149291992,0.5836925906172246
full_features,92,40,0.5952948927879333,0.5472918034556604
full_features,92,41,0.5482496619224548,0.59904464045187
full_features,92,42,0.5079012513160706,0.5561143216316653
full_features,92,43,0.5652777552604675,0.5196183152399091
full_features,92,44,0.5339775085449219,0.5715455741088631
full_features,92,45,0.486946702003479,0.5435893538977707
full_features,92,46,0.4833990633487701,0.4809586467242542
full_features,92,47,0.4482929408550262,0.4781310925344946
full_features,92,48,0.557784914970398,0.4466203044406598
full_features,92,49,0.5171794891357422,0.5647393550958189
full_features,92,50,0.527927577495575,0.5282714493126206
full_features,92,51,0.5057052373886108,0.5379783408902559
full_features,92,52,0.4330076575279236,0.5172954578042507
full_features,92,53,0.4852457344532013,0.4330811178758914
full_features,92,54,0.4663927555084228,0.4794229970388079
full_features,92,55,0.4327657520771026,0.46215949267594514
full_features,92,56,0.491736888885498,0.43256981942518324
full_features,92,57,0.5176200866699219,0.4855745999792609
full_features,92,58,0.5013279318809509,0.5292865730981391
full_features,92,59,0.4590961337089538,0.514988924112115
full_features,92,60,0.4371730983257293,0.4563945753106579
full_features,92,61,0.3615894317626953,0.4352434779343409
full_features,92,62,0.4458281993865967,0.37260543817144864
full_features,92,63,0.4647913575172424,0.4444000283534596
full_features,92,64,0.4747113883495331,0.460928331757608
full_features,92,65,0.4756915271282196,0.47084649346138474
full_features,92,66,0.4794052541255951,0.4697442372995248
full_features,92,67,0.4509225189685821,0.4735025364043835
full_features,92,68,0.4323678910732269,0.4487026152805537
full_features,92,69,0.4459791183471679,0.4338127665005488
full_features,92,70,0.474371463060379,0.44268772933549466
full_features,92,71,0.4794295728206634,0.4692379867852774
full_features,92,72,0.408026248216629,0.4737087187487183
full_features,92,73,0.4146957695484161,0.41107836341442494
full_features,92,74,0.4500536918640136,0.4176888102776768
full_features,92,75,0.4603323638439178,0.44855124132710417
full_features,92,76,0.4595049321651459,0.4574843188912009
full_features,92,77,0.4930683970451355,0.4552290967951406
full_features,92,78,0.4425021409988403,0.48626848566075787
full_features,92,79,0.4149848818778991,0.4412725961108005
full_features,92,80,0.4922561645507812,0.4167791901216479
full_features,92,81,0.5042914152145386,0.4853736375306168
full_features,92,82,0.4354115128517151,0.5171846969324603
full_features,92,83,0.4420303106307983,0.43706239325281504
full_features,92,84,0.5056896209716797,0.44030162157395153
full_features,92,85,0.470805287361145,0.5172496716261294
full_features,92,86,0.4828558266162872,0.4671483857787814
full_features,92,87,0.4199085831642151,0.47806059843068344
full_features,92,88,0.4077431261539459,0.4213385394120591
full_features,92,89,0.4405902028083801,0.4083776362954564
full_features,92,90,0.4832122325897217,0.43776207571718456
full_features,92,91,0.4773344099521637,0.4781025494906259
full_features,92,92,0.5474831461906433,0.4728604902747432
full_features,92,93,0.524526059627533,0.5551602048100825
full_features,92,94,0.4831506609916687,0.5354163712239397
full_features,92,95,0.5599679946899414,0.4786762536443763
full_features,92,96,0.4463838040828705,0.5666962062667384
full_features,92,97,0.5284120440483093,0.44407859135614025
full_features,92,98,0.5477383136749268,0.5385699092740321
full_features,92,99,0.5250158905982971,0.5556531311030694
full_features,92,100,0.4536436796188354,0.53465548664803
full_features,92,101,0.5802217125892639,0.4530804196961874
full_features,92,102,0.5970426201820374,0.5851960583594353
full_features,92,103,0.5679214000701904,0.6005862754198168
full_features,92,104,0.588396430015564,0.5738718538096756
full_features,92,105,0.5564331412315369,0.5925337841891573
full_features,92,106,0.6108783483505249,0.5632918221464678
full_features,92,107,0.5988049507141113,0.6130013031550147
full_features,92,108,0.6422048807144165,0.6022710584314201
full_features,92,109,0.6571477651596069,0.6432345395183837
full_features,92,110,0.5972982048988342,0.6555347125457284
full_features,92,111,0.6413525938987732,0.6009565561341359
full_features,92,112,0.6536284685134888,0.6404887434133902
full_features,92,113,0.651150107383728,0.652311999447202
full_features,92,114,0.5556989908218384,0.649852487728563
full_features,92,115,0.6555888056755066,0.5629249824881648
full_features,92,116,0.6434580683708191,0.6556094212127994
full_features,92,117,0.6846674084663391,0.6426550605256496
full_features,92,118,0.7223020195960999,0.6800419302398348
full_features,92,119,0.6543990969657898,0.7180989203314654
full_features,92,120,0.6564227938652039,0.6532086268941784
full_features,92,121,0.7741261124610901,0.6553677692697636
full_features,92,122,0.7170898914337158,0.7621445191592162
full_features,92,123,0.6808886528015137,0.7118804275875464
full_features,92,124,0.713467001914978,0.6778843158040117
full_features,92,125,0.7499315142631531,0.7070474047469603
full_features,92,126,0.7064972519874573,0.7428662592672989
full_features,92,127,0.6902157664299011,0.7036475961497869
full_features,92,128,0.721052885055542,0.6863267975288383
full_features,92,129,0.7473689317703247,0.7164043640493662
full_features,92,130,0.7361505627632141,0.7388678520948404
full_features,92,131,0.6914896368980408,0.7295013886738798
full_features,92,132,0.7394295930862427,0.6880547835531878
full_features,92,133,0.6653090715408325,0.7329185818309831
full_features,92,134,0.7699266672134399,0.6632010248763452
full_features,92,135,0.7324583530426025,0.7588872155261639
full_features,92,136,0.7530220746994019,0.7260818021862375
full_features,92,137,0.7542858719825745,0.7430263323911999
full_features,92,138,0.7173731923103333,0.7408564991868637
full_features,92,139,0.7295317649841309,0.712127144408109
full_features,92,140,0.7198168039321899,0.7246471288925391
full_features,92,141,0.7401291131973267,0.7145567624171724
full_features,92,142,0.7423326373100281,0.733558486575647
full_features,92,143,0.7369126081466675,0.7354039446037973
full_features,92,144,0.6596702337265015,0.7307650420154129
full_features,92,145,0.7571747899055481,0.6577040942362151
full_features,92,146,0.7831240296363831,0.7473392732740832
full_features,92,147,0.7397933602333069,0.7717399161074828
full_features,92,148,0.6924680471420288,0.7345968223328379
full_features,92,149,0.7124319672584534,0.6882360539602567
full_features,92,150,0.7402715682983398,0.7077099802636715
full_features,92,151,0.6862058043479919,0.732905345359304
full_features,92,152,0.6999684572219849,0.6839606132644442
full_features,92,153,0.6965439319610596,0.6936237746909599
full_features,92,154,0.6728085875511169,0.6938688298769297
full_features,92,155,0.6998183727264404,0.6725684952270968
full_features,92,156,0.6926833987236023,0.6958749807388787
full_features,92,157,0.6806445121765137,0.6889921238975231
full_features,92,158,0.669566810131073,0.6762171608348579
full_features,92,159,0.6783827543258667,0.6675456467869151
full_features,92,160,0.698540449142456,0.6778054210330353
full_features,92,161,0.6500051617622375,0.6951322117732561
full_features,92,162,0.6155052185058594,0.6497985715418483
full_features,92,163,0.6286365985870361,0.6164311350832594
full_features,92,164,0.639382004737854,0.6304573261272044
full_features,92,165,0.6272913217544556,0.6392280200352662
full_features,92,166,0.631189227104187,0.6275429140360255
full_features,92,167,0.5939427614212036,0.6307755571055186
full_features,92,168,0.5742772817611694,0.5975878434623615
full_features,92,169,0.6125847101211548,0.579680184953762
full_features,92,170,0.645533561706543,0.6150761957361549
full_features,92,171,0.6259866952896118,0.6472621695451543
full_features,92,172,0.5973199009895325,0.6268304270327778
full_features,92,173,0.6254288554191589,0.6003055875345755
full_features,92,174,0.6465878486633301,0.6265206134682468
full_features,92,175,0.5935615301132202,0.6467160654445966
full_features,92,176,0.5553452372550964,0.597486793884953
full_features,92,177,0.5808828473091125,0.5623095160269986
full_features,92,178,0.6480839848518372,0.5854628313091574
full_features,92,179,0.6529452204704285,0.6486505037339205
full_features,92,180,0.6066171526908875,0.6511351697630028
full_features,92,181,0.6143375039100647,0.6090507573935035
full_features,92,182,0.5697445273399353,0.6158598336553327
full_features,92,183,0.6166008114814758,0.5755370311314677
full_features,92,184,0.6277559995651245,0.6180232312390428
full_features,92,185,0.580108106136322,0.6280149025452797
full_features,92,186,0.5887923836708069,0.5847405736128785
full_features,92,187,0.6182952523231506,0.5927362201934112
full_features,92,188,0.6377654671669006,0.6199135305903105
full_features,92,189,0.6071164608001709,0.6379682598426655
full_features,92,190,0.5782322287559509,0.6089349524352242
full_features,92,191,0.6260243654251099,0.5831525941650837
full_features,92,192,0.5837519764900208,0.6269811508089409
full_features,92,193,0.6502257585525513,0.5880531736120999
full_features,92,194,0.6119853854179382,0.6485542371536978
full_features,92,195,0.6823462247848511,0.6146037197843437
full_features,92,196,0.7153211832046509,0.6800674488448749
full_features,92,197,0.6464857459068298,0.710007271159306
full_features,92,198,0.6834482550621033,0.646147624286715
full_features,92,199,0.6904686093330383,0.6818751297440493
full_features,92,200,0.6102909445762634,0.6856561019544208
full_features,92,201,0.6711696982383728,0.6124772114266196
full_features,92,202,0.7300640344619751,0.6698054809543158
full_features,92,203,0.720229983329773,0.7239861275006272
full_features,92,204,0.7070738673210144,0.7167707992597362
full_features,92,205,0.6847130060195923,0.7000198035390351
full_features,92,206,0.6752402186393738,0.6817239924223847
full_features,92,207,0.7324406504631042,0.6734612182527726
full_features,92,208,0.6695543527603149,0.7235852457877964
full_features,92,209,0.7272505164146423,0.666790911588719
full_features,92,210,0.7572809457778931,0.7235310891439823
full_features,92,211,0.751184344291687,0.7469509758083758
full_features,92,212,0.7218673229217529,0.7412305136820825
full_features,92,213,0.6638355255126953,0.7174293292210712
full_features,92,214,0.7158007621765137,0.6614443413029013
full_features,92,215,0.7658156752586365,0.7107672151552128
full_features,92,216,0.7479956150054932,0.7529512952600783
full_features,92,217,0.7709173560142517,0.7415904048838838
full_features,92,218,0.7576894164085388,0.7615616890119516
full_features,92,219,0.7209943532943726,0.7460459950119629
full_features,92,220,0.7282865643501282,0.7159172054930182
full_features,92,221,0.7278344631195068,0.7226847905507792
full_features,92,222,0.722107470035553,0.7226249778143307
full_features,92,223,0.7802086472511292,0.716947516992059
full_features,92,224,0.7246715426445007,0.7679713934578004
full_features,92,225,0.7880830764770508,0.7191486542031096
full_features,92,226,0.7403304576873779,0.7783040327492691
full_features,92,227,0.7002586126327515,0.7354117635864564
full_features,92,228,0.7889419794082642,0.69471449458289
full_features,92,229,0.7435036897659302,0.7766364307412
full_features,92,230,0.7552477717399597,0.7360096271163882
full_features,92,231,0.7633656859397888,0.7424957868866259
full_features,92,232,0.7646224498748779,0.7511013405908684
full_features,92,233,0.7464272975921631,0.7547017094255196
full_features,92,234,0.7113569974899292,0.7370988305009774
full_features,92,235,0.7474701404571533,0.7063089532746222
full_features,92,236,0.7646076679229736,0.7418912048134855
full_features,92,237,0.7600948810577393,0.7511467150636114
full_features,92,238,0.818465530872345,0.7502132740295133
full_features,92,239,0.7275264263153076,0.8071309554975205
full_features,92,240,0.7130575180053711,0.7203406346898249
full_features,92,241,0.706713080406189,0.7065617856905555
full_features,92,242,0.6655715107917786,0.7026404606050014
full_features,92,243,0.6709607243537903,0.6642294054838643
full_features,92,244,0.6347637176513672,0.6692187259082514
full_features,92,245,0.6540298461914062,0.6350809810497222
full_features,92,246,0.6353552937507629,0.6521570848799295
full_features,92,247,0.6965526342391968,0.6358558089781585
full_features,92,248,0.6627568602561951,0.6926208107515903
full_features,92,249,0.6190190315246582,0.6606419384453129
full_features,92,250,0.6050046682357788,0.6212962440698487
full_features,92,251,0.6135818958282471,0.6074266879938304
full_features,92,252,0.5919758677482605,0.6154860385215987
full_features,92,253,0.5808786749839783,0.5955910870467701
full_features,92,254,0.5897346138954163,0.585261867518883
full_features,92,255,0.5760746002197266,0.5936086775493157
full_features,92,256,0.5405630469322205,0.581158020829779
full_features,92,257,0.5740175843238831,0.5495342034438623
full_features,92,258,0.4735900461673736,0.5792141445599875
full_features,92,259,0.5115355849266052,0.46845364283160257
full_features,92,260,0.5010155439376831,0.5231121892008654
full_features,92,261,0.4954988956451416,0.5124021402770957
full_features,92,262,0.5248240232467651,0.4885112372952422
full_features,92,263,0.4758586287498474,0.5340585873671029
full_features,92,264,0.4773406982421875,0.47049428611406596
full_features,92,265,0.4527903795242309,0.47279736796645006
full_features,92,266,0.4363897144794464,0.4493214700260812
full_features,92,267,0.4504190981388092,0.436041654432147
full_features,92,268,0.4713031649589538,0.44717366044990703
full_features,92,269,0.4646706581115722,0.46710634116472405
full_features,92,270,0.4731732904911041,0.46150905445757917
full_features,92,271,0.3775933682918548,0.46857333528146283
full_features,92,272,0.4309587180614471,0.3831303394180957
full_features,92,273,0.4142498075962066,0.4329643772461482
full_features,92,274,0.3467016220092773,0.4172683791661723
full_features,92,275,0.3958741426467895,0.3612713308838619
full_features,92,276,0.3713594377040863,0.4035998459061444
full_features,92,277,0.4053693413734436,0.378188348697663
full_features,92,278,0.3528454899787903,0.40621981879451946
full_features,92,279,0.3627774715423584,0.3644923403421623
full_features,92,280,0.3684380948543548,0.3696390154826829
full_features,92,281,0.3965722918510437,0.37666600505362025
full_features,92,282,0.3455111384391784,0.3999206440329321
full_features,92,283,0.3647503554821014,0.3573181184952944
full_features,92,284,0.3239858746528625,0.3729525655424254
full_features,92,285,0.2677780389785766,0.338603495293839
full_features,92,286,0.4107605516910553,0.29272053908544826
full_features,92,287,0.3867579102516174,0.4107550692144186
full_features,92,288,0.3365193009376526,0.39348427249336104
full_features,92,289,0.3157074749469757,0.35039449365758985
full_features,93,0,0.3246715664863586,0.3383446138733903
full_features,93,1,0.3072186112403869,0.34426161393370597
full_features,93,2,0.2695581912994385,0.32239875780672245
full_features,93,3,0.411451518535614,0.2915971018894119
full_features,93,4,0.2849099934101105,0.41165339634963954
full_features,93,5,0.3005172908306122,0.3078674135623626
full_features,93,6,0.3209386169910431,0.3202507296761956
full_features,93,7,0.379187673330307,0.3372653272525936
full_features,93,8,0.387524276971817,0.3864528307741023
full_features,93,9,0.3481588661670685,0.3946239063014675
full_features,93,10,0.3419484496116638,0.3584755670099678
full_features,93,11,0.2633683085441589,0.350738306339282
full_features,93,12,0.350995123386383,0.2891530902891678
full_features,93,13,0.2799334526062011,0.3628848859869089
full_features,93,14,0.3843819200992584,0.3025913799895063
full_features,93,15,0.2589358687400818,0.3910489715742588
full_features,93,16,0.3864648938179016,0.2812387505320179
full_features,93,17,0.3496066927909851,0.3962474320039409
full_features,93,18,0.3758545517921448,0.35951598760837283
full_features,93,19,0.4087136089801788,0.3843249549338362
full_features,93,20,0.3966843783855438,0.40846048512383665
full_features,93,21,0.2749979197978973,0.4012008767364424
full_features,93,22,0.4271882176399231,0.2979604752798586
full_features,93,23,0.417284607887268,0.427603359313308
full_features,93,24,0.3395081758499145,0.4177484217531011
full_features,93,25,0.4412099719047546,0.3552634354797132
full_features,93,26,0.3839943408966064,0.4389346042043744
full_features,93,27,0.3663212060928345,0.39169434602430575
full_features,93,28,0.4227142035961151,0.37788718399757343
full_features,93,29,0.3872527480125427,0.4256322950381782
full_features,93,30,0.3814188539981842,0.3920069393060196
full_features,93,31,0.3814626038074493,0.38698759556364853
full_features,93,32,0.4441110491752624,0.3870257457392357
full_features,93,33,0.4685644209384918,0.4416899993815582
full_features,93,34,0.4493121206760406,0.4641376287027062
full_features,93,35,0.4924190044403076,0.44703374541464114
full_features,93,36,0.3821598887443542,0.4850831382495681
full_features,93,37,0.413445770740509,0.3862296234732667
full_features,93,38,0.4915878772735595,0.41477198130868786
full_features,93,39,0.4328081309795379,0.4854586209800006
full_features,93,40,0.4537620842456817,0.43218495193265916
full_features,93,41,0.5213326215744019,0.4510303927452004
full_features,93,42,0.5279552340507507,0.5316778134969018
full_features,93,43,0.4795304834842682,0.5374400243705288
full_features,93,44,0.4746552407741546,0.4738267135582954
full_features,93,45,0.4728211164474487,0.47011752054798706
full_features,93,46,0.5007501840591431,0.4676587909734105
full_features,93,47,0.5177371501922607,0.5133557322478142
full_features,93,48,0.5239319205284119,0.529035329980025
full_features,93,49,0.462747186422348,0.5347074693926324
full_features,93,50,0.5490244030952454,0.45932900338388394
full_features,93,51,0.4542916119098663,0.5568425936721758
full_features,93,52,0.5233871936798096,0.45125157805557764
full_features,93,53,0.47215336561203,0.5337602574110902
full_features,93,54,0.5478606224060059,0.46694433782117517
full_features,93,55,0.5764244794845581,0.5556556535372645
full_features,93,56,0.5222448110580444,0.5816160988917134
full_features,93,57,0.5838541984558105,0.5324438792423178
full_features,93,58,0.528579831123352,0.5885274297648365
full_features,93,59,0.6128796339035034,0.5376347468559786
full_features,93,60,0.5630875825881958,0.6152407676452812
full_features,93,61,0.6162073612213135,0.5695344665906105
full_features,93,62,0.5193185806274414,0.6190338603804266
full_features,93,63,0.558316707611084,0.5293273679629593
full_features,93,64,0.5583046078681946,0.565200251438148
full_features,93,65,0.5403078198432922,0.5652170725501607
full_features,93,66,0.5609267354011536,0.5490311122288002
full_features,93,67,0.5798018574714661,0.567482186696065
full_features,93,68,0.5989722013473511,0.5847439614351088
full_features,93,69,0.5689849257469177,0.6023485189780056
full_features,93,70,0.5520003437995911,0.5748517639978342
full_features,93,71,0.5267742872238159,0.5595132481066756
full_features,93,72,0.5480390787124634,0.5370905489490387
full_features,93,73,0.5351527333259583,0.5560608178726232
full_features,93,74,0.5651351809501648,0.5444467863343379
full_features,93,75,0.6380947232246399,0.5713834861506248
full_features,93,76,0.5779512524604797,0.6390274521894773
full_features,93,77,0.5903202295303345,0.5830358540256244
full_features,93,78,0.5208715796470642,0.5941982722165033
full_features,93,79,0.5374855995178223,0.5317588858289006
full_features,93,80,0.5398553013801575,0.5464460083978839
full_features,93,81,0.594731330871582,0.5486644698921073
full_features,93,82,0.5205287337303162,0.5981911599604436
full_features,93,83,0.6111792325973511,0.530713372805174
full_features,93,84,0.551971435546875,0.6136051325966002
full_features,93,85,0.5322346687316895,0.5593459369716003
full_features,93,86,0.5335198044776917,0.5417058627133422
full_features,93,87,0.5717525482177734,0.5430020837625733
full_features,93,88,0.5017876029014587,0.5773960531413244
full_features,93,89,0.5408113598823547,0.5145298304660414
full_features,93,90,0.5974142551422119,0.5496208873361705
full_features,93,91,0.534713864326477,0.600793846340459
full_features,93,92,0.5675272345542908,0.5439354400979434
full_features,93,93,0.6013309955596924,0.573498995514324
full_features,93,94,0.5603840351104736,0.6042401939831854
full_features,93,95,0.594107985496521,0.5670238346398349
full_features,93,96,0.6202180981636047,0.597580558238171
full_features,93,97,0.5761403441429138,0.6206561726105945
full_features,93,98,0.6277679204940796,0.5816449133219966
full_features,93,99,0.6164828538894653,0.6283169792519913
full_features,93,100,0.5776507258415222,0.6174246438676907
full_features,93,101,0.620549201965332,0.5828817445894234
full_features,93,102,0.5542584657669067,0.6218729284463249
full_features,93,103,0.561909556388855,0.5615819730612732
full_features,93,104,0.5962015390396118,0.5684060494725027
full_features,93,105,0.6266801357269287,0.5996054748248446
full_features,93,106,0.6346930265426636,0.6273210747921064
full_features,93,107,0.6381461024284363,0.6343748751886068
full_features,93,108,0.6820062398910522,0.6389633187300113
full_features,93,109,0.69412761926651,0.6789273436433871
full_features,93,110,0.6600255966186523,0.6920867146835664
full_features,93,111,0.6710206270217896,0.6593256694893705
full_features,93,112,0.6942763328552246,0.6685777986757108
full_features,93,113,0.6655746102333069,0.6889281192350083
full_features,93,114,0.7511836886405945,0.6630176914905518
full_features,93,115,0.76773601770401,0.7400853566951677
full_features,93,116,0.7666764855384827,0.7514613316239955
full_features,93,117,0.7654839754104614,0.7547384671575247
full_features,93,118,0.8420646786689758,0.7540694535650583
full_features,93,119,0.793950080871582,0.8271920747902753
full_features,93,120,0.8405903577804565,0.7842280126794133
full_features,93,121,0.8867921829223633,0.8233625804477553
full_features,93,122,0.8843991160392761,0.872099283348216
full_features,93,123,0.8884792923927307,0.868765925677675
full_features,93,124,0.9511812925338744,0.875131333765296
full_features,93,125,0.9120988845825196,0.9289400863710343
full_features,93,126,0.9111210107803344,0.8991910150716116
full_features,93,127,0.9408727288246156,0.8905894070490146
full_features,93,128,0.9117013812065125,0.9225951549242895
full_features,93,129,0.9184918403625488,0.8915145158314158
full_features,93,130,0.9453369975090028,0.8994418659522374
full_features,93,131,1.0,0.9285041366970654
full_features,93,132,0.9700133204460144,0.9834000389692524
full_features,93,133,0.9727442860603333,0.9546699704894821
full_features,93,134,0.9975483417510986,0.9500634693007384
full_features,93,135,0.9240598678588868,0.9796118663231319
full_features,93,136,0.9669817090034484,0.9066657594410735
full_features,93,137,0.9424473643302916,0.9508716786478292
full_features,93,138,0.9443143606185912,0.9282552756728663
full_features,93,139,0.8724431395530701,0.9300430168685901
full_features,93,140,0.9116356372833252,0.857440609205056
full_features,93,141,0.9203338027000428,0.8987328442166681
full_features,93,142,0.9182479977607728,0.9058851233725551
full_features,93,143,0.8360729813575745,0.8980266289387977
full_features,93,144,0.9079408049583436,0.8188324574701894
full_features,93,145,0.920019507408142,0.8929111175655661
full_features,93,146,0.9197061061859132,0.8977205224258613
full_features,93,147,0.9032829403877258,0.9001760997872226
full_features,93,148,0.8952059745788574,0.8832334062540819
full_features,93,149,0.9616492390632628,0.8771352687013134
full_features,93,150,0.8679967522621155,0.9426885152623398
full_features,93,151,0.9168244004249572,0.8491986049893027
full_features,93,152,0.8647072911262512,0.9009669822233036
full_features,93,153,0.8388491272926331,0.8521019051880058
full_features,93,154,0.9067066311836244,0.823225144848257
full_features,93,155,0.905709743499756,0.8868093595341864
full_features,93,156,0.8687098026275635,0.8926639128682868
full_features,93,157,0.9084049463272096,0.8535567540662631
full_features,93,158,0.846441388130188,0.8887780635487558
full_features,93,159,0.8531013131141663,0.83251597623457
full_features,93,160,0.897523045539856,0.8352983045315182
full_features,93,161,0.9393246173858644,0.8851929733113713
full_features,93,162,0.9113783836364746,0.9148806324800438
full_features,93,163,0.8657342791557312,0.8888784785815798
full_features,93,164,0.8087684512138367,0.8494069454997253
full_features,93,165,0.7908570766448975,0.7931382706278097
full_features,93,166,0.7806829214096069,0.778493336285316
full_features,93,167,0.8602012395858765,0.7691864060410747
full_features,93,168,0.7881930470466614,0.8464880184462995
full_features,93,169,0.8608314394950867,0.774013840493897
full_features,93,170,0.7578915953636169,0.841187776752829
full_features,93,171,0.7058851718902588,0.7460666073865756
full_features,93,172,0.7490810751914978,0.7017828652081433
full_features,93,173,0.7285450100898743,0.7424397158566588
full_features,93,174,0.649836003780365,0.7229696438997062
full_features,93,175,0.7335176467895508,0.6493474331023745
full_features,93,176,0.663878321647644,0.7240364166492085
full_features,93,177,0.7421642541885376,0.6617380914687151
full_features,93,178,0.6207563877105713,0.734625808918542
full_features,93,179,0.6312210559844971,0.6216166726769805
full_features,93,180,0.6789365410804749,0.6327024813353737
full_features,93,181,0.6573914885520935,0.6760329820603349
full_features,93,182,0.6116635799407959,0.6559961493748475
full_features,93,183,0.6779277920722961,0.6133842928151418
full_features,93,184,0.6455042362213135,0.6734744287453226
full_features,93,185,0.6557747721672058,0.6466853169353911
full_features,93,186,0.6194894313812256,0.6541051816719151
full_features,93,187,0.6269788146018982,0.6211885802132648
full_features,93,188,0.6646344065666199,0.6289589247688394
full_features,93,189,0.5797130465507507,0.6624191952798625
full_features,93,190,0.6049313545227051,0.5847608320198003
full_features,93,191,0.6490410566329956,0.6075062997343775
full_features,93,192,0.6565114855766296,0.6483189721190169
full_features,93,193,0.6084153056144714,0.6549746444931251
full_features,93,194,0.6626339554786682,0.61082027589244
full_features,93,195,0.6323467493057251,0.6607975050549247
full_features,93,196,0.6614627838134766,0.6326122708638827
full_features,93,197,0.630229651927948,0.6600410295385447
full_features,93,198,0.6483802199363708,0.6304609115145581
full_features,93,199,0.7142625451087952,0.6472431036003072
full_features,93,200,0.6178604364395142,0.7081996171511856
full_features,93,201,0.6724156737327576,0.6194445734642563
full_features,93,202,0.6138863563537598,0.6703680174178898
full_features,93,203,0.7107008695602417,0.61537666687892
full_features,93,204,0.6120030879974365,0.7047639242610132
full_features,93,205,0.6883769035339355,0.6138793854242215
full_features,93,206,0.7061772346496582,0.6833310766837034
full_features,93,207,0.6363153457641602,0.7015508731874902
full_features,93,208,0.7054921984672546,0.6365394179645903
full_features,93,209,0.6513168215751648,0.6988924784381133
full_features,93,210,0.6451990008354187,0.6520187314064488
full_features,93,211,0.6671044230461121,0.6428159036003447
full_features,93,212,0.6600446105003357,0.6657916918055828
full_features,93,213,0.7645328044891357,0.6565058156541117
full_features,93,214,0.6712592244148254,0.753751404746941
full_features,93,215,0.6928644180297852,0.6690517135983193
full_features,93,216,0.6986470222473145,0.6872606633662309
full_features,93,217,0.6904273629188538,0.6926599735266179
full_features,93,218,0.6825774312019348,0.6858792300521497
full_features,93,219,0.697942316532135,0.680260043119913
full_features,93,220,0.734121561050415,0.6917216318286724
full_features,93,221,0.7286681532859802,0.7264146582443104
full_features,93,222,0.7717456221580505,0.72140622826677
full_features,93,223,0.7035379409790039,0.7589066518384084
full_features,93,224,0.7818832397460938,0.6984825175962176
full_features,93,225,0.729461133480072,0.7668956375379746
full_features,93,226,0.7279280424118042,0.7212195963851388
full_features,93,227,0.7437655925750732,0.7225267666788739
full_features,93,228,0.7654086947441101,0.7360554627843143
full_features,93,229,0.6786015629768372,0.7536709149399781
full_features,93,230,0.6568789482116699,0.6764332525989305
full_features,93,231,0.6786521077156067,0.6563955451980703
full_features,93,232,0.6756248474121094,0.6783677431142315
full_features,93,233,0.7246851325035095,0.6739159684803687
full_features,93,234,0.6300336718559265,0.7200371637132873
full_features,93,235,0.6600101590156555,0.6314742635134866
full_features,93,236,0.664368748664856,0.65729560185504
full_features,93,237,0.6110183596611023,0.6640027391349883
full_features,93,238,0.6600955128669739,0.6123387099373543
full_features,93,239,0.6462810039520264,0.6593734628394571
full_features,93,240,0.5851793885231018,0.6459189921349892
full_features,93,241,0.6662944555282593,0.5893618868992239
full_features,93,242,0.5598138570785522,0.6644506043737961
full_features,93,243,0.628908097743988,0.5664826909554408
full_features,93,244,0.6159567832946777,0.6292860418232428
full_features,93,245,0.5193287134170532,0.6175497142384481
full_features,93,246,0.6042383313179016,0.5294131904197803
full_features,93,247,0.6026129126548767,0.6063417759765758
full_features,93,248,0.5649780035018921,0.6047551847732557
full_features,93,249,0.5753042697906494,0.5710725683330321
full_features,93,250,0.5542327761650085,0.5805910410805395
full_features,93,251,0.5665407776832581,0.5615576700143539
full_features,93,252,0.534710705280304,0.5724766335563835
full_features,93,253,0.5367404222488403,0.5436120809288257
full_features,93,254,0.4582786560058594,0.5453903123053312
full_features,93,255,0.5092834234237671,0.4568917009819063
full_features,93,256,0.5199764370918274,0.5202353158568442
full_features,93,257,0.4952562749385834,0.5308866526669153
full_features,93,258,0.4656095206737518,0.487220044794333
full_features,93,259,0.4570486843585968,0.46147765029083143
full_features,93,260,0.4696543216705322,0.45437305193758687
full_features,93,261,0.3941805362701416,0.46511370997805984
full_features,93,262,0.4829345643520355,0.39987321870584946
full_features,93,263,0.4362332820892334,0.4756975117625413
full_features,93,264,0.4842546880245209,0.43462452456010325
full_features,93,265,0.4402693212032318,0.47877649367916697
full_features,93,266,0.4705670773983001,0.43688815899441863
full_features,93,267,0.3919701278209686,0.4661374636252649
full_features,93,268,0.4534683525562286,0.39581004045077767
full_features,93,269,0.4315071105957031,0.45042488905524053
full_features,93,270,0.4577511548995971,0.4310897314943104
full_features,93,271,0.3837091326713562,0.45416130037063807
full_features,93,272,0.3850222826004028,0.38680052380818314
full_features,93,273,0.3761337101459503,0.3887835965946814
full_features,93,274,0.4137390255928039,0.38286583299211135
full_features,93,275,0.3430439233779907,0.4158119015469907
full_features,93,276,0.3695440292358398,0.3566216601735362
full_features,93,277,0.3537282645702362,0.3791621936705338
full_features,93,278,0.4146186709403991,0.36503517315561135
full_features,93,279,0.3576532006263733,0.4192522200846235
full_features,93,280,0.3799569010734558,0.3639011239442042
full_features,93,281,0.3051396012306213,0.38585066076497615
full_features,93,282,0.3552770018577575,0.32459595739298536
full_features,93,283,0.4116521179676056,0.3661606746561655
full_features,93,284,0.3017443120479584,0.41410960046807216
full_features,93,285,0.322290688753128,0.32192804330446717
full_features,93,286,0.4201291501522064,0.33496306717905405
full_features,93,287,0.344759464263916,0.42118524592750367
full_features,93,288,0.3846639096736908,0.35859835820764396
full_features,93,289,0.3328503668308258,0.3862530449593812
full_features,94,0,0.2495006024837494,0.3254212244001063
full_features,94,1,0.3548376858234405,0.27432937151705405
full_features,94,2,0.3614366948604584,0.3648810244073621
full_features,94,3,0.3365260362625122,0.3693776057443287
full_features,94,4,0.3030116558074951,0.35016789078995764
full_features,94,5,0.2628867924213409,0.320690933054094
full_features,94,6,0.3672299981117248,0.2864022232156578
full_features,94,7,0.324889063835144,0.37607619836076406
full_features,94,8,0.3256235122680664,0.3388674756834723
full_features,94,9,0.3238775134086609,0.33925107226765405
full_features,94,10,0.3258032202720642,0.3419700975564062
full_features,94,11,0.3088614344596863,0.33940820660458004
full_features,94,12,0.3571118414402008,0.3266787137538531
full_features,94,13,0.265837162733078,0.36826455926567264
full_features,94,14,0.3174513280391693,0.2886488379915204
full_features,94,15,0.2655582726001739,0.3303705267011617
full_features,94,16,0.3067983388900757,0.2893955780089208
full_features,94,17,0.3341214060783386,0.32372437615979277
full_features,94,18,0.3522883951663971,0.3462529105594469
full_features,94,19,0.2751322090625763,0.36401658340611465
full_features,94,20,0.3372905850410461,0.2967975513218075
full_features,94,21,0.2683822214603424,0.3498171019692137
full_features,94,22,0.3476073741912842,0.29218586848018263
full_features,94,23,0.3580464720726013,0.3586941732054678
full_features,94,24,0.3303723931312561,0.3670171047488279
full_features,94,25,0.3267540633678436,0.3424011259531028
full_features,94,26,0.359754353761673,0.34365952778197717
full_features,94,27,0.3321475386619568,0.3685333299232907
full_features,94,28,0.2857136130332947,0.3455217446926623
full_features,94,29,0.3681200742721557,0.30607190126727296
full_features,94,30,0.3138631582260132,0.3781476955159805
full_features,94,31,0.35507732629776,0.3304876467628227
full_features,94,32,0.357915461063385,0.36460056565166876
full_features,94,33,0.3633271753787994,0.3684943803796355
full_features,94,34,0.3168783783912658,0.37326501822800295
full_features,94,35,0.3915082812309265,0.33258373459718593
full_features,94,36,0.3150481581687927,0.3973438491524419
full_features,94,37,0.3117082715034485,0.33235185046292165
full_features,94,38,0.2886289060115814,0.32914819299913983
full_features,94,39,0.3998647034168243,0.307091992638348
full_features,94,40,0.4228975474834442,0.4031024917489608
full_features,94,41,0.3656392693519592,0.42311320834314636
full_features,94,42,0.3408117592334747,0.3726515337813607
full_features,94,43,0.3909141719341278,0.35216499970051773
full_features,94,44,0.3495940864086151,0.3948856898405911
full_features,94,45,0.3873374164104461,0.3613839330182696
full_features,94,46,0.4124954044818878,0.3934419434954463
full_features,94,47,0.4107820689678192,0.41795319820824606
full_features,94,48,0.3259154260158539,0.41236662995876217
full_features,94,49,0.430097371339798,0.3397354826720298
full_features,94,50,0.3491614162921905,0.4289920304263491
full_features,94,51,0.3607107400894165,0.3614743856577294
full_features,94,52,0.426375538110733,0.36845678803236814
full_features,94,53,0.4356000125408172,0.42669325026480215
full_features,94,54,0.3855431675910949,0.4369700037706535
full_features,94,55,0.4208333194255829,0.3890645296412968
full_features,94,56,0.358949214220047,0.42155856505103384
full_features,94,57,0.4215672612190246,0.3693828952477235
full_features,94,58,0.4082353115081787,0.4230083979349464
full_features,94,59,0.4127233624458313,0.4121443686296364
full_features,94,60,0.4689920842647552,0.41410118418489744
full_features,94,61,0.480623334646225,0.4656635391753868
full_features,94,62,0.404612123966217,0.47563555307925337
full_features,94,63,0.4850811958312988,0.4082208917598247
full_features,94,64,0.4571821093559265,0.47953025384518105
full_features,94,65,0.4724390804767608,0.45455979222126003
full_features,94,66,0.5314887762069702,0.46964451793047085
full_features,94,67,0.5209657549858093,0.5403142659817677
full_features,94,68,0.6066104769706726,0.5315141551309073
full_features,94,69,0.5870649814605713,0.6087817707516858
full_features,94,70,0.5850062370300293,0.5913057452702318
full_features,94,71,0.5612890124320984,0.5891890065341652
full_features,94,72,0.5229538679122925,0.5679428208103234
full_features,94,73,0.5420928597450256,0.5332578123936786
full_features,94,74,0.598616898059845,0.5504801563719571
full_features,94,75,0.5398682951927185,0.602129947599724
full_features,94,76,0.6040031909942627,0.5481842900328293
full_features,94,77,0.5978085994720459,0.607204008178832
full_features,94,78,0.6145445704460144,0.6018596111507923
full_features,94,79,0.5884746313095093,0.6174118139091733
full_features,94,80,0.65518718957901,0.5926812822200022
full_features,94,81,0.6065388321876526,0.6530686628588548
full_features,94,82,0.5961768627166748,0.6092588718227406
full_features,94,83,0.6442025303840637,0.5994999423751802
full_features,94,84,0.6024585366249084,0.642925191578297
full_features,94,85,0.5742575526237488,0.6047729588434854
full_features,94,86,0.5914384722709656,0.5797833339496384
full_features,94,87,0.6072971820831299,0.5952912673116794
full_features,94,88,0.5798770189285278,0.6096648484264551
full_features,94,89,0.6225090026855469,0.5847255893384369
full_features,94,90,0.5547228455543518,0.6244371293766994
full_features,94,91,0.6250126361846924,0.5619436827428126
full_features,94,92,0.6037471890449524,0.6266841277447922
full_features,94,93,0.6406652331352234,0.6066942438264403
full_features,94,94,0.5538895130157471,0.6415611729299325
full_features,94,95,0.5645806193351746,0.56117365518137
full_features,94,96,0.6181133985519409,0.5708587186294398
full_features,94,97,0.6209045648574829,0.6198931961949158
full_features,94,98,0.6626489758491516,0.622759364834306
full_features,94,99,0.5933194756507874,0.6630683849764992
full_features,94,100,0.6464690566062927,0.5973048893299016
full_features,94,101,0.641746997833252,0.6455925441468983
full_features,94,102,0.6443690657615662,0.6414520473852243
full_features,94,103,0.6652278304100037,0.643850050469866
full_features,94,104,0.586304247379303,0.6649330704729163
full_features,94,105,0.6811628341674805,0.5904147816146238
full_features,94,106,0.6688709259033203,0.6785401437673501
full_features,94,107,0.7343367338180542,0.6669541003996543
full_features,94,108,0.6967650651931763,0.7300968371846023
full_features,94,109,0.7025543451309204,0.6923659816534478
full_features,94,110,0.6891078352928162,0.6987542364984904
full_features,94,111,0.7261163592338562,0.6861497309946522
full_features,94,112,0.6741989850997925,0.7223810931149937
full_features,94,113,0.7437682151794434,0.6712532146150649
full_features,94,114,0.7100553512573242,0.7377510893675936
full_features,94,115,0.730129063129425,0.7034534702752552
full_features,94,116,0.7306718826293945,0.7226661541917815
full_features,94,117,0.8010029792785645,0.7259159539037796
full_features,94,118,0.7260934114456177,0.7854441304147688
full_features,94,119,0.7431044578552246,0.7205682476012552
full_features,94,120,0.7574804425239563,0.738902608934591
full_features,94,121,0.8093063831329346,0.748929766044035
full_features,94,122,0.8040898442268372,0.7988194597631022
full_features,94,123,0.7768376469612122,0.786977305412351
full_features,94,124,0.8121075630187988,0.7635043788444038
full_features,94,125,0.8131760954856873,0.7979213516465157
full_features,94,126,0.7842423319816589,0.7994701070042799
full_features,94,127,0.8246368765830994,0.7696542293746469
full_features,94,128,0.8378872871398926,0.8142450465023531
full_features,94,129,0.8811569213867188,0.8187218827676985
full_features,94,130,0.8270338177680969,0.8642923298174577
full_features,94,131,0.8058237433433533,0.8089840973634701
full_features,94,132,0.7982163429260254,0.7904333366107357
full_features,94,133,0.8800639510154724,0.7872368233592758
full_features,94,134,0.8085665702819824,0.8684918927765986
full_features,94,135,0.8133611679077148,0.7932490773266219
full_features,94,136,0.8301153779029846,0.7999091842766394
full_features,94,137,0.8324529528617859,0.8159382232922734
full_features,94,138,0.7808137536048889,0.8181354290933558
full_features,94,139,0.7819151878356934,0.7674240085332654
full_features,94,140,0.8110761642456055,0.7667662404739173
full_features,94,141,0.8386185765266418,0.7942157977973016
full_features,94,142,0.7544658184051514,0.8266562052466373
full_features,94,143,0.7458856701850891,0.7431158976087271
full_features,94,144,0.7886478304862976,0.7392940940260977
full_features,94,145,0.7934194803237915,0.7766885119838524
full_features,94,146,0.7949913144111633,0.7839518536659019
full_features,94,147,0.7625904679298401,0.7795883896785177
full_features,94,148,0.7718669176101685,0.7500227534152443
full_features,94,149,0.7019681334495544,0.7597776253636608
full_features,94,150,0.7091026306152344,0.6983242661845175
full_features,94,151,0.7811046838760376,0.7035085075305857
full_features,94,152,0.6753173470497131,0.7703148842649148
full_features,94,153,0.7397312521934509,0.6717502731406801
full_features,94,154,0.683492124080658,0.7322104005489001
full_features,94,155,0.7219659090042114,0.6786751081916922
full_features,94,156,0.681483268737793,0.7165324324146128
full_features,94,157,0.6351571083068848,0.6799492771221435
full_features,94,158,0.6287434101104736,0.635369315072699
full_features,94,159,0.5878032445907593,0.629146671086657
full_features,94,160,0.6919384002685547,0.5916866018757729
full_features,94,161,0.6835559606552124,0.6890042707248745
full_features,94,162,0.7019528150558472,0.6789891135461774
full_features,94,163,0.6677934527397156,0.6996633727444737
full_features,94,164,0.6881327629089355,0.664881037053279
full_features,94,165,0.6371153593063354,0.6854680954952407
full_features,94,166,0.6777799129486084,0.6373133081252638
full_features,94,167,0.6526976227760315,0.6747317601217763
full_features,94,168,0.6561594605445862,0.6502407276641267
full_features,94,169,0.6003594398498535,0.6539675685290861
full_features,94,170,0.6136775612831116,0.603088344078874
full_features,94,171,0.6434464454650879,0.6152724068253955
full_features,94,172,0.6372256278991699,0.6426788748762735
full_features,94,173,0.6049898266792297,0.6380487983134242
full_features,94,174,0.6416009664535522,0.608198298792796
full_features,94,175,0.6174536347389221,0.6407387647193885
full_features,94,176,0.6393635272979736,0.6202035931189873
full_features,94,177,0.5893934369087219,0.6393646319383265
full_features,94,178,0.6103256344795227,0.5933717075669109
full_features,94,179,0.5847108364105225,0.6128824977129733
full_features,94,180,0.5811426639556885,0.5889521738629337
full_features,94,181,0.618285059928894,0.5858927913331482
full_features,94,182,0.6126119494438171,0.6207383988379798
full_features,94,183,0.6217118501663208,0.6147186081842012
full_features,94,184,0.5967013835906982,0.6232951094976318
full_features,94,185,0.5933943390846252,0.5998070200964184
full_features,94,186,0.5914286375045776,0.5972282523646016
full_features,94,187,0.6382893323898315,0.5950099018434761
full_features,94,188,0.6537161469459534,0.6388567924842249
full_features,94,189,0.5722804665565491,0.653598432830952
full_features,94,190,0.564632773399353,0.5777295025446846
full_features,94,191,0.6382062435150146,0.5708141270080699
full_features,94,192,0.6694722771644592,0.6378828250139484
full_features,94,193,0.6184393167495728,0.6677734389802187
full_features,94,194,0.6243293881416321,0.6197428673234435
full_features,94,195,0.6243403553962708,0.6251640732078706
full_features,94,196,0.5689445734024048,0.6253048569751617
full_features,94,197,0.6620643734931946,0.5747259967340438
full_features,94,198,0.5880023241043091,0.6600563960489647
full_features,94,199,0.5952878594398499,0.5921363678062694
full_features,94,200,0.6292983889579773,0.5986837064648646
full_features,94,201,0.66305011510849,0.6293970913772048
full_features,94,202,0.6636836528778076,0.6622600015544413
full_features,94,203,0.6468260884284973,0.6601126046996039
full_features,94,204,0.6830796003341675,0.6467274209430386
full_features,94,205,0.6993570923805237,0.6796926000945903
full_features,94,206,0.6710405349731445,0.6968893138825416
full_features,94,207,0.6571288108825684,0.6681525517210204
full_features,94,208,0.7116026282310486,0.6552193050384295
full_features,94,209,0.7408216595649719,0.7091595795976684
full_features,94,210,0.6765255331993103,0.7314088647017437
full_features,94,211,0.709041178226471,0.6739087025815652
full_features,94,212,0.7317638993263245,0.7029149379410218
full_features,94,213,0.7186402678489685,0.7253658578934417
full_features,94,214,0.6803514957427979,0.7127166217910463
full_features,94,215,0.6713807582855225,0.6773028361792748
full_features,94,216,0.732474684715271,0.6696344512449723
full_features,94,217,0.6947522163391113,0.7275035886924294
full_features,94,218,0.6966676712036133,0.688110681361992
full_features,94,219,0.6502791047096252,0.6915875954474869
full_features,94,220,0.6777529716491699,0.6506584802327906
full_features,94,221,0.6759297251701355,0.6751552521803957
full_features,94,222,0.6947898268699646,0.6742098067841573
full_features,94,223,0.7091979384422302,0.693748992518061
full_features,94,224,0.7226244807243347,0.7017687425853606
full_features,94,225,0.6599442958831787,0.7179493570217798
full_features,94,226,0.6350038647651672,0.6592455445383307
full_features,94,227,0.7137457132339478,0.6356291460790312
full_features,94,228,0.6964395046234131,0.7068742644161881
full_features,94,229,0.7049262523651123,0.6950105490620709
full_features,94,230,0.6517123579978943,0.6999081414930831
full_features,94,231,0.6865109205245972,0.650542205276075
full_features,94,232,0.7764251232147217,0.6848412788580833
full_features,94,233,0.6516753435134888,0.7639533561468159
full_features,94,234,0.6456475853919983,0.6523317208905383
full_features,94,235,0.6117298007011414,0.6448934975737963
full_features,94,236,0.6391457319259644,0.6130300661711562
full_features,94,237,0.6395143270492554,0.6381204035634844
full_features,94,238,0.6835780143737793,0.6396098991741129
full_features,94,239,0.5792533159255981,0.6789355016882409
full_features,94,240,0.6324260234832764,0.5842398483718719
full_features,94,241,0.5569707155227661,0.6317437128983034
full_features,94,242,0.6686285734176636,0.56389410881944
full_features,94,243,0.7083990573883057,0.6676345570218339
full_features,94,244,0.6503185033798218,0.7053156293935235
full_features,94,245,0.6208716630935669,0.6492520160937765
full_features,94,246,0.6533719897270203,0.6219670801388546
full_features,94,247,0.5913439989089966,0.652145147016396
full_features,94,248,0.5375661253929138,0.5949045015163176
full_features,94,249,0.5666689872741699,0.5463870763497262
full_features,94,250,0.5954222679138184,0.5726125731118833
full_features,94,251,0.5589916110038757,0.5987571467522091
full_features,94,252,0.4995067715644836,0.5656076669450865
full_features,94,253,0.5143627524375916,0.4914654937455857
full_features,94,254,0.5785099267959595,0.5259335424474738
full_features,94,255,0.5559054613113403,0.583358445649583
full_features,94,256,0.5149500966072083,0.5627969654252463
full_features,94,257,0.5207622051239014,0.5251856689069296
full_features,94,258,0.5003244876861572,0.5313922882141581
full_features,94,259,0.5483623147010803,0.5129831339380795
full_features,94,260,0.5501776337623596,0.5561533749407952
full_features,94,261,0.4980067908763885,0.5575383754405021
full_features,94,262,0.4685383439064026,0.49150043339566485
full_features,94,263,0.3685857951641083,0.46591882805277385
full_features,94,264,0.4327739775180816,0.38006980042332134
full_features,94,265,0.4642290771007538,0.4335459448056042
full_features,94,266,0.4647073447704315,0.46123090761951374
full_features,94,267,0.4200955629348755,0.46198761438833313
full_features,94,268,0.368140161037445,0.4224542883036365
full_features,94,269,0.3970993757247925,0.37750148772399167
full_features,94,270,0.4231106340885162,0.4028167306270785
full_features,94,271,0.4061662256717682,0.4243392987858791
full_features,94,272,0.42037433385849,0.4104581482401905
full_features,94,273,0.3692140579223633,0.4206190367879469
full_features,94,274,0.3830534517765045,0.3788752182705862
full_features,94,275,0.3929747939109802,0.3896230255609082
full_features,94,276,0.4200838208198547,0.39708291662119105
full_features,94,277,0.3727080225944519,0.42211501501876103
full_features,94,278,0.3522785604000091,0.37875224494586734
full_features,94,279,0.4200895130634308,0.36305373674749436
full_features,94,280,0.3698069453239441,0.42307793696257934
full_features,94,281,0.2358854264020919,0.3778789986322222
full_features,94,282,0.3184219598770141,0.26429971943627273
full_features,94,283,0.3254613578319549,0.3367045341490332
full_features,94,284,0.3311524987220764,0.34334651140350303
full_features,94,285,0.3275481462478637,0.3423292048214066
full_features,94,286,0.3611052334308624,0.34226454315204957
full_features,94,287,0.2637316286563873,0.36948614794269796
full_features,94,288,0.29224693775177,0.2868726714126215
full_features,94,289,0.3161104619503021,0.31095163265235337
full_features,95,0,0.3876187801361084,0.38425733007094165
full_features,95,1,0.3968368172645569,0.39255833031591203
full_features,95,2,0.4245177209377289,0.402655769399747
full_features,95,3,0.4098235666751861,0.4258503540496676
full_features,95,4,0.3999482989311218,0.41103218011684756
full_features,95,5,0.4484033584594726,0.4057646004673337
full_features,95,6,0.4219630658626556,0.4458577484151689
full_features,95,7,0.3817325830459595,0.4226203082518403
full_features,95,8,0.5243738293647766,0.3846567147200806
full_features,95,9,0.517249345779419,0.5352734905700849
full_features,95,10,0.4284642934799194,0.5278463669765348
full_features,95,11,0.4570837616920471,0.4290600440420383
full_features,95,12,0.4720915257930755,0.45273463321449403
full_features,95,13,0.5111368894577026,0.4668249477263195
full_features,95,14,0.389793187379837,0.5221584873881807
full_features,95,15,0.4545681476593017,0.39545683348728755
full_features,95,16,0.492550790309906,0.45214521671424035
full_features,95,17,0.4257385432720184,0.48674013557734336
full_features,95,18,0.4690454602241516,0.42661683374462367
full_features,95,19,0.482744961977005,0.46458569808836053
full_features,95,20,0.4790563285350799,0.4768458601645667
full_features,95,21,0.459339439868927,0.4737996634555614
full_features,95,22,0.5332358479499817,0.456998500760633
full_features,95,23,0.4762250483036041,0.5431578412356911
full_features,95,24,0.5244836807250977,0.47144630362272516
full_features,95,25,0.4837328493595123,0.5348649007745996
full_features,95,26,0.5015226602554321,0.47916717453260094
full_features,95,27,0.4793672859668731,0.5138612979103745
full_features,95,28,0.5295770764350891,0.47435624880506766
full_features,95,29,0.5035207867622375,0.5389744403976937
full_features,95,30,0.4575080275535583,0.5156666403585699
full_features,95,31,0.5139416456222534,0.45618993429899746
full_features,95,32,0.5795249938964844,0.5261081038053961
full_features,95,33,0.4231183528900146,0.5846882410453946
full_features,95,34,0.478628396987915,0.4230052033052376
full_features,95,35,0.4794642031192779,0.47435488844587265
full_features,95,36,0.4688598811626434,0.47405773588951927
full_features,95,37,0.5047767758369446,0.4646134728333054
full_features,95,38,0.4630218744277954,0.5169284364033216
full_features,95,39,0.4960294961929321,0.46014907486824896
full_features,95,40,0.4857235252857208,0.4894279693129897
full_features,95,41,0.4254644811153412,0.479252134151717
full_features,95,42,0.4184861481189728,0.42665724435819985
full_features,95,43,0.5166766047477722,0.4197863013671844
full_features,95,44,0.4444175064563751,0.5271858671392307
full_features,95,45,0.4516607522964477,0.4440871171760003
full_features,95,46,0.4996614456176758,0.4477585404909233
full_features,95,47,0.4657657444477081,0.4920911985551968
full_features,95,48,0.4178234338760376,0.4624775221465227
full_features,95,49,0.4258229732513428,0.4195119625712622
full_features,95,50,0.4727991223335266,0.42573901922491475
full_features,95,51,0.4809135496616363,0.4692629205218517
full_features,95,52,0.4191026389598846,0.4744193797191571
full_features,95,53,0.4758602678775787,0.42049038577436304
full_features,95,54,0.414368987083435,0.4710903219783728
full_features,95,55,0.4328165352344513,0.4160854316349245
full_features,95,56,0.3796375691890716,0.43305344890550473
full_features,95,57,0.415983110666275,0.3863948601385312
full_features,95,58,0.4404518604278564,0.4178583120243753
full_features,95,59,0.4354696273803711,0.43972965752063675
full_features,95,60,0.4478638768196106,0.4362768794626559
full_features,95,61,0.3963966965675354,0.4459650768908481
full_features,95,62,0.4144994914531708,0.4014644685968672
full_features,95,63,0.418024867773056,0.41619472464940077
full_features,95,64,0.4816659390926361,0.4198400785777267
full_features,95,65,0.3799463510513305,0.47490883152579316
full_features,95,66,0.4130702018737793,0.38666055726663884
full_features,95,67,0.4199655055999756,0.41390277648761736
full_features,95,68,0.5341663956642151,0.4199662194379857
full_features,95,69,0.4478139877319336,0.543701129761188
full_features,95,70,0.4259694814682007,0.44798284531875937
full_features,95,71,0.4313453733921051,0.4275406466382515
full_features,95,72,0.3764570951461792,0.4320200532629236
full_features,95,73,0.4369797110557556,0.38417936623996773
full_features,95,74,0.4807125926017761,0.4367530317025929
full_features,95,75,0.4310132563114166,0.4752376789867007
full_features,95,76,0.4233631491661072,0.4290558075628821
full_features,95,77,0.4316949248313904,0.42600205957636855
full_features,95,78,0.474498450756073,0.4335038644898164
full_features,95,79,0.4699262678623199,0.4694448904487079
full_features,95,80,0.4913670718669891,0.4641667293646355
full_features,95,81,0.4623765051364898,0.484245991462384
full_features,95,82,0.4848329126834869,0.45941914529825423
full_features,95,83,0.4312686324119568,0.47911289156273906
full_features,95,84,0.471184641122818,0.43179247673972554
full_features,95,85,0.4312548637390136,0.4663477239741788
full_features,95,86,0.4525030851364136,0.4310394420232457
full_features,95,87,0.4481165409088135,0.4507238216773903
full_features,95,88,0.4794577360153198,0.4462950505753284
full_features,95,89,0.5263409614562988,0.47466224247407474
full_features,95,90,0.508062481880188,0.5365583056205246
full_features,95,91,0.4594265818595886,0.5202833446193915
full_features,95,92,0.5253834128379822,0.45782531975873886
full_features,95,93,0.5862358212471008,0.5359580282118697
full_features,95,94,0.5623157620429993,0.5908853847010358
full_features,95,95,0.5464099049568176,0.5687918054298362
full_features,95,96,0.5696942210197449,0.5542939734994625
full_features,95,97,0.5769482851028442,0.5755728916146033
full_features,95,98,0.5521798729896545,0.5820902497842046
full_features,95,99,0.5349294543266296,0.5597744458100227
full_features,95,100,0.6267117857933044,0.5443205030256373
full_features,95,101,0.5734302997589111,0.627560136931096
full_features,95,102,0.6127794981002808,0.5789293156734322
full_features,95,103,0.5751216411590576,0.6149484306523274
full_features,95,104,0.6576812863349915,0.5804140036043878
full_features,95,105,0.4843261837959289,0.65767187192889
full_features,95,106,0.5875943899154663,0.47899243606255026
full_features,95,107,0.5005092024803162,0.591650327838352
full_features,95,108,0.6705429553985596,0.5131512431183148
full_features,95,109,0.5990878939628601,0.6684930430377175
full_features,95,110,0.6711542010307312,0.6018840724681459
full_features,95,111,0.6177409887313843,0.6696427930478883
full_features,95,112,0.6193151473999023,0.6190105535933557
full_features,95,113,0.6354990005493164,0.621340604480323
full_features,95,114,0.6476317048072815,0.6361935444205468
full_features,95,115,0.707444429397583,0.6470068830505682
full_features,95,116,0.6464609503746033,0.7043867909002752
full_features,95,117,0.6125636100769043,0.6481900152172657
full_features,95,118,0.6727688908576965,0.6154235395415544
full_features,95,119,0.7582204937934875,0.6713710048343025
full_features,95,120,0.7742676734924316,0.7434252670578811
full_features,95,121,0.7058061361312866,0.7641319372196738
full_features,95,122,0.6637864708900452,0.7008213421242071
full_features,95,123,0.658778190612793,0.6625817815563961
full_features,95,124,0.7216968536376953,0.6579488243665456
full_features,95,125,0.7303288578987122,0.7164865445504589
full_features,95,126,0.694821298122406,0.7257702006531717
full_features,95,127,0.7250260710716248,0.6928635443100282
full_features,95,128,0.768729031085968,0.7165563556422726
full_features,95,129,0.7312725782394409,0.7541592071568289
full_features,95,130,0.7278377413749695,0.7268327776078213
full_features,95,131,0.7619121670722961,0.7218131304154682
full_features,95,132,0.7019034028053284,0.7504989385460924
full_features,95,133,0.7489558458328247,0.6990389330488113
full_features,95,134,0.7561932802200317,0.7395079003494979
full_features,95,135,0.7449004650115967,0.7424032652374194
full_features,95,136,0.7340328097343445,0.73778838311854
full_features,95,137,0.7428838014602661,0.730158458101981
full_features,95,138,0.7812895178794861,0.7372983712300055
full_features,95,139,0.6573084592819214,0.764752710357065
full_features,95,140,0.7738180160522461,0.6570859748519615
full_features,95,141,0.7358691692352295,0.7616070644309538
full_features,95,142,0.7158694863319397,0.7305555634408261
full_features,95,143,0.7398059964179993,0.7102311373324484
full_features,95,144,0.7514142394065857,0.734806087917258
full_features,95,145,0.7594339847564697,0.743162116698729
full_features,95,146,0.709439218044281,0.7483869727555161
full_features,95,147,0.6916817426681519,0.704781605556359
full_features,95,148,0.7185551524162292,0.6868130683095821
full_features,95,149,0.6764060258865356,0.7111692808732522
full_features,95,150,0.7677104473114014,0.6717576940901133
full_features,95,151,0.8347508907318115,0.7567927707815703
full_features,95,152,0.6704164147377014,0.8241658663442172
full_features,95,153,0.7570804953575134,0.6688017624344215
full_features,95,154,0.7196947336196899,0.746391953774506
full_features,95,155,0.6897854208946228,0.7192290287205763
full_features,95,156,0.7215270400047302,0.6860426703745603
full_features,95,157,0.7201254367828369,0.7175123636785927
full_features,95,158,0.6963808536529541,0.7117328364245092
full_features,95,159,0.6602797508239746,0.6932752014896494
full_features,95,160,0.68592768907547,0.6587749310223125
full_features,95,161,0.6396373510360718,0.6820850069232262
full_features,95,162,0.7018667459487915,0.6396301111205974
full_features,95,163,0.6684595346450806,0.6970044820770895
full_features,95,164,0.7153316140174866,0.6652588424805729
full_features,95,165,0.683263897895813,0.7100475200919747
full_features,95,166,0.6763482093811035,0.6800304163909194
full_features,95,167,0.6532427668571472,0.6725531788393887
full_features,95,168,0.7053411602973938,0.6529829052332101
full_features,95,169,0.6970131397247314,0.7012813934351356
full_features,95,170,0.6820983290672302,0.691950550070247
full_features,95,171,0.6956525444984436,0.679342139682304
full_features,95,172,0.7351335883140564,0.6931650650159531
full_features,95,173,0.6998923420906067,0.7292744966262937
full_features,95,174,0.6788058280944824,0.6966735273173663
full_features,95,175,0.7408801317214966,0.6757922679155459
full_features,95,176,0.7312631011009216,0.732079161778218
full_features,95,177,0.6838265061378479,0.7249371221689397
full_features,95,178,0.8369016051292419,0.6802733934700168
full_features,95,179,0.7256131172180176,0.81866672050897
full_features,95,180,0.7487070560455322,0.7197087599385615
full_features,95,181,0.7051204442977905,0.7424910473585083
full_features,95,182,0.7608861327171326,0.7015300995018858
full_features,95,183,0.7486758232116699,0.7486242830658331
full_features,95,184,0.7612264752388,0.741441801637758
full_features,95,185,0.7461246252059937,0.750677333162076
full_features,95,186,0.778500497341156,0.7422847389965618
full_features,95,187,0.7798460125923157,0.7654622862573843
full_features,95,188,0.7824348211288452,0.768856122950025
full_features,95,189,0.7886325120925903,0.7696068225346332
full_features,95,190,0.7706713676452637,0.773906816612098
full_features,95,191,0.7526919841766357,0.7583933515722656
full_features,95,192,0.8017653226852417,0.7370509419989876
full_features,95,193,0.8912610411643982,0.7858169442861193
full_features,95,194,0.848505437374115,0.8733825657893317
full_features,95,195,0.8154551982879639,0.8312925461394277
full_features,95,196,0.7912987470626831,0.8023732860633475
full_features,95,197,0.8298255801200867,0.7753695022143556
full_features,95,198,0.8374653458595276,0.8173667806555739
full_features,95,199,0.8317234516143799,0.8230922025157928
full_features,95,200,0.8722150921821594,0.8162087652865554
full_features,95,201,0.8262931704521179,0.8609080986197689
full_features,95,202,0.7827531099319458,0.8096778201926257
full_features,95,203,0.8520821928977966,0.772543319111024
full_features,95,204,0.7785780429840088,0.8358950876272093
full_features,95,205,0.8255829215049744,0.7645711558135906
full_features,95,206,0.7355042099952698,0.8095902731995767
full_features,95,207,0.8477086424827576,0.7258088954102893
full_features,95,208,0.7821963429450989,0.8324142794952392
full_features,95,209,0.7875400185585022,0.7698460956263765
full_features,95,210,0.794105052947998,0.7765716178906651
full_features,95,211,0.7642098069190979,0.7802287879073588
full_features,95,212,0.8192116618156433,0.7527883976630491
full_features,95,213,0.7956088185310364,0.804486128306172
full_features,95,214,0.7044200301170349,0.7811175952397847
full_features,95,215,0.8345330357551575,0.6980662086620346
full_features,95,216,0.8188014626502991,0.8241950895702683
full_features,95,217,0.781805157661438,0.8040983851797855
full_features,95,218,0.8292192220687866,0.7687510425659542
full_features,95,219,0.7928176522254944,0.8109211192149773
full_features,95,220,0.7437058091163635,0.781794728799175
full_features,95,221,0.7809867858886719,0.7348193050282249
full_features,95,222,0.733482837677002,0.7665487966919662
full_features,95,223,0.7238155603408813,0.7252663384994951
full_features,95,224,0.7320456504821777,0.7181801107953131
full_features,95,225,0.7112875580787659,0.7252448658863608
full_features,95,226,0.7774843573570251,0.7078742124232612
full_features,95,227,0.7226092219352722,0.7656540954493363
full_features,95,228,0.7244285345077515,0.7177576636258034
full_features,95,229,0.7287985682487488,0.7169767282849578
full_features,95,230,0.6976421475410461,0.7195223196724301
full_features,95,231,0.7362532019615173,0.6943784319945243
full_features,95,232,0.6932467818260193,0.7296893957059138
full_features,95,233,0.7288152575492859,0.6922815863999023
full_features,95,234,0.7091369032859802,0.7224371932835452
full_features,95,235,0.6840347647666931,0.7021820122568819
full_features,95,236,0.7019057869911194,0.6806729837941291
full_features,95,237,0.6634451746940613,0.6983348661807154
full_features,95,238,0.7207057476043701,0.6628109740739639
full_features,95,239,0.7052034139633179,0.7154586483189856
full_features,95,240,0.6496315002441406,0.7001536834773846
full_features,95,241,0.7026365995407104,0.6496589890233434
full_features,95,242,0.6792566180229187,0.6979416697349584
full_features,95,243,0.6668760776519775,0.6758883620831133
full_features,95,244,0.7424035668373108,0.6638552882725128
full_features,95,245,0.7113808989524841,0.7371406222853003
full_features,95,246,0.6776948571205139,0.7048608634853859
full_features,95,247,0.6614408493041992,0.6757013168304586
full_features,95,248,0.626747190952301,0.6591166252585379
full_features,95,249,0.6328744292259216,0.6285474760385689
full_features,95,250,0.6448937654495239,0.6325903138880979
full_features,95,251,0.6699206829071045,0.6435681928620298
full_features,95,252,0.6399933099746704,0.6670849380564458
full_features,95,253,0.5810590386390686,0.6404518732769477
full_features,95,254,0.5652497410774231,0.5855847632818297
full_features,95,255,0.5847007036209106,0.5713141067552667
full_features,95,256,0.6050548553466797,0.5890684529124062
full_features,95,257,0.6516940593719482,0.607911894386866
full_features,95,258,0.5282911062240601,0.6507880389634135
full_features,95,259,0.5426739454269409,0.5376211047807796
full_features,95,260,0.5531124472618103,0.5509762736031435
full_features,95,261,0.5755435824394226,0.5603237141870872
full_features,95,262,0.5367017984390259,0.5806337357421242
full_features,95,263,0.5783792734146118,0.5455953302017658
full_features,95,264,0.561007559299469,0.583336311697047
full_features,95,265,0.5425078272819519,0.5674015713722842
full_features,95,266,0.506976842880249,0.5506729175533565
full_features,95,267,0.5394566655158997,0.5177356740124206
full_features,95,268,0.5694281458854675,0.5479311484706568
full_features,95,269,0.5498995780944824,0.5751065622731089
full_features,95,270,0.4711554646492004,0.5575890199963949
full_features,95,271,0.4654280245304107,0.4649000087672639
full_features,95,272,0.5438863039016724,0.4593227508288358
full_features,95,273,0.4972075223922729,0.552009308634853
full_features,95,274,0.4600944221019745,0.4907058944752497
full_features,95,275,0.4671022295951843,0.45766053881561836
full_features,95,276,0.4796115159988403,0.4631282741154436
full_features,95,277,0.5013704299926758,0.47367704503230235
full_features,95,278,0.4484075307846069,0.5130622869984749
full_features,95,279,0.4658257365226745,0.44598671294411607
full_features,95,280,0.4414961636066437,0.4621996151391715
full_features,95,281,0.4198991060256958,0.44058720142523916
full_features,95,282,0.3885195255279541,0.42306847221622823
full_features,95,283,0.4020622968673706,0.39387392690937556
full_features,95,284,0.4519775211811065,0.40537853529476636
full_features,95,285,0.471208393573761,0.45068996346808626
full_features,95,286,0.3584288358688354,0.466176871713678
full_features,95,287,0.3992282152175903,0.3691607299944463
full_features,95,288,0.4440763294696808,0.4033941087688367
full_features,95,289,0.3831159174442291,0.4423487435391581
full_features,96,0,0.3791288137435913,0.35145518238912693
full_features,96,1,0.3560290038585663,0.3874345912680289
full_features,96,2,0.3683467507362366,0.3673227235681215
full_features,96,3,0.3607681095600128,0.3770683917820748
full_features,96,4,0.4410400688648224,0.37013430925675755
full_features,96,5,0.3973099589347839,0.4409918173955052
full_features,96,6,0.4254518151283264,0.40325496960779655
full_features,96,7,0.3651840686798095,0.4277587607677984
full_features,96,8,0.3945688903331756,0.37691500892891455
full_features,96,9,0.45982226729393,0.40102361607318393
full_features,96,10,0.4198861420154571,0.45709149134578947
full_features,96,11,0.4594129920005798,0.4209111011719899
full_features,96,12,0.3762776255607605,0.4566071202762639
full_features,96,13,0.3679085373878479,0.38261773506757507
full_features,96,14,0.4160381853580475,0.3755807383831757
full_features,96,15,0.3659249246120453,0.4177840745094833
full_features,96,16,0.3895350694656372,0.37403233713610423
full_features,96,17,0.406088650226593,0.39522562062696104
full_features,96,18,0.4428378939628601,0.4109838026160677
full_features,96,19,0.3901657462120056,0.44149591331804416
full_features,96,20,0.3717385232448578,0.39520331716479706
full_features,96,21,0.3793553411960602,0.37877127982485687
full_features,96,22,0.4106447994709015,0.3876139832805595
full_features,96,23,0.3779006898403168,0.41431395706255864
full_features,96,24,0.4201188385486603,0.38674469609730056
full_features,96,25,0.3751491010189056,0.4214266670056727
full_features,96,26,0.3514413237571716,0.38180762143601316
full_features,96,27,0.3849468231201172,0.36113921011809663
full_features,96,28,0.4046518504619598,0.39034307891569203
full_features,96,29,0.4265406727790832,0.4091748176779964
full_features,96,30,0.3408563435077667,0.42869922924456183
full_features,96,31,0.3739396929740906,0.3524638285222438
full_features,96,32,0.416374921798706,0.3817794139678105
full_features,96,33,0.402086466550827,0.4195463233457741
full_features,96,34,0.3754579722881317,0.40383885569772043
full_features,96,35,0.3704767227172851,0.38375047457457717
full_features,96,36,0.3941569924354553,0.3795669756327693
full_features,96,37,0.3892119824886322,0.3976130492001469
full_features,96,38,0.3933119177818298,0.39452993915690954
full_features,96,39,0.4484614431858063,0.39818025258884876
full_features,96,40,0.389215886592865,0.4458776580838641
full_features,96,41,0.347771942615509,0.39491911071625063
full_features,96,42,0.3618078529834747,0.3556998284321862
full_features,96,43,0.304910659790039,0.37438750098954576
full_features,96,44,0.379018634557724,0.32347406028530235
full_features,96,45,0.4061999917030334,0.38503424141777925
full_features,96,46,0.3890133798122406,0.41000224166063703
full_features,96,47,0.4159234762191772,0.39181586315386274
full_features,96,48,0.4009312391281128,0.4173203728460418
full_features,96,49,0.3474924266338348,0.40423092437434993
full_features,96,50,0.391784518957138,0.3561621203180359
full_features,96,51,0.4343993365764618,0.3956598726938609
full_features,96,52,0.4101631641387939,0.4344703678574198
full_features,96,53,0.3799947202205658,0.4116340832989318
full_features,96,54,0.3348545730113983,0.38855538507654863
full_features,96,55,0.396548867225647,0.3473768803747254
full_features,96,56,0.3852875530719757,0.401046712826209
full_features,96,57,0.3374497592449188,0.39161268249100845
full_features,96,58,0.3922208249568939,0.34841303679691427
full_features,96,59,0.4053263962268829,0.39833517792765794
full_features,96,60,0.3986923396587372,0.40885987003741325
full_features,96,61,0.3810211718082428,0.4031346333861566
full_features,96,62,0.4028740227222442,0.38619575389330435
full_features,96,63,0.3511945009231567,0.4055979685209809
full_features,96,64,0.4380360841751098,0.3608842742166327
full_features,96,65,0.3869564235210418,0.436722894695178
full_features,96,66,0.3821255266666412,0.39190407288189677
full_features,96,67,0.4667347371578216,0.3873827121250144
full_features,96,68,0.4356235861778259,0.4625639072896766
full_features,96,69,0.4402360618114471,0.43597589575141865
full_features,96,70,0.4117848873138428,0.4380100920783665
full_features,96,71,0.4139135479927063,0.41358520196883597
full_features,96,72,0.3970347940921783,0.41733061047908654
full_features,96,73,0.4589150846004486,0.4029482546592468
full_features,96,74,0.4127244055271148,0.45504771287057805
full_features,96,75,0.4682216942310333,0.41425604592287446
full_features,96,76,0.3992131948471069,0.46539141774214343
full_features,96,77,0.3686195015907287,0.4033993867877119
full_features,96,78,0.4777974784374237,0.37875754348857293
full_features,96,79,0.4411299228668213,0.4723231306379959
full_features,96,80,0.4561434984207153,0.43935778419112526
full_features,96,81,0.4414598345756531,0.45433631347096026
full_features,96,82,0.5157323479652405,0.4389709427435683
full_features,96,83,0.4304796159267425,0.5269925915118912
full_features,96,84,0.4872847199440002,0.43019717289513804
full_features,96,85,0.5204660892486572,0.4813107582521661
full_features,96,86,0.4606816470623016,0.5304081049998906
full_features,96,87,0.4605681896209717,0.4554818452012379
full_features,96,88,0.43172687292099,0.45826031326383493
full_features,96,89,0.4820202589035034,0.43278527783163895
full_features,96,90,0.4588560163974762,0.4770406557078772
full_features,96,91,0.4887974858283996,0.45638473861444073
full_features,96,92,0.4655035734176636,0.48232492853713577
full_features,96,93,0.5330556631088257,0.4615411689074378
full_features,96,94,0.4674069881439209,0.5419115082028012
full_features,96,95,0.5297778248786926,0.46346676051635377
full_features,96,96,0.5233626961708069,0.5400624578467349
full_features,96,97,0.5329996943473816,0.5334209535474208
full_features,96,98,0.5076087117195129,0.5427712477769937
full_features,96,99,0.5770987272262573,0.5196797158982751
full_features,96,100,0.620714008808136,0.5822249822787626
full_features,96,101,0.6229552626609802,0.6223952936907315
full_features,96,102,0.511754035949707,0.6230367902228569
full_features,96,103,0.5903624296188354,0.5235757803426578
full_features,96,104,0.5196085572242737,0.5942399174743873
full_features,96,105,0.5627526640892029,0.5299535155629199
full_features,96,106,0.5570393204689026,0.5691868497086925
full_features,96,107,0.5596323609352112,0.5641363635799412
full_features,96,108,0.5986132025718689,0.5662901773828052
full_features,96,109,0.5921474099159241,0.6022810701892558
full_features,96,110,0.6467300057411194,0.5963677720209382
full_features,96,111,0.6273207664489746,0.6452772558238181
full_features,96,112,0.6045811176300049,0.6279670838306136
full_features,96,113,0.6580711603164673,0.6073940742776625
full_features,96,114,0.6461248993873596,0.6569948929782332
full_features,96,115,0.755862295627594,0.6459848681543483
full_features,96,116,0.6894665956497192,0.7463451548825727
full_features,96,117,0.7036200165748596,0.6873038054601924
full_features,96,118,0.6956741809844971,0.700348925998735
full_features,96,119,0.7000607252120972,0.6928015596881257
full_features,96,120,0.7233125567436218,0.6949363048266892
full_features,96,121,0.6730059385299683,0.7199174918023337
full_features,96,122,0.7131189703941345,0.6727856396430284
full_features,96,123,0.7703647613525391,0.709356591521611
full_features,96,124,0.6382931470870972,0.7613557521935203
full_features,96,125,0.7419889569282532,0.6384327052453426
full_features,96,126,0.7196736335754395,0.7343177682667033
full_features,96,127,0.7524746060371399,0.7151230155984739
full_features,96,128,0.6695420145988464,0.7408601118941107
full_features,96,129,0.7254701852798462,0.6687103879379034
full_features,96,130,0.7192549109458923,0.7215798959336178
full_features,96,131,0.7155501246452332,0.7147296119705163
full_features,96,132,0.7701004147529602,0.7127828871225107
full_features,96,133,0.7302318215370178,0.7563262793147535
full_features,96,134,0.7550047039985657,0.7221940572121353
full_features,96,135,0.7301108837127686,0.7450986883565921
full_features,96,136,0.7570294141769409,0.7242765135044895
full_features,96,137,0.7185784578323364,0.744233497009612
full_features,96,138,0.7545444965362549,0.7089891449772061
full_features,96,139,0.7227892279624939,0.7419333629773331
full_features,96,140,0.7440776824951172,0.7169605007409101
full_features,96,141,0.7652822732925415,0.7382118969977054
full_features,96,142,0.6971791982650757,0.7556325165573827
full_features,96,143,0.7415712475776672,0.6935929986217376
full_features,96,144,0.8086178302764893,0.7384141270059201
full_features,96,145,0.6902542114257812,0.79328720364986
full_features,96,146,0.6658042073249817,0.687177762457295
full_features,96,147,0.6525024771690369,0.6637544406676108
full_features,96,148,0.6854822635650635,0.6533831218121215
full_features,96,149,0.6990675926208496,0.681287392668941
full_features,96,150,0.7112603187561035,0.6941464384536621
full_features,96,151,0.7361248731613159,0.7069482020478897
full_features,96,152,0.7365891933441162,0.7279410507191355
full_features,96,153,0.6929845809936523,0.7300760902359216
full_features,96,154,0.690951943397522,0.6926767469683213
full_features,96,155,0.7130659818649292,0.6880943896819489
full_features,96,156,0.6735466122627258,0.7104239360503906
full_features,96,157,0.6748981475830078,0.671335462366811
full_features,96,158,0.6457603573799133,0.6712415344361663
full_features,96,159,0.6949809193611145,0.6460547106556472
full_features,96,160,0.6972025036811829,0.6902448511786344
full_features,96,161,0.7144327759742737,0.6941833314602106
full_features,96,162,0.6179876327514648,0.7118690361112915
full_features,96,163,0.6986950635910034,0.6195971565046645
full_features,96,164,0.6220559477806091,0.6942358284710426
full_features,96,165,0.5666658878326416,0.6235029324946036
full_features,96,166,0.6318556070327759,0.5726756899766478
full_features,96,167,0.6143845915794373,0.6312272693491411
full_features,96,168,0.5894022583961487,0.6159158871325695
full_features,96,169,0.6519274711608887,0.5935516535135027
full_features,96,170,0.6327512860298157,0.6511832052092554
full_features,96,171,0.6534610390663147,0.6331557648230504
full_features,96,172,0.5574979186058044,0.652298568137992
full_features,96,173,0.6063427329063416,0.5644573840176951
full_features,96,174,0.598237931728363,0.6094970193381182
full_features,96,175,0.6058505773544312,0.6010944081877543
full_features,96,176,0.6522606611251831,0.6080850882009592
full_features,96,177,0.6065390110015869,0.6507090470267977
full_features,96,178,0.6065024733543396,0.608936301320958
full_features,96,179,0.553949236869812,0.6090866686959673
full_features,96,180,0.6583881378173828,0.5610743856609421
full_features,96,181,0.600103497505188,0.6559803298304413
full_features,96,182,0.5472254753112793,0.6035879144836522
full_features,96,183,0.570259690284729,0.5551098121033672
full_features,96,184,0.6073437929153442,0.5759449914774619
full_features,96,185,0.6559447646141052,0.6100380057902239
full_features,96,186,0.5624825954437256,0.6530503925288463
full_features,96,187,0.5437207818031311,0.5688586320691681
full_features,96,188,0.6346809267997742,0.5520811731013587
full_features,96,189,0.6512898802757263,0.63513594789045
full_features,96,190,0.6208690404891968,0.6501944324653592
full_features,96,191,0.6171233654022217,0.6231959549675451
full_features,96,192,0.6491707563400269,0.6179112991966144
full_features,96,193,0.5950316190719604,0.6491839044160641
full_features,96,194,0.6282901763916016,0.59882433248171
full_features,96,195,0.6273855566978455,0.6287000674922952
full_features,96,196,0.6575219631195068,0.6285689102211084
full_features,96,197,0.6345076560974121,0.6569223213375164
full_features,96,198,0.6887493133544922,0.6349682367599597
full_features,96,199,0.631507933139801,0.6836764391421438
full_features,96,200,0.7495047450065613,0.6329499445368907
full_features,96,201,0.6340248584747314,0.7405590911017911
full_features,96,202,0.6838678121566772,0.6336019984776746
full_features,96,203,0.6819612979888916,0.6777843363689411
full_features,96,204,0.6698104739189148,0.6799617697948199
full_features,96,205,0.7119765281677246,0.6686556759556145
full_features,96,206,0.67385333776474,0.7070718399623269
full_features,96,207,0.681268572807312,0.6715706270093539
full_features,96,208,0.6870822906494141,0.6768650082364258
full_features,96,209,0.7007076144218445,0.6863451273315349
full_features,96,210,0.6639550924301147,0.6979991098453979
full_features,96,211,0.6675187349319458,0.6645185756935864
full_features,96,212,0.7003066539764404,0.6662894465511396
full_features,96,213,0.6705507040023804,0.6958222594188445
full_features,96,214,0.7098188996315002,0.667580694464979
full_features,96,215,0.6918995976448059,0.704907251856324
full_features,96,216,0.7936023473739624,0.6861030907635024
full_features,96,217,0.7304807901382446,0.7759568449452536
full_features,96,218,0.7333330512046814,0.7243576844025782
full_features,96,219,0.6966711282730103,0.7262519576456764
full_features,96,220,0.6724491715431213,0.6929029672797308
full_features,96,221,0.6895288825035095,0.6707380999298375
full_features,96,222,0.7217519879341125,0.6842253506596715
full_features,96,223,0.6684443354606628,0.7166175670867522
full_features,96,224,0.6822628378868103,0.6663343729635814
full_features,96,225,0.7082154154777527,0.6786626565635169
full_features,96,226,0.720015823841095,0.7027807700674326
full_features,96,227,0.689630389213562,0.7143153021059754
full_features,96,228,0.6983829736709595,0.6845880391095834
full_features,96,229,0.6198907494544983,0.6935907771314247
full_features,96,230,0.6450165510177612,0.6212111857289666
full_features,96,231,0.6213847398757935,0.6452075085254082
full_features,96,232,0.6672523021697998,0.6226980414612787
full_features,96,233,0.6444054841995239,0.6659086992061536
full_features,96,234,0.6189947724342346,0.6437580386154931
full_features,96,235,0.6608121991157532,0.6208683272057083
full_features,96,236,0.6276694536209106,0.6592979489516235
full_features,96,237,0.5896393060684204,0.6269824762442582
full_features,96,238,0.5632802248001099,0.5934557275180927
full_features,96,239,0.676236093044281,0.5695595991209943
full_features,96,240,0.6575303077697754,0.6715181889877119
full_features,96,241,0.6520234942436218,0.6569905619179398
full_features,96,242,0.6122166514396667,0.650816688253822
full_features,96,243,0.6107376217842102,0.6148241430371276
full_features,96,244,0.6277527213096619,0.6128437540587099
full_features,96,245,0.5303844809532166,0.6290689399736408
full_features,96,246,0.5808475613594055,0.5397322672881657
full_features,96,247,0.5681518316268921,0.5853650474772087
full_features,96,248,0.5448055863380432,0.5739645931246665
full_features,96,249,0.5733972191810608,0.5529727783526271
full_features,96,250,0.5957764983177185,0.5788526152673381
full_features,96,251,0.5898151397705078,0.5987023056297881
full_features,96,252,0.51971834897995,0.5942106687272627
full_features,96,253,0.5814660787582397,0.5296124541556808
full_features,96,254,0.5065479278564453,0.5862287517312139
full_features,96,255,0.4576235115528106,0.5191576866944649
full_features,96,256,0.5040618181228638,0.45370478721253976
full_features,96,257,0.5605735778808594,0.5167455962570584
full_features,96,258,0.5118532180786133,0.5670551445911235
full_features,96,259,0.4972338378429413,0.5229294188702809
full_features,96,260,0.5303787589073181,0.48977069265460393
full_features,96,261,0.4690512716770172,0.539865091955876
full_features,96,262,0.4648602902889251,0.4640406183650062
full_features,96,263,0.4243594706058502,0.46079995115447175
full_features,96,264,0.4520924389362335,0.4243717684258213
full_features,96,265,0.4830300211906433,0.45068621808612
full_features,96,266,0.4027772545814514,0.4766868882131261
full_features,96,267,0.4725358784198761,0.4069294882336886
full_features,96,268,0.3954587280750274,0.4674945590235647
full_features,96,269,0.4141933023929596,0.40137110312468566
full_features,96,270,0.4115831553936004,0.41422249744422873
full_features,96,271,0.390343427658081,0.41439961266538866
full_features,96,272,0.3810839653015136,0.3949276346188292
full_features,96,273,0.3664051592350006,0.3897092230419972
full_features,96,274,0.3586024641990661,0.37465170950285237
full_features,96,275,0.3883101940155029,0.366587042646542
full_features,96,276,0.3668795824050903,0.38959343657608786
full_features,96,277,0.3389793634414673,0.37441277540077533
full_features,96,278,0.3545420467853546,0.3523133381076547
full_features,96,279,0.3719404339790344,0.36226020683343346
full_features,96,280,0.3521953225135803,0.3793437341521855
full_features,96,281,0.3224129676818847,0.36274309386868814
full_features,96,282,0.3811310231685638,0.33829404330044843
full_features,96,283,0.3390376567840576,0.38689568083406406
full_features,96,284,0.2838951349258423,0.35285841136817064
full_features,96,285,0.3510253429412842,0.3057857480222852
full_features,96,286,0.3456419706344604,0.35886564998164944
full_features,96,287,0.2962798178195953,0.356217166577557
full_features,96,288,0.3138699233531952,0.314202405672379
full_features,96,289,0.3574512600898742,0.32913616068782775
full_features,97,0,0.2519592344760895,0.2957130924058166
full_features,97,1,0.2963059842586517,0.2782170738798865
full_features,97,2,0.2734748125076294,0.3142019729094163
full_features,97,3,0.3229557871818542,0.2921363215723952
full_features,97,4,0.3433119654655456,0.3379652176028102
full_features,97,5,0.302786111831665,0.3534393584183798
full_features,97,6,0.2297942191362381,0.31962186245565594
full_features,97,7,0.2502695024013519,0.2588888102727016
full_features,97,8,0.3143091797828674,0.2767373408628364
full_features,97,9,0.3618155121803283,0.3259115017186409
full_features,97,10,0.3132060766220093,0.3733027262002784
full_features,97,11,0.3119121789932251,0.32909444601261895
full_features,97,12,0.3640396893024444,0.32963154429796465
full_features,97,13,0.3321896195411682,0.37058124154720734
full_features,97,14,0.3333155214786529,0.344542763740671
full_features,97,15,0.3109931647777557,0.3488705228628703
full_features,97,16,0.3525279760360718,0.3226451505994393
full_features,97,17,0.366970807313919,0.3649338408421563
full_features,97,18,0.3014475107192993,0.3753984901951861
full_features,97,19,0.3426007926464081,0.318427679407106
full_features,97,20,0.3402551114559173,0.3552494894625293
full_features,97,21,0.300916463136673,0.352189075045788
full_features,97,22,0.2952424883842468,0.31970789271012584
full_features,97,23,0.3336263597011566,0.31264765841931774
full_features,97,24,0.3181400597095489,0.34606373309730143
full_features,97,25,0.3272171914577484,0.33315849734327846
full_features,97,26,0.3422469794750213,0.33985662217755597
full_features,97,27,0.3612353801727295,0.3544387134345838
full_features,97,28,0.2439923137426376,0.37165163205741475
full_features,97,29,0.3530980050563812,0.26663046503117804
full_features,97,30,0.3232917189598083,0.36635784223453394
full_features,97,31,0.3333374857902527,0.3355629449278564
full_features,97,32,0.3462713658809662,0.3440073192041203
full_features,97,33,0.3240068554878235,0.35701859321606677
full_features,97,34,0.3655286133289337,0.33832922498649065
full_features,97,35,0.3210331797599792,0.37718953755392126
full_features,97,36,0.3599691689014435,0.3357020846228974
full_features,97,37,0.3565320968627929,0.3716612036841324
full_features,97,38,0.3016510903835296,0.3663480736953676
full_features,97,39,0.3827581405639648,0.3194617850492911
full_features,97,40,0.3272883594036102,0.38998901475103814
full_features,97,41,0.3335063457489013,0.3399054937503419
full_features,97,42,0.3471446931362152,0.3449164655066792
full_features,97,43,0.363042265176773,0.360192223308261
full_features,97,44,0.4037226438522339,0.3721112665199906
full_features,97,45,0.3793257176876068,0.40512895508994
full_features,97,46,0.3766826689243316,0.3840760835133285
full_features,97,47,0.3845118284225464,0.3850283334267761
full_features,97,48,0.3282665610313415,0.3943243315159538
full_features,97,49,0.3371396660804748,0.3428606053130509
full_features,97,50,0.4039525687694549,0.3504116692395675
full_features,97,51,0.3722348511219024,0.4085348812355345
full_features,97,52,0.3792891502380371,0.3817410540781883
full_features,97,53,0.4117506742477417,0.3858839014537476
full_features,97,54,0.4362683594226837,0.41390946827347097
full_features,97,55,0.3397703468799591,0.4357094625307425
full_features,97,56,0.387939304113388,0.3539674979753859
full_features,97,57,0.3601416051387787,0.3912257039158639
full_features,97,58,0.4061368405818939,0.37156555477855874
full_features,97,59,0.3841311931610107,0.40905590046558027
full_features,97,60,0.4192311763763428,0.3889845580914749
full_features,97,61,0.3841533362865448,0.4214031344827257
full_features,97,62,0.3905334770679474,0.3876032918371065
full_features,97,63,0.3838010430335998,0.39452594873966046
full_features,97,64,0.4037986695766449,0.38968625603926416
full_features,97,65,0.3919692933559418,0.4066038030456662
full_features,97,66,0.4131175279617309,0.3956200660711065
full_features,97,67,0.3807815909385681,0.4159595401931114
full_features,97,68,0.4502957761287689,0.3849572467284462
full_features,97,69,0.4227578639984131,0.44902624137999847
full_features,97,70,0.4325988888740539,0.42468854714145926
full_features,97,71,0.4379720389842987,0.4307968507039677
full_features,97,72,0.4514719843864441,0.4393249089147138
full_features,97,73,0.4115940034389496,0.4500686072106282
full_features,97,74,0.4418926239013672,0.4159539095575555
full_features,97,75,0.4984909892082214,0.43882625837102235
full_features,97,76,0.4334169328212738,0.4915204528425203
full_features,97,77,0.4579548239707947,0.43371475720122776
full_features,97,78,0.4340005815029144,0.4555936066165323
full_features,97,79,0.4469972252845764,0.4332201550155158
full_features,97,80,0.4199404716491699,0.4449086331119485
full_features,97,81,0.4322001039981842,0.4231369033147073
full_features,97,82,0.4755271673202514,0.43218479275772803
full_features,97,83,0.5224902033805847,0.47155397776333396
full_features,97,84,0.4789866209030151,0.5327345700963833
full_features,97,85,0.4360318183898926,0.47415051316038404
full_features,97,86,0.4635855555534363,0.4337580482664367
full_features,97,87,0.4998995661735534,0.4587018502036552
full_features,97,88,0.4786294102668762,0.4919078601808687
full_features,97,89,0.4628373980522156,0.47315993166080283
full_features,97,90,0.4877966344356537,0.4597101468141984
full_features,97,91,0.5130640864372253,0.4815938974438432
full_features,97,92,0.5124402046203613,0.5237283097723395
full_features,97,93,0.5581064820289612,0.5238518307615005
full_features,97,94,0.575951099395752,0.5649657861806008
full_features,97,95,0.6088359951972961,0.5811750718287488
full_features,97,96,0.5889184474945068,0.6112497382369716
full_features,97,97,0.5390264987945557,0.5928566361641944
full_features,97,98,0.5607776641845703,0.5476469818215741
full_features,97,99,0.6041308045387268,0.567339610808127
full_features,97,100,0.609178364276886,0.6067774382646625
full_features,97,101,0.6197247505187988,0.6115083354273941
full_features,97,102,0.6289528012275696,0.6213644383562916
full_features,97,103,0.5020486116409302,0.6288228285602443
full_features,97,104,0.6186594367027283,0.5151662802812851
full_features,97,105,0.6140580177307129,0.6209220264638355
full_features,97,106,0.5960038900375366,0.6163877836997756
full_features,97,107,0.6245052814483643,0.5996999978386407
full_features,97,108,0.5968737602233887,0.6260019751506001
full_features,97,109,0.5946517586708069,0.5999290793289958
full_features,97,110,0.6425197720527649,0.5981252998168862
full_features,97,111,0.5901207327842712,0.6417205036549078
full_features,97,112,0.6573327779769897,0.5936768574400709
full_features,97,113,0.6581162214279175,0.6563153898146334
full_features,97,114,0.688221275806427,0.6557974500580712
full_features,97,115,0.6720920205116272,0.682866939995219
full_features,97,116,0.6375203132629395,0.6686080702225626
full_features,97,117,0.7365031242370605,0.6373292866722696
full_features,97,118,0.6662959456443787,0.7351593340751718
full_features,97,119,0.6961278915405273,0.6656926280548358
full_features,97,120,0.6745209693908691,0.6938039611509893
full_features,97,121,0.708134651184082,0.6712977100057409
full_features,97,122,0.7383592128753662,0.703123201140019
full_features,97,123,0.7277300357818604,0.7296314179989215
full_features,97,124,0.7375231981277466,0.720278026138414
full_features,97,125,0.6448088884353638,0.7302033124018737
full_features,97,126,0.7860755324363708,0.6434337357440805
full_features,97,127,0.7334197163581848,0.7757586772940771
full_features,97,128,0.745583176612854,0.725486041159178
full_features,97,129,0.8070142865180969,0.734626752175264
full_features,97,130,0.6747047305107117,0.7958295906719549
full_features,97,131,0.742059051990509,0.6727936855652306
full_features,97,132,0.7619298696517944,0.7341805030703104
full_features,97,133,0.7436699867248535,0.7507326276757902
full_features,97,134,0.7473816871643066,0.7336822605549338
full_features,97,135,0.8024333119392395,0.7398848760719946
full_features,97,136,0.6937392950057983,0.7883305211809015
full_features,97,137,0.8466776609420776,0.6889868438633705
full_features,97,138,0.7440027594566345,0.8308879862763452
full_features,97,139,0.7763617634773254,0.7389370468334044
full_features,97,140,0.734934389591217,0.764685411167474
full_features,97,141,0.7716816067695618,0.7308142018455857
full_features,97,142,0.806876540184021,0.7580089692105157
full_features,97,143,0.7461366057395935,0.7956867049373002
full_features,97,144,0.7891677618026733,0.7387247292139082
full_features,97,145,0.7004277110099792,0.7724600766632336
full_features,97,146,0.7015472650527954,0.6974985450594833
full_features,97,147,0.7655442953109741,0.6968773762257576
full_features,97,148,0.8495509624481201,0.7547634742421322
full_features,97,149,0.7377217411994934,0.833257975904282
full_features,97,150,0.7210580110549927,0.7311276752545398
full_features,97,151,0.7290616035461426,0.7141405125192353
full_features,97,152,0.7023833394050598,0.7223797139474707
full_features,97,153,0.772807240486145,0.6982501084726301
full_features,97,154,0.6893957853317261,0.7608809909308554
full_features,97,155,0.8005481362342834,0.6855471245972778
full_features,97,156,0.7501811981201172,0.7839427246066043
full_features,97,157,0.7324636578559875,0.7378806651728788
full_features,97,158,0.7820594906806946,0.7284772926471131
full_features,97,159,0.6938431262969971,0.7697658472487611
full_features,97,160,0.7810184955596924,0.6886315020462984
full_features,97,161,0.7718573212623596,0.7707035137059324
full_features,97,162,0.7204087972640991,0.7611308156350617
full_features,97,163,0.8004406690597534,0.7157725749308569
full_features,97,164,0.6918164491653442,0.7814893945862538
full_features,97,165,0.7079468965530396,0.6905736766038794
full_features,97,166,0.7318915128707886,0.7025913135674381
full_features,97,167,0.6903805136680603,0.7277464167308403
full_features,97,168,0.8436362147331238,0.6849115762573249
full_features,97,169,0.7925236821174622,0.8264624099047374
full_features,97,170,0.7518668174743652,0.7798010731242176
full_features,97,171,0.7620856165885925,0.7412890636457734
full_features,97,172,0.6700423955917358,0.7495311971246558
full_features,97,173,0.7177200317382812,0.6662238826683786
full_features,97,174,0.704410195350647,0.7124144384284108
full_features,97,175,0.6510962247848511,0.6999491696087654
full_features,97,176,0.7007716298103333,0.6503168756873104
full_features,97,177,0.6773188710212708,0.6962851924415036
full_features,97,178,0.6989867091178894,0.6731774417540725
full_features,97,179,0.7847142815589905,0.6950837925726503
full_features,97,180,0.6627028584480286,0.7705271888339534
full_features,97,181,0.711593747138977,0.6591410135671865
full_features,97,182,0.7277868390083313,0.7073904499686967
full_features,97,183,0.7203888893127441,0.7208146223227264
full_features,97,184,0.7676937580108643,0.7147010633846198
full_features,97,185,0.6757211685180664,0.7565200962714245
full_features,97,186,0.7311608791351318,0.6731913533794478
full_features,97,187,0.75642329454422,0.7246489474120884
full_features,97,188,0.6822155117988586,0.745956356060675
full_features,97,189,0.7008649706840515,0.6798229043435136
full_features,97,190,0.7382549047470093,0.6968104134707672
full_features,97,191,0.6851025819778442,0.7340770820813224
full_features,97,192,0.7227553725242615,0.6826296904409825
full_features,97,193,0.7184408903121948,0.7174028290833723
full_features,97,194,0.7321375608444214,0.7145919578818393
full_features,97,195,0.7420316934585571,0.7279504629762523
full_features,97,196,0.7467273473739624,0.7335058023912355
full_features,97,197,0.6929988861083984,0.7382139161790767
full_features,97,198,0.7049446702003479,0.6878255479700782
full_features,97,199,0.6531329154968262,0.6994895622613845
full_features,97,200,0.7634146213531494,0.652948184193742
full_features,97,201,0.6975274085998535,0.7513962914776366
full_features,97,202,0.6951733231544495,0.6928310043860398
full_features,97,203,0.7278262376785278,0.6921109607257847
full_features,97,204,0.7545203566551208,0.722454158476307
full_features,97,205,0.790539562702179,0.7426875592958091
full_features,97,206,0.6842795014381409,0.7786567393081175
full_features,97,207,0.7496922612190247,0.680661599469375
full_features,97,208,0.7376833558082581,0.7415428645384802
full_features,97,209,0.6975736021995544,0.7304618361673997
full_features,97,210,0.6968421936035156,0.6924250532203006
full_features,97,211,0.7278618812561035,0.6939463663318581
full_features,97,212,0.7533484101295471,0.7237425694442257
full_features,97,213,0.6923345923423767,0.7424252917772483
full_features,97,214,0.7252259850502014,0.6884746519514067
full_features,97,215,0.7200977206230164,0.7191397321342754
full_features,97,216,0.7498475909233093,0.7169788957239573
full_features,97,217,0.7138345241546631,0.7414728244136684
full_features,97,218,0.6631834506988525,0.7089436542311462
full_features,97,219,0.7737390398979187,0.6595374470688045
full_features,97,220,0.757041871547699,0.7579900347702146
full_features,97,221,0.7348988652229309,0.7503331124182757
full_features,97,222,0.7228065729141235,0.7284448805536773
full_features,97,223,0.7874475717544556,0.7149740408502704
full_features,97,224,0.7319516539573669,0.774007503298349
full_features,97,225,0.6625758409500122,0.7268226367030481
full_features,97,226,0.6526052951812744,0.6612553955867319
full_features,97,227,0.7073284387588501,0.6507810790639605
full_features,97,228,0.7360735535621643,0.7040135149244224
full_features,97,229,0.6601088047027588,0.7278203806103729
full_features,97,230,0.6788966059684753,0.6603434822174048
full_features,97,231,0.6535307765007019,0.678851908111604
full_features,97,232,0.682296633720398,0.6525996456376782
full_features,97,233,0.6678760647773743,0.6807660303007613
full_features,97,234,0.6436439156532288,0.6648893755339451
full_features,97,235,0.6669417023658752,0.6431475506983055
full_features,97,236,0.6440983414649963,0.6677651141207266
full_features,97,237,0.6761545538902283,0.6447024713872501
full_features,97,238,0.6078945994377136,0.6724321457313448
full_features,97,239,0.6347536444664001,0.6099199729077239
full_features,97,240,0.6574151515960693,0.635076530601698
full_features,97,241,0.6849278807640076,0.6561663774052734
full_features,97,242,0.6356636881828308,0.6808247364579513
full_features,97,243,0.6660596132278442,0.6370059385410004
full_features,97,244,0.61516934633255,0.6638961626334904
full_features,97,245,0.463775098323822,0.6177235388561043
full_features,97,246,0.5907142162322998,0.4607344576374196
full_features,97,247,0.6275177597999573,0.5945082410818716
full_features,97,248,0.6096348166465759,0.6275999892098313
full_features,97,249,0.5732287168502808,0.6128245257509032
full_features,97,250,0.5001904368400574,0.5786317133734769
full_features,97,251,0.5351134538650513,0.513084845093231
full_features,97,252,0.4879767596721649,0.5442412127335938
full_features,97,253,0.5032883882522583,0.48092086414106244
full_features,97,254,0.5845337510108948,0.5147655753445155
full_features,97,255,0.4798104763031006,0.5884804308946134
full_features,97,256,0.5108422040939331,0.4739710089336639
full_features,97,257,0.5159651041030884,0.5215376364596676
full_features,97,258,0.5083356499671936,0.5259534818040619
full_features,97,259,0.500489354133606,0.5196798182403226
full_features,97,260,0.4732385575771332,0.5136995789573453
full_features,97,261,0.4207465946674347,0.46823612718178187
full_features,97,262,0.403998464345932,0.42351512262535
full_features,97,263,0.4818935692310333,0.4076609768823016
full_features,97,264,0.4263339638710022,0.4746512472126225
full_features,97,265,0.4635081887245178,0.42813848134169047
full_features,97,266,0.415725976228714,0.4598051375458466
full_features,97,267,0.4113725125789642,0.41693366441996466
full_features,97,268,0.4621129930019378,0.4150639640729944
full_features,97,269,0.4006384909152984,0.4590049885018043
full_features,97,270,0.4167140424251556,0.40357584758312115
full_features,97,271,0.4239511787891388,0.4165054770468466
full_features,97,272,0.4176854193210602,0.42399688796895046
full_features,97,273,0.4107857644557953,0.41998821199984976
full_features,97,274,0.3334346413612366,0.4094270732162675
full_features,97,275,0.403422087430954,0.34821375337010596
full_features,97,276,0.366811603307724,0.40677874599152014
full_features,97,277,0.3674441277980804,0.3736950180447566
full_features,97,278,0.3674739301204681,0.3777534355912325
full_features,97,279,0.3432473540306091,0.37646855179764255
full_features,97,280,0.2690850794315338,0.35385409742407475
full_features,97,281,0.3633090555667877,0.29287879347950974
full_features,97,282,0.3354794681072235,0.37479537302845944
full_features,97,283,0.3491747379302978,0.34771181152500474
full_features,97,284,0.3689718246459961,0.3595930652297299
full_features,97,285,0.3127134442329407,0.3775685021950803
full_features,97,286,0.3500805795192718,0.33146523930470106
full_features,97,287,0.3551312685012817,0.35968014420956224
full_features,97,288,0.3270505368709564,0.3639395821187817
full_features,97,289,0.3289807438850403,0.34498138336330963
full_features,98,0,0.4736390113830566,0.3694762976051523
full_features,98,1,0.3788112103939056,0.4688454840255232
full_features,98,2,0.516171932220459,0.3859191752856931
full_features,98,3,0.3804955184459686,0.5272487681866178
full_features,98,4,0.4629805088043213,0.38700379684567643
full_features,98,5,0.4264709651470184,0.4604827132803527
full_features,98,6,0.4156748354434967,0.4280483255917596
full_features,98,7,0.4420420825481415,0.41796155254331424
full_features,98,8,0.3805055916309356,0.43997743339287976
full_features,98,9,0.5253375172615051,0.3876197341786134
full_features,98,10,0.5055944323539734,0.5356908761549829
full_features,98,11,0.4805147349834442,0.5178234223477982
full_features,98,12,0.476109892129898,0.475306521651736
full_features,98,13,0.5534148216247559,0.47017585635690173
full_features,98,14,0.4397242963314056,0.5608714540515687
full_features,98,15,0.5229984521865845,0.4378758157191864
full_features,98,16,0.4872120320796966,0.532797556923025
full_features,98,17,0.4867848753929138,0.48148230328429226
full_features,98,18,0.4874393045902252,0.47997680508371693
full_features,98,19,0.4712285101413727,0.4826254199647657
full_features,98,20,0.4606994092464447,0.46727781922407235
full_features,98,21,0.4733313024044037,0.4592473030812382
full_features,98,22,0.4262847900390625,0.4699652639787184
full_features,98,23,0.4961898922920227,0.4293993500569172
full_features,98,24,0.5077304244041443,0.48890337557719066
full_features,98,25,0.5257107615470886,0.5194177943189371
full_features,98,26,0.4829608201980591,0.53488620984467
full_features,98,27,0.4640228450298309,0.476128452341002
full_features,98,28,0.472743809223175,0.4610521408941924
full_features,98,29,0.4223733246326446,0.46689206144357887
full_features,98,30,0.4882501065731048,0.42548837524418726
full_features,98,31,0.4765442311763763,0.4812968161052743
full_features,98,32,0.4589785635471344,0.47104142397725235
full_features,98,33,0.4148363471031189,0.45666659125095405
full_features,98,34,0.428359717130661,0.41735400061522165
full_features,98,35,0.4447622299194336,0.43030235211673323
full_features,98,36,0.4915724396705627,0.4422764145969581
full_features,98,37,0.4715999960899353,0.48504159144859516
full_features,98,38,0.4293586909770965,0.467180156276595
full_features,98,39,0.4811665713787079,0.4292332821668333
full_features,98,40,0.4503794908523559,0.47623473617829765
full_features,98,41,0.4391627311706543,0.449760527826277
full_features,98,42,0.4529400765895843,0.4385935844890693
full_features,98,43,0.5119304656982422,0.4516506671352219
full_features,98,44,0.5116751194000244,0.523790129814247
full_features,98,45,0.5705364346504211,0.5231491387271073
full_features,98,46,0.5299270153045654,0.5761640758344669
full_features,98,47,0.5340457558631897,0.5395853345513291
full_features,98,48,0.4827328622341156,0.543000782045667
full_features,98,49,0.5019895434379578,0.47635314442071824
full_features,98,50,0.4942253530025482,0.5146788219891413
full_features,98,51,0.5433468222618103,0.4880390275462413
full_features,98,52,0.50873863697052,0.5518049522901528
full_features,98,53,0.5535591244697571,0.5206146786954022
full_features,98,54,0.4458649158477783,0.560863758632267
full_features,98,55,0.5388414263725281,0.4454933635251369
full_features,98,56,0.5875481963157654,0.5477776067456219
full_features,98,57,0.5719628930091858,0.591782233761405
full_features,98,58,0.5245214700698853,0.5775291429432636
full_features,98,59,0.5802670121192932,0.5344652177698412
full_features,98,60,0.5184736251831055,0.585260673135037
full_features,98,61,0.559737503528595,0.528707212433066
full_features,98,62,0.4730138480663299,0.5665094514380671
full_features,98,63,0.5470907092094421,0.46791850137600627
full_features,98,64,0.4612188935279846,0.554866800749729
full_features,98,65,0.4539452791213989,0.45610963281276046
full_features,98,66,0.5129055976867676,0.4515392314969897
full_features,98,67,0.5531477928161621,0.5240091928459565
full_features,98,68,0.4842354357242584,0.5605016456610104
full_features,98,69,0.453937828540802,0.4795708435704173
full_features,98,70,0.5019807815551758,0.45177406612216453
full_features,98,71,0.4296365082263946,0.5145118352988115
full_features,98,72,0.5201123356819153,0.42631053547344017
full_features,98,73,0.5253587961196899,0.5301950056496018
full_features,98,74,0.4527624249458313,0.5362161519800133
full_features,98,75,0.4829888939857483,0.450222722159754
full_features,98,76,0.5229490399360657,0.4757451277069156
full_features,98,77,0.4389472901821136,0.5337590465518373
full_features,98,78,0.4479747116565704,0.43989839096733346
full_features,98,79,0.491432636976242,0.4463058347627633
full_features,98,80,0.4670443832874298,0.4844687942060914
full_features,98,81,0.4521136283874511,0.4627221452442262
full_features,98,82,0.4584217965602875,0.45025664699851603
full_features,98,83,0.5126170516014099,0.45576979134878276
full_features,98,84,0.4537525475025177,0.5236156867737718
full_features,98,85,0.5547951459884644,0.45159409849395593
full_features,98,86,0.4974526762962341,0.5619695967641023
full_features,98,87,0.4588685035705566,0.4898354215942688
full_features,98,88,0.4320845305919647,0.4547577371849048
full_features,98,89,0.4608370065689087,0.4310467034966951
full_features,98,90,0.4816646873950958,0.45711676454076244
full_features,98,91,0.5026698708534241,0.47571073782519624
full_features,98,92,0.5378788709640503,0.5132560421940784
full_features,98,93,0.4834473729133606,0.5467881581881073
full_features,98,94,0.4700516164302826,0.47677902924182747
full_features,98,95,0.5448175072669983,0.465315331342182
full_features,98,96,0.5405008792877197,0.5530856196205344
full_features,98,97,0.5159720182418823,0.5487988380084223
full_features,98,98,0.5196834206581116,0.5271395072845989
full_features,98,99,0.5176867842674255,0.52977770943704
full_features,98,100,0.6284042000770569,0.5285234849358003
full_features,98,101,0.5099387168884277,0.6300900045128374
full_features,98,102,0.5222236514091492,0.5216485057002166
full_features,98,103,0.5894520282745361,0.5324748805474595
full_features,98,104,0.4844835698604584,0.5931140379621556
full_features,98,105,0.6064448952674866,0.4779785600305574
full_features,98,106,0.5692882537841797,0.6092421186767791
full_features,98,107,0.607763946056366,0.5751192934054197
full_features,98,108,0.6325076818466187,0.6108777407490942
full_features,98,109,0.6191918849945068,0.6334416757437785
full_features,98,110,0.6552001237869263,0.6202067081471265
full_features,98,111,0.632358729839325,0.6540519023603758
full_features,98,112,0.6057285666465759,0.632479323486745
full_features,98,113,0.5566733479499817,0.6076275444822701
full_features,98,114,0.6795437335968018,0.5637047814528122
full_features,98,115,0.7249428033828735,0.6765280566681718
full_features,98,116,0.6634782552719116,0.720213170426073
full_features,98,117,0.6588120460510254,0.6619749278919275
full_features,98,118,0.6130203008651733,0.6573617760055351
full_features,98,119,0.755459725856781,0.6155802376997742
full_features,98,120,0.6998289823532104,0.7453294611583222
full_features,98,121,0.7119983434677124,0.6954700785496225
full_features,98,122,0.6784924864768982,0.7050551178140287
full_features,98,123,0.7429600358009338,0.6758055321757647
full_features,98,124,0.6952356696128845,0.7352145811709101
full_features,98,125,0.740587592124939,0.6931094234598402
full_features,98,126,0.7091513872146606,0.7291363616261974
full_features,98,127,0.6914148926734924,0.7034165214291966
full_features,98,128,0.7818991541862488,0.6881296542776524
full_features,98,129,0.7028915286064148,0.7698846891911887
full_features,98,130,0.7719087600708008,0.6985893262891104
full_features,98,131,0.7807868123054504,0.7591464458333116
full_features,98,132,0.7376362085342407,0.7681225751368979
full_features,98,133,0.7339840531349182,0.7293436360463673
full_features,98,134,0.7593420147895813,0.7263716310772551
full_features,98,135,0.7469087243080139,0.747020016271876
full_features,98,136,0.7680423855781555,0.7382375306654586
full_features,98,137,0.7418798208236694,0.7541941740053723
full_features,98,138,0.7860676646232605,0.7349894276660053
full_features,98,139,0.7625696063041687,0.7750052847682211
full_features,98,140,0.7433796525001526,0.7526368971483258
full_features,98,141,0.7098017334938049,0.7377584892915567
full_features,98,142,0.7547472715377808,0.7044799273183463
full_features,98,143,0.7416882514953613,0.741486578862034
full_features,98,144,0.7512046098709106,0.7318705485043028
full_features,98,145,0.7624855041503906,0.7437885853838686
full_features,98,146,0.7724108695983887,0.7553954505273025
full_features,98,147,0.7523325085639954,0.763273678288204
full_features,98,148,0.7414045333862305,0.7429913726273365
full_features,98,149,0.7219128012657166,0.7331709866094467
full_features,98,150,0.7385384440422058,0.7138814493810233
full_features,98,151,0.6814117431640625,0.7322674303553293
full_features,98,152,0.7778367400169373,0.6798872773134675
full_features,98,153,0.726490318775177,0.7625193774877341
full_features,98,154,0.6882385015487671,0.721618340281677
full_features,98,155,0.6715608239173889,0.6859855347744476
full_features,98,156,0.7363566160202026,0.6710398185285649
full_features,98,157,0.7495898008346558,0.7302365419276552
full_features,98,158,0.7795451283454895,0.7425184679325937
full_features,98,159,0.7420428395271301,0.7707390360752973
full_features,98,160,0.8016734719276428,0.7370804339623622
full_features,98,161,0.7554928660392761,0.7881213048143071
full_features,98,162,0.8266294598579407,0.7478522734280079
full_features,98,163,0.7499259114265442,0.808869203777536
full_features,98,164,0.7977199554443359,0.7454875139672589
full_features,98,165,0.7949168682098389,0.7872521072769156
full_features,98,166,0.7812827825546265,0.7772097563877276
full_features,98,167,0.7826758623123169,0.766635970357796
full_features,98,168,0.7585078477859497,0.7710573248611244
full_features,98,169,0.7242783904075623,0.7442842725368337
full_features,98,170,0.7722223401069641,0.719013241450922
full_features,98,171,0.7942418456077576,0.7612359534482755
full_features,98,172,0.7198044657707214,0.7814091415006501
full_features,98,173,0.750629186630249,0.7160582562503895
full_features,98,174,0.7498219609260559,0.7366338500414287
full_features,98,175,0.7708017826080322,0.7429224074949372
full_features,98,176,0.8117174506187439,0.7562500265839293
full_features,98,177,0.7539085149765015,0.7983260989315365
full_features,98,178,0.7925355434417725,0.7404709018082831
full_features,98,179,0.7865269780158997,0.7808114835532763
full_features,98,180,0.7575436234474182,0.7707377348962241
full_features,98,181,0.7968611121177673,0.7429608978372538
full_features,98,182,0.7227457165718079,0.7776915890323205
full_features,98,183,0.7348630428314209,0.7161801326300444
full_features,98,184,0.7980238795280457,0.7278835710840482
full_features,98,185,0.7008748054504395,0.7864889204650455
full_features,98,186,0.7145453095436096,0.6966727806270829
full_features,98,187,0.7468096613883972,0.7094658051705975
full_features,98,188,0.7401921153068542,0.7405134263795334
full_features,98,189,0.7142598032951355,0.7347362950661048
full_features,98,190,0.7031517028808594,0.7082066662285418
full_features,98,191,0.6592960953712463,0.6992305446008811
full_features,98,192,0.7432756423950195,0.6577354491206379
full_features,98,193,0.6719423532485962,0.7358343647678486
full_features,98,194,0.6835258603096008,0.670649700935828
full_features,98,195,0.6926563382148743,0.6807692438304044
full_features,98,196,0.6871032118797302,0.6890713072311053
full_features,98,197,0.7137114405632019,0.6844818697660547
full_features,98,198,0.7138339281082153,0.7080250089834077
full_features,98,199,0.6827421188354492,0.7074772087998319
full_features,98,200,0.6694730520248413,0.6788651450908251
full_features,98,201,0.6697919368743896,0.6669558056363031
full_features,98,202,0.7110186219215393,0.6672473159697894
full_features,98,203,0.7155635952949524,0.7073212463689411
full_features,98,204,0.6648595333099365,0.710057692944125
full_features,98,205,0.6684927344322205,0.6632743563863027
full_features,98,206,0.7094082832336426,0.6651341264864508
full_features,98,207,0.7268223762512207,0.706135600477223
full_features,98,208,0.6495248079299927,0.7191869682239528
full_features,98,209,0.7790272235870361,0.6475282719778418
full_features,98,210,0.6817408800125122,0.7659309256110252
full_features,98,211,0.6943850517272949,0.676127160333054
full_features,98,212,0.6832714080810547,0.6905095478881592
full_features,98,213,0.6721374988555908,0.6792058751795605
full_features,98,214,0.681108832359314,0.6696245203126796
full_features,98,215,0.7692126631736755,0.6785146736585654
full_features,98,216,0.7292567491531372,0.7597230891832988
full_features,98,217,0.7201287746429443,0.7239530567740273
full_features,98,218,0.7439188957214355,0.713740801702741
full_features,98,219,0.7138600945472717,0.7379891794995496
full_features,98,220,0.727994441986084,0.7117691644007504
full_features,98,221,0.6675564646720886,0.7222330811314588
full_features,98,222,0.6808457374572754,0.665860127154289
full_features,98,223,0.6668577790260315,0.6796760556344923
full_features,98,224,0.7094470262527466,0.6638577623389571
full_features,98,225,0.6560508012771606,0.7037539461843481
full_features,98,226,0.7141962051391602,0.6549249248055898
full_features,98,227,0.6780372262001038,0.7124106143786605
full_features,98,228,0.7230591177940369,0.6766637172856617
full_features,98,229,0.6700477600097656,0.7136225781783333
full_features,98,230,0.6617251038551331,0.6676880365879425
full_features,98,231,0.6639087200164795,0.6589633659447438
full_features,98,232,0.6792045831680298,0.6627002251301201
full_features,98,233,0.6406064629554749,0.6785083995974791
full_features,98,234,0.6096593141555786,0.6406177662753253
full_features,98,235,0.6526637077331543,0.6124637745122206
full_features,98,236,0.620964527130127,0.6532559395007643
full_features,98,237,0.6374190449714661,0.6236137360910003
full_features,98,238,0.6541830897331238,0.6380853714019072
full_features,98,239,0.6107735633850098,0.6528966793226201
full_features,98,240,0.6099767088890076,0.61257520594829
full_features,98,241,0.6239323019981384,0.6116523247499243
full_features,98,242,0.6847800612449646,0.6240379139689067
full_features,98,243,0.5371139645576477,0.6809540383057365
full_features,98,244,0.5697590112686157,0.5458008456141872
full_features,98,245,0.5666037797927856,0.5754472226093578
full_features,98,246,0.5861017107963562,0.572547071586528
full_features,98,247,0.5581086874008179,0.5899315860380497
full_features,98,248,0.6157258749008179,0.5647389745152056
full_features,98,249,0.5696588754653931,0.6171663649205914
full_features,98,250,0.5806643962860107,0.5752864730768158
full_features,98,251,0.538384199142456,0.5851787230346471
full_features,98,252,0.5989879965782166,0.5467408715149696
full_features,98,253,0.6319746971130371,0.6022625940120815
full_features,98,254,0.4877690076828003,0.6326631438748267
full_features,98,255,0.5115979909896851,0.4813269190763211
full_features,98,256,0.521579921245575,0.5233486221320609
full_features,98,257,0.452767014503479,0.5321269057067057
full_features,98,258,0.512201726436615,0.44918401343897246
full_features,98,259,0.4720625579357147,0.5233033897970505
full_features,98,260,0.523227334022522,0.46840945686541163
full_features,98,261,0.4357999563217163,0.5334631389532798
full_features,98,262,0.4610878527164459,0.4353771728957345
full_features,98,263,0.4330941438674927,0.4571774305951284
full_features,98,264,0.4067510962486267,0.4325193696860708
full_features,98,265,0.4475959241390228,0.4108069474087519
full_features,98,266,0.4688661694526672,0.4466957359815588
full_features,98,267,0.398899644613266,0.46439909016371
full_features,98,268,0.366223931312561,0.40422240163152506
full_features,98,269,0.4041619002819061,0.3755943128763186
full_features,98,270,0.4461075067520141,0.4070886654820237
full_features,98,271,0.4075385928153991,0.44445101795595127
full_features,98,272,0.3816253244876861,0.41184523303771864
full_features,98,273,0.4156859219074249,0.3849138198134696
full_features,98,274,0.3966563940048218,0.41788100151680524
full_features,98,275,0.4627545177936554,0.40056085780468964
full_features,98,276,0.4271025061607361,0.46002269297242915
full_features,98,277,0.3367102444171905,0.4289595490695397
full_features,98,278,0.4118764698505401,0.3470392204047686
full_features,98,279,0.317676693201065,0.4143144323154661
full_features,98,280,0.4182767570018768,0.33469298862444347
full_features,98,281,0.3744233846664428,0.42001948891154145
full_features,98,282,0.3327618837356567,0.38386472041120373
full_features,98,283,0.3725249171257019,0.34582014885064183
full_features,98,284,0.3027822375297546,0.3796463839557305
full_features,98,285,0.3785594403743744,0.3196414498241614
full_features,98,286,0.3737797737121582,0.38727876509635645
full_features,98,287,0.3114427924156189,0.38160511367961075
full_features,98,288,0.3550772964954376,0.3281157408940237
full_features,98,289,0.3229065835475921,0.36528290179926737
full_features,99,0,0.5068700909614563,0.40689562991006
full_features,99,1,0.4452753961086273,0.5194304681913717
full_features,99,2,0.4285410940647125,0.44409588501781133
full_features,99,3,0.4289696812629699,0.42913634849275545
full_features,99,4,0.4254032075405121,0.43207354838361783
full_features,99,5,0.456011027097702,0.42694649124993567
full_features,99,6,0.4872322082519531,0.45332737138584156
full_features,99,7,0.4323075711727142,0.4815957582168084
full_features,99,8,0.4344507157802582,0.43161874998436245
full_features,99,9,0.471279501914978,0.4326823571713446
full_features,99,10,0.4523752927780151,0.4666085909338538
full_features,99,11,0.4934735596179962,0.4505581802041203
full_features,99,12,0.3969652354717254,0.48701218784266237
full_features,99,13,0.4875061810016632,0.40127294374592937
full_features,99,14,0.4462868869304657,0.48114973937363764
full_features,99,15,0.4334726631641388,0.44433192754238754
full_features,99,16,0.3785217702388763,0.43338686416466654
full_features,99,17,0.4525811970233917,0.38709083254927296
full_features,99,18,0.4527609050273895,0.45023862650793317
full_features,99,19,0.4816277325153351,0.4494071219246705
full_features,99,20,0.4848707318305969,0.4753771321675606
full_features,99,21,0.4202027320861816,0.4783216959481283
full_features,99,22,0.5122648477554321,0.4231045938252759
full_features,99,23,0.4060324728488922,0.5236444264586485
full_features,99,24,0.4400457441806793,0.40864473631123466
full_features,99,25,0.3950598835945129,0.438294826754302
full_features,99,26,0.3617792427539825,0.39937373703929413
full_features,99,27,0.4076639115810394,0.3710083118934444
full_features,99,28,0.4297774732112884,0.4094073587071242
full_features,99,29,0.4561933577060699,0.42961904515842003
full_features,99,30,0.3943213224411011,0.45202590376920687
full_features,99,31,0.4307110607624054,0.39965275171263603
full_features,99,32,0.4389752447605133,0.4307515699199657
full_features,99,33,0.4132052063941955,0.43746002116748833
full_features,99,34,0.4103221297264099,0.4162368368711668
full_features,99,35,0.3596886694431305,0.4138456148453186
full_features,99,36,0.4258232712745666,0.36733152435683153
full_features,99,37,0.3847809731960296,0.427443286721876
full_features,99,38,0.3779942095279693,0.390783014697927
full_features,99,39,0.4424033164978027,0.38536559423302497
full_features,99,40,0.4514256715774536,0.44149221439250785
full_features,99,41,0.3856963217258453,0.44880352434702264
full_features,99,42,0.3447031080722809,0.3911970001957619
full_features,99,43,0.4574782848358154,0.35780940937198197
full_features,99,44,0.4313910007476806,0.45258864991208414
full_features,99,45,0.3785613775253296,0.4317912817700831
full_features,99,46,0.3974676728248596,0.3831825485715071
full_features,99,47,0.4302020072937011,0.40242903865680435
full_features,99,48,0.4536812007427215,0.4298333024223159
full_features,99,49,0.3932814002037048,0.452056579833194
full_features,99,50,0.3979149162769317,0.400799541764038
full_features,99,51,0.3958125114440918,0.4011601050285548
full_features,99,52,0.3943336308002472,0.39908587312453386
full_features,99,53,0.422461450099945,0.40058573030777656
full_features,99,54,0.4025402367115021,0.42522802336083887
full_features,99,55,0.4482655227184295,0.40907649341693375
full_features,99,56,0.4063190817832947,0.44710390098783603
full_features,99,57,0.469307005405426,0.40764248506842293
full_features,99,58,0.3644441068172455,0.4656295238899285
full_features,99,59,0.4269549548625946,0.3755560735389277
full_features,99,60,0.4393332004547119,0.4294943040918602
full_features,99,61,0.4000812172889709,0.4372006589463174
full_features,99,62,0.4146108031272888,0.40272867970295745
full_features,99,63,0.3806372582912445,0.41562973355738214
full_features,99,64,0.4101079404354095,0.38788756796384216
full_features,99,65,0.3158904910087585,0.4125998737490836
full_features,99,66,0.4235090613365173,0.33306121372559977
full_features,99,67,0.4576030969619751,0.426453119119965
full_features,99,68,0.4634507894515991,0.45268002204154567
full_features,99,69,0.4115446507930755,0.4591570897649269
full_features,99,70,0.4522956609725952,0.4116748456561484
full_features,99,71,0.4380531907081604,0.447815449060105
full_features,99,72,0.4694962203502655,0.4375730813297895
full_features,99,73,0.4983924031257629,0.4643077247002135
full_features,99,74,0.4800027012825012,0.49077278888107045
full_features,99,75,0.4734677672386169,0.475256002418087
full_features,99,76,0.516348659992218,0.46851846313190854
full_features,99,77,0.4171941876411438,0.5277128146428797
full_features,99,78,0.5396168828010559,0.41712515455864346
full_features,99,79,0.5137578248977661,0.5487308959351651
full_features,99,80,0.4836399555206299,0.5260689408633347
full_features,99,81,0.4503381252288818,0.4776852524033754
full_features,99,82,0.5215868949890137,0.44867151386270016
full_features,99,83,0.4851136207580566,0.5322039892560987
full_features,99,84,0.5455212593078613,0.4790110907074628
full_features,99,85,0.5319848656654358,0.5535157487548255
full_features,99,86,0.5588585734367371,0.5411538092848134
full_features,99,87,0.5995990633964539,0.5657164565917291
full_features,99,88,0.6187523007392883,0.6030578686718099
full_features,99,89,0.5986717939376831,0.6204860951129154
full_features,99,90,0.6032177209854126,0.6017912705173641
full_features,99,91,0.591701328754425,0.6066367787282939
full_features,99,92,0.6809089183807373,0.5956148030289989
full_features,99,93,0.6701590418815613,0.6790888282228725
full_features,99,94,0.6971912384033203,0.6675707418555373
full_features,99,95,0.6916425824165344,0.6918922748044114
full_features,99,96,0.6581177711486816,0.6868270768803105
full_features,99,97,0.6658413410186768,0.6569508639548726
full_features,99,98,0.6981238126754761,0.6660713113697375
full_features,99,99,0.6979373693466187,0.6931821488276043
full_features,99,100,0.7026229500770569,0.6940415685137237
full_features,99,101,0.7008880376815796,0.6968440449913847
full_features,99,102,0.6575659513473511,0.6958619248874579
full_features,99,103,0.7190299034118652,0.6547949907628253
full_features,99,104,0.7456193566322327,0.7147167451497575
full_features,99,105,0.7132726311683655,0.7380835845051451
full_features,99,106,0.7188045978546143,0.7091876147059695
full_features,99,107,0.8307624459266663,0.7163783620799278
full_features,99,108,0.8168708682060242,0.8165744371473567
full_features,99,109,0.7091184854507446,0.8049049382375918
full_features,99,110,0.7810574173927307,0.7034026078409914
full_features,99,111,0.6780919432640076,0.766481112660178
full_features,99,112,0.8154520392417908,0.6755722851765074
full_features,99,113,0.8246258497238159,0.8046683980489073
full_features,99,114,0.7961737513542175,0.8122355244342223
full_features,99,115,0.8993815183639526,0.7822499275679277
full_features,99,116,0.8536235690116882,0.8859059548678054
full_features,99,117,0.7804837226867676,0.8313525154287019
full_features,99,118,0.8553836941719055,0.7683302532414453
full_features,99,119,0.932076334953308,0.8377876185447505
full_features,99,120,0.8246750831604004,0.9134598899691183
full_features,99,121,0.8244259357452393,0.8122754006544096
full_features,99,122,0.8660996556282043,0.8131878337233233
full_features,99,123,0.8588576912879944,0.8547903709337356
full_features,99,124,0.8239790201187134,0.840375863278986
full_features,99,125,0.8305315971374512,0.8118999440498026
full_features,99,126,0.9072688221931458,0.8157521069841189
full_features,99,127,0.8317418694496155,0.8873629412172573
full_features,99,128,0.7919946908950806,0.8201345446355609
full_features,99,129,0.7880150675773621,0.7753225357719957
full_features,99,130,0.7692354917526245,0.772897846770917
full_features,99,131,0.7709078192710876,0.7548496617484686
full_features,99,132,0.8089554309844971,0.7568459328186435
full_features,99,133,0.7665504217147827,0.792262050745239
full_features,99,134,0.867414116859436,0.7534884973145412
full_features,99,135,0.8421656489372253,0.8536929720353197
full_features,99,136,0.7940047383308411,0.8288052236235671
full_features,99,137,0.7514509558677673,0.7758947675346062
full_features,99,138,0.828460693359375,0.7365949674592316
full_features,99,139,0.8094317317008972,0.8120464830340262
full_features,99,140,0.8174357414245605,0.7956732838035454
full_features,99,141,0.8180891275405884,0.8042905143093546
full_features,99,142,0.786771833896637,0.8035034326820335
full_features,99,143,0.7718466520309448,0.7759107967281859
full_features,99,144,0.7454224228858948,0.7602216609481485
full_features,99,145,0.6980093717575073,0.7370639995806044
full_features,99,146,0.7738738059997559,0.6952431684618647
full_features,99,147,0.7728186845779419,0.7581834712167651
full_features,99,148,0.687355101108551,0.7602069414476343
full_features,99,149,0.6804909110069275,0.6829988022616352
full_features,99,150,0.7392265200614929,0.6778773594675452
full_features,99,151,0.7048901319503784,0.7350290111168831
full_features,99,152,0.6778436899185181,0.6999495112050288
full_features,99,153,0.6380543112754822,0.6753040124659755
full_features,99,154,0.6830199360847473,0.638348021000912
full_features,99,155,0.6606274843215942,0.6812552100544927
full_features,99,156,0.6333040595054626,0.6581442074967864
full_features,99,157,0.7088971138000488,0.6339022769957459
full_features,99,158,0.642670214176178,0.7060234907872261
full_features,99,159,0.6467349529266357,0.6424144868287028
full_features,99,160,0.7053689956665039,0.6459600921142381
full_features,99,161,0.6530011296272278,0.6994484803784742
full_features,99,162,0.6517410278320312,0.6522766889017502
full_features,99,163,0.6289222240447998,0.6525573861439606
full_features,99,164,0.6077983379364014,0.6294463822516589
full_features,99,165,0.616686999797821,0.6107123794439847
full_features,99,166,0.6093988418579102,0.6181187301572231
full_features,99,167,0.6316442489624023,0.6121396084109041
full_features,99,168,0.5677979588508606,0.6322197521538077
full_features,99,169,0.5613358616828918,0.5737146623847112
full_features,99,170,0.6176418662071228,0.5678333816720796
full_features,99,171,0.597392201423645,0.6187473734715027
full_features,99,172,0.5952383875846863,0.6007683682814631
full_features,99,173,0.5904342532157898,0.5985298533284752
full_features,99,174,0.6075925827026367,0.5942097461162911
full_features,99,175,0.587557852268219,0.6094711719980969
full_features,99,176,0.6205413937568665,0.5919289338346505
full_features,99,177,0.641588568687439,0.6221024154383404
full_features,99,178,0.5394099354743958,0.6414892702120571
full_features,99,179,0.6237860321998596,0.5478334591885032
full_features,99,180,0.5450835824012756,0.6237047829640926
full_features,99,181,0.562372088432312,0.553156336001466
full_features,99,182,0.4782840013504028,0.5687815105448234
full_features,99,183,0.677160918712616,0.4728543027035427
full_features,99,184,0.5774165391921997,0.6743957532008601
full_features,99,185,0.6507319808006287,0.5825997802163336
full_features,99,186,0.6190319657325745,0.648736450258822
full_features,99,187,0.5925551652908325,0.6204685106655995
full_features,99,188,0.5820781588554382,0.5959951954316338
full_features,99,189,0.6080214977264404,0.586681626471733
full_features,99,190,0.7137178778648376,0.6104164205250703
full_features,99,191,0.6293584108352661,0.7096853196187577
full_features,99,192,0.5854761004447937,0.629460080389415
full_features,99,193,0.6400689482688904,0.5897906838495511
full_features,99,194,0.7015727162361145,0.6411612200530943
full_features,99,195,0.6727657318115234,0.6967035568255603
full_features,99,196,0.6527581214904785,0.6689052812058185
full_features,99,197,0.6394945979118347,0.6532844044121314
full_features,99,198,0.5883110165596008,0.6390515346128212
full_features,99,199,0.6326178312301636,0.5921059932956668
full_features,99,200,0.6496340036392212,0.6338312949103736
full_features,99,201,0.6879106760025024,0.648948679930992
full_features,99,202,0.6571691632270813,0.6837282137395633
full_features,99,203,0.6872302889823914,0.657100503432573
full_features,99,204,0.711810290813446,0.6844576574606939
full_features,99,205,0.6840884685516357,0.7059431002223436
full_features,99,206,0.7221442461013794,0.6774515042031521
full_features,99,207,0.6740842461585999,0.7154301289349152
full_features,99,208,0.6922594308853149,0.6703317402592711
full_features,99,209,0.6951298117637634,0.6902435072835069
full_features,99,210,0.6567512154579163,0.6927848359161517
full_features,99,211,0.6979339122772217,0.6568048039078913
full_features,99,212,0.7538992166519165,0.6920162682896884
full_features,99,213,0.6872395873069763,0.7387550271309928
full_features,99,214,0.7049557566642761,0.6852695397129982
full_features,99,215,0.656211256980896,0.6999496454011633
full_features,99,216,0.6080474257469177,0.6561947120237529
full_features,99,217,0.6766037344932556,0.6106056427814704
full_features,99,218,0.6984132528305054,0.6733555547939383
full_features,99,219,0.750468909740448,0.6955500007164456
full_features,99,220,0.7120658159255981,0.7368538918014035
full_features,99,221,0.737769603729248,0.7064883030838593
full_features,99,222,0.690700113773346,0.7332083065134859
full_features,99,223,0.715548574924469,0.6875169983959616
full_features,99,224,0.7237924337387085,0.7100247044939529
full_features,99,225,0.6808393597602844,0.7204446416381483
full_features,99,226,0.7080712914466858,0.6763290820642054
full_features,99,227,0.6856387257575989,0.7050251283701432
full_features,99,228,0.7261193990707397,0.6830928932542214
full_features,99,229,0.6668145656585693,0.7206655980627678
full_features,99,230,0.6651067137718201,0.6651671359046438
full_features,99,231,0.6413595080375671,0.6635885293883483
full_features,99,232,0.6227565407752991,0.6427519899187426
full_features,99,233,0.6141325831413269,0.6239521603726812
full_features,99,234,0.7549430131912231,0.6158973168573428
full_features,99,235,0.6794644594192505,0.7466281421919428
full_features,99,236,0.6530987024307251,0.6769737548163025
full_features,99,237,0.6557767391204834,0.6523925510302803
full_features,99,238,0.5867668986320496,0.6541578923557433
full_features,99,239,0.643028199672699,0.5905088106152644
full_features,99,240,0.6135520935058594,0.6424922123142766
full_features,99,241,0.6220250725746155,0.6156311428007422
full_features,99,242,0.6816188097000122,0.6230843821538168
full_features,99,243,0.5688322186470032,0.6794765542219291
full_features,99,244,0.5097177028656006,0.574592355288574
full_features,99,245,0.6090282797813416,0.5209469581120449
full_features,99,246,0.580043375492096,0.6112327989110317
full_features,99,247,0.6120970249176025,0.5851804255019962
full_features,99,248,0.525709867477417,0.6139759958392048
full_features,99,249,0.5163512825965881,0.5354939231853493
full_features,99,250,0.5836725234985352,0.5270135412354604
full_features,99,251,0.5349780917167664,0.5879469280123635
full_features,99,252,0.559455156326294,0.5438225960557131
full_features,99,253,0.5466001033782959,0.5661363189172847
full_features,99,254,0.5622321963310242,0.5541752024121996
full_features,99,255,0.4834780097007751,0.5685340132255223
full_features,99,256,0.5460588932037354,0.47692189473639335
full_features,99,257,0.5098129510879517,0.5540481192770289
full_features,99,258,0.43731889128685,0.521081773092454
full_features,99,259,0.5077757239341736,0.43941791804136804
full_features,99,260,0.5727607607841492,0.519991221347289
full_features,99,261,0.4609474241733551,0.5782101343506708
full_features,99,262,0.4665864109992981,0.4576263459785703
full_features,99,263,0.4855824112892151,0.46278715960893474
full_features,99,264,0.4487336277961731,0.4782973398174706
full_features,99,265,0.4599733650684356,0.4469355466773908
full_features,99,266,0.4242542386054992,0.45640168853254276
full_features,99,267,0.4757291674613952,0.4253628496840171
full_features,99,268,0.3961732685565948,0.4701766142737803
full_features,99,269,0.4254208207130432,0.3988291765662621
full_features,99,270,0.3811981379985809,0.42686286217116687
full_features,99,271,0.4034192562103271,0.38960801914239546
full_features,99,272,0.393973559141159,0.40481580456560523
full_features,99,273,0.4344525933265686,0.39949072064049457
full_features,99,274,0.4810823798179626,0.4341613027705587
full_features,99,275,0.3281728029251098,0.474915759617629
full_features,99,276,0.426228791475296,0.3436082822205583
full_features,99,277,0.3924162089824676,0.426960609936161
full_features,99,278,0.377240926027298,0.39791688743595705
full_features,99,279,0.3425644934177398,0.38052534477171207
full_features,99,280,0.3168130218982696,0.3552146895390499
full_features,99,281,0.3692187666893005,0.3314676529966694
full_features,99,282,0.3893482983112335,0.3762747843475294
full_features,99,283,0.3385381698608398,0.3946110864482707
full_features,99,284,0.3731054365634918,0.35192005474766314
full_features,99,285,0.3719497621059418,0.3820707590717263
full_features,99,286,0.3730955123901367,0.3823337102218136
full_features,99,287,0.3515556752681732,0.38121163736939645
full_features,99,288,0.2590629756450653,0.36051932193360614
full_features,99,289,0.3215076923370361,0.28075135584340305
