model,episode_id,step,actual,prediction
linear_regression,80,0,0.3171028196811676,0.2898699862500361
linear_regression,80,1,0.3385449051856994,0.3336361316296884
linear_regression,80,2,0.3787165880203247,0.3514447069898686
linear_regression,80,3,0.3115369975566864,0.3858342646753733
linear_regression,80,4,0.3487873673439026,0.3273492567225489
linear_regression,80,5,0.3506577908992767,0.36118982861631505
linear_regression,80,6,0.3575319349765777,0.3604623765517615
linear_regression,80,7,0.3468916714191437,0.3679517512229163
linear_regression,80,8,0.385602742433548,0.3580751027884769
linear_regression,80,9,0.3897936344146728,0.3943176283876777
linear_regression,80,10,0.3964115083217621,0.3964302347331362
linear_regression,80,11,0.4004085063934326,0.40264433004995664
linear_regression,80,12,0.3966313004493713,0.4052536732843799
linear_regression,80,13,0.3335061371326446,0.39892832071205353
linear_regression,80,14,0.4165720045566559,0.34724638898879534
linear_regression,80,15,0.4682942628860473,0.41826183908304665
linear_regression,80,16,0.3528449535369873,0.46337733674024173
linear_regression,80,17,0.4917473495006561,0.36263177716478956
linear_regression,80,18,0.4012103080749511,0.4845704015834265
linear_regression,80,19,0.4175938367843628,0.4070435572973238
linear_regression,80,20,0.4985604286193847,0.4191715879275134
linear_regression,80,21,0.4636311829090118,0.49031587748309957
linear_regression,80,22,0.4481066763401031,0.4605967006660417
linear_regression,80,23,0.424977570772171,0.44673576332506054
linear_regression,80,24,0.4475413858890533,0.42500258524075973
linear_regression,80,25,0.5175599455833435,0.4472671519077125
linear_regression,80,26,0.4909065961837768,0.5280615809360989
linear_regression,80,27,0.4881808161735534,0.48494287868497676
linear_regression,80,28,0.4335328638553619,0.48089755107786447
linear_regression,80,29,0.4903588891029358,0.4319758297108769
linear_regression,80,30,0.4254919588565826,0.48387442751880383
linear_regression,80,31,0.5102866888046265,0.4268464140505434
linear_regression,80,32,0.4839149713516235,0.521968508981852
linear_regression,80,33,0.5029402375221252,0.47887415276884243
linear_regression,80,34,0.512796938419342,0.5157534996797999
linear_regression,80,35,0.3941155970096588,0.5244015911192561
linear_regression,80,36,0.4693592190742492,0.3971990960311217
linear_regression,80,37,0.4558360874652862,0.4661186567701269
linear_regression,80,38,0.4529505968093872,0.45362208281609545
linear_regression,80,39,0.4297763407230377,0.45191135345357525
linear_regression,80,40,0.472412645816803,0.4294581008687522
linear_regression,80,41,0.4224380254745483,0.4679073004756191
linear_regression,80,42,0.4629472196102142,0.42443120448450866
linear_regression,80,43,0.4144075512886047,0.4590643634443146
linear_regression,80,44,0.4001414179801941,0.4154648772446869
linear_regression,80,45,0.3926469087600708,0.40443883920536045
linear_regression,80,46,0.3771015107631683,0.39853375494318427
linear_regression,80,47,0.4169935882091522,0.3829053825930206
linear_regression,80,48,0.4413856863975525,0.42024306475648104
linear_regression,80,49,0.4449680149555206,0.4418029897314023
linear_regression,80,50,0.4027701318264007,0.44496855767518917
linear_regression,80,51,0.3839549720287323,0.40569552462659925
linear_regression,80,52,0.4844058752059936,0.3912355508953038
linear_regression,80,53,0.3982817828655243,0.478046785725719
linear_regression,80,54,0.4445187747478485,0.4027761551915628
linear_regression,80,55,0.4610751867294311,0.4429695706239798
linear_regression,80,56,0.3934034705162048,0.45839700140952927
linear_regression,80,57,0.4062438309192657,0.3944515675498972
linear_regression,80,58,0.4063456952571869,0.4082752808478231
linear_regression,80,59,0.391896516084671,0.41046989970109676
linear_regression,80,60,0.3801545798778534,0.39747360291424466
linear_regression,80,61,0.4229834675788879,0.38644170402476863
linear_regression,80,62,0.4507084786891937,0.4234843318882435
linear_regression,80,63,0.4818951785564422,0.44801038278792793
linear_regression,80,64,0.3972775936126709,0.4770457330693194
linear_regression,80,65,0.4018971920013428,0.40057490182711075
linear_regression,80,66,0.3847483694553375,0.407963213030148
linear_regression,80,67,0.3558823466300964,0.39152317875446785
linear_regression,80,68,0.4513172209262848,0.365512435952159
linear_regression,80,69,0.421793133020401,0.45006034684699425
linear_regression,80,70,0.4674232006072998,0.4247809487400966
linear_regression,80,71,0.4610809087753296,0.46533600164808353
linear_regression,80,72,0.4380103349685669,0.4565505286957052
linear_regression,80,73,0.4338244795799255,0.43655175951689584
linear_regression,80,74,0.4122577011585235,0.43205207255531997
linear_regression,80,75,0.4593054056167602,0.414005588622221
linear_regression,80,76,0.477059006690979,0.45633287295656993
linear_regression,80,77,0.4589422047138214,0.4723380079584383
linear_regression,80,78,0.3923071026802063,0.4561226300397252
linear_regression,80,79,0.5032588839530945,0.39629281421660245
linear_regression,80,80,0.414623886346817,0.5157903827528579
linear_regression,80,81,0.4858629405498504,0.4157904650575457
linear_regression,80,82,0.4631775319576263,0.47960126761152083
linear_regression,80,83,0.4569431245326996,0.45867152222429813
linear_regression,80,84,0.5104680061340332,0.45504379573373155
linear_regression,80,85,0.524974524974823,0.5226223778919161
linear_regression,80,86,0.483148992061615,0.53454289355087
linear_regression,80,87,0.5369921326637268,0.4768754514264012
linear_regression,80,88,0.5286455750465393,0.5461472974643968
linear_regression,80,89,0.4715863764286041,0.5382268926884592
linear_regression,80,90,0.5410142540931702,0.46598360255757526
linear_regression,80,91,0.5112188458442688,0.5495117415424465
linear_regression,80,92,0.4506185352802276,0.5229294433180065
linear_regression,80,93,0.5060477256774902,0.4495430493362586
linear_regression,80,94,0.5421308875083923,0.5175020985745136
linear_regression,80,95,0.4628670811653137,0.5504193046988081
linear_regression,80,96,0.552092432975769,0.4588286136743363
linear_regression,80,97,0.5595763325691223,0.5595856763560489
linear_regression,80,98,0.5709052085876465,0.5663233736437301
linear_regression,80,99,0.5555046200752258,0.5765937911193932
linear_regression,80,100,0.575937807559967,0.5625910928126967
linear_regression,80,101,0.556587815284729,0.5811942333303296
linear_regression,80,102,0.5270010232925415,0.5637208694914196
linear_regression,80,103,0.542506992816925,0.5368871175827715
linear_regression,80,104,0.5567138195037842,0.5510985260643306
linear_regression,80,105,0.5288419723510742,0.5637051727453721
linear_regression,80,106,0.6168461441993713,0.5386675518989712
linear_regression,80,107,0.5671969056129456,0.6182045578684429
linear_regression,80,108,0.6513944268226624,0.5732502615187985
linear_regression,80,109,0.6409000754356384,0.6501760725038647
linear_regression,80,110,0.6194189190864563,0.6405853381724698
linear_regression,80,111,0.6453680992126465,0.620954821502248
linear_regression,80,112,0.6014326214790344,0.644577175995969
linear_regression,80,113,0.6252598762512207,0.603909041963259
linear_regression,80,114,0.7242890000343323,0.6263563297847126
linear_regression,80,115,0.665152907371521,0.7208403612743971
linear_regression,80,116,0.6687352061271667,0.6635191528147639
linear_regression,80,117,0.6671935319900513,0.6657844937779507
linear_regression,80,118,0.7151774168014526,0.6665306857353637
linear_regression,80,119,0.6916579604148865,0.7122784539279757
linear_regression,80,120,0.7592792510986328,0.6885024755215216
linear_regression,80,121,0.6917210817337036,0.7474055100665276
linear_regression,80,122,0.7586626410484314,0.6875759980113454
linear_regression,80,123,0.6905692219734192,0.7483313900486493
linear_regression,80,124,0.7104007601737976,0.6867947256092213
linear_regression,80,125,0.692376434803009,0.702147788082257
linear_regression,80,126,0.731756329536438,0.6878916268260679
linear_regression,80,127,0.761786699295044,0.7230396679311653
linear_regression,80,128,0.6861721277236938,0.746898326911663
linear_regression,80,129,0.7051014304161072,0.6822055061599847
linear_regression,80,130,0.7187251448631287,0.7006307533325893
linear_regression,80,131,0.7834344506263733,0.7154288811459694
linear_regression,80,132,0.7458070516586304,0.7691432862890669
linear_regression,80,133,0.7124349474906921,0.7370285436279996
linear_regression,80,134,0.7387815117835999,0.7082180922987911
linear_regression,80,135,0.7940657138824463,0.7363583641676532
linear_regression,80,136,0.748999297618866,0.7817858822236881
linear_regression,80,137,0.6986368298530579,0.7405638128309127
linear_regression,80,138,0.7785913944244385,0.6928743610012362
linear_regression,80,139,0.7102235555648804,0.7639370250872825
linear_regression,80,140,0.7760928869247437,0.7061573241809419
linear_regression,80,141,0.7427788376808167,0.7616270918171572
linear_regression,80,142,0.7793301939964294,0.7385750103960236
linear_regression,80,143,0.7127025127410889,0.7712619459830722
linear_regression,80,144,0.7330275774002075,0.706984366081601
linear_regression,80,145,0.7343423366546631,0.7273441800114169
linear_regression,80,146,0.7894472479820251,0.729127792169651
linear_regression,80,147,0.680394172668457,0.7766917689334701
linear_regression,80,148,0.666904091835022,0.6774062190645087
linear_regression,80,149,0.6274845004081726,0.6645365365167528
linear_regression,80,150,0.740326464176178,0.6290507674437967
linear_regression,80,151,0.6531727313995361,0.7325675762208415
linear_regression,80,152,0.6930930018424988,0.6513688452558501
linear_regression,80,153,0.6998132467269897,0.688238292043183
linear_regression,80,154,0.6873787641525269,0.6960215315939208
linear_regression,80,155,0.682712197303772,0.6830146799845186
linear_regression,80,156,0.6490781307220459,0.6787493979643332
linear_regression,80,157,0.6612881422042847,0.648293250762508
linear_regression,80,158,0.6271708011627197,0.6614119942542007
linear_regression,80,159,0.6779552698135376,0.6266814679644015
linear_regression,80,160,0.6266112923622131,0.675275069180371
linear_regression,80,161,0.5781399607658386,0.6276845700232508
linear_regression,80,162,0.5658770799636841,0.5831113910685161
linear_regression,80,163,0.6704471111297607,0.5719652879833181
linear_regression,80,164,0.6711633205413818,0.6677676442705663
linear_regression,80,165,0.6624687910079956,0.6674812862197909
linear_regression,80,166,0.6493512392044067,0.6601332748876713
linear_regression,80,167,0.6716522574424744,0.6472244740238474
linear_regression,80,168,0.6714874505996704,0.670168223816892
linear_regression,80,169,0.5956723690032959,0.6701323368917399
linear_regression,80,170,0.5986768007278442,0.5993694651848587
linear_regression,80,171,0.6296046376228333,0.6024679068434334
linear_regression,80,172,0.5719877481460571,0.6299891131042417
linear_regression,80,173,0.602706789970398,0.577536830834478
linear_regression,80,174,0.6503602862358093,0.6057906972389737
linear_regression,80,175,0.5905218720436096,0.6489785984995725
linear_regression,80,176,0.5992658138275146,0.5943725843630596
linear_regression,80,177,0.5878226161003113,0.6028570101846478
linear_regression,80,178,0.6519365906715393,0.591839623602448
linear_regression,80,179,0.6213003993034363,0.6508937659098766
linear_regression,80,180,0.6021318435668945,0.622983178184076
linear_regression,80,181,0.5868434309959412,0.6052973701618525
linear_regression,80,182,0.5694077014923096,0.5905096504152821
linear_regression,80,183,0.6812834143638611,0.5751192859254561
linear_regression,80,184,0.6001794934272766,0.6774169894224878
linear_regression,80,185,0.5899714231491089,0.6033421094894154
linear_regression,80,186,0.5563488006591797,0.5943358471765341
linear_regression,80,187,0.6599628925323486,0.5633513161859078
linear_regression,80,188,0.6238842010498047,0.6588780022912716
linear_regression,80,189,0.579551637172699,0.6250259588828159
linear_regression,80,190,0.7080273032188416,0.5845952338331337
linear_regression,80,191,0.6502078175544739,0.7024828477321324
linear_regression,80,192,0.6505934000015259,0.6476893855705256
linear_regression,80,193,0.6444270014762878,0.6495535795504706
linear_regression,80,194,0.715853750705719,0.6436397922940841
linear_regression,80,195,0.6446459889411926,0.7113368114442449
linear_regression,80,196,0.6596695780754089,0.6440144334335486
linear_regression,80,197,0.6503384709358215,0.6583885124783426
linear_regression,80,198,0.6194455027580261,0.6497884817371685
linear_regression,80,199,0.6757854223251343,0.6208344639155786
linear_regression,80,200,0.6080115437507629,0.6744651536946157
linear_regression,80,201,0.5964303016662598,0.6104924257513977
linear_regression,80,202,0.7300138473510742,0.5990558339785167
linear_regression,80,203,0.6039259433746338,0.7252192528089624
linear_regression,80,204,0.688601553440094,0.6069680319776457
linear_regression,80,205,0.7088619470596313,0.6881935829334745
linear_regression,80,206,0.6050713658332825,0.7054664305557091
linear_regression,80,207,0.6995569467544556,0.6075293605827747
linear_regression,80,208,0.7353962659835815,0.6934960498148225
linear_regression,80,209,0.712040901184082,0.7281628791285343
linear_regression,80,210,0.695899248123169,0.7082679418096672
linear_regression,80,211,0.7058555483818054,0.690312002109171
linear_regression,80,212,0.7097556591033936,0.7004685829028514
linear_regression,80,213,0.7032714486122131,0.7064545932836862
linear_regression,80,214,0.69525146484375,0.6990131278560925
linear_regression,80,215,0.7384157776832581,0.6913060773532236
linear_regression,80,216,0.7118659615516663,0.7330518707839506
linear_regression,80,217,0.7134431600570679,0.7045182649123093
linear_regression,80,218,0.6880297064781189,0.7100614449248293
linear_regression,80,219,0.6693724989891052,0.6861388566115671
linear_regression,80,220,0.6764248013496399,0.6684652391485857
linear_regression,80,221,0.6969202160835266,0.6747943483177004
linear_regression,80,222,0.7519798874855042,0.6929852376597132
linear_regression,80,223,0.7280279397964478,0.7425876424927487
linear_regression,80,224,0.7065251469612122,0.7238866813096564
linear_regression,80,225,0.7122395038604736,0.7015414205732023
linear_regression,80,226,0.6208182573318481,0.7069696638529174
linear_regression,80,227,0.7141546607017517,0.6215027864869231
linear_regression,80,228,0.6923844218254089,0.7092305333312413
linear_regression,80,229,0.6620033383369446,0.6923176436733172
linear_regression,80,230,0.7078515291213989,0.6600774210651896
linear_regression,80,231,0.6852664947509766,0.7024414518830128
linear_regression,80,232,0.6604700684547424,0.6822104109173891
linear_regression,80,233,0.668019711971283,0.6595151658789667
linear_regression,80,234,0.6218715310096741,0.6661623725936788
linear_regression,80,235,0.6340373754501343,0.6245296962961672
linear_regression,80,236,0.6432082653045654,0.6352660990384246
linear_regression,80,237,0.6723996996879578,0.6420525605516797
linear_regression,80,238,0.7282674312591553,0.6696045120175941
linear_regression,80,239,0.6087733507156372,0.7192133321718938
linear_regression,80,240,0.5980424880981445,0.6114440027768778
linear_regression,80,241,0.6325616836547852,0.6010391541181926
linear_regression,80,242,0.6424719095230103,0.6325395163845923
linear_regression,80,243,0.588450014591217,0.6429256870457084
linear_regression,80,244,0.583957850933075,0.592187959333955
linear_regression,80,245,0.5885170698165894,0.5885069452814876
linear_regression,80,246,0.614035964012146,0.5926136827088105
linear_regression,80,247,0.6108145713806152,0.6155789054801631
linear_regression,80,248,0.5856207609176636,0.6134701638874015
linear_regression,80,249,0.5485867261886597,0.5898227553621243
linear_regression,80,250,0.5657709240913391,0.5563284002107505
linear_regression,80,251,0.5467250347137451,0.5717907346586302
linear_regression,80,252,0.5661910772323608,0.5547920706615213
linear_regression,80,253,0.5521540641784668,0.5721715013427782
linear_regression,80,254,0.5136118531227112,0.5593791374499995
linear_regression,80,255,0.5002930164337158,0.5252063876748211
linear_regression,80,256,0.5285137295722961,0.5124580716678082
linear_regression,80,257,0.5777941346168518,0.5379865794243257
linear_regression,80,258,0.4575885832309723,0.5826766986477934
linear_regression,80,259,0.4964232742786407,0.45675471378759286
linear_regression,80,260,0.5110048055648804,0.49062875538959916
linear_regression,80,261,0.5063185095787048,0.5226350153814205
linear_regression,80,262,0.4814864099025726,0.5178470706561746
linear_regression,80,263,0.524294912815094,0.4752006746846385
linear_regression,80,264,0.5005678534507751,0.5348698732066137
linear_regression,80,265,0.5348376035690308,0.5128406318850851
linear_regression,80,266,0.4634305238723755,0.5440794895903496
linear_regression,80,267,0.4803971350193023,0.46063183509111033
linear_regression,80,268,0.5708527565002441,0.4749560995076831
linear_regression,80,269,0.5253925323486328,0.5763434172229628
linear_regression,80,270,0.4626824855804443,0.5346194068293812
linear_regression,80,271,0.4819422364234924,0.4600764803641611
linear_regression,80,272,0.4844219982624054,0.4767052850798083
linear_regression,80,273,0.4640385806560516,0.4778509254874167
linear_regression,80,274,0.5306750535964966,0.45893542377817725
linear_regression,80,275,0.4967930316925049,0.5401566106252016
linear_regression,80,276,0.4528326094150543,0.48920744028917423
linear_regression,80,277,0.5032440423965454,0.45046420059367326
linear_regression,80,278,0.5941148400306702,0.5159282002636795
linear_regression,80,279,0.507093608379364,0.5978008659664966
linear_regression,80,280,0.5449522137641907,0.519107687178748
linear_regression,80,281,0.4635290503501892,0.5529858584628184
linear_regression,80,282,0.4604954123497009,0.4592482582856893
linear_regression,80,283,0.5169584155082703,0.4576628645990701
linear_regression,80,284,0.5599142909049988,0.5277958128892075
linear_regression,80,285,0.5901612043380737,0.5663803495581485
linear_regression,80,286,0.5541990399360657,0.5941638238254078
linear_regression,80,287,0.5473104119300842,0.5612821534665172
linear_regression,80,288,0.4697040021419525,0.5551634584090801
linear_regression,80,289,0.547893762588501,0.4643950285329584
linear_regression,81,0,0.292133629322052,0.2911469581169336
linear_regression,81,1,0.350722074508667,0.3075070782161797
linear_regression,81,2,0.313109278678894,0.3624183861934024
linear_regression,81,3,0.3392404913902282,0.325674833859315
linear_regression,81,4,0.3279796540737152,0.35130736286070063
linear_regression,81,5,0.2862894833087921,0.34527075874875335
linear_regression,81,6,0.3283544480800628,0.30659910986053585
linear_regression,81,7,0.2991610467433929,0.3403618355477827
linear_regression,81,8,0.2998490631580353,0.31847714698452045
linear_regression,81,9,0.3154588937759399,0.3205440822806064
linear_regression,81,10,0.2596100866794586,0.32997817484584513
linear_regression,81,11,0.3557368218898773,0.28352644339080585
linear_regression,81,12,0.2915495932102203,0.36242964246747145
linear_regression,81,13,0.3511067926883697,0.30788122638456417
linear_regression,81,14,0.3219606876373291,0.3644008435239982
linear_regression,81,15,0.3719346821308136,0.3386905945286224
linear_regression,81,16,0.2963701486587524,0.38129842241368533
linear_regression,81,17,0.30974280834198,0.3154322555127639
linear_regression,81,18,0.3336946070194244,0.3265985664275537
linear_regression,81,19,0.2458582073450088,0.34791900526179365
linear_regression,81,20,0.3533734083175659,0.2700570443639681
linear_regression,81,21,0.3796586096286773,0.36262952365551265
linear_regression,81,22,0.3664734959602356,0.387266467962499
linear_regression,81,23,0.3548137247562408,0.37626915004061184
linear_regression,81,24,0.3246763348579407,0.3680916225311557
linear_regression,81,25,0.3760676085948944,0.3386631742138123
linear_regression,81,26,0.3702336549758911,0.38220896697901136
linear_regression,81,27,0.3478513956069946,0.3791459819498843
linear_regression,81,28,0.3357807397842407,0.3577051006355302
linear_regression,81,29,0.3244563937187195,0.3487282596250265
linear_regression,81,30,0.295600414276123,0.33766616287571805
linear_regression,81,31,0.3831401467323303,0.3150414481220778
linear_regression,81,32,0.2657869458198547,0.38611320843748004
linear_regression,81,33,0.3304618895053863,0.2935494138127527
linear_regression,81,34,0.3508006334304809,0.34688009797313624
linear_regression,81,35,0.376794695854187,0.3600881086668058
linear_regression,81,36,0.4100293517112732,0.3845135519055131
linear_regression,81,37,0.3848303258419037,0.4098163493468943
linear_regression,81,38,0.3415735960006714,0.39102604766319227
linear_regression,81,39,0.378993958234787,0.35259776531571047
linear_regression,81,40,0.3111057877540588,0.3872785243879539
linear_regression,81,41,0.4070814549922943,0.32721388678096597
linear_regression,81,42,0.3533483147621155,0.4102655722097548
linear_regression,81,43,0.3370544612407684,0.3646918563698394
linear_regression,81,44,0.3401000201702118,0.34656239891305274
linear_regression,81,45,0.3621710836887359,0.35178022453175534
linear_regression,81,46,0.3524441421031952,0.3684226632390969
linear_regression,81,47,0.4482336044311523,0.36553659715374826
linear_regression,81,48,0.3448690772056579,0.4468251633006578
linear_regression,81,49,0.3730905652046203,0.3574625711158592
linear_regression,81,50,0.3749021291732788,0.3812218704727332
linear_regression,81,51,0.3769107162952423,0.38282421336771666
linear_regression,81,52,0.3798918128013611,0.383145636536734
linear_regression,81,53,0.3631698787212372,0.38867054768656434
linear_regression,81,54,0.3617157340049743,0.3702068605283083
linear_regression,81,55,0.3541153073310852,0.37025111294297364
linear_regression,81,56,0.3344120681285858,0.3620911459584364
linear_regression,81,57,0.3963340818881988,0.3451988788754826
linear_regression,81,58,0.4255472123622894,0.3997350756791404
linear_regression,81,59,0.3744909167289734,0.42517391490463236
linear_regression,81,60,0.3764359056949615,0.384557425969313
linear_regression,81,61,0.3874936997890472,0.38292154974365433
linear_regression,81,62,0.3851379156112671,0.39317292094876105
linear_regression,81,63,0.3538002669811249,0.391871767298203
linear_regression,81,64,0.4547919332981109,0.364369350464852
linear_regression,81,65,0.425471156835556,0.45071644433950614
linear_regression,81,66,0.3884560167789459,0.4283360837602866
linear_regression,81,67,0.4272093176841736,0.3949997002105529
linear_regression,81,68,0.4051076769828796,0.4262090168606049
linear_regression,81,69,0.4169133603572845,0.40759627746399124
linear_regression,81,70,0.4411679208278656,0.4175329134532789
linear_regression,81,71,0.4661530256271362,0.4402214523853914
linear_regression,81,72,0.4906343817710876,0.4625820090788222
linear_regression,81,73,0.5020410418510437,0.4836710434132669
linear_regression,81,74,0.4389678537845611,0.5133826576042961
linear_regression,81,75,0.4357987642288208,0.43797011433027705
linear_regression,81,76,0.4627426266670227,0.43641049503616935
linear_regression,81,77,0.4700844287872314,0.4580568718198305
linear_regression,81,78,0.4466111361980438,0.46682848146346473
linear_regression,81,79,0.4576982855796814,0.4416852365684687
linear_regression,81,80,0.5153804421424866,0.4542963573189658
linear_regression,81,81,0.5522761344909668,0.5261862082593154
linear_regression,81,82,0.4951763153076172,0.5597519964226916
linear_regression,81,83,0.4891018867492676,0.4884701028587508
linear_regression,81,84,0.5109132528305054,0.4828583282411622
linear_regression,81,85,0.4954085946083069,0.5214690468609162
linear_regression,81,86,0.530428409576416,0.4884450252078222
linear_regression,81,87,0.5648112297058105,0.5397339967583334
linear_regression,81,88,0.5574988722801208,0.5710760255481772
linear_regression,81,89,0.6141123175621033,0.5645143493115854
linear_regression,81,90,0.5869335532188416,0.616343950504034
linear_regression,81,91,0.6093905568122864,0.5911417973204158
linear_regression,81,92,0.5983434319496155,0.6115130442556106
linear_regression,81,93,0.6606450080871582,0.6018987370201679
linear_regression,81,94,0.5828563570976257,0.6589617722609185
linear_regression,81,95,0.625995397567749,0.5875790969637654
linear_regression,81,96,0.6064115166664124,0.6263017178611271
linear_regression,81,97,0.6871136426925659,0.6087137075431819
linear_regression,81,98,0.6984414458274841,0.6848569222539945
linear_regression,81,99,0.6608489155769348,0.6922901847739344
linear_regression,81,100,0.7468450665473938,0.6587179552195489
linear_regression,81,101,0.6879669427871704,0.7414353275432999
linear_regression,81,102,0.6591275930404663,0.6851019037925608
linear_regression,81,103,0.7064635157585144,0.6587095287059678
linear_regression,81,104,0.7372283935546875,0.703481290457949
linear_regression,81,105,0.7242910265922546,0.7320493763703251
linear_regression,81,106,0.8191897869110107,0.719262671607349
linear_regression,81,107,0.7767675518989563,0.8040041266133958
linear_regression,81,108,0.8138890266418457,0.7665034563933004
linear_regression,81,109,0.8078061938285828,0.7990527858008257
linear_regression,81,110,0.7058576345443726,0.797136412642399
linear_regression,81,111,0.7567703127861023,0.7019717689849133
linear_regression,81,112,0.6792202591896057,0.7503899250657342
linear_regression,81,113,0.7564374804496765,0.6774985651312496
linear_regression,81,114,0.8220800757408142,0.743071930872393
linear_regression,81,115,0.7572038173675537,0.803848508458705
linear_regression,81,116,0.7678008675575256,0.7446277743760917
linear_regression,81,117,0.8046013712882996,0.753540978250772
linear_regression,81,118,0.8236053586006165,0.788780133269567
linear_regression,81,119,0.7862279415130615,0.8023884309699844
linear_regression,81,120,0.7922059297561646,0.7744395427956451
linear_regression,81,121,0.8317657113075256,0.7777889013821839
linear_regression,81,122,0.8144845366477966,0.8136644738594229
linear_regression,81,123,0.7976115345954895,0.7990429016215783
linear_regression,81,124,0.8204814195632935,0.7835822180132131
linear_regression,81,125,0.8138946890830994,0.8066074251467211
linear_regression,81,126,0.8217812776565552,0.7990418114765606
linear_regression,81,127,0.8844319581985474,0.8069733965226664
linear_regression,81,128,0.8051031827926636,0.8726824629076573
linear_regression,81,129,0.7981600165367126,0.7913618967957001
linear_regression,81,130,0.8676549196243286,0.7871864098579342
linear_regression,81,131,0.7944526076316833,0.8566061374363588
linear_regression,81,132,0.8801574110984802,0.7806285095233664
linear_regression,81,133,0.813793957233429,0.8657909596874139
linear_regression,81,134,0.8236103057861328,0.8003175946544472
linear_regression,81,135,0.8469284772872925,0.814404813914438
linear_regression,81,136,0.8637117147445679,0.8308130410402379
linear_regression,81,137,0.8559114933013916,0.8462079128988002
linear_regression,81,138,0.8134025931358337,0.8382622588669338
linear_regression,81,139,0.806956946849823,0.8024208243117217
linear_regression,81,140,0.8309255242347717,0.7941581182804291
linear_regression,81,141,0.822184145450592,0.8172851351988322
linear_regression,81,142,0.7934128642082214,0.8024947773452538
linear_regression,81,143,0.8284077048301697,0.7799012478060763
linear_regression,81,144,0.8466830253601074,0.8099506586029571
linear_regression,81,145,0.8152928948402405,0.8365003583751894
linear_regression,81,146,0.8615065813064575,0.8019911535591108
linear_regression,81,147,0.8181616067886353,0.847745697999176
linear_regression,81,148,0.7951251864433289,0.8027245289028606
linear_regression,81,149,0.80061936378479,0.7827685584606193
linear_regression,81,150,0.7738112211227417,0.7845360288808767
linear_regression,81,151,0.7534091472625732,0.7620536666487178
linear_regression,81,152,0.8020768165588379,0.7408708764337315
linear_regression,81,153,0.7512518763542175,0.7900816713122042
linear_regression,81,154,0.7641369104385376,0.7417619573559896
linear_regression,81,155,0.768982470035553,0.7518925536737329
linear_regression,81,156,0.7808986306190491,0.7561739935902223
linear_regression,81,157,0.7787874341011047,0.7698767798541847
linear_regression,81,158,0.7597059011459351,0.7693087990477909
linear_regression,81,159,0.6853318214416504,0.7484130764245802
linear_regression,81,160,0.7407980561256409,0.6820729227693606
linear_regression,81,161,0.7159911394119263,0.7339657395611875
linear_regression,81,162,0.7343721985816956,0.7099905054198307
linear_regression,81,163,0.7681506276130676,0.7300774894186345
linear_regression,81,164,0.7568802833557129,0.7542683247587526
linear_regression,81,165,0.7317736744880676,0.7459815247439588
linear_regression,81,166,0.7372280359268188,0.7241266344608276
linear_regression,81,167,0.6630293726921082,0.7304634693384188
linear_regression,81,168,0.7176921367645264,0.6606429980505927
linear_regression,81,169,0.7286456227302551,0.7103634302459814
linear_regression,81,170,0.6781728863716125,0.7232481444694732
linear_regression,81,171,0.7133594155311584,0.6775975488592104
linear_regression,81,172,0.6823645830154419,0.7072327517526676
linear_regression,81,173,0.7274426221847534,0.679456103533681
linear_regression,81,174,0.7281839847564697,0.7212266001522238
linear_regression,81,175,0.667878270149231,0.7238990121376851
linear_regression,81,176,0.735253632068634,0.6660873566620799
linear_regression,81,177,0.6751093864440918,0.7280620482172221
linear_regression,81,178,0.751900851726532,0.6723911284702249
linear_regression,81,179,0.6607617735862732,0.7423483112654978
linear_regression,81,180,0.6786953210830688,0.6586680618558108
linear_regression,81,181,0.6826875805854797,0.6745507796277398
linear_regression,81,182,0.647973358631134,0.6800063773444072
linear_regression,81,183,0.6131486892700195,0.6472551687513003
linear_regression,81,184,0.6450930237770081,0.6152087194161145
linear_regression,81,185,0.7106585502624512,0.6460330282407395
linear_regression,81,186,0.6614065170288086,0.7055492492749789
linear_regression,81,187,0.6617488861083984,0.6607469608355062
linear_regression,81,188,0.726772665977478,0.6600987733491908
linear_regression,81,189,0.691676139831543,0.7218478635029937
linear_regression,81,190,0.6999061107635498,0.6878908219489387
linear_regression,81,191,0.7061717510223389,0.6948762422830095
linear_regression,81,192,0.645976185798645,0.7035936050426127
linear_regression,81,193,0.6835605502128601,0.6455037564013982
linear_regression,81,194,0.6860611438751221,0.6786998702434102
linear_regression,81,195,0.6769844889640808,0.6833823782363176
linear_regression,81,196,0.6461458206176758,0.6738495087376505
linear_regression,81,197,0.7025894522666931,0.6453856897844504
linear_regression,81,198,0.6303460597991943,0.6983976819207144
linear_regression,81,199,0.6576911211013794,0.6302032164041488
linear_regression,81,200,0.6642996072769165,0.6556374023233661
linear_regression,81,201,0.6803621649742126,0.6624313009798907
linear_regression,81,202,0.7263876795768738,0.677580812614437
linear_regression,81,203,0.7570784687995911,0.7164698075593031
linear_regression,81,204,0.7614825367927551,0.7461294784743221
linear_regression,81,205,0.7314711809158325,0.7506808014955222
linear_regression,81,206,0.7206136584281921,0.7241797622613556
linear_regression,81,207,0.6253201961517334,0.7169554813889643
linear_regression,81,208,0.7484118938446045,0.6273929369372984
linear_regression,81,209,0.8024934530258179,0.7417826697343736
linear_regression,81,210,0.7277992963790894,0.7891048655177859
linear_regression,81,211,0.7214361429214478,0.7202582431738122
linear_regression,81,212,0.7388058304786682,0.7159883055741465
linear_regression,81,213,0.7407541275024414,0.7326488226681396
linear_regression,81,214,0.7206531763076782,0.734847779306961
linear_regression,81,215,0.7032900452613831,0.7138808912650495
linear_regression,81,216,0.7292273044586182,0.6999477977645227
linear_regression,81,217,0.66848224401474,0.7222882967768506
linear_regression,81,218,0.650264322757721,0.6663750028755555
linear_regression,81,219,0.7631513476371765,0.6497000599621553
linear_regression,81,220,0.6985610127449036,0.7495966079772329
linear_regression,81,221,0.7384238243103027,0.6925779342489936
linear_regression,81,222,0.7662391662597656,0.7295957514862175
linear_regression,81,223,0.7526865005493164,0.7520003887327982
linear_regression,81,224,0.6884375810623169,0.7390942148681319
linear_regression,81,225,0.7166809439659119,0.6859672228696755
linear_regression,81,226,0.661686897277832,0.7115717172933341
linear_regression,81,227,0.6957025527954102,0.6601116701506415
linear_regression,81,228,0.7325143814086914,0.6938823652906105
linear_regression,81,229,0.6932471990585327,0.726044650631837
linear_regression,81,230,0.5882360339164734,0.6897267095561226
linear_regression,81,231,0.604837954044342,0.5923190578577745
linear_regression,81,232,0.6508719325065613,0.6067175911410109
linear_regression,81,233,0.7205908298492432,0.6504370702525438
linear_regression,81,234,0.6756088137626648,0.7155292643267293
linear_regression,81,235,0.6680223941802979,0.672673136218029
linear_regression,81,236,0.6111904382705688,0.6635361523288437
linear_regression,81,237,0.6562921404838562,0.6133150604666708
linear_regression,81,238,0.5652129650115967,0.656147867679718
linear_regression,81,239,0.6502578854560852,0.5712956011331428
linear_regression,81,240,0.6728039979934692,0.6483503030171842
linear_regression,81,241,0.5959540009498596,0.6705699238623573
linear_regression,81,242,0.6553801894187927,0.5992493042826398
linear_regression,81,243,0.5849204659461975,0.6552935971757545
linear_regression,81,244,0.6078157424926758,0.5892805152466781
linear_regression,81,245,0.5903077125549316,0.6108898773489094
linear_regression,81,246,0.5906428694725037,0.5938286791117607
linear_regression,81,247,0.6329941749572754,0.5945576406327785
linear_regression,81,248,0.6025052070617676,0.6339079254454457
linear_regression,81,249,0.5399900674819946,0.6052001248386953
linear_regression,81,250,0.4589372277259826,0.5484316576490474
linear_regression,81,251,0.5789996385574341,0.4538441737024941
linear_regression,81,252,0.5663756132125854,0.5837589846765912
linear_regression,81,253,0.5373921394348145,0.5723460664924377
linear_regression,81,254,0.5040422677993774,0.5454673484954282
linear_regression,81,255,0.5715377926826477,0.5158560696907708
linear_regression,81,256,0.4451057612895965,0.5770398050617513
linear_regression,81,257,0.4723342359066009,0.44370029636023556
linear_regression,81,258,0.4406733810901642,0.46834546937977367
linear_regression,81,259,0.4972913265228271,0.43795082512039557
linear_regression,81,260,0.4603715538978576,0.48900081675451684
linear_regression,81,261,0.5431140661239624,0.4567646104689157
linear_regression,81,262,0.4624957144260406,0.5509387123771006
linear_regression,81,263,0.446303129196167,0.4592392151749005
linear_regression,81,264,0.4676433801651001,0.44410832285884494
linear_regression,81,265,0.4150671362876892,0.46265617215767973
linear_regression,81,266,0.3960182964801788,0.41435534902572185
linear_regression,81,267,0.4461148381233215,0.40167964080724045
linear_regression,81,268,0.4038886427879333,0.44327851159465126
linear_regression,81,269,0.4489640891551971,0.4079136512191157
linear_regression,81,270,0.4205141961574554,0.4475212895787338
linear_regression,81,271,0.4070592224597931,0.4231416924629759
linear_regression,81,272,0.3997671604156494,0.408105768801977
linear_regression,81,273,0.3889397978782654,0.407357394966946
linear_regression,81,274,0.4010179936885834,0.39425635147325844
linear_regression,81,275,0.3678517043590545,0.404454809982264
linear_regression,81,276,0.3084422945976257,0.37418986240251834
linear_regression,81,277,0.3750998973846435,0.3254906371322825
linear_regression,81,278,0.3518784046173095,0.3827820797110552
linear_regression,81,279,0.3156361877918243,0.36058010469450613
linear_regression,81,280,0.3871869444847107,0.32987697835540597
linear_regression,81,281,0.3427927196025848,0.39288708911038417
linear_regression,81,282,0.2914580404758453,0.3512374631332845
linear_regression,81,283,0.346563458442688,0.3129855827661594
linear_regression,81,284,0.3223986029624939,0.3560717176339435
linear_regression,81,285,0.2834892570972442,0.33747394227875366
linear_regression,81,286,0.3511872887611389,0.3032520972844236
linear_regression,81,287,0.300894021987915,0.3637372098003111
linear_regression,81,288,0.3603908121585846,0.3133015667168978
linear_regression,81,289,0.3015971779823303,0.367039366185661
linear_regression,82,0,0.2848216295242309,0.3127046968354631
linear_regression,82,1,0.2668632268905639,0.3071749154210158
linear_regression,82,2,0.2649541199207306,0.29021980079648774
linear_regression,82,3,0.335611492395401,0.2885482274908472
linear_regression,82,4,0.3293169140815735,0.3488563557452177
linear_regression,82,5,0.2729434669017792,0.34304480801389936
linear_regression,82,6,0.347798228263855,0.2939219772906093
linear_regression,82,7,0.2934401333332062,0.3586382832966495
linear_regression,82,8,0.3511495590209961,0.31317064899013547
linear_regression,82,9,0.2704777717590332,0.3601877091065826
linear_regression,82,10,0.322970300912857,0.29435214352516126
linear_regression,82,11,0.2489617317914962,0.3363658085534637
linear_regression,82,12,0.3202316761016845,0.27244822020203985
linear_regression,82,13,0.354662537574768,0.33420466477342536
linear_regression,82,14,0.3186731934547424,0.36355176049833837
linear_regression,82,15,0.2968898415565491,0.3339110631908609
linear_regression,82,16,0.3597766458988189,0.31737133034242615
linear_regression,82,17,0.3642047941684723,0.3712850065395059
linear_regression,82,18,0.3497386276721954,0.3731663059443127
linear_regression,82,19,0.3815306425094604,0.3629638736451379
linear_regression,82,20,0.341632604598999,0.3868952577024918
linear_regression,82,21,0.3282309770584106,0.35587753276010675
linear_regression,82,22,0.3597843647003174,0.3407610500480472
linear_regression,82,23,0.3680635988712311,0.3647074249772327
linear_regression,82,24,0.3194507360458374,0.3770153900439044
linear_regression,82,25,0.360693871974945,0.33675887886905076
linear_regression,82,26,0.3492607176303863,0.36778905647729326
linear_regression,82,27,0.3473277986049652,0.3620615550282879
linear_regression,82,28,0.3367885947227478,0.3601263759461187
linear_regression,82,29,0.3748821318149566,0.34860884659224056
linear_regression,82,30,0.4661603271961212,0.38198603338804665
linear_regression,82,31,0.4193439483642578,0.46186374018825505
linear_regression,82,32,0.3812309503555298,0.4207264472036708
linear_regression,82,33,0.4159336984157562,0.3882395460542175
linear_regression,82,34,0.5182345509529114,0.4206373567045858
linear_regression,82,35,0.5035513043403625,0.5286679401217163
linear_regression,82,36,0.4858568608760834,0.5154851901003616
linear_regression,82,37,0.5180928111076355,0.4799008878595558
linear_regression,82,38,0.4950734972953796,0.5290527054440577
linear_regression,82,39,0.5136616230010986,0.4886515256050702
linear_regression,82,40,0.557331383228302,0.525060394509959
linear_regression,82,41,0.5601959824562073,0.5642611694257196
linear_regression,82,42,0.5321260094642639,0.5669689786960798
linear_regression,82,43,0.5570881366729736,0.5416128702592218
linear_regression,82,44,0.5356668829917908,0.5641547344200292
linear_regression,82,45,0.5453236699104309,0.5446140038602881
linear_regression,82,46,0.5465646982192993,0.5532653849574742
linear_regression,82,47,0.595396101474762,0.5545626804537507
linear_regression,82,48,0.5348877310752869,0.5991983469779604
linear_regression,82,49,0.5708637237548828,0.5443650562787181
linear_regression,82,50,0.5480424761772156,0.5766298524483351
linear_regression,82,51,0.4599903225898742,0.5558252611194908
linear_regression,82,52,0.5159798860549927,0.4547660915204413
linear_regression,82,53,0.4658703207969665,0.5276758372829549
linear_regression,82,54,0.5188630819320679,0.4615799361069193
linear_regression,82,55,0.5434301495552063,0.5294250974754349
linear_regression,82,56,0.5325745940208435,0.5514740211801106
linear_regression,82,57,0.4237171113491058,0.5418974465169406
linear_regression,82,58,0.4870845675468445,0.4246155262384628
linear_regression,82,59,0.4512789845466614,0.48124204665915227
linear_regression,82,60,0.4317769706249237,0.4485276411011575
linear_regression,82,61,0.4658096134662628,0.43197337115059736
linear_regression,82,62,0.4562713503837585,0.46217468749563523
linear_regression,82,63,0.4623600542545318,0.4531461384493769
linear_regression,82,64,0.471502810716629,0.46055519218619884
linear_regression,82,65,0.4521884024143219,0.4659314335551287
linear_regression,82,66,0.4748676717281341,0.45083713546447185
linear_regression,82,67,0.4283007681369781,0.47008780904763725
linear_regression,82,68,0.3637863397598266,0.4308228225338524
linear_regression,82,69,0.4329202175140381,0.37163460169816176
linear_regression,82,70,0.4329983592033386,0.4345918777504533
linear_regression,82,71,0.4000159502029419,0.4330555865518398
linear_regression,82,72,0.4007245004177093,0.4043014105075726
linear_regression,82,73,0.4022832810878753,0.40438603473975093
linear_regression,82,74,0.3939917087554931,0.40559690175893054
linear_regression,82,75,0.4005449116230011,0.3972392201135361
linear_regression,82,76,0.4213757812976837,0.4049498221217945
linear_regression,82,77,0.4482718706130981,0.4218670753011566
linear_regression,82,78,0.421486884355545,0.44708850537370354
linear_regression,82,79,0.4472002685070038,0.4213307851279706
linear_regression,82,80,0.5140652656555176,0.44496113131650933
linear_regression,82,81,0.4135554432868957,0.525665362056231
linear_regression,82,82,0.4396260380744934,0.41583264372727974
linear_regression,82,83,0.414443701505661,0.440215057379755
linear_regression,82,84,0.4241716861724853,0.4167901169815198
linear_regression,82,85,0.477260023355484,0.42437411601893976
linear_regression,82,86,0.4840294122695923,0.47212184427491133
linear_regression,82,87,0.4660637080669403,0.4773156625292032
linear_regression,82,88,0.4924138784408569,0.4622682552903423
linear_regression,82,89,0.4640916883945465,0.48510786731336875
linear_regression,82,90,0.5142229795455933,0.45993985695337986
linear_regression,82,91,0.4802489280700683,0.5255171171399409
linear_regression,82,92,0.5004281997680664,0.4741494789846143
linear_regression,82,93,0.5424574613571167,0.5127364947776037
linear_regression,82,94,0.5132551789283752,0.5506928716842507
linear_regression,82,95,0.5372191667556763,0.5244136136468953
linear_regression,82,96,0.5249147415161133,0.5464041344252412
linear_regression,82,97,0.5136452317237854,0.5349630431712226
linear_regression,82,98,0.579384982585907,0.5243108744877054
linear_regression,82,99,0.5336397886276245,0.5843831447114681
linear_regression,82,100,0.4941330850124359,0.5432007454656907
linear_regression,82,101,0.5621449947357178,0.4873616542934771
linear_regression,82,102,0.5588680505752563,0.5686086558217369
linear_regression,82,103,0.5594483017921448,0.565637436707356
linear_regression,82,104,0.6249035000801086,0.5661305150292038
linear_regression,82,105,0.6369698643684387,0.6269698684718179
linear_regression,82,106,0.541885495185852,0.6362790807431681
linear_regression,82,107,0.6536485552787781,0.5500322435230076
linear_regression,82,108,0.6408970952033997,0.6555791782145985
linear_regression,82,109,0.6347144842147827,0.6411729339285492
linear_regression,82,110,0.6503056287765503,0.6354743975066507
linear_regression,82,111,0.641502857208252,0.6507874878176851
linear_regression,82,112,0.6594676375389099,0.6413888453845507
linear_regression,82,113,0.6358645558357239,0.6559784377918965
linear_regression,82,114,0.6790881752967834,0.6366876743747997
linear_regression,82,115,0.6899893879890442,0.6745918172164764
linear_regression,82,116,0.6457458138465881,0.6841909661963459
linear_regression,82,117,0.6698200106620789,0.6444693375372772
linear_regression,82,118,0.7257755994796753,0.6652618735336829
linear_regression,82,119,0.6817879676818848,0.7190268432099659
linear_regression,82,120,0.6480985283851624,0.6778098365430408
linear_regression,82,121,0.7543278932571411,0.6467841358953821
linear_regression,82,122,0.7651447057723999,0.7427978114717586
linear_regression,82,123,0.7643364071846008,0.7548558578837424
linear_regression,82,124,0.75982266664505,0.7503416116568362
linear_regression,82,125,0.8019208908081055,0.7479072752795615
linear_regression,82,126,0.8051289319992065,0.7899605270102072
linear_regression,82,127,0.7462950944900513,0.7959084186359716
linear_regression,82,128,0.7353840470314026,0.737882547450295
linear_regression,82,129,0.8282168507575989,0.7282281537931705
linear_regression,82,130,0.7855639457702637,0.8135767049617636
linear_regression,82,131,0.7685571908950806,0.7676987564016475
linear_regression,82,132,0.7902222871780396,0.7569289780359513
linear_regression,82,133,0.7621314525604248,0.7764328797536807
linear_regression,82,134,0.8095600605010986,0.7496100949293208
linear_regression,82,135,0.7870433926582336,0.7960691248747626
linear_regression,82,136,0.8757031559944153,0.7732229379059142
linear_regression,82,137,0.7926930785179138,0.8643111149321974
linear_regression,82,138,0.8291352987289429,0.7825119404599045
linear_regression,82,139,0.8690089583396912,0.819694271437342
linear_regression,82,140,0.8536616563796997,0.8565484088952153
linear_regression,82,141,0.835811972618103,0.8377567428824848
linear_regression,82,142,0.8261030912399292,0.8200908337787386
linear_regression,82,143,0.8705836534500122,0.8112921309373953
linear_regression,82,144,0.910753846168518,0.8492495298557006
linear_regression,82,145,0.8623653054237366,0.8978842177042309
linear_regression,82,146,0.7798132300376892,0.8515240009938182
linear_regression,82,147,0.762546181678772,0.7643443623823674
linear_regression,82,148,0.8126607537269592,0.7558891313264837
linear_regression,82,149,0.8031636476516724,0.7964964191232491
linear_regression,82,150,0.8573543429374695,0.785042993853613
linear_regression,82,151,0.822702169418335,0.8425103295139751
linear_regression,82,152,0.8019790649414062,0.8092381555490624
linear_regression,82,153,0.7854520678520203,0.7865779812656134
linear_regression,82,154,0.7881987690925598,0.7766079532461375
linear_regression,82,155,0.854619562625885,0.7769987012591754
linear_regression,82,156,0.8415120840072632,0.8415281583819695
linear_regression,82,157,0.7840105295181274,0.8257175792127224
linear_regression,82,158,0.7371453046798706,0.7677121143917771
linear_regression,82,159,0.7581876516342163,0.7311573660248207
linear_regression,82,160,0.7589479088783264,0.7444268149166953
linear_regression,82,161,0.76759934425354,0.7500663615531118
linear_regression,82,162,0.7427546977996826,0.7524146667633681
linear_regression,82,163,0.7753448486328125,0.7371539068590728
linear_regression,82,164,0.7738807201385498,0.7618459064280075
linear_regression,82,165,0.731211245059967,0.7621053201249466
linear_regression,82,166,0.6758127212524414,0.7237949437630223
linear_regression,82,167,0.7388760447502136,0.6728025926860857
linear_regression,82,168,0.73887699842453,0.731794100319341
linear_regression,82,169,0.7673901319503784,0.7344905175114557
linear_regression,82,170,0.7291476726531982,0.7531117573079054
linear_regression,82,171,0.7395834922790527,0.7224408468511585
linear_regression,82,172,0.753006637096405,0.7339908900864318
linear_regression,82,173,0.6853315830230713,0.7411032418980843
linear_regression,82,174,0.692870557308197,0.6811257868524935
linear_regression,82,175,0.7500876188278198,0.6902812027782926
linear_regression,82,176,0.7109822630882263,0.7377759394535738
linear_regression,82,177,0.7445015907287598,0.7035921510485331
linear_regression,82,178,0.776049017906189,0.7387706707796442
linear_regression,82,179,0.6619389653205872,0.766692407568701
linear_regression,82,180,0.7253049612045288,0.660711078189206
linear_regression,82,181,0.7415498495101929,0.7208435165719218
linear_regression,82,182,0.7130081653594971,0.733468410578974
linear_regression,82,183,0.6655297875404358,0.7096878083615081
linear_regression,82,184,0.7297919392585754,0.6643586663680523
linear_regression,82,185,0.6994649767875671,0.7259420437234818
linear_regression,82,186,0.6831497550010681,0.696711417295155
linear_regression,82,187,0.6968829035758972,0.6801671524237097
linear_regression,82,188,0.7014124989509583,0.6942985771976894
linear_regression,82,189,0.7003494501113892,0.6965620025670697
linear_regression,82,190,0.6627418994903564,0.6954337714637898
linear_regression,82,191,0.7161270380020142,0.660683719277619
linear_regression,82,192,0.7143402099609375,0.7094170006948725
linear_regression,82,193,0.6889846324920654,0.7048030221953383
linear_regression,82,194,0.6859473586082458,0.6863684517784246
linear_regression,82,195,0.6597443222999573,0.6818024326442326
linear_regression,82,196,0.7508012056350708,0.6601391192676128
linear_regression,82,197,0.7540010809898376,0.7388274293426357
linear_regression,82,198,0.7296039462089539,0.7428397176341252
linear_regression,82,199,0.6236672401428223,0.7231992326217499
linear_regression,82,200,0.6990535855293274,0.6247518119344534
linear_regression,82,201,0.7032679319381714,0.6951246014142876
linear_regression,82,202,0.7276185750961304,0.6985617393747807
linear_regression,82,203,0.7950713038444519,0.7217216962728173
linear_regression,82,204,0.7226824760437012,0.7796079247102341
linear_regression,82,205,0.7370185256004333,0.7171490804240123
linear_regression,82,206,0.7766286134719849,0.7273741402335144
linear_regression,82,207,0.7134827375411987,0.7608869481875506
linear_regression,82,208,0.7343142032623291,0.7092855111583669
linear_regression,82,209,0.6825927495956421,0.7318546483881009
linear_regression,82,210,0.7621656656265259,0.6783279286872949
linear_regression,82,211,0.7076371312141418,0.7497865576688665
linear_regression,82,212,0.6682195663452148,0.7028946817771979
linear_regression,82,213,0.7197499871253967,0.6662524285930962
linear_regression,82,214,0.7724684476852417,0.7171681428001593
linear_regression,82,215,0.7218143343925476,0.7600463727518493
linear_regression,82,216,0.7288285493850708,0.7166821261778794
linear_regression,82,217,0.7228742837905884,0.7202878751280947
linear_regression,82,218,0.7396791577339172,0.7209871479846182
linear_regression,82,219,0.757870614528656,0.7336481627118844
linear_regression,82,220,0.7167501449584961,0.749845407361673
linear_regression,82,221,0.7360289096832275,0.7113043348577069
linear_regression,82,222,0.7093631029129028,0.7285440029600757
linear_regression,82,223,0.6689658164978027,0.7047984473403356
linear_regression,82,224,0.7661301493644714,0.6657770949795776
linear_regression,82,225,0.7036031484603882,0.7525662979864
linear_regression,82,226,0.7058135271072388,0.7016120855398637
linear_regression,82,227,0.6961233615875244,0.6997915565663895
linear_regression,82,228,0.6133595705032349,0.6918074989353148
linear_regression,82,229,0.7304608821868896,0.6150899750325222
linear_regression,82,230,0.6529166102409363,0.7226781190851393
linear_regression,82,231,0.6718389391899109,0.6512553443557658
linear_regression,82,232,0.7217315435409546,0.6695696820887671
linear_regression,82,233,0.6791121363639832,0.7143317569936564
linear_regression,82,234,0.7023749351501465,0.6776616455971594
linear_regression,82,235,0.6835764646530151,0.6978594473602127
linear_regression,82,236,0.7094873189926147,0.6802511477782365
linear_regression,82,237,0.6506350040435791,0.7036193731869815
linear_regression,82,238,0.6999731063842773,0.6500234773037127
linear_regression,82,239,0.6941651701927185,0.6947421970211762
linear_regression,82,240,0.5925810933113098,0.6917112224566495
linear_regression,82,241,0.6811656355857849,0.5962752123264402
linear_regression,82,242,0.5836540460586548,0.6786701299040633
linear_regression,82,243,0.5979676842689514,0.5884176068801317
linear_regression,82,244,0.5777381658554077,0.6011519794633462
linear_regression,82,245,0.632709801197052,0.582824470053854
linear_regression,82,246,0.6009684205055237,0.6319941661603022
linear_regression,82,247,0.5795034170150757,0.603844537005334
linear_regression,82,248,0.619351327419281,0.5839259524565837
linear_regression,82,249,0.556404709815979,0.6208213908937996
linear_regression,82,250,0.5544772148132324,0.5631648783201939
linear_regression,82,251,0.5362400412559509,0.5614654899221687
linear_regression,82,252,0.5880546569824219,0.5451900269712656
linear_regression,82,253,0.5691668391227722,0.5921324713325476
linear_regression,82,254,0.555862545967102,0.5748443824462743
linear_regression,82,255,0.5004023313522339,0.562729119588999
linear_regression,82,256,0.5593470335006714,0.5120583064289868
linear_regression,82,257,0.5452540516853333,0.5659816205081067
linear_regression,82,258,0.4678647816181183,0.5535179587369574
linear_regression,82,259,0.49828040599823,0.4627552525940628
linear_regression,82,260,0.5033180117607117,0.4907143138397869
linear_regression,82,261,0.4557408690452575,0.5145137822232382
linear_regression,82,262,0.4904256463050842,0.45320209893096297
linear_regression,82,263,0.4941296577453613,0.48445231555693863
linear_regression,82,264,0.5341489315032959,0.48782823079040494
linear_regression,82,265,0.465509682893753,0.5430231443644922
linear_regression,82,266,0.5585695505142212,0.46127129305107917
linear_regression,82,267,0.5234666466712952,0.5651874032509289
linear_regression,82,268,0.5275653600692749,0.5342208168385529
linear_regression,82,269,0.5371105670928955,0.5365379187889258
linear_regression,82,270,0.4632307589054107,0.5457422495329096
linear_regression,82,271,0.5284565091133118,0.45943905310934413
linear_regression,82,272,0.377069354057312,0.5378801016550239
linear_regression,82,273,0.445965051651001,0.3849453474692501
linear_regression,82,274,0.4402511417865753,0.44471512523679524
linear_regression,82,275,0.4958781003952026,0.43948140727533697
linear_regression,82,276,0.4885634183883667,0.48792289411612166
linear_regression,82,277,0.40765181183815,0.4815994666696038
linear_regression,82,278,0.4016739428043365,0.4115916773003754
linear_regression,82,279,0.4692564010620117,0.4055780978573581
linear_regression,82,280,0.4362968206405639,0.4641033129391327
linear_regression,82,281,0.4844339191913605,0.4356609487529385
linear_regression,82,282,0.4422091841697693,0.4781198980110384
linear_regression,82,283,0.3793393075466156,0.43945843847455257
linear_regression,82,284,0.4384151697158813,0.3846814632243878
linear_regression,82,285,0.411031424999237,0.43643426163582283
linear_regression,82,286,0.4340680241584778,0.4135542293720765
linear_regression,82,287,0.4579728245735168,0.43250320162347705
linear_regression,82,288,0.3728101849555969,0.45422669469609916
linear_regression,82,289,0.4073675572872162,0.38095751566213093
linear_regression,83,0,0.2141011953353881,0.25280997808622685
linear_regression,83,1,0.3031775653362274,0.2436618630168009
linear_regression,83,2,0.296620100736618,0.32083972106907677
linear_regression,83,3,0.2827654182910919,0.3186323079221094
linear_regression,83,4,0.2943331897258758,0.3056938705817397
linear_regression,83,5,0.2974844872951507,0.3118611223639788
linear_regression,83,6,0.2682856321334839,0.3140541271291228
linear_regression,83,7,0.2837407886981964,0.288178840644104
linear_regression,83,8,0.2821380198001861,0.30498323035149133
linear_regression,83,9,0.2521823048591614,0.3032669654769372
linear_regression,83,10,0.2701355814933777,0.27632748554715125
linear_regression,83,11,0.2783390581607818,0.2891622462665093
linear_regression,83,12,0.338153600692749,0.29898461118106623
linear_regression,83,13,0.3190743327140808,0.35184151060032703
linear_regression,83,14,0.345634400844574,0.33345003255725003
linear_regression,83,15,0.3272501230239868,0.35889571670433895
linear_regression,83,16,0.3371279239654541,0.3372669747817247
linear_regression,83,17,0.3487566709518432,0.35194440173642266
linear_regression,83,18,0.3356142044067383,0.3597161271441692
linear_regression,83,19,0.3418281078338623,0.3508731341285281
linear_regression,83,20,0.3958832919597626,0.3528420390633799
linear_regression,83,21,0.3338910341262817,0.40011364454075055
linear_regression,83,22,0.3089453876018524,0.3473221809777753
linear_regression,83,23,0.3805106282234192,0.3236276466961876
linear_regression,83,24,0.3417395949363708,0.3892411725676293
linear_regression,83,25,0.3748475611209869,0.3557203989120082
linear_regression,83,26,0.2993309497833252,0.3821692921301209
linear_regression,83,27,0.3251606523990631,0.3165514770096218
linear_regression,83,28,0.4017748534679413,0.3380277709673579
linear_regression,83,29,0.3699840903282165,0.4055462500305251
linear_regression,83,30,0.3358370065689087,0.37676716172891145
linear_regression,83,31,0.397736132144928,0.3513094761100826
linear_regression,83,32,0.384008377790451,0.4039755713950057
linear_regression,83,33,0.3808930516242981,0.39050069682978095
linear_regression,83,34,0.4550047516822815,0.38631122463981826
linear_regression,83,35,0.3472491800785064,0.4502099701933246
linear_regression,83,36,0.4073438346385956,0.3574018507312987
linear_regression,83,37,0.4371148347854614,0.40876205946155547
linear_regression,83,38,0.42807537317276,0.43832095375033325
linear_regression,83,39,0.3845698237419128,0.426416307649012
linear_regression,83,40,0.4441155791282654,0.39019444372009787
linear_regression,83,41,0.3650324642658233,0.4430218270528447
linear_regression,83,42,0.4209828674793243,0.37299261186845595
linear_regression,83,43,0.4663013219833374,0.4229784165309737
linear_regression,83,44,0.4565274715423584,0.4621965661938041
linear_regression,83,45,0.4597087800502777,0.45219595235092613
linear_regression,83,46,0.4261737167835235,0.45590904055889836
linear_regression,83,47,0.4010814130306244,0.4268246963124197
linear_regression,83,48,0.509443461894989,0.40273589708930724
linear_regression,83,49,0.452875941991806,0.5210694542891763
linear_regression,83,50,0.4479138255119324,0.4494816976321727
linear_regression,83,51,0.520778238773346,0.44744215228311196
linear_regression,83,52,0.518427312374115,0.5315550400765612
linear_regression,83,53,0.4934939742088318,0.528723807863491
linear_regression,83,54,0.4767076075077057,0.4873059121857067
linear_regression,83,55,0.4769559800624847,0.4709723182326862
linear_regression,83,56,0.5161312818527222,0.4728490982454804
linear_regression,83,57,0.4929609298706054,0.5271604116596202
linear_regression,83,58,0.4837125837802887,0.4864293216251431
linear_regression,83,59,0.5473002791404724,0.47884848986544243
linear_regression,83,60,0.4931778609752655,0.5551981740089631
linear_regression,83,61,0.4239921569824219,0.48677958762314544
linear_regression,83,62,0.5285029411315918,0.4253252757521462
linear_regression,83,63,0.4691263735294342,0.5382828834876552
linear_regression,83,64,0.5243264436721802,0.46673289470099194
linear_regression,83,65,0.4544373750686645,0.534371699582865
linear_regression,83,66,0.4998330771923065,0.45112537622289844
linear_regression,83,67,0.5131427049636841,0.4927302254829806
linear_regression,83,68,0.4979177117347717,0.5247949538655562
linear_regression,83,69,0.5149680972099304,0.49079204798799153
linear_regression,83,70,0.499349981546402,0.5254362175361234
linear_regression,83,71,0.5153278708457947,0.4920043366299521
linear_regression,83,72,0.57602858543396,0.5255996302043493
linear_regression,83,73,0.5426833629608154,0.5813285068094489
linear_regression,83,74,0.5770493745803833,0.5513585060509434
linear_regression,83,75,0.5081621408462524,0.582217621789397
linear_regression,83,76,0.5350683927536011,0.5196348188999007
linear_regression,83,77,0.6213038563728333,0.5448945807660097
linear_regression,83,78,0.533560574054718,0.6228964009328884
linear_regression,83,79,0.5497864484786987,0.5431500260583522
linear_regression,83,80,0.6210193037986755,0.5573873052755918
linear_regression,83,81,0.5395860075950623,0.6228813607415378
linear_regression,83,82,0.5321839451789856,0.5482820873111602
linear_regression,83,83,0.5743036866188049,0.541735180824424
linear_regression,83,84,0.5676344633102417,0.5797752083429404
linear_regression,83,85,0.5397980809211731,0.5736776578978587
linear_regression,83,86,0.5670635104179382,0.5483315998608206
linear_regression,83,87,0.5480676293373108,0.5731277181274609
linear_regression,83,88,0.5562673211097717,0.5560164948772036
linear_regression,83,89,0.5422911047935486,0.5632771499535559
linear_regression,83,90,0.5631128549575806,0.5506696024866573
linear_regression,83,91,0.5681319236755371,0.5695268805292709
linear_regression,83,92,0.5348171591758728,0.5741583008967119
linear_regression,83,93,0.5600923299789429,0.5438948991999537
linear_regression,83,94,0.5250846743583679,0.5668051530419806
linear_regression,83,95,0.5871010422706604,0.5354263743061065
linear_regression,83,96,0.5747937560081482,0.5915109918952013
linear_regression,83,97,0.6529722809791565,0.5801343122175835
linear_regression,83,98,0.5633531808853149,0.6522137760580583
linear_regression,83,99,0.612234354019165,0.569742859291491
linear_regression,83,100,0.6055734753608704,0.6145050219484005
linear_regression,83,101,0.6083823442459106,0.6079966010003578
linear_regression,83,102,0.5382949709892273,0.6107817342211985
linear_regression,83,103,0.6538318991661072,0.5472124247773646
linear_regression,83,104,0.6221299171447754,0.6536888127245262
linear_regression,83,105,0.5917609333992004,0.624199028425172
linear_regression,83,106,0.6088245511054993,0.5955066726354775
linear_regression,83,107,0.6046690940856934,0.6108878163668728
linear_regression,83,108,0.6220930814743042,0.6072145917384071
linear_regression,83,109,0.6644494533538818,0.623527170416955
linear_regression,83,110,0.634650468826294,0.6634279015640786
linear_regression,83,111,0.6526810526847839,0.6345643374150721
linear_regression,83,112,0.6958943009376526,0.6507655244391735
linear_regression,83,113,0.6821489930152893,0.6919967748459245
linear_regression,83,114,0.6712000370025635,0.6791837947114491
linear_regression,83,115,0.6768984198570251,0.6695637369132325
linear_regression,83,116,0.6747236251831055,0.6742191875043564
linear_regression,83,117,0.6971736550331116,0.6735543105282545
linear_regression,83,118,0.7204599380493164,0.6928794660852426
linear_regression,83,119,0.7260798811912537,0.71603447886412
linear_regression,83,120,0.6488134264945984,0.7209116518331775
linear_regression,83,121,0.6832020282745361,0.648828555678737
linear_regression,83,122,0.6896859407424927,0.6809325831041158
linear_regression,83,123,0.7284564971923828,0.6859826733497137
linear_regression,83,124,0.7220889329910278,0.7278243822270403
linear_regression,83,125,0.7550848722457886,0.717894223293675
linear_regression,83,126,0.7699795365333557,0.7468669147587726
linear_regression,83,127,0.6973901987075806,0.7578093647811189
linear_regression,83,128,0.7162885069847107,0.6940961307591574
linear_regression,83,129,0.7593672275543213,0.7072784195449703
linear_regression,83,130,0.7823129892349243,0.7468329217979653
linear_regression,83,131,0.7937425374984741,0.7690672212849918
linear_regression,83,132,0.695106565952301,0.7797129696451409
linear_regression,83,133,0.7209279537200928,0.6912508287356378
linear_regression,83,134,0.7233646512031555,0.7161105941109762
linear_regression,83,135,0.7258507609367371,0.7181986020221127
linear_regression,83,136,0.8353650569915771,0.7196142598373522
linear_regression,83,137,0.7751798629760742,0.8223716430089688
linear_regression,83,138,0.7601643204689026,0.7619504140749584
linear_regression,83,139,0.7237518429756165,0.7503733654234246
linear_regression,83,140,0.8024316430091858,0.7152116603269348
linear_regression,83,141,0.729516863822937,0.7896388175160634
linear_regression,83,142,0.7137501835823059,0.7260893149802291
linear_regression,83,143,0.7175807356834412,0.7072892701812616
linear_regression,83,144,0.7285674810409546,0.711131007202828
linear_regression,83,145,0.6759939193725586,0.72410543680488
linear_regression,83,146,0.7275206446647644,0.6756954840005046
linear_regression,83,147,0.7106029987335205,0.7260055735807344
linear_regression,83,148,0.6823193430900574,0.7063409604864364
linear_regression,83,149,0.7506522536277771,0.6770968368449698
linear_regression,83,150,0.6094997525215149,0.7377061200786179
linear_regression,83,151,0.6686477661132812,0.6122974728433943
linear_regression,83,152,0.6893033385276794,0.6671649947628957
linear_regression,83,153,0.6825998425483704,0.6864283400713709
linear_regression,83,154,0.6806365847587585,0.6774756073598298
linear_regression,83,155,0.6134477853775024,0.6782634763280188
linear_regression,83,156,0.6318886876106262,0.6147556316064862
linear_regression,83,157,0.6745889186859131,0.6331222299635203
linear_regression,83,158,0.65875643491745,0.6705955653590703
linear_regression,83,159,0.6837878823280334,0.6568556643737383
linear_regression,83,160,0.6892660856246948,0.6807817597112723
linear_regression,83,161,0.6768269538879395,0.6874878571167357
linear_regression,83,162,0.7076432704925537,0.673737556997216
linear_regression,83,163,0.6960387229919434,0.701682857143723
linear_regression,83,164,0.6100995540618896,0.6926620647004251
linear_regression,83,165,0.6549047827720642,0.6128882708318197
linear_regression,83,166,0.5730913281440735,0.6536284020780306
linear_regression,83,167,0.5977627635002136,0.5787044636709521
linear_regression,83,168,0.6222636699676514,0.6004908638375084
linear_regression,83,169,0.6036070585250854,0.6234353029221832
linear_regression,83,170,0.5729261636734009,0.6056336920961194
linear_regression,83,171,0.6044152975082397,0.5783312919453317
linear_regression,83,172,0.6143606901168823,0.6079311890474022
linear_regression,83,173,0.5866727828979492,0.6168216129086335
linear_regression,83,174,0.587147057056427,0.5910678003941917
linear_regression,83,175,0.6025752425193787,0.5913045587232999
linear_regression,83,176,0.6106033325195312,0.6053336534154781
linear_regression,83,177,0.6691328883171082,0.6128866375782616
linear_regression,83,178,0.5881526470184326,0.6688591425155866
linear_regression,83,179,0.5897340774536133,0.5919826857228977
linear_regression,83,180,0.570036768913269,0.5935696050738926
linear_regression,83,181,0.5935079455375671,0.5757333122813497
linear_regression,83,182,0.5995336174964905,0.5972093520453287
linear_regression,83,183,0.7144164443016052,0.6030989462542967
linear_regression,83,184,0.6558974981307983,0.7078596124760338
linear_regression,83,185,0.5839918255805969,0.6539159122078614
linear_regression,83,186,0.6052359342575073,0.588148742510765
linear_regression,83,187,0.6498817205429077,0.6081900667872989
linear_regression,83,188,0.5836033225059509,0.6488123127662878
linear_regression,83,189,0.6490206122398376,0.5880061725173946
linear_regression,83,190,0.6538680791854858,0.6488612144994745
linear_regression,83,191,0.6636053323745728,0.6528507933156419
linear_regression,83,192,0.656600296497345,0.6620202815326763
linear_regression,83,193,0.6108061075210571,0.6541418642563493
linear_regression,83,194,0.6454904079437256,0.6130049992980139
linear_regression,83,195,0.6359360218048096,0.644877237726855
linear_regression,83,196,0.6135773658752441,0.6348650207642549
linear_regression,83,197,0.6870871186256409,0.6155345137120115
linear_regression,83,198,0.6628853678703308,0.6839247606365241
linear_regression,83,199,0.6645203828811646,0.6602648619673711
linear_regression,83,200,0.616977870464325,0.6620835584515058
linear_regression,83,201,0.6898699998855591,0.6195040090164343
linear_regression,83,202,0.6544792056083679,0.6871835592893961
linear_regression,83,203,0.6266350746154785,0.653301919883716
linear_regression,83,204,0.6946264505386353,0.6282809671447899
linear_regression,83,205,0.6252698302268982,0.6903080383421188
linear_regression,83,206,0.6502421498298645,0.6258091008883289
linear_regression,83,207,0.6866668462753296,0.6481785479170654
linear_regression,83,208,0.7076451182365417,0.6844708284453119
linear_regression,83,209,0.6455736756324768,0.7033790869468004
linear_regression,83,210,0.7061132788658142,0.6451178957446234
linear_regression,83,211,0.7286602258682251,0.6988299405192882
linear_regression,83,212,0.7351614832878113,0.7235841327172903
linear_regression,83,213,0.6893840432167053,0.7270002152377645
linear_regression,83,214,0.6137698292732239,0.686031268012319
linear_regression,83,215,0.7174543738365173,0.615693168722787
linear_regression,83,216,0.7193742394447327,0.7107773339918337
linear_regression,83,217,0.698657214641571,0.7142452748639743
linear_regression,83,218,0.7212420105934143,0.6942974373659252
linear_regression,83,219,0.7266510128974915,0.7170135034233469
linear_regression,83,220,0.6776638627052307,0.7199140979068056
linear_regression,83,221,0.6503816843032837,0.6730750232741325
linear_regression,83,222,0.6888995170593262,0.6497106536023752
linear_regression,83,223,0.6956358551979065,0.6848885296111502
linear_regression,83,224,0.7559584379196167,0.691941652962634
linear_regression,83,225,0.6874715685844421,0.740832225815999
linear_regression,83,226,0.705336332321167,0.683981655335896
linear_regression,83,227,0.6833245158195496,0.7027763799777031
linear_regression,83,228,0.6970237493515015,0.6793711992638785
linear_regression,83,229,0.7254590392112732,0.6917575135430103
linear_regression,83,230,0.6676826477050781,0.7182741086736926
linear_regression,83,231,0.6121949553489685,0.6650574281361034
linear_regression,83,232,0.6120196580886841,0.614185342294362
linear_regression,83,233,0.6476866602897644,0.6142333591701191
linear_regression,83,234,0.713353157043457,0.647585388512935
linear_regression,83,235,0.7131970524787903,0.7065092800026255
linear_regression,83,236,0.6919280290603638,0.7096496954378935
linear_regression,83,237,0.6023925542831421,0.6899065443453805
linear_regression,83,238,0.6709839701652527,0.6053577485625227
linear_regression,83,239,0.6588706374168396,0.6705373658336947
linear_regression,83,240,0.617517352104187,0.657715187481069
linear_regression,83,241,0.6241234540939331,0.6190344700044096
linear_regression,83,242,0.6063567399978638,0.6253254226543362
linear_regression,83,243,0.5676238536834717,0.6080187178726004
linear_regression,83,244,0.6391928791999817,0.573468982152043
linear_regression,83,245,0.6032111644744873,0.6387315245763411
linear_regression,83,246,0.644899845123291,0.6063974314708076
linear_regression,83,247,0.5619661211967468,0.6426026785303256
linear_regression,83,248,0.543193519115448,0.5683388797692659
linear_regression,83,249,0.6366094946861267,0.5514307754176704
linear_regression,83,250,0.601345956325531,0.6362923029657984
linear_regression,83,251,0.6051770448684692,0.6046696401847403
linear_regression,83,252,0.5072581171989441,0.6078503206912196
linear_regression,83,253,0.5207852721214294,0.5183260200370816
linear_regression,83,254,0.5799077749252319,0.5312706982900174
linear_regression,83,255,0.5474904775619507,0.5847116330481786
linear_regression,83,256,0.4997753500938415,0.5551067851442815
linear_regression,83,257,0.4260937869548797,0.49206507500472807
linear_regression,83,258,0.4699016213417053,0.4257839055479925
linear_regression,83,259,0.4649396538734436,0.46544305791197654
linear_regression,83,260,0.4462313950061798,0.46142669024978483
linear_regression,83,261,0.4715268313884735,0.44457146377125706
linear_regression,83,262,0.5067886710166931,0.46813864007567585
linear_regression,83,263,0.459496408700943,0.5180158532904866
linear_regression,83,264,0.4188981652259826,0.456440697218102
linear_regression,83,265,0.4646623730659485,0.4215575346398967
linear_regression,83,266,0.4301708936691284,0.4612838975037295
linear_regression,83,267,0.4648493528366089,0.43272412777064967
linear_regression,83,268,0.4805499315261841,0.46211249607449784
linear_regression,83,269,0.4064972400665283,0.4757448081055165
linear_regression,83,270,0.3577718734741211,0.40900103523142795
linear_regression,83,271,0.4016129970550537,0.3665365588187863
linear_regression,83,272,0.3847740888595581,0.4040860558453965
linear_regression,83,273,0.3501970171928406,0.3927432512299586
linear_regression,83,274,0.4519353806972503,0.3586088639623733
linear_regression,83,275,0.4194098114967346,0.4499128713303145
linear_regression,83,276,0.4252746403217315,0.4199084662641202
linear_regression,83,277,0.3576796948909759,0.4261087639641982
linear_regression,83,278,0.4096558690071106,0.367364582914675
linear_regression,83,279,0.3536595106124878,0.4131927136331701
linear_regression,83,280,0.4047606587409973,0.36310378883516503
linear_regression,83,281,0.3660492300987243,0.408144617433584
linear_regression,83,282,0.382187932729721,0.3730087571575746
linear_regression,83,283,0.3746121525764465,0.38763604108515193
linear_regression,83,284,0.3861190676689148,0.3817133416498178
linear_regression,83,285,0.3204519152641296,0.39490025596061623
linear_regression,83,286,0.3020198047161102,0.33576086832074475
linear_regression,83,287,0.3290484845638275,0.3204211043285814
linear_regression,83,288,0.3848394453525543,0.3407110960392901
linear_regression,83,289,0.3206633031368255,0.3894001433660481
linear_regression,84,0,0.3090295493602752,0.3274072440783754
linear_regression,84,1,0.3869508802890777,0.3274025522445854
linear_regression,84,2,0.3373607397079468,0.3925507150620037
linear_regression,84,3,0.2597066164016723,0.3544262057362532
linear_regression,84,4,0.3280855417251587,0.2842928811273313
linear_regression,84,5,0.3457939028739929,0.3393385018794915
linear_regression,84,6,0.2919804453849792,0.35855942277647573
linear_regression,84,7,0.3103758692741394,0.30977954952808573
linear_regression,84,8,0.3260398805141449,0.32716491138748904
linear_regression,84,9,0.2590573728084564,0.33856282791834214
linear_regression,84,10,0.2334595620632171,0.284396321777101
linear_regression,84,11,0.3371576964855194,0.26574650654125237
linear_regression,84,12,0.2928961515426636,0.3481969420099369
linear_regression,84,13,0.3024704158306122,0.3117866630151408
linear_regression,84,14,0.2635688781738281,0.3202062997861176
linear_regression,84,15,0.2659800946712494,0.285658013732125
linear_regression,84,16,0.2782478034496307,0.2884416769344559
linear_regression,84,17,0.2659871876239776,0.3020702309086979
linear_regression,84,18,0.2744947671890259,0.28910725895712663
linear_regression,84,19,0.3354778885841369,0.29880903730512287
linear_regression,84,20,0.3106091022491455,0.3474545343026355
linear_regression,84,21,0.3575336635112762,0.3290451601980871
linear_regression,84,22,0.3582018613815307,0.36839760445145964
linear_regression,84,23,0.2967589199542999,0.3687564691295565
linear_regression,84,24,0.3466182053089142,0.31072469179889334
linear_regression,84,25,0.3211387991905212,0.35854106067242597
linear_regression,84,26,0.3441083133220672,0.33499607064161463
linear_regression,84,27,0.2234925627708435,0.3570587158160529
linear_regression,84,28,0.3030866980552673,0.251486944688026
linear_regression,84,29,0.3784258663654327,0.31957564169179015
linear_regression,84,30,0.342093288898468,0.3863753788626868
linear_regression,84,31,0.3688343167304992,0.3555313234368668
linear_regression,84,32,0.3916927278041839,0.37877317159851076
linear_regression,84,33,0.3861893117427826,0.3955947390818436
linear_regression,84,34,0.3410302102565765,0.39105134350872034
linear_regression,84,35,0.3491488099098205,0.3506332760417521
linear_regression,84,36,0.3272924423217773,0.36123904460099826
linear_regression,84,37,0.3610928952693939,0.3388617472458596
linear_regression,84,38,0.3351210951805115,0.3703895875022198
linear_regression,84,39,0.4128882884979248,0.347119792626988
linear_regression,84,40,0.36161008477211,0.4149410183407417
linear_regression,84,41,0.4163956940174103,0.36859673822000155
linear_regression,84,42,0.4052112698554992,0.41840663101711423
linear_regression,84,43,0.3563973009586334,0.4078906812743858
linear_regression,84,44,0.2868762910366058,0.36437811453794333
linear_regression,84,45,0.4160508215427398,0.305539004618416
linear_regression,84,46,0.2704551517963409,0.4203991864799986
linear_regression,84,47,0.416361927986145,0.29657684781324484
linear_regression,84,48,0.2648134529590606,0.4208344498081411
linear_regression,84,49,0.3461365103721618,0.2867214720473416
linear_regression,84,50,0.4142807722091675,0.35518903292204995
linear_regression,84,51,0.4034440219402313,0.41684295788749387
linear_regression,84,52,0.3234583139419555,0.40772676269990077
linear_regression,84,53,0.3409254848957062,0.3391619956367774
linear_regression,84,54,0.3641291260719299,0.3537416710227963
linear_regression,84,55,0.3645561635494232,0.3717316074856224
linear_regression,84,56,0.4262700378894806,0.3725550395602232
linear_regression,84,57,0.3429348170757293,0.42736118951550506
linear_regression,84,58,0.4423918128013611,0.35575277275953776
linear_regression,84,59,0.3799946010112762,0.44078652823188924
linear_regression,84,60,0.4524700343608856,0.3852777567143887
linear_regression,84,61,0.4166700839996338,0.4497248676679761
linear_regression,84,62,0.4077500700950622,0.41846855982601233
linear_regression,84,63,0.3829192817211151,0.41014656517001996
linear_regression,84,64,0.4465935826301574,0.3891022390518604
linear_regression,84,65,0.4474513232707977,0.44495233164271236
linear_regression,84,66,0.4559327661991119,0.44520060293452546
linear_regression,84,67,0.433184951543808,0.4528374075583914
linear_regression,84,68,0.4423506259918213,0.43409904818974215
linear_regression,84,69,0.4216673970222473,0.44155286422887174
linear_regression,84,70,0.4484405815601349,0.4207106693378557
linear_regression,84,71,0.3940316140651703,0.44685919128651036
linear_regression,84,72,0.466292530298233,0.39746693615723666
linear_regression,84,73,0.4132792055606842,0.46292390640348985
linear_regression,84,74,0.4621614813804626,0.41408475212470025
linear_regression,84,75,0.3644017875194549,0.4583253042990374
linear_regression,84,76,0.4275206923484802,0.373285383259417
linear_regression,84,77,0.4199583232402801,0.4278496310795782
linear_regression,84,78,0.5083733201026917,0.4217131062957973
linear_regression,84,79,0.536750316619873,0.5200735103333058
linear_regression,84,80,0.4095156788825989,0.5461245048693013
linear_regression,84,81,0.4617349803447723,0.41102421918347454
linear_regression,84,82,0.5068368911743164,0.45793406187012764
linear_regression,84,83,0.4768464267253876,0.5194506583989602
linear_regression,84,84,0.5474590063095093,0.4718490876451962
linear_regression,84,85,0.4823782444000244,0.5556254914580622
linear_regression,84,86,0.532082736492157,0.4767252767919589
linear_regression,84,87,0.5516109466552734,0.5411334541386172
linear_regression,84,88,0.4894195795059204,0.5593348073160962
linear_regression,84,89,0.493786871433258,0.48263846670012006
linear_regression,84,90,0.5232334733009338,0.48651111895037374
linear_regression,84,91,0.4954186677932739,0.5334933095932577
linear_regression,84,92,0.5359028577804565,0.4881412555923392
linear_regression,84,93,0.5183039307594299,0.5448466300710926
linear_regression,84,94,0.5445958375930786,0.5290863504561503
linear_regression,84,95,0.5789815187454224,0.5529319243238358
linear_regression,84,96,0.5512811541557312,0.5839859545740452
linear_regression,84,97,0.5150208473205566,0.5586587828959668
linear_regression,84,98,0.5238779187202454,0.5260636705614128
linear_regression,84,99,0.5896919369697571,0.5340681400568819
linear_regression,84,100,0.554177463054657,0.5933325807252288
linear_regression,84,101,0.6505113244056702,0.5613347510187341
linear_regression,84,102,0.5575259327888489,0.6507034394756763
linear_regression,84,103,0.6481321454048157,0.5644205405654532
linear_regression,84,104,0.7015451192855835,0.6481217673725762
linear_regression,84,105,0.6309431195259094,0.69782338277622
linear_regression,84,106,0.6693698167800903,0.6317100068995152
linear_regression,84,107,0.6680452823638916,0.667876648497172
linear_regression,84,108,0.6985920071601868,0.6650499391325929
linear_regression,84,109,0.7575698494911194,0.6949337485515125
linear_regression,84,110,0.7070069313049316,0.7481717885972784
linear_regression,84,111,0.7525128722190857,0.7019371307360137
linear_regression,84,112,0.7711164951324463,0.7442340917207744
linear_regression,84,113,0.7471515536308289,0.7595679378742606
linear_regression,84,114,0.775328516960144,0.7407009269175048
linear_regression,84,115,0.7620783448219299,0.7602470508475256
linear_regression,84,116,0.7913244962692261,0.7484866266714181
linear_regression,84,117,0.7965555191040039,0.7754697938041764
linear_regression,84,118,0.7838990092277527,0.7841416560949566
linear_regression,84,119,0.8536019325256348,0.7707985088327681
linear_regression,84,120,0.8602616190910339,0.8377207315578348
linear_regression,84,121,0.8095176219940186,0.8439748998383848
linear_regression,84,122,0.922889769077301,0.8001032753630039
linear_regression,84,123,0.8717756271362305,0.9024004273267224
linear_regression,84,124,0.8833072781562805,0.8564848634668978
linear_regression,84,125,0.8900174498558044,0.863149867385113
linear_regression,84,126,0.9360905289649964,0.8711986810194037
linear_regression,84,127,0.899025559425354,0.9221755581835994
linear_regression,84,128,0.8833284974098206,0.8848150049303638
linear_regression,84,129,0.8777374625205994,0.8670426219292561
linear_regression,84,130,0.911918878555298,0.8586492656008555
linear_regression,84,131,0.9563152194023132,0.8990137825325043
linear_regression,84,132,0.9404596090316772,0.9346161576106247
linear_regression,84,133,0.957718789577484,0.9263556681509103
linear_regression,84,134,0.948171854019165,0.9428900737449375
linear_regression,84,135,1.0,0.9337425633889153
linear_regression,84,136,0.9657516479492188,0.9732840514031875
linear_regression,84,137,0.9691392183303832,0.9461468235666289
linear_regression,84,138,0.9981985092163086,0.9538277384823278
linear_regression,84,139,0.9977738857269288,0.9720766400705397
linear_regression,84,140,1.0,0.9812596263771632
linear_regression,84,141,1.0,0.9833914288594281
linear_regression,84,142,0.986448049545288,0.977130563082576
linear_regression,84,143,1.0,0.9652740015240864
linear_regression,84,144,0.9585955142974854,0.98338855882282
linear_regression,84,145,1.0,0.9384908981766277
linear_regression,84,146,0.9909291863441468,0.9833866454650811
linear_regression,84,147,0.9642682075500488,0.9746952805501397
linear_regression,84,148,0.9803814888000488,0.9491514491571373
linear_regression,84,149,0.9697484374046326,0.9636683691340312
linear_regression,84,150,1.0,0.9543999363814683
linear_regression,84,151,1.0,0.9800111417872052
linear_regression,84,152,0.9428313970565796,0.983380905391865
linear_regression,84,153,1.0,0.928190582380643
linear_regression,84,154,1.0,0.9814528661578237
linear_regression,84,155,0.9649089574813844,0.9819334409480299
linear_regression,84,156,0.9280272126197816,0.9466587381427114
linear_regression,84,157,0.9766827821731568,0.9144216909159694
linear_regression,84,158,0.9431031942367554,0.9541998390874937
linear_regression,84,159,0.9816377758979796,0.9288635198852263
linear_regression,84,160,0.966306746006012,0.9593240969634922
linear_regression,84,161,0.977350115776062,0.9466495416993823
linear_regression,84,162,0.9281340837478638,0.9616713288980022
linear_regression,84,163,0.9693515300750732,0.9064780627578195
linear_regression,84,164,1.0,0.9540062809324952
linear_regression,84,165,0.865571141242981,0.983368468566563
linear_regression,84,166,0.8497396111488342,0.8479204641906635
linear_regression,84,167,0.9699724912643432,0.8375160746189986
linear_regression,84,168,0.9118040800094604,0.9519075195860285
linear_regression,84,169,0.9732986688613892,0.895411929890797
linear_regression,84,170,0.9100133180618286,0.9568781648963895
linear_regression,84,171,0.8452412486076355,0.8937121841319136
linear_regression,84,172,0.8309721946716309,0.8288873088507024
linear_regression,84,173,0.8656854629516602,0.8155314650594401
linear_regression,84,174,0.9307070970535278,0.8510160521341719
linear_regression,84,175,0.8811399340629578,0.9169719686879392
linear_regression,84,176,0.8584480881690979,0.869482573535319
linear_regression,84,177,0.9627841114997864,0.8441674158443142
linear_regression,84,178,0.8818169236183167,0.9402148816563975
linear_regression,84,179,0.8841939568519592,0.87012830496924
linear_regression,84,180,0.8538246750831604,0.8685173375166142
linear_regression,84,181,0.9177463054656982,0.8391507623621102
linear_regression,84,182,0.8462536334991455,0.9041575082219098
linear_regression,84,183,0.8469944596290588,0.829512891592333
linear_regression,84,184,0.8304295539855957,0.8358247102587409
linear_regression,84,185,0.805879533290863,0.8176572784746232
linear_regression,84,186,0.8468602895736694,0.7936344384881264
linear_regression,84,187,0.782307505607605,0.830700356450982
linear_regression,84,188,0.8206443786621094,0.7690075843526284
linear_regression,84,189,0.7746988534927368,0.8018869025270036
linear_regression,84,190,0.7382451295852661,0.7600602135095471
linear_regression,84,191,0.7543999552726746,0.7319569138988238
linear_regression,84,192,0.7448028922080994,0.741329417220949
linear_regression,84,193,0.8050300478935242,0.7368468504271742
linear_regression,84,194,0.665279746055603,0.7867126125218775
linear_regression,84,195,0.7257853150367737,0.6625599068678204
linear_regression,84,196,0.8009005784988403,0.7237713767242852
linear_regression,84,197,0.8050910234451294,0.7920656926512158
linear_regression,84,198,0.7805954813957214,0.792879728938361
linear_regression,84,199,0.7992739677429199,0.7726551625845292
linear_regression,84,200,0.7358545660972595,0.7863570807928145
linear_regression,84,201,0.7324094176292419,0.7289714061082222
linear_regression,84,202,0.7353204488754272,0.7280133520137846
linear_regression,84,203,0.7555311322212219,0.7297967932221433
linear_regression,84,204,0.6947510838508606,0.7478484959026293
linear_regression,84,205,0.7600277066230774,0.6921480035450419
linear_regression,84,206,0.810079038143158,0.7486685841997361
linear_regression,84,207,0.7082661986351013,0.7940446187722204
linear_regression,84,208,0.7786410450935364,0.7045907788983828
linear_regression,84,209,0.7894477248191833,0.7669917775391885
linear_regression,84,210,0.6932916641235352,0.7758862611103158
linear_regression,84,211,0.7762575745582581,0.6895016851051491
linear_regression,84,212,0.7599809169769287,0.7607754303427692
linear_regression,84,213,0.7276799082756042,0.7499139456548248
linear_regression,84,214,0.7580689191818237,0.7241107834206593
linear_regression,84,215,0.733849823474884,0.7500386408402793
linear_regression,84,216,0.7441631555557251,0.7269181033487898
linear_regression,84,217,0.7666788101196289,0.7392111806463353
linear_regression,84,218,0.7057327628135681,0.7535271657330057
linear_regression,84,219,0.7494338154792786,0.7014406696822578
linear_regression,84,220,0.739557683467865,0.7412929324768966
linear_regression,84,221,0.7714859843254089,0.7362402624550891
linear_regression,84,222,0.6755991578102112,0.7584373516746049
linear_regression,84,223,0.679422914981842,0.6740242530950662
linear_regression,84,224,0.6842879056930542,0.6774541001853156
linear_regression,84,225,0.71833735704422,0.6788012263388916
linear_regression,84,226,0.7368757724761963,0.7144645551761337
linear_regression,84,227,0.6654563546180725,0.7295090963051613
linear_regression,84,228,0.6926705241203308,0.6623552233773891
linear_regression,84,229,0.744115948677063,0.690326163122432
linear_regression,84,230,0.7182289958000183,0.7373688236633036
linear_regression,84,231,0.6714566349983215,0.7145282323964697
linear_regression,84,232,0.6244763731956482,0.6727576114115725
linear_regression,84,233,0.6652823686599731,0.6256577035905849
linear_regression,84,234,0.651286780834198,0.662191459665803
linear_regression,84,235,0.6734586358070374,0.6512011382465364
linear_regression,84,236,0.7102919816970825,0.6719000520628421
linear_regression,84,237,0.635079562664032,0.7062890914105089
linear_regression,84,238,0.6075491905212402,0.635221836562423
linear_regression,84,239,0.6703881621360779,0.6105060215544521
linear_regression,84,240,0.6592382788658142,0.6663558636566134
linear_regression,84,241,0.688072919845581,0.6580534366914493
linear_regression,84,242,0.610814094543457,0.6845205328928238
linear_regression,84,243,0.6327936053276062,0.6133217791010832
linear_regression,84,244,0.5555737614631653,0.633199876722834
linear_regression,84,245,0.6925021409988403,0.5625970310561383
linear_regression,84,246,0.5394546985626221,0.690011388662811
linear_regression,84,247,0.5678358674049377,0.5481457924394404
linear_regression,84,248,0.519152045249939,0.5736802642290798
linear_regression,84,249,0.5104865431785583,0.5291985647731733
linear_regression,84,250,0.5069911479949951,0.5224810528672081
linear_regression,84,251,0.56072598695755,0.5191714385470484
linear_regression,84,252,0.5148293375968933,0.567231236775767
linear_regression,84,253,0.5441178679466248,0.5260740649339944
linear_regression,84,254,0.5084571242332458,0.552236525779527
linear_regression,84,255,0.5124368071556091,0.5199185335394745
linear_regression,84,256,0.4732552170753479,0.5240404841793904
linear_regression,84,257,0.447010338306427,0.46734328864328056
linear_regression,84,258,0.4888657629489898,0.4454018160663352
linear_regression,84,259,0.5214990377426147,0.4821427011691936
linear_regression,84,260,0.4029371440410614,0.5314285602262312
linear_regression,84,261,0.4033330976963043,0.40707708973842394
linear_regression,84,262,0.5017778277397156,0.4070701166212278
linear_regression,84,263,0.4873807430267334,0.514075648084648
linear_regression,84,264,0.4627583920955658,0.4821679993945079
linear_regression,84,265,0.3959965705871582,0.4593591939840563
linear_regression,84,266,0.4218454658985138,0.3997936111813619
linear_regression,84,267,0.4285750389099121,0.4224241105571823
linear_regression,84,268,0.4507934749126434,0.43011903985783867
linear_regression,84,269,0.4357842206954956,0.4472591962622544
linear_regression,84,270,0.3459863662719726,0.43464166951573685
linear_regression,84,271,0.3470467925071716,0.35678015280336506
linear_regression,84,272,0.3840548694133758,0.35892359545676417
linear_regression,84,273,0.3751449584960937,0.3915123058690782
linear_regression,84,274,0.4174605309963226,0.38114696672773524
linear_regression,84,275,0.4245987236499786,0.41815620215384774
linear_regression,84,276,0.3936879932880401,0.4259716749317703
linear_regression,84,277,0.307133287191391,0.3979088139745699
linear_regression,84,278,0.3425671756267547,0.32291432552996846
linear_regression,84,279,0.3575423955917358,0.3557098024831188
linear_regression,84,280,0.3186485767364502,0.36769981281106207
linear_regression,84,281,0.3585380613803863,0.3317283338075983
linear_regression,84,282,0.3155615627765655,0.36789221321954746
linear_regression,84,283,0.3532752096652984,0.33284155666598547
linear_regression,84,284,0.3710125088691711,0.36299261668017563
linear_regression,84,285,0.3088224530220032,0.37872904733164287
linear_regression,84,286,0.3653621971607208,0.32524948455062674
linear_regression,84,287,0.2631274163722992,0.37503796663569344
linear_regression,84,288,0.2881471812725067,0.28567567795087306
linear_regression,84,289,0.3778850138187408,0.30520309399536083
linear_regression,85,0,0.2408831864595413,0.27862678298158
linear_regression,85,1,0.3216919898986816,0.2667693975783093
linear_regression,85,2,0.2893929779529571,0.3360472278625765
linear_regression,85,3,0.2469449043273925,0.3123719907508996
linear_regression,85,4,0.3641032874584198,0.2703259030560976
linear_regression,85,5,0.3479703664779663,0.3737550006754604
linear_regression,85,6,0.2648462951183319,0.35711233564044303
linear_regression,85,7,0.3010938167572021,0.28679057311698014
linear_regression,85,8,0.2866390645503998,0.3163752272603942
linear_regression,85,9,0.3288427293300628,0.3072107064302053
linear_regression,85,10,0.2973056137561798,0.34366574303969344
linear_regression,85,11,0.3019271194934845,0.3162586693835254
linear_regression,85,12,0.3409030139446258,0.3194395182953734
linear_regression,85,13,0.3251490890979767,0.35475206501968354
linear_regression,85,14,0.2967411279678345,0.3398870922199944
linear_regression,85,15,0.2740500569343567,0.31516641755788705
linear_regression,85,16,0.3522816896438598,0.29842570355967835
linear_regression,85,17,0.3376028835773468,0.36260169954949356
linear_regression,85,18,0.321540892124176,0.35160437134199823
linear_regression,85,19,0.3641106188297272,0.33751238616422985
linear_regression,85,20,0.375366061925888,0.37419124774649704
linear_regression,85,21,0.2990169823169708,0.3822154723917806
linear_regression,85,22,0.3552393317222595,0.31480865541135994
linear_regression,85,23,0.2912508845329284,0.3659124819404507
linear_regression,85,24,0.3588109612464905,0.3085130486713117
linear_regression,85,25,0.3179858922958374,0.3663285771056842
linear_regression,85,26,0.3587079346179962,0.3319290486766891
linear_regression,85,27,0.3591089844703674,0.3676025800297355
linear_regression,85,28,0.3106456100940704,0.3704618935477258
linear_regression,85,29,0.3282721042633056,0.32260133599138335
linear_regression,85,30,0.345074862241745,0.34445395377507926
linear_regression,85,31,0.3538050055503845,0.3593626474552462
linear_regression,85,32,0.3493655323982239,0.3634702958729641
linear_regression,85,33,0.3082545697689056,0.35857200424694585
linear_regression,85,34,0.2946597635746002,0.3235711605012177
linear_regression,85,35,0.3626028299331665,0.31032764869981644
linear_regression,85,36,0.394676148891449,0.3719532485082914
linear_regression,85,37,0.3770683109760284,0.4027854565919404
linear_regression,85,38,0.4169071018695831,0.38309200327014786
linear_regression,85,39,0.3688689172267914,0.4206661579711051
linear_regression,85,40,0.3858977556228637,0.3768447399009329
linear_regression,85,41,0.3347688317298889,0.39216939041796656
linear_regression,85,42,0.4218519628047943,0.34654984946557377
linear_regression,85,43,0.3530651926994324,0.42438413346308473
linear_regression,85,44,0.4004373252391815,0.3618644670078989
linear_regression,85,45,0.4606382250785827,0.40615697442305865
linear_regression,85,46,0.4181177616119385,0.45640334752127387
linear_regression,85,47,0.5357157588005066,0.4204261891268867
linear_regression,85,48,0.4521473348140716,0.5443659059934808
linear_regression,85,49,0.4577842652797699,0.4504429631966392
linear_regression,85,50,0.4138117134571075,0.454994651847827
linear_regression,85,51,0.4810064435005188,0.41425333759927624
linear_regression,85,52,0.4812136888504028,0.4763584561732479
linear_regression,85,53,0.5133638381958008,0.4756169313003458
linear_regression,85,54,0.5272814631462097,0.523754328667288
linear_regression,85,55,0.4928373098373413,0.5369789214830508
linear_regression,85,56,0.6077223420143127,0.4858425469882558
linear_regression,85,57,0.5341193079948425,0.6095583010929221
linear_regression,85,58,0.6337398886680603,0.5432960916336607
linear_regression,85,59,0.5579142570495605,0.6341673989683471
linear_regression,85,60,0.5867737531661987,0.5649681433282299
linear_regression,85,61,0.6091674566268921,0.5912443114773291
linear_regression,85,62,0.6088892817497253,0.6113884439117662
linear_regression,85,63,0.6020387411117554,0.6109397111255952
linear_regression,85,64,0.5700402855873108,0.6046645251744176
linear_regression,85,65,0.6179357171058655,0.5757895505032601
linear_regression,85,66,0.6565617322921753,0.6194073616260066
linear_regression,85,67,0.6892292499542236,0.6542274670136883
linear_regression,85,68,0.5753815770149231,0.6858902759318475
linear_regression,85,69,0.645548403263092,0.5805311514863413
linear_regression,85,70,0.5536928176879883,0.6456753305847194
linear_regression,85,71,0.5643821358680725,0.5610798705878709
linear_regression,85,72,0.5469687581062317,0.5706923132811172
linear_regression,85,73,0.5818183422088623,0.554785948308322
linear_regression,85,74,0.5493072271347046,0.5865930214725099
linear_regression,85,75,0.5040608644485474,0.5570238193509143
linear_regression,85,76,0.5078914761543274,0.5157753243867602
linear_regression,85,77,0.5450246930122375,0.519828828630686
linear_regression,85,78,0.5275543928146362,0.5533548420055115
linear_regression,85,79,0.5540993809700012,0.5375338800335138
linear_regression,85,80,0.5127618312835693,0.5612715529414264
linear_regression,85,81,0.534042239189148,0.5246139650546512
linear_regression,85,82,0.5903869867324829,0.5426927413556554
linear_regression,85,83,0.4775853753089905,0.5943388956541262
linear_regression,85,84,0.483967661857605,0.4711618207705482
linear_regression,85,85,0.4774039387702942,0.477798009993969
linear_regression,85,86,0.5553323030471802,0.4721545824625733
linear_regression,85,87,0.4987315833568573,0.5624675986778698
linear_regression,85,88,0.5032379627227783,0.49084701699713573
linear_regression,85,89,0.4735894501209259,0.5152180074726513
linear_regression,85,90,0.4916554391384125,0.46871570902571835
linear_regression,85,91,0.5413879156112671,0.48546926632573856
linear_regression,85,92,0.4636971056461334,0.5500825301481896
linear_regression,85,93,0.4544464349746704,0.4596926531827325
linear_regression,85,94,0.5248624086380005,0.4495193762878126
linear_regression,85,95,0.5952385067939758,0.534696625603308
linear_regression,85,96,0.5142565369606018,0.599512843308138
linear_regression,85,97,0.5538788437843323,0.5255415995964472
linear_regression,85,98,0.5734590888023376,0.5611852941896591
linear_regression,85,99,0.5692688226699829,0.5789201562999086
linear_regression,85,100,0.6221858263015747,0.5751133058802815
linear_regression,85,101,0.5270251631736755,0.6232388324600053
linear_regression,85,102,0.5787867307662964,0.5370352953539059
linear_regression,85,103,0.5396316051483154,0.5837088635622959
linear_regression,85,104,0.5346507430076599,0.548469371926022
linear_regression,85,105,0.5772222876548767,0.5440662787619499
linear_regression,85,106,0.6021949052810669,0.5823039880194599
linear_regression,85,107,0.5927553772926331,0.6045987049557995
linear_regression,85,108,0.6153526306152344,0.5963141046231789
linear_regression,85,109,0.6432334780693054,0.6165138516446163
linear_regression,85,110,0.5997374653816223,0.6432382889519038
linear_regression,85,111,0.6865419745445251,0.6029311851467715
linear_regression,85,112,0.6554638147354126,0.684176948146046
linear_regression,85,113,0.6622887849807739,0.6528877441802794
linear_regression,85,114,0.6536219716072083,0.659587271795761
linear_regression,85,115,0.6442446708679199,0.6516162203221584
linear_regression,85,116,0.7079511284828186,0.6448664841070585
linear_regression,85,117,0.6519138216972351,0.7045427322594641
linear_regression,85,118,0.7307555079460144,0.6497746280941087
linear_regression,85,119,0.7309861183166504,0.7265429758656012
linear_regression,85,120,0.6696420907974243,0.7234483530420242
linear_regression,85,121,0.6732867360115051,0.6671873748195927
linear_regression,85,122,0.6838766932487488,0.6707690748096916
linear_regression,85,123,0.7355490326881409,0.6807673455087868
linear_regression,85,124,0.7055885195732117,0.7325413075614453
linear_regression,85,125,0.7363371253013611,0.702799003451859
linear_regression,85,126,0.7245942950248718,0.7262623874170002
linear_regression,85,127,0.7408461570739746,0.7219996411586874
linear_regression,85,128,0.7096253633499146,0.7344314253663096
linear_regression,85,129,0.7455824017524719,0.7072143502309015
linear_regression,85,130,0.7182980179786682,0.736225298790368
linear_regression,85,131,0.7288074493408203,0.7145186611075217
linear_regression,85,132,0.7111488580703735,0.7234348769424795
linear_regression,85,133,0.7163585424423218,0.7044330728451997
linear_regression,85,134,0.7894689440727234,0.7103550552251507
linear_regression,85,135,0.7084066271781921,0.7715032700753872
linear_regression,85,136,0.741349458694458,0.7038371170241745
linear_regression,85,137,0.6769367456436157,0.7317644990003324
linear_regression,85,138,0.7424066662788391,0.6739852796260287
linear_regression,85,139,0.6826867461204529,0.7392100517817257
linear_regression,85,140,0.7896850109100342,0.6790023184190963
linear_regression,85,141,0.7454360127449036,0.7731876796089827
linear_regression,85,142,0.7531178593635559,0.7376789574669333
linear_regression,85,143,0.7196076512336731,0.7391515377723435
linear_regression,85,144,0.7577570676803589,0.7147027897150448
linear_regression,85,145,0.694739043712616,0.7431908514001402
linear_regression,85,146,0.73568195104599,0.6904679906797473
linear_regression,85,147,0.7130197882652283,0.7281073240385817
linear_regression,85,148,0.6604405641555786,0.7115361263359021
linear_regression,85,149,0.7098009586334229,0.6581925609151859
linear_regression,85,150,0.667306125164032,0.7046319954528049
linear_regression,85,151,0.6752563118934631,0.6658102176178172
linear_regression,85,152,0.692659854888916,0.6726732869492376
linear_regression,85,153,0.6786961555480957,0.690105975606775
linear_regression,85,154,0.6516680121421814,0.6762156082650014
linear_regression,85,155,0.663131833076477,0.6505742926130168
linear_regression,85,156,0.5541199445724487,0.6620535575088967
linear_regression,85,157,0.6603580713272095,0.5613349429645613
linear_regression,85,158,0.6794278025627136,0.6590603017509102
linear_regression,85,159,0.6288624405860901,0.6771403432435765
linear_regression,85,160,0.6528914570808411,0.6295374687795368
linear_regression,85,161,0.6268107295036316,0.6530537726184895
linear_regression,85,162,0.6562423706054688,0.626562961016784
linear_regression,85,163,0.61396324634552,0.6554650464006049
linear_regression,85,164,0.64286208152771,0.6154835590119255
linear_regression,85,165,0.6385948061943054,0.6429301872683745
linear_regression,85,166,0.6550321578979492,0.6389967293277639
linear_regression,85,167,0.646074652671814,0.6544431040877705
linear_regression,85,168,0.6582053303718567,0.643999468084555
linear_regression,85,169,0.6078804731369019,0.6563425019380363
linear_regression,85,170,0.6089959144592285,0.6100208634602311
linear_regression,85,171,0.604149580001831,0.6108838735435055
linear_regression,85,172,0.5964552164077759,0.6073350958175279
linear_regression,85,173,0.5156486630439758,0.600051273584112
linear_regression,85,174,0.6013097167015076,0.5269391347298895
linear_regression,85,175,0.5848973989486694,0.6044665159174513
linear_regression,85,176,0.5946318507194519,0.5895913075514155
linear_regression,85,177,0.5761880278587341,0.598043143853815
linear_regression,85,178,0.5730963349342346,0.5815625142092006
linear_regression,85,179,0.5878621935844421,0.5784774446430402
linear_regression,85,180,0.5408012866973877,0.5924348578243153
linear_regression,85,181,0.5182204842567444,0.5487015101921676
linear_regression,85,182,0.6380488872528076,0.5285144848179664
linear_regression,85,183,0.5399388074874878,0.6397740636860484
linear_regression,85,184,0.5572540760040283,0.548530895924791
linear_regression,85,185,0.5119040608406067,0.5641861695508017
linear_regression,85,186,0.6367816925048828,0.5233965185997048
linear_regression,85,187,0.6773067116737366,0.6370668460657789
linear_regression,85,188,0.6370826363563538,0.6724099466915039
linear_regression,85,189,0.6324077844619751,0.6387807943639606
linear_regression,85,190,0.620439350605011,0.632224904861409
linear_regression,85,191,0.5863428711891174,0.6229188205430302
linear_regression,85,192,0.6263580322265625,0.5902948354314693
linear_regression,85,193,0.5698826909065247,0.6261276416838271
linear_regression,85,194,0.6806033253669739,0.5755528344504919
linear_regression,85,195,0.600042462348938,0.6801163362770489
linear_regression,85,196,0.5899943709373474,0.6034791482366382
linear_regression,85,197,0.6567063331604004,0.593789182820117
linear_regression,85,198,0.6602951288223267,0.6549449652989362
linear_regression,85,199,0.6131295561790466,0.6589630706586848
linear_regression,85,200,0.6203474998474121,0.6153363169971022
linear_regression,85,201,0.6175327301025391,0.6214099737272003
linear_regression,85,202,0.6286581754684448,0.6188524429948405
linear_regression,85,203,0.6697224378585815,0.6292390218936187
linear_regression,85,204,0.6250464916229248,0.6676460108134062
linear_regression,85,205,0.6965975165367126,0.6264073265240211
linear_regression,85,206,0.7035382390022278,0.6916816692177497
linear_regression,85,207,0.6887638568878174,0.6995735849251169
linear_regression,85,208,0.6771620512008667,0.6838182084059355
linear_regression,85,209,0.6029368042945862,0.6749944815851062
linear_regression,85,210,0.6902325749397278,0.6057143092608788
linear_regression,85,211,0.6877644062042236,0.6836259733252769
linear_regression,85,212,0.7121922373771667,0.6838567630734165
linear_regression,85,213,0.7045737504959106,0.7079169641681814
linear_regression,85,214,0.6913555860519409,0.7020734011927644
linear_regression,85,215,0.7155682444572449,0.6899519329861018
linear_regression,85,216,0.7286565899848938,0.7093832398761939
linear_regression,85,217,0.6246933341026306,0.7237572599877573
linear_regression,85,218,0.7899852395057678,0.6256722389130176
linear_regression,85,219,0.7414621114730835,0.7763789466264178
linear_regression,85,220,0.6806319952011108,0.7376516682597665
linear_regression,85,221,0.6845424771308899,0.6792213611706405
linear_regression,85,222,0.7138336896896362,0.6814186718193663
linear_regression,85,223,0.7089660167694092,0.7066295505793467
linear_regression,85,224,0.7709736227989197,0.7052273628300705
linear_regression,85,225,0.687004029750824,0.7570458709994128
linear_regression,85,226,0.7003841996192932,0.6851733295007635
linear_regression,85,227,0.6946234107017517,0.6976805153628527
linear_regression,85,228,0.7091525197029114,0.6910014448046584
linear_regression,85,229,0.725053608417511,0.7049171474147274
linear_regression,85,230,0.6995734572410583,0.7216258216298622
linear_regression,85,231,0.6663265228271484,0.6955767161122243
linear_regression,85,232,0.6957055330276489,0.6672980109082897
linear_regression,85,233,0.6569865345954895,0.693445865581896
linear_regression,85,234,0.6734269261360168,0.6556765575641644
linear_regression,85,235,0.6427282094955444,0.6721119156327309
linear_regression,85,236,0.6444112658500671,0.6436873185620998
linear_regression,85,237,0.6945911645889282,0.642703463066844
linear_regression,85,238,0.6683496832847595,0.6899568129103026
linear_regression,85,239,0.5833709239959717,0.6672640254321105
linear_regression,85,240,0.6238833069801331,0.5874181157568628
linear_regression,85,241,0.7042062878608704,0.6248446574279178
linear_regression,85,242,0.6533228158950806,0.6995424574503771
linear_regression,85,243,0.6490866541862488,0.6520059313859192
linear_regression,85,244,0.5950582027435303,0.6481245789191146
linear_regression,85,245,0.6905631422996521,0.5987330883585832
linear_regression,85,246,0.6664869785308838,0.6886204940646837
linear_regression,85,247,0.6326026916503906,0.6645107347237197
linear_regression,85,248,0.643217146396637,0.633321240976062
linear_regression,85,249,0.6493759751319885,0.6426564689517865
linear_regression,85,250,0.6582733988761902,0.6489453231388063
linear_regression,85,251,0.6451696753501892,0.6558091453655946
linear_regression,85,252,0.5948621034622192,0.6445289098405487
linear_regression,85,253,0.6398168802261353,0.5979132502027968
linear_regression,85,254,0.5818926095962524,0.6409517366982341
linear_regression,85,255,0.6549302935600281,0.5864686568381242
linear_regression,85,256,0.5884889364242554,0.6537651373508444
linear_regression,85,257,0.6182299256324768,0.5923415623439786
linear_regression,85,258,0.5641838312149048,0.6196094534600534
linear_regression,85,259,0.5726664662361145,0.5703371468541247
linear_regression,85,260,0.546334445476532,0.5780810157262224
linear_regression,85,261,0.5802105069160461,0.5540468964142463
linear_regression,85,262,0.5430542230606079,0.5846747302101167
linear_regression,85,263,0.5837442874908447,0.5511714572111632
linear_regression,85,264,0.5497528910636902,0.588145970317424
linear_regression,85,265,0.5119702816009521,0.5571297662509367
linear_regression,85,266,0.5339450836181641,0.5225611142736553
linear_regression,85,267,0.516599178314209,0.5430748665782051
linear_regression,85,268,0.4814682602882385,0.5274342782603436
linear_regression,85,269,0.4857414364814758,0.4767460398744006
linear_regression,85,270,0.5123878121376038,0.4797491283365714
linear_regression,85,271,0.4533734321594238,0.5238082957670036
linear_regression,85,272,0.4641579985618591,0.4499666577143
linear_regression,85,273,0.4448389112949371,0.45960192032613373
linear_regression,85,274,0.4776682257652282,0.4426490714225817
linear_regression,85,275,0.4112662971019745,0.47288666184319106
linear_regression,85,276,0.456456184387207,0.41309368572641963
linear_regression,85,277,0.4357622563838959,0.452868089750205
linear_regression,85,278,0.3421161770820617,0.4340431365921976
linear_regression,85,279,0.4325590133666992,0.35235737190717464
linear_regression,85,280,0.4350280463695526,0.43290189277383645
linear_regression,85,281,0.3323806226253509,0.4346689947032805
linear_regression,85,282,0.4061061143875122,0.3459988608067586
linear_regression,85,283,0.3911747634410858,0.4107456799598298
linear_regression,85,284,0.3670359849929809,0.3995006710693606
linear_regression,85,285,0.384024828672409,0.37366911127711794
linear_regression,85,286,0.4043361246585846,0.39087333398040974
linear_regression,85,287,0.3679437041282654,0.40882611893316406
linear_regression,85,288,0.3554543852806091,0.3768746675889457
linear_regression,85,289,0.335071861743927,0.3619099885345066
linear_regression,86,0,0.248634934425354,0.33494801746891456
linear_regression,86,1,0.277019739151001,0.2714709370598301
linear_regression,86,2,0.3259996473789215,0.29942595807037675
linear_regression,86,3,0.3605213761329651,0.3427604680865193
linear_regression,86,4,0.2979192435741424,0.36946360200753225
linear_regression,86,5,0.3358434736728668,0.3141450368947335
linear_regression,86,6,0.3527739644050598,0.3470322775177339
linear_regression,86,7,0.30595862865448,0.3658627562225229
linear_regression,86,8,0.3353493809700012,0.3249983656932794
linear_regression,86,9,0.3598250150680542,0.3493821194931187
linear_regression,86,10,0.3736912608146667,0.3688392477339422
linear_regression,86,11,0.3220770061016083,0.3794647500421589
linear_regression,86,12,0.2912523448467254,0.3369151302132805
linear_regression,86,13,0.2651080191135406,0.31397305421550786
linear_regression,86,14,0.317026138305664,0.28668274725210974
linear_regression,86,15,0.275516927242279,0.33437794304941504
linear_regression,86,16,0.3536053299903869,0.2958585350691176
linear_regression,86,17,0.2802582383155823,0.36657885705523396
linear_regression,86,18,0.3100194931030273,0.3006667943882403
linear_regression,86,19,0.304796814918518,0.3271228661813378
linear_regression,86,20,0.3741020262241363,0.3228220161278802
linear_regression,86,21,0.3388349711894989,0.3806677479820295
linear_regression,86,22,0.3520027101039886,0.3526814419244866
linear_regression,86,23,0.3463060259819031,0.359994157620451
linear_regression,86,24,0.2923073172569275,0.36261847806173264
linear_regression,86,25,0.2930857241153717,0.3115588113662071
linear_regression,86,26,0.4053330421447754,0.31404549558904293
linear_regression,86,27,0.3368337750434875,0.407662207599863
linear_regression,86,28,0.3403298854827881,0.35041558681776375
linear_regression,86,29,0.2963769435882568,0.3522475999449814
linear_regression,86,30,0.3442853689193725,0.31542578051839154
linear_regression,86,31,0.3491473793983459,0.3547704390163517
linear_regression,86,32,0.3407860398292541,0.3595712873837903
linear_regression,86,33,0.3375900983810425,0.35041665878465045
linear_regression,86,34,0.3605215847492218,0.35006941298882666
linear_regression,86,35,0.3566792905330658,0.36920809856021025
linear_regression,86,36,0.3712740242481231,0.3671712737432218
linear_regression,86,37,0.3225443065166473,0.3806972826604117
linear_regression,86,38,0.3109581470489502,0.33462174583875526
linear_regression,86,39,0.3662992417812347,0.324557764557762
linear_regression,86,40,0.3657407760620117,0.37697799556876643
linear_regression,86,41,0.3923577070236206,0.3756066905589929
linear_regression,86,42,0.371993213891983,0.395991945101736
linear_regression,86,43,0.3629066348075866,0.3811107324716068
linear_regression,86,44,0.3058160245418548,0.37199107928644326
linear_regression,86,45,0.3727141916751861,0.3251250565160439
linear_regression,86,46,0.2995397448539734,0.3785546306138594
linear_regression,86,47,0.4353666305541992,0.31466212214753886
linear_regression,86,48,0.4200557172298431,0.4337623688017392
linear_regression,86,49,0.437212586402893,0.42150737212872946
linear_regression,86,50,0.4075237512588501,0.43712507411537427
linear_regression,86,51,0.3940956592559814,0.410477321038584
linear_regression,86,52,0.3858923017978668,0.40188793515023
linear_regression,86,53,0.4311588704586029,0.3939347186423577
linear_regression,86,54,0.4259069263935089,0.4311318046314729
linear_regression,86,55,0.451604425907135,0.42596352327857356
linear_regression,86,56,0.4767382442951202,0.45032792418048817
linear_regression,86,57,0.4444444179534912,0.4723623888392504
linear_regression,86,58,0.4874519109725952,0.4419677658396237
linear_regression,86,59,0.4988664090633392,0.48097210710740196
linear_regression,86,60,0.4731066823005676,0.4917258430998751
linear_regression,86,61,0.4988121390342712,0.4700335367744377
linear_regression,86,62,0.4156916439533233,0.4910910920817044
linear_regression,86,63,0.4599297940731048,0.4157781151938676
linear_regression,86,64,0.530219554901123,0.457251990546186
linear_regression,86,65,0.5989048480987549,0.5395646531140124
linear_regression,86,66,0.4898914098739624,0.6024784274730214
linear_regression,86,67,0.4979100525379181,0.48333516036862206
linear_regression,86,68,0.5180138945579529,0.4909341562718834
linear_regression,86,69,0.5842896699905396,0.5289519819095594
linear_regression,86,70,0.547989010810852,0.5886987670574229
linear_regression,86,71,0.5978419184684753,0.5558690171592026
linear_regression,86,72,0.6761962175369263,0.6013480993722744
linear_regression,86,73,0.6778292655944824,0.6744767607318711
linear_regression,86,74,0.6258755922317505,0.6728650974641001
linear_regression,86,75,0.6508378982543945,0.6272272641903499
linear_regression,86,76,0.6535926461219788,0.6513173789749885
linear_regression,86,77,0.7622716426849365,0.6526083969538256
linear_regression,86,78,0.7531633377075195,0.7502307754720813
linear_regression,86,79,0.7328495383262634,0.7396713069309435
linear_regression,86,80,0.6759456992149353,0.7292862291536614
linear_regression,86,81,0.697603702545166,0.6733757479931332
linear_regression,86,82,0.6978572607040405,0.6950730080228278
linear_regression,86,83,0.7657251954078674,0.6908922221355579
linear_regression,86,84,0.7842663526535034,0.7536605349731875
linear_regression,86,85,0.7941957712173462,0.7692310003623453
linear_regression,86,86,0.7864792346954346,0.7811944286868917
linear_regression,86,87,0.7682040333747864,0.7739713092766074
linear_regression,86,88,0.7844245433807373,0.7557407028262324
linear_regression,86,89,0.8267738819122314,0.7744763788800261
linear_regression,86,90,0.8098640441894531,0.8099423597001981
linear_regression,86,91,0.7890095114707947,0.8001925266312976
linear_regression,86,92,0.7765824198722839,0.7748462346617498
linear_regression,86,93,0.7690972089767456,0.7651714636010984
linear_regression,86,94,0.7975433468818665,0.7576962004843246
linear_regression,86,95,0.8085353374481201,0.783546365152869
linear_regression,86,96,0.8237535953521729,0.791639236729481
linear_regression,86,97,0.8615551590919495,0.8068424147796042
linear_regression,86,98,0.850592315196991,0.8435701401892405
linear_regression,86,99,0.8006967306137085,0.8396572765870317
linear_regression,86,100,0.8088565468788147,0.7859604559580088
linear_regression,86,101,0.7792081236839294,0.7935514035214354
linear_regression,86,102,0.7563031911849976,0.7681006126791652
linear_regression,86,103,0.7968184351921082,0.7440181449247346
linear_regression,86,104,0.7714390754699707,0.7833751277553372
linear_regression,86,105,0.8188083171844482,0.7601061427029899
linear_regression,86,106,0.8254382610321045,0.807302522358876
linear_regression,86,107,0.8231313228607178,0.8078197672508738
linear_regression,86,108,0.752797544002533,0.8134000820234015
linear_regression,86,109,0.7959428429603577,0.7403463658557349
linear_regression,86,110,0.7423591017723083,0.7843410967948893
linear_regression,86,111,0.7300894260406494,0.7370307371831736
linear_regression,86,112,0.7821832895278931,0.727205712637406
linear_regression,86,113,0.8068202137947083,0.7706472944070849
linear_regression,86,114,0.7658403515815735,0.7943221921593226
linear_regression,86,115,0.8302331566810608,0.7564074344761353
linear_regression,86,116,0.8541993498802185,0.8137195564499643
linear_regression,86,117,0.8448225259780884,0.8382847295690824
linear_regression,86,118,0.7727307081222534,0.8335043886496907
linear_regression,86,119,0.8163195848464966,0.763143570277018
linear_regression,86,120,0.791484534740448,0.802146608775335
linear_regression,86,121,0.803630530834198,0.7803791143001806
linear_regression,86,122,0.7653446197509766,0.7918400725668583
linear_regression,86,123,0.7816731333732605,0.7514935813615108
linear_regression,86,124,0.878733217716217,0.7636787001438243
linear_regression,86,125,0.8552166819572449,0.864794101945527
linear_regression,86,126,0.8340741991996765,0.8347329884787409
linear_regression,86,127,0.755986213684082,0.8181808035072331
linear_regression,86,128,0.7840349674224854,0.7415849908048872
linear_regression,86,129,0.8325924277305603,0.7697028741152862
linear_regression,86,130,0.7902882695198059,0.8200520320572525
linear_regression,86,131,0.7629184722900391,0.7759972684202396
linear_regression,86,132,0.7497597336769104,0.7527537912150456
linear_regression,86,133,0.8076013922691345,0.741676871080868
linear_regression,86,134,0.8021759986877441,0.7907401376449422
linear_regression,86,135,0.7913348078727722,0.789141799990919
linear_regression,86,136,0.7825229167938232,0.7819780153218897
linear_regression,86,137,0.8192774653434753,0.7690161258174469
linear_regression,86,138,0.788878858089447,0.8054641722812269
linear_regression,86,139,0.7614795565605164,0.773440191928737
linear_regression,86,140,0.7980819344520569,0.7481288078009573
linear_regression,86,141,0.7416008114814758,0.7886507194837754
linear_regression,86,142,0.6990472674369812,0.7343360076687323
linear_regression,86,143,0.764957845211029,0.6944315688771469
linear_regression,86,144,0.739187479019165,0.7548815145307557
linear_regression,86,145,0.766747772693634,0.731717896457551
linear_regression,86,146,0.6917431950569153,0.7550006530472255
linear_regression,86,147,0.6631312370300293,0.6889769293228489
linear_regression,86,148,0.7105582356452942,0.6607551037183323
linear_regression,86,149,0.7300015091896057,0.7075886336875206
linear_regression,86,150,0.6793653964996338,0.724710079322252
linear_regression,86,151,0.7067612409591675,0.6746817987870627
linear_regression,86,152,0.6816074252128601,0.7010434723488487
linear_regression,86,153,0.6554076075553894,0.6795520772661585
linear_regression,86,154,0.6892107129096985,0.6538002829721544
linear_regression,86,155,0.6588323712348938,0.6837251587304715
linear_regression,86,156,0.6597440838813782,0.6564077322649776
linear_regression,86,157,0.679355263710022,0.6612266930054745
linear_regression,86,158,0.6792317628860474,0.6742856849495595
linear_regression,86,159,0.6829004287719727,0.6772120406032863
linear_regression,86,160,0.65656578540802,0.6798322735387006
linear_regression,86,161,0.6404706835746765,0.655968778996816
linear_regression,86,162,0.6543090343475342,0.640896712344513
linear_regression,86,163,0.6303732991218567,0.6526887542464281
linear_regression,86,164,0.6401992440223694,0.6304064184846155
linear_regression,86,165,0.5941824913024902,0.6415607523472494
linear_regression,86,166,0.6044031977653503,0.5982636422365
linear_regression,86,167,0.6275426149368286,0.607530347403526
linear_regression,86,168,0.5946868658065796,0.6288096855967977
linear_regression,86,169,0.592835009098053,0.598497476802734
linear_regression,86,170,0.5684829354286194,0.5964508279403333
linear_regression,86,171,0.6476632356643677,0.5743356472896534
linear_regression,86,172,0.5771461129188538,0.6469812635469161
linear_regression,86,173,0.6302152276039124,0.582293773037253
linear_regression,86,174,0.594182550907135,0.6303983822072444
linear_regression,86,175,0.5810256600379944,0.5982550883989685
linear_regression,86,176,0.5585874319076538,0.585503611265247
linear_regression,86,177,0.5821516513824463,0.5653793110193659
linear_regression,86,178,0.5981432199478149,0.5867205911437436
linear_regression,86,179,0.5733755826950073,0.6008946282339341
linear_regression,86,180,0.570289134979248,0.5788806260865768
linear_regression,86,181,0.6083645820617676,0.5759685974166452
linear_regression,86,182,0.6585382223129272,0.6109299970648285
linear_regression,86,183,0.5789494514465332,0.6571518752002771
linear_regression,86,184,0.5552205443382263,0.5838412285787095
linear_regression,86,185,0.561810314655304,0.5623677700817794
linear_regression,86,186,0.6444274187088013,0.5682798704849961
linear_regression,86,187,0.5609878897666931,0.6439111757036851
linear_regression,86,188,0.5078450441360474,0.5675246720343412
linear_regression,86,189,0.5942655801773071,0.5193647449121757
linear_regression,86,190,0.5536075830459595,0.5979266301362586
linear_regression,86,191,0.6514474153518677,0.5608511438487371
linear_regression,86,192,0.6694729924201965,0.6497616184470985
linear_regression,86,193,0.6002095341682434,0.6690480448760555
linear_regression,86,194,0.6525466442108154,0.6035960363570381
linear_regression,86,195,0.6237838268280029,0.6509525269132171
linear_regression,86,196,0.6862812638282776,0.6259063245985755
linear_regression,86,197,0.6285315155982971,0.6845254143818557
linear_regression,86,198,0.6428033709526062,0.6293397426417819
linear_regression,86,199,0.5800225734710693,0.6428435632840669
linear_regression,86,200,0.7273865938186646,0.5846670882922352
linear_regression,86,201,0.7072773575782776,0.7213289055599555
linear_regression,86,202,0.6567370891571045,0.7020989787538973
linear_regression,86,203,0.6464520692825317,0.6559855035322272
linear_regression,86,204,0.6984462141990662,0.646472250693309
linear_regression,86,205,0.714849054813385,0.6951505221012863
linear_regression,86,206,0.6238267421722412,0.7115547739307376
linear_regression,86,207,0.6385817527770996,0.6258704717593437
linear_regression,86,208,0.6587174534797668,0.6378016616128513
linear_regression,86,209,0.6084877848625183,0.6582269869513472
linear_regression,86,210,0.730441689491272,0.6111612065053961
linear_regression,86,211,0.6214902997016907,0.7250612665111796
linear_regression,86,212,0.6899097561836243,0.6236291279009076
linear_regression,86,213,0.7497379779815674,0.6874868344216907
linear_regression,86,214,0.7417869567871094,0.7464902843492623
linear_regression,86,215,0.6841238737106323,0.7324798581125657
linear_regression,86,216,0.7000949382781982,0.6801140209541454
linear_regression,86,217,0.6966591477394104,0.696072408625254
linear_regression,86,218,0.7527952194213867,0.6936232651084375
linear_regression,86,219,0.7406913638114929,0.7416950267842455
linear_regression,86,220,0.6368454694747925,0.7310859075227214
linear_regression,86,221,0.732804536819458,0.637092876827553
linear_regression,86,222,0.781853437423706,0.7259479287490893
linear_regression,86,223,0.715451717376709,0.770232235099384
linear_regression,86,224,0.6835325956344604,0.7104353982005673
linear_regression,86,225,0.7642828822135925,0.679958556325048
linear_regression,86,226,0.6782864332199097,0.7535054690547851
linear_regression,86,227,0.7007512450218201,0.6767718007235604
linear_regression,86,228,0.6858758926391602,0.6947134083179605
linear_regression,86,229,0.714415967464447,0.6814365939435052
linear_regression,86,230,0.679938554763794,0.7109604466057072
linear_regression,86,231,0.7218383550643921,0.6786909424363746
linear_regression,86,232,0.6959193348884583,0.7142565654158716
linear_regression,86,233,0.6949188113212585,0.6897289429381628
linear_regression,86,234,0.6997774839401245,0.694580172225026
linear_regression,86,235,0.6652465462684631,0.6969563394560875
linear_regression,86,236,0.6319604516029358,0.6634906448613298
linear_regression,86,237,0.630885124206543,0.6317746340330044
linear_regression,86,238,0.6545335054397583,0.6318961133476457
linear_regression,86,239,0.6262404918670654,0.6527216382444592
linear_regression,86,240,0.6339855194091797,0.6269290332339363
linear_regression,86,241,0.604144275188446,0.6360551446056666
linear_regression,86,242,0.6069496870040894,0.607176169587263
linear_regression,86,243,0.5736991167068481,0.6097605368133956
linear_regression,86,244,0.6327283382415771,0.5790388213514316
linear_regression,86,245,0.5596875548362732,0.633514916293507
linear_regression,86,246,0.5826773643493652,0.5663052018025861
linear_regression,86,247,0.6100137233734131,0.5869139486861744
linear_regression,86,248,0.5635133385658264,0.6117290265629773
linear_regression,86,249,0.5123588442802429,0.5697260734506622
linear_regression,86,250,0.5329420566558838,0.523860391654885
linear_regression,86,251,0.5065218210220337,0.5422210668322084
linear_regression,86,252,0.5644110441207886,0.5177186324436683
linear_regression,86,253,0.5100487470626831,0.5705582288661866
linear_regression,86,254,0.4903767108917236,0.5205722214279945
linear_regression,86,255,0.4475681185722351,0.4822752389796402
linear_regression,86,256,0.4819744527339935,0.44590232209142816
linear_regression,86,257,0.5385992527008057,0.47610685566555805
linear_regression,86,258,0.512694239616394,0.5470478644479618
linear_regression,86,259,0.4573507010936737,0.5236337762108146
linear_regression,86,260,0.5143495798110962,0.4547619168290648
linear_regression,86,261,0.4902649223804474,0.5253010089355861
linear_regression,86,262,0.4296135604381561,0.48365033258897483
linear_regression,86,263,0.3994342386722564,0.4299958611606591
linear_regression,86,264,0.4391220211982727,0.4026854331763367
linear_regression,86,265,0.491821676492691,0.4387610464887145
linear_regression,86,266,0.3909986019134521,0.48286634591883276
linear_regression,86,267,0.4179359674453735,0.3959019661318155
linear_regression,86,268,0.4922537505626678,0.4207030857813437
linear_regression,86,269,0.4502978026866913,0.4859943514106804
linear_regression,86,270,0.4955378770828247,0.4484556578018458
linear_regression,86,271,0.4467291831970215,0.4893806548494939
linear_regression,86,272,0.4751920402050018,0.4444838689380722
linear_regression,86,273,0.4779287576675415,0.46998381073546913
linear_regression,86,274,0.3899033367633819,0.4735047153660052
linear_regression,86,275,0.4942851662635803,0.3954994723278741
linear_regression,86,276,0.4295566976070404,0.4869407149520939
linear_regression,86,277,0.4741455614566803,0.4282855776176686
linear_regression,86,278,0.4435823261737823,0.46913695769567454
linear_regression,86,279,0.533859372138977,0.4420492119368882
linear_regression,86,280,0.4194510877132416,0.5432590679095823
linear_regression,86,281,0.5069314241409302,0.4192974913273169
linear_regression,86,282,0.4467724859714508,0.5190242971303065
linear_regression,86,283,0.4381650984287262,0.44503469078840047
linear_regression,86,284,0.4162781536579132,0.43719005194468746
linear_regression,86,285,0.4590961635112762,0.41938393813413616
linear_regression,86,286,0.5098627209663391,0.45606143275856376
linear_regression,86,287,0.4329353868961334,0.5206735891230396
linear_regression,86,288,0.5717045068740845,0.4346885143093489
linear_regression,86,289,0.5419456958770752,0.5771218458413048
linear_regression,87,0,0.2448954880237579,0.3208441154719756
linear_regression,87,1,0.2939430773258209,0.2685195023332612
linear_regression,87,2,0.2976603806018829,0.310320360652347
linear_regression,87,3,0.3279819190502167,0.3189422512108261
linear_regression,87,4,0.2943626344203949,0.3410810924213798
linear_regression,87,5,0.3000553846359253,0.31487950657127906
linear_regression,87,6,0.28311687707901,0.3189687366642378
linear_regression,87,7,0.2833133041858673,0.3047498942262641
linear_regression,87,8,0.331951767206192,0.3033633020997135
linear_regression,87,9,0.3422831594944,0.34536709115955255
linear_regression,87,10,0.3781936764717102,0.3512861506615365
linear_regression,87,11,0.3254862129688263,0.3884598445903826
linear_regression,87,12,0.3188015520572662,0.3391266872227668
linear_regression,87,13,0.3417248427867889,0.33266517813950464
linear_regression,87,14,0.3665553629398346,0.3537433661853832
linear_regression,87,15,0.3084195256233215,0.3756908255159374
linear_regression,87,16,0.2298859059810638,0.3268550585578033
linear_regression,87,17,0.3055950701236725,0.2626649447481707
linear_regression,87,18,0.310266762971878,0.32151658100210173
linear_regression,87,19,0.3594435453414917,0.32593187644834776
linear_regression,87,20,0.3076466619968414,0.3680363483117692
linear_regression,87,21,0.3333837985992431,0.32418305310343887
linear_regression,87,22,0.3833883106708526,0.3512279610138648
linear_regression,87,23,0.3581154942512512,0.3875513317197716
linear_regression,87,24,0.3201003968715668,0.3702802267261487
linear_regression,87,25,0.3401918709278106,0.3327230662612856
linear_regression,87,26,0.3959469795227051,0.3531224295657294
linear_regression,87,27,0.3421288728713989,0.3982964081709252
linear_regression,87,28,0.3316528797149658,0.35310157214636373
linear_regression,87,29,0.2639959156513214,0.34353624139267036
linear_regression,87,30,0.3115582764148712,0.28435553949559234
linear_regression,87,31,0.3841984272003174,0.3276224199375158
linear_regression,87,32,0.316650390625,0.38787258085469667
linear_regression,87,33,0.3251508474349975,0.3288154057802677
linear_regression,87,34,0.3834843039512634,0.33801332114115007
linear_regression,87,35,0.3061220347881317,0.39063567470943117
linear_regression,87,36,0.3948489129543304,0.32282441555271074
linear_regression,87,37,0.3439422249794006,0.40030316585627435
linear_regression,87,38,0.3595163226127624,0.3571466791970831
linear_regression,87,39,0.3444657623767853,0.36672011447370784
linear_regression,87,40,0.3882785439491272,0.3558974725897651
linear_regression,87,41,0.3325140178203583,0.39447706059361365
linear_regression,87,42,0.3857081532478332,0.34634593175642414
linear_regression,87,43,0.3193254768848419,0.3919992510374566
linear_regression,87,44,0.3764709234237671,0.33364360347680305
linear_regression,87,45,0.40304696559906,0.384218390517008
linear_regression,87,46,0.36001718044281,0.4052324588252108
linear_regression,87,47,0.3420250117778778,0.36874796791492676
linear_regression,87,48,0.3213481903076172,0.3539761687665404
linear_regression,87,49,0.330182284116745,0.3356983701789915
linear_regression,87,50,0.362125962972641,0.3427273177427838
linear_regression,87,51,0.3844985067844391,0.3742079429944248
linear_regression,87,52,0.3644749820232391,0.3907178829564277
linear_regression,87,53,0.3361768126487732,0.3738155620924019
linear_regression,87,54,0.3941081166267395,0.3495599431248426
linear_regression,87,55,0.3861277997493744,0.40095158815568654
linear_regression,87,56,0.4047569632530212,0.3901844420263731
linear_regression,87,57,0.3675073385238647,0.40817853335300974
linear_regression,87,58,0.485002726316452,0.37605456180772423
linear_regression,87,59,0.3826108276844024,0.47911161716377515
linear_regression,87,60,0.4074155390262604,0.387218975224493
linear_regression,87,61,0.3737773001194,0.4115901654008516
linear_regression,87,62,0.384647011756897,0.38160681093821874
linear_regression,87,63,0.419511616230011,0.3928326701084424
linear_regression,87,64,0.3638695776462555,0.4218104665220094
linear_regression,87,65,0.3702256679534912,0.372379636211863
linear_regression,87,66,0.3635642230510711,0.37780984813313745
linear_regression,87,67,0.4294640719890594,0.37166112726208445
linear_regression,87,68,0.4379767179489136,0.4293002019101756
linear_regression,87,69,0.4045454561710357,0.4363849456360974
linear_regression,87,70,0.4219232201576233,0.405494999794866
linear_regression,87,71,0.4962257742881775,0.42505278469400987
linear_regression,87,72,0.4320473372936249,0.4898763273205018
linear_regression,87,73,0.3978895545005798,0.4324973505402579
linear_regression,87,74,0.3846292793750763,0.40277752240977077
linear_regression,87,75,0.4160442948341369,0.3892171834230398
linear_regression,87,76,0.45734703540802,0.41954176660637643
linear_regression,87,77,0.5496779680252075,0.4535069360690634
linear_regression,87,78,0.4063079357147217,0.5574242196034391
linear_regression,87,79,0.4806245267391205,0.4090143344484233
linear_regression,87,80,0.47348552942276,0.4750605440749159
linear_regression,87,81,0.4511522650718689,0.46691303292924036
linear_regression,87,82,0.4635958075523376,0.4500271227345947
linear_regression,87,83,0.3952952623367309,0.45938691756731925
linear_regression,87,84,0.5319974422454834,0.4023417420968344
linear_regression,87,85,0.4749168753623962,0.5411299282707911
linear_regression,87,86,0.505628228187561,0.47011383303741844
linear_regression,87,87,0.4906206727027893,0.5174537654300093
linear_regression,87,88,0.4978212118148803,0.4836442710867525
linear_regression,87,89,0.5571582913398743,0.49120503103464336
linear_regression,87,90,0.4908804893493652,0.5641570622503587
linear_regression,87,91,0.4974677264690399,0.4846129610060832
linear_regression,87,92,0.5974487066268921,0.4905893340209018
linear_regression,87,93,0.6260289549827576,0.6006427406366822
linear_regression,87,94,0.6022673845291138,0.6266726443099775
linear_regression,87,95,0.6052372455596924,0.6049653769688789
linear_regression,87,96,0.5747615098953247,0.6076967378825527
linear_regression,87,97,0.6170121431350708,0.580160111074858
linear_regression,87,98,0.6136601567268372,0.6180747385031153
linear_regression,87,99,0.6547124981880188,0.6160282705547162
linear_regression,87,100,0.6548869013786316,0.6534157099251882
linear_regression,87,101,0.6623857617378235,0.6536741789713794
linear_regression,87,102,0.6753659248352051,0.6616303147162744
linear_regression,87,103,0.7273417711257935,0.6731880516527529
linear_regression,87,104,0.77428138256073,0.725516638168709
linear_regression,87,105,0.761061429977417,0.7618423732130813
linear_regression,87,106,0.8180955052375793,0.7488608523547695
linear_regression,87,107,0.8348755240440369,0.8021415915615467
linear_regression,87,108,0.9110672473907472,0.8219363442596951
linear_regression,87,109,0.8737924695014954,0.8943876043590709
linear_regression,87,110,0.8159469962120056,0.8570362006750398
linear_regression,87,111,0.8735977411270142,0.8004166741521652
linear_regression,87,112,0.8841712474822998,0.856851175122118
linear_regression,87,113,0.9369308948516846,0.8650262535149718
linear_regression,87,114,0.832567572593689,0.9209343841851247
linear_regression,87,115,0.9228339195251464,0.8191540291201681
linear_regression,87,116,0.9207190871238708,0.905523922548069
linear_regression,87,117,0.8416258096694946,0.9058830776634749
linear_regression,87,118,0.9029605388641356,0.82739292401071
linear_regression,87,119,0.993720293045044,0.8889459670967568
linear_regression,87,120,0.9718614220619202,0.9745476632653176
linear_regression,87,121,0.9731739163398744,0.9551008576165724
linear_regression,87,122,0.9475151896476746,0.9577085340890149
linear_regression,87,123,0.9176767468452454,0.9331249212546311
linear_regression,87,124,0.909143090248108,0.9045368626584861
linear_regression,87,125,0.9263542890548706,0.8933121355536234
linear_regression,87,126,0.9083951115608216,0.9084480969170049
linear_regression,87,127,0.9035621285438538,0.8895588427155586
linear_regression,87,128,0.962791919708252,0.8861376189182035
linear_regression,87,129,0.9294797778129578,0.9477552386676198
linear_regression,87,130,0.920145869255066,0.9118041373579209
linear_regression,87,131,0.9093374013900756,0.9068957533653427
linear_regression,87,132,0.9148963093757628,0.8915837970381241
linear_regression,87,133,0.8496237397193909,0.9018644281605598
linear_regression,87,134,0.9243268370628356,0.829873933554903
linear_regression,87,135,0.9444602131843568,0.9089085428617396
linear_regression,87,136,0.8814473152160645,0.9301856317342827
linear_regression,87,137,0.8511391282081604,0.8684129430097384
linear_regression,87,138,0.8287410140037537,0.8388753527104527
linear_regression,87,139,0.88799649477005,0.8193165279619062
linear_regression,87,140,0.8845818042755127,0.8760860241083405
linear_regression,87,141,0.8212671875953674,0.8689215128620588
linear_regression,87,142,0.9441530704498292,0.8078967341991613
linear_regression,87,143,0.8594558835029602,0.9298846654391908
linear_regression,87,144,0.8142420053482056,0.8484124802485389
linear_regression,87,145,0.8702269792556763,0.7987959348159853
linear_regression,87,146,0.8625680804252625,0.8539868555751781
linear_regression,87,147,0.8534908294677734,0.849081579471754
linear_regression,87,148,0.855247974395752,0.8350342011503411
linear_regression,87,149,0.8433997631072998,0.8379535735932746
linear_regression,87,150,0.849311113357544,0.8290343953297903
linear_regression,87,151,0.8450497388839722,0.8289389276943331
linear_regression,87,152,0.8681721091270447,0.829657447571616
linear_regression,87,153,0.8434199094772339,0.8507029076612226
linear_regression,87,154,0.7864151000976562,0.8278164357230877
linear_regression,87,155,0.8203524947166443,0.7684516973687099
linear_regression,87,156,0.8470693826675415,0.8022153171994595
linear_regression,87,157,0.7400712966918945,0.8343604837405226
linear_regression,87,158,0.8385833501815796,0.7331017260136332
linear_regression,87,159,0.830581784248352,0.8278181827448885
linear_regression,87,160,0.7436777949333191,0.8178251839760203
linear_regression,87,161,0.7923262715339661,0.7384135768721702
linear_regression,87,162,0.7749122381210327,0.7823929471478642
linear_regression,87,163,0.767605721950531,0.7623752275003632
linear_regression,87,164,0.8015187382698059,0.7589260268936243
linear_regression,87,165,0.7666628956794739,0.7837819707740701
linear_regression,87,166,0.704460084438324,0.7575824755273368
linear_regression,87,167,0.694730281829834,0.7029388823447721
linear_regression,87,168,0.6812838315963745,0.6913014432805147
linear_regression,87,169,0.7316664457321167,0.6801382301496993
linear_regression,87,170,0.6955958008766174,0.723285953986635
linear_regression,87,171,0.7229042053222656,0.6913764410171676
linear_regression,87,172,0.7187552452087402,0.7163363610213018
linear_regression,87,173,0.6652815937995911,0.7142245414723106
linear_regression,87,174,0.7169031500816345,0.6628040284722244
linear_regression,87,175,0.7167640924453735,0.7131726137006743
linear_regression,87,176,0.7082186937332153,0.7127053826209265
linear_regression,87,177,0.6565176248550415,0.7064803960314129
linear_regression,87,178,0.6521614193916321,0.6548931345923654
linear_regression,87,179,0.6372003555297852,0.6503266959288814
linear_regression,87,180,0.6050757765769958,0.6372176603767653
linear_regression,87,181,0.6756496429443359,0.6077364773676299
linear_regression,87,182,0.6693599224090576,0.6706763237144939
linear_regression,87,183,0.6105232238769531,0.6683732200313661
linear_regression,87,184,0.6688128113746643,0.6127560662949969
linear_regression,87,185,0.6599744558334351,0.6686672438593728
linear_regression,87,186,0.6549052000045776,0.6574163524365354
linear_regression,87,187,0.6418594717979431,0.6548050194250987
linear_regression,87,188,0.6749703288078308,0.6430073477766798
linear_regression,87,189,0.6215955018997192,0.6717651769913494
linear_regression,87,190,0.6875054240226746,0.6225540250406519
linear_regression,87,191,0.7090307474136353,0.6851324682701604
linear_regression,87,192,0.7400676608085632,0.7054778559927695
linear_regression,87,193,0.6661230325698853,0.7317074130779907
linear_regression,87,194,0.728961706161499,0.663778017897855
linear_regression,87,195,0.6448951363563538,0.7224281498953408
linear_regression,87,196,0.7097075581550598,0.6452171871927888
linear_regression,87,197,0.6883198022842407,0.7028976429937047
linear_regression,87,198,0.6130340695381165,0.6846534739714808
linear_regression,87,199,0.6445316076278687,0.6150361356095738
linear_regression,87,200,0.6635152697563171,0.6446116910149244
linear_regression,87,201,0.7016432881355286,0.6610549060148555
linear_regression,87,202,0.7027105689048767,0.6967617373591126
linear_regression,87,203,0.6376662850379944,0.6959108977141066
linear_regression,87,204,0.6751272678375244,0.6385884231597504
linear_regression,87,205,0.6184521913528442,0.6712831118819795
linear_regression,87,206,0.6669595241546631,0.6196243781674788
linear_regression,87,207,0.7016996741294861,0.6658882064289556
linear_regression,87,208,0.7178798913955688,0.6974137171659192
linear_regression,87,209,0.6875515580177307,0.7132062992868994
linear_regression,87,210,0.6850209832191467,0.6836632303315587
linear_regression,87,211,0.6769314408302307,0.6824027600438011
linear_regression,87,212,0.7617442607879639,0.6746540032780314
linear_regression,87,213,0.7253910899162292,0.74917512623247
linear_regression,87,214,0.7086202502250671,0.7219584746409293
linear_regression,87,215,0.7445273399353027,0.7057095297614466
linear_regression,87,216,0.7020488977432251,0.7431332375897436
linear_regression,87,217,0.7004163861274719,0.6989425680802133
linear_regression,87,218,0.7278615236282349,0.6972690494017142
linear_regression,87,219,0.7436776757240295,0.7230138584574521
linear_regression,87,220,0.6903629899024963,0.7399403659371716
linear_regression,87,221,0.7365001440048218,0.6905409898561287
linear_regression,87,222,0.6905316710472107,0.7289777384813297
linear_regression,87,223,0.6636725664138794,0.6851351985664663
linear_regression,87,224,0.7402927875518799,0.6593167529887911
linear_regression,87,225,0.7671977281570435,0.7349900323573894
linear_regression,87,226,0.7144057750701904,0.7522090491450593
linear_regression,87,227,0.7076112031936646,0.709629542309724
linear_regression,87,228,0.6872786283493042,0.7053836161812509
linear_regression,87,229,0.739473283290863,0.6839364993238511
linear_regression,87,230,0.7533235549926758,0.7318999603117274
linear_regression,87,231,0.7648662328720093,0.7432192311557472
linear_regression,87,232,0.7875154614448547,0.7500624602993757
linear_regression,87,233,0.72206711769104,0.7762800157098279
linear_regression,87,234,0.7107770442962646,0.7160295069387432
linear_regression,87,235,0.6826932430267334,0.7059347297356293
linear_regression,87,236,0.7209867835044861,0.6802208334013395
linear_regression,87,237,0.7708433866500854,0.7169307838658515
linear_regression,87,238,0.7360938787460327,0.7619284649216524
linear_regression,87,239,0.7192260026931763,0.7280189513861866
linear_regression,87,240,0.723590075969696,0.7145984384708681
linear_regression,87,241,0.8124272227287292,0.7183064397597859
linear_regression,87,242,0.8213626146316528,0.8011224647855804
linear_regression,87,243,0.7755164504051208,0.8050512031353401
linear_regression,87,244,0.7821241021156311,0.7651927095831921
linear_regression,87,245,0.7272466421127319,0.7661371643038182
linear_regression,87,246,0.7809557318687439,0.7231335335807919
linear_regression,87,247,0.8375592827796936,0.7676919505245796
linear_regression,87,248,0.7332650423049927,0.8237373587676547
linear_regression,87,249,0.6859104633331299,0.7263469795825637
linear_regression,87,250,0.7342034578323364,0.6818500631582354
linear_regression,87,251,0.7688375115394592,0.7298350003777532
linear_regression,87,252,0.7547758221626282,0.7586565245003879
linear_regression,87,253,0.7557613849639893,0.7426688402483347
linear_regression,87,254,0.7449775338172913,0.7429488101299259
linear_regression,87,255,0.7055944204330444,0.7383439785402278
linear_regression,87,256,0.7548825740814209,0.6998751570411704
linear_regression,87,257,0.7048630118370056,0.7427640976701524
linear_regression,87,258,0.6288811564445496,0.6978085207365837
linear_regression,87,259,0.6375272870063782,0.6297434596836423
linear_regression,87,260,0.6339720487594604,0.6369574403049622
linear_regression,87,261,0.597989559173584,0.6344926821467483
linear_regression,87,262,0.5685742497444153,0.6010078212158835
linear_regression,87,263,0.6120936870574951,0.5743348429065726
linear_regression,87,264,0.6116875410079956,0.6139053240271174
linear_regression,87,265,0.5783732533454895,0.6144169098613121
linear_regression,87,266,0.6287113428115845,0.5831487185066817
linear_regression,87,267,0.497973769903183,0.6297213012143678
linear_regression,87,268,0.5198135375976562,0.4902822963402996
linear_regression,87,269,0.5008349418640137,0.5298336841378257
linear_regression,87,270,0.4937756359577179,0.5133603743552568
linear_regression,87,271,0.4676518738269806,0.4867993249256423
linear_regression,87,272,0.491869181394577,0.46448460607153763
linear_regression,87,273,0.3883974552154541,0.4838722042223929
linear_regression,87,274,0.4065191447734833,0.3941643377887628
linear_regression,87,275,0.4229570031166076,0.4093661309902135
linear_regression,87,276,0.4604714810848236,0.4252961769297033
linear_regression,87,277,0.3862117230892181,0.45660829467366115
linear_regression,87,278,0.4435701966285705,0.39123318519654765
linear_regression,87,279,0.3458946347236633,0.44337976486047015
linear_regression,87,280,0.3485758900642395,0.35596360409528927
linear_regression,87,281,0.3494308292865753,0.35834752120258806
linear_regression,87,282,0.3524928689002991,0.3622049563074953
linear_regression,87,283,0.3531615138053894,0.3622994408848067
linear_regression,87,284,0.3435284495353699,0.36382844627624306
linear_regression,87,285,0.3176272511482239,0.3548335317338149
linear_regression,87,286,0.2782260179519653,0.32944765022114214
linear_regression,87,287,0.3882230818271637,0.29608538170634324
linear_regression,87,288,0.3045150339603424,0.3941916145060474
linear_regression,87,289,0.3405322432518005,0.31943744459740026
linear_regression,88,0,0.3381139934062958,0.328876972843164
linear_regression,88,1,0.2795419096946716,0.35181820022757215
linear_regression,88,2,0.3137282133102417,0.3006833585030316
linear_regression,88,3,0.3092173635959625,0.3331739832162148
linear_regression,88,4,0.3574336469173431,0.32756382654424193
linear_regression,88,5,0.3128551840782165,0.36603129818997193
linear_regression,88,6,0.3139807283878326,0.3290686146270551
linear_regression,88,7,0.2701657116413116,0.3250633046748609
linear_regression,88,8,0.3109394013881683,0.2878878476022378
linear_regression,88,9,0.2927702963352203,0.3313112038656079
linear_regression,88,10,0.309912234544754,0.31498981474765786
linear_regression,88,11,0.2518866956233978,0.3256261514984815
linear_regression,88,12,0.2983190715312958,0.27502720817155957
linear_regression,88,13,0.2748298048973083,0.3186201431142397
linear_regression,88,14,0.2769491076469421,0.2965379945340484
linear_regression,88,15,0.3642702996730804,0.29521124877408733
linear_regression,88,16,0.300830066204071,0.3752232300728555
linear_regression,88,17,0.3458455204963684,0.3202211367482636
linear_regression,88,18,0.2887968719005584,0.35713965464271313
linear_regression,88,19,0.3474661409854889,0.3072594104730162
linear_regression,88,20,0.3044228851795196,0.35953396144500477
linear_regression,88,21,0.3632989823818207,0.3219168069513762
linear_regression,88,22,0.2958746552467346,0.37280572074104246
linear_regression,88,23,0.3292193114757538,0.3143966999859422
linear_regression,88,24,0.3202848732471466,0.34346180134161586
linear_regression,88,25,0.3183548748493194,0.3350519862006979
linear_regression,88,26,0.3012196123600006,0.33580138459915954
linear_regression,88,27,0.3916284143924713,0.3193854280796903
linear_regression,88,28,0.2789929211139679,0.39515859076645987
linear_regression,88,29,0.2823235988616943,0.29954342114354726
linear_regression,88,30,0.3277861773967743,0.3027843627790019
linear_regression,88,31,0.4277009963989258,0.33799701605749455
linear_regression,88,32,0.3439624011516571,0.4286610536868031
linear_regression,88,33,0.2946401536464691,0.3530151275499462
linear_regression,88,34,0.3090036511421203,0.3150939989141676
linear_regression,88,35,0.3905602097511291,0.32706435312336307
linear_regression,88,36,0.3811069130897522,0.39553974438030576
linear_regression,88,37,0.3250910937786102,0.3860932471196336
linear_regression,88,38,0.3524442017078399,0.3406087676343033
linear_regression,88,39,0.3686197698116302,0.3615498098155633
linear_regression,88,40,0.3649483919143677,0.37749169849808234
linear_regression,88,41,0.3264477849006653,0.3735820992131733
linear_regression,88,42,0.3390043079853058,0.3388940735142743
linear_regression,88,43,0.3247013986110687,0.35405911446029537
linear_regression,88,44,0.4074958860874176,0.3421208197580013
linear_regression,88,45,0.3484004139900207,0.4108062981192999
linear_regression,88,46,0.4104997217655182,0.3579373734800149
linear_regression,88,47,0.4331614971160888,0.4165527042323316
linear_regression,88,48,0.3462800085544586,0.4308928751726632
linear_regression,88,49,0.3871840834617615,0.3558020004364418
linear_regression,88,50,0.4098749160766601,0.3956604487676062
linear_regression,88,51,0.4407648146152496,0.4117192715631032
linear_regression,88,52,0.355860561132431,0.4401533442624585
linear_regression,88,53,0.4240525662899017,0.3666634084926893
linear_regression,88,54,0.3928934931755066,0.42507532113402835
linear_regression,88,55,0.3834470808506012,0.3993140234452158
linear_regression,88,56,0.3809274733066559,0.38998068234192246
linear_regression,88,57,0.4103789329528808,0.3887614802000151
linear_regression,88,58,0.3935901522636413,0.4138740096019156
linear_regression,88,59,0.4342819154262543,0.3985983489325504
linear_regression,88,60,0.4267738163471222,0.43146950249124305
linear_regression,88,61,0.4341093003749847,0.42597384947283656
linear_regression,88,62,0.4348243176937103,0.4346356936087537
linear_regression,88,63,0.3900955021381378,0.43483926039578435
linear_regression,88,64,0.452510803937912,0.39432534887374165
linear_regression,88,65,0.4896075129508972,0.4498820053448863
linear_regression,88,66,0.4160341620445251,0.48341296134698575
linear_regression,88,67,0.4238146543502807,0.41723689436569533
linear_regression,88,68,0.4565561413764953,0.42640926876322677
linear_regression,88,69,0.4539748430252075,0.4535166333400647
linear_regression,88,70,0.4688004553318023,0.4509487463395451
linear_regression,88,71,0.4501497447490692,0.46473994594724666
linear_regression,88,72,0.5021970868110657,0.44863975927874
linear_regression,88,73,0.4693878889083862,0.5139427046878808
linear_regression,88,74,0.4869114458560943,0.4637860692579797
linear_regression,88,75,0.4790868163108825,0.481243981384408
linear_regression,88,76,0.475820779800415,0.4734899352755104
linear_regression,88,77,0.5192129611968994,0.47083597469873484
linear_regression,88,78,0.4993561804294586,0.5302249441203548
linear_regression,88,79,0.4776076078414917,0.49258159148713215
linear_regression,88,80,0.5110929012298584,0.47128244613327
linear_regression,88,81,0.4999082386493683,0.5225296790158751
linear_regression,88,82,0.5615758299827576,0.4927831417041562
linear_regression,88,83,0.4882280230522156,0.5681993970395607
linear_regression,88,84,0.6041656732559204,0.48215805327053995
linear_regression,88,85,0.6167363524436951,0.6066056992848802
linear_regression,88,86,0.5457130074501038,0.6193318577467175
linear_regression,88,87,0.5488865375518799,0.5538151619306905
linear_regression,88,88,0.6347429156303406,0.55650646482061
linear_regression,88,89,0.6192281246185303,0.6357528425355505
linear_regression,88,90,0.6374151110649109,0.62176405979384
linear_regression,88,91,0.62694251537323,0.6368565511294132
linear_regression,88,92,0.5975233912467957,0.6277105804579676
linear_regression,88,93,0.6586430072784424,0.6007828154251386
linear_regression,88,94,0.6932969093322754,0.6593061197853298
linear_regression,88,95,0.6740955114364624,0.6911813988563733
linear_regression,88,96,0.6580333709716797,0.671416556309275
linear_regression,88,97,0.6981067657470703,0.6572857947423341
linear_regression,88,98,0.6415689587593079,0.6937574767232146
linear_regression,88,99,0.6348363757133484,0.6412920298404888
linear_regression,88,100,0.7480152249336243,0.6359837369578304
linear_regression,88,101,0.7202575206756592,0.7384761631952097
linear_regression,88,102,0.7123278379440308,0.7174102311839259
linear_regression,88,103,0.6876357197761536,0.7083114503707526
linear_regression,88,104,0.8006429672241211,0.6846573743340881
linear_regression,88,105,0.7186873555183411,0.784339957523669
linear_regression,88,106,0.7594048976898193,0.7126930680641301
linear_regression,88,107,0.7866585850715637,0.7473204919659492
linear_regression,88,108,0.7670018672943115,0.7755919330664618
linear_regression,88,109,0.7935315370559692,0.7519174074952847
linear_regression,88,110,0.7826980352401733,0.7777659080855475
linear_regression,88,111,0.8293567299842834,0.7660697253056017
linear_regression,88,112,0.8540548086166382,0.8155414588301323
linear_regression,88,113,0.8645039200782776,0.8346322738498069
linear_regression,88,114,0.7903720736503601,0.8466397553602298
linear_regression,88,115,0.8820411562919617,0.7765896215079056
linear_regression,88,116,0.8254144191741943,0.8682973184535279
linear_regression,88,117,0.8125585317611694,0.8095182619914851
linear_regression,88,118,0.8202688097953796,0.8016397229666845
linear_regression,88,119,0.8573377132415771,0.8050001480699908
linear_regression,88,120,0.8516344428062439,0.8444663717717771
linear_regression,88,121,0.8965106010437012,0.8412670784723408
linear_regression,88,122,0.8492864370346069,0.8813241080013655
linear_regression,88,123,0.8446882963180542,0.8324054400813259
linear_regression,88,124,0.8288132548332214,0.8333706345557282
linear_regression,88,125,0.8943718671798706,0.8164779508046197
linear_regression,88,126,0.8741525411605835,0.8756435940255107
linear_regression,88,127,0.8941689133644104,0.8628350888973111
linear_regression,88,128,0.8539901971817017,0.8820110681844512
linear_regression,88,129,0.8220217823982239,0.8371168742761441
linear_regression,88,130,0.890483558177948,0.80804942988837
linear_regression,88,131,0.882888913154602,0.8716306611793853
linear_regression,88,132,0.8426167964935303,0.8638093171195915
linear_regression,88,133,0.834376871585846,0.8243165611645843
linear_regression,88,134,0.8698809742927551,0.8247208128888763
linear_regression,88,135,0.8442493081092834,0.8563720988335431
linear_regression,88,136,0.8403299450874329,0.8242829815297206
linear_regression,88,137,0.8367244601249695,0.8270678858492694
linear_regression,88,138,0.8458755612373352,0.8248600275678771
linear_regression,88,139,0.9114205837249756,0.8301345462251265
linear_regression,88,140,0.7403547167778015,0.8900903022640734
linear_regression,88,141,0.7900892496109009,0.7359052549767774
linear_regression,88,142,0.7583097219467163,0.7740568990481277
linear_regression,88,143,0.7259368896484375,0.7479811714050333
linear_regression,88,144,0.7684255242347717,0.7221821128108036
linear_regression,88,145,0.7951711416244507,0.7534139400364461
linear_regression,88,146,0.8287652134895325,0.7833243836606087
linear_regression,88,147,0.7940407991409302,0.8149510867463428
linear_regression,88,148,0.7748407125473022,0.7812437187137999
linear_regression,88,149,0.7812936902046204,0.7639487104714501
linear_regression,88,150,0.7688899040222168,0.7702554154769676
linear_regression,88,151,0.7542094588279724,0.7560927528265451
linear_regression,88,152,0.6967291831970215,0.7432876290686131
linear_regression,88,153,0.7788940072059631,0.6936046415733793
linear_regression,88,154,0.7556827068328857,0.7634915671875042
linear_regression,88,155,0.7188272476196289,0.7427595517390043
linear_regression,88,156,0.7055841088294983,0.7122627340476017
linear_regression,88,157,0.7037162184715271,0.7019854136933634
linear_regression,88,158,0.7899514436721802,0.6993243610192652
linear_regression,88,159,0.6814395189285278,0.7746609940716065
linear_regression,88,160,0.7262850403785706,0.6790021846862497
linear_regression,88,161,0.6682650446891785,0.7190976628236002
linear_regression,88,162,0.7261251211166382,0.6647404674691468
linear_regression,88,163,0.7259972095489502,0.724125490414824
linear_regression,88,164,0.7354121804237366,0.7232897022325201
linear_regression,88,165,0.7677851319313049,0.7295410453714736
linear_regression,88,166,0.8208716511726379,0.7588698171735461
linear_regression,88,167,0.6988290548324585,0.8049504459045613
linear_regression,88,168,0.750382125377655,0.6940587407598031
linear_regression,88,169,0.7094194889068604,0.7355909770728052
linear_regression,88,170,0.7478249669075012,0.7058614424500634
linear_regression,88,171,0.7364296913146973,0.7424879841391407
linear_regression,88,172,0.7537845969200134,0.7312395154154544
linear_regression,88,173,0.7228512763977051,0.7420344319689716
linear_regression,88,174,0.7098322510719299,0.7175099122946061
linear_regression,88,175,0.7473145127296448,0.7043159787573874
linear_regression,88,176,0.7479267716407776,0.7397835221815356
linear_regression,88,177,0.758696436882019,0.7429828877631146
linear_regression,88,178,0.7343263626098633,0.7468087296443002
linear_regression,88,179,0.7314236164093018,0.7311446065236776
linear_regression,88,180,0.7829441428184509,0.7248983530453986
linear_regression,88,181,0.7269622683525085,0.7729864310684575
linear_regression,88,182,0.7288929224014282,0.7223900244056539
linear_regression,88,183,0.7404109835624695,0.7231023946995305
linear_regression,88,184,0.7877248525619507,0.734168228141505
linear_regression,88,185,0.6741795539855957,0.7760299918962802
linear_regression,88,186,0.822478175163269,0.6697133345008831
linear_regression,88,187,0.7527247071266174,0.8132704108052411
linear_regression,88,188,0.7451948523521423,0.7410351332049903
linear_regression,88,189,0.7680323123931885,0.7372118861365808
linear_regression,88,190,0.8065763711929321,0.7611050073299928
linear_regression,88,191,0.7211914658546448,0.7897387400101186
linear_regression,88,192,0.7682017087936401,0.7161269479077105
linear_regression,88,193,0.7765950560569763,0.7578886253199728
linear_regression,88,194,0.7657887935638428,0.7625089516510651
linear_regression,88,195,0.7309952974319458,0.7516121299616871
linear_regression,88,196,0.8000232577323914,0.7246712620461429
linear_regression,88,197,0.7446891665458679,0.7891450064650546
linear_regression,88,198,0.8190533518791199,0.733552662749513
linear_regression,88,199,0.8115118145942688,0.8032260767429026
linear_regression,88,200,0.8008923530578613,0.7926514545184178
linear_regression,88,201,0.7650337815284729,0.7904866573513928
linear_regression,88,202,0.8529762625694275,0.7531251428663324
linear_regression,88,203,0.8544607758522034,0.8415176196028133
linear_regression,88,204,0.8040764331817627,0.8426134933169667
linear_regression,88,205,0.8263921737670898,0.788210241787014
linear_regression,88,206,0.7919126152992249,0.8094766681557735
linear_regression,88,207,0.9140647053718568,0.7779366318232597
linear_regression,88,208,0.8716835379600525,0.897517922875165
linear_regression,88,209,0.8228288888931274,0.8597120751352824
linear_regression,88,210,0.8822479844093323,0.8038775258119355
linear_regression,88,211,0.8759953379631042,0.8666470044362903
linear_regression,88,212,0.8739148378372192,0.8638306386022387
linear_regression,88,213,0.926441490650177,0.862183058883595
linear_regression,88,214,0.8518128991127014,0.9068458263542615
linear_regression,88,215,0.9434012174606324,0.833726522878672
linear_regression,88,216,0.9009365439414978,0.9290945145250171
linear_regression,88,217,0.85053950548172,0.8809713284732887
linear_regression,88,218,0.8870605230331421,0.8388606400221029
linear_regression,88,219,0.9119828343391418,0.8676258138547517
linear_regression,88,220,0.9037299752235411,0.893227763270531
linear_regression,88,221,0.904483437538147,0.883206951116067
linear_regression,88,222,0.9214460253715516,0.8895480274856222
linear_regression,88,223,0.9190593361854552,0.8997664720313185
linear_regression,88,224,0.930171549320221,0.9006701581288098
linear_regression,88,225,0.8365898132324219,0.9135811658022391
linear_regression,88,226,0.920320451259613,0.8162276338644435
linear_regression,88,227,0.8288136124610901,0.9018573803212746
linear_regression,88,228,0.8650314807891846,0.8058634734398089
linear_regression,88,229,0.8536861538887024,0.8483516904301106
linear_regression,88,230,0.8580129146575928,0.8418499190342545
linear_regression,88,231,0.8377968668937683,0.8407842877253303
linear_regression,88,232,0.8362931609153748,0.821560400984017
linear_regression,88,233,0.7746585011482239,0.8222565080155037
linear_regression,88,234,0.7762242555618286,0.7613740778984653
linear_regression,88,235,0.7945230603218079,0.7602549322602105
linear_regression,88,236,0.7483413219451904,0.7793238292709337
linear_regression,88,237,0.8047579526901245,0.7416902264849218
linear_regression,88,238,0.8088982701301575,0.7954480441834841
linear_regression,88,239,0.6977772116661072,0.8002102671414233
linear_regression,88,240,0.6908046007156372,0.6928768965527035
linear_regression,88,241,0.7248032093048096,0.6873176972347402
linear_regression,88,242,0.7331238389015198,0.7197855646752469
linear_regression,88,243,0.6868233680725098,0.725849961294874
linear_regression,88,244,0.7375882267951965,0.6814769380476313
linear_regression,88,245,0.6653951406478882,0.7322514252557356
linear_regression,88,246,0.6393049955368042,0.6635067143752178
linear_regression,88,247,0.6397806406021118,0.6395737116330826
linear_regression,88,248,0.7242358922958374,0.6395133300215539
linear_regression,88,249,0.6838956475257874,0.7196038445279275
linear_regression,88,250,0.6601722240447998,0.6801362305539139
linear_regression,88,251,0.6368701457977295,0.6580614041912716
linear_regression,88,252,0.5602496266365051,0.6366871869475094
linear_regression,88,253,0.597139835357666,0.566855683662687
linear_regression,88,254,0.6239756345748901,0.600566644876666
linear_regression,88,255,0.5482529401779175,0.6249155298666035
linear_regression,88,256,0.5615292191505432,0.5558576225007863
linear_regression,88,257,0.589634120464325,0.5679624331585749
linear_regression,88,258,0.5709750652313232,0.5940088315908922
linear_regression,88,259,0.5846440196037292,0.5765791999882226
linear_regression,88,260,0.5274378657341003,0.5890787496077458
linear_regression,88,261,0.5009592771530151,0.5374615556381301
linear_regression,88,262,0.4677206575870514,0.513762430457221
linear_regression,88,263,0.5237006545066833,0.46197616326047636
linear_regression,88,264,0.4593853950500488,0.5332952681597843
linear_regression,88,265,0.4750494360923767,0.4551739565397858
linear_regression,88,266,0.479797214269638,0.46857104549442613
linear_regression,88,267,0.402620404958725,0.4735722844209759
linear_regression,88,268,0.4501453042030334,0.40553320460225206
linear_regression,88,269,0.3982775807380676,0.44679806655187326
linear_regression,88,270,0.4352617263793945,0.4014602345835978
linear_regression,88,271,0.3890201449394226,0.43359742984537053
linear_regression,88,272,0.4850392937660217,0.3929682314681592
linear_regression,88,273,0.45130455493927,0.4775276528937735
linear_regression,88,274,0.4111283421516418,0.4506064788058599
linear_regression,88,275,0.4248022735118866,0.4136511724440801
linear_regression,88,276,0.3717250227928161,0.42491346023208604
linear_regression,88,277,0.4349928498268127,0.38065069792257444
linear_regression,88,278,0.4058353304862976,0.4360767279842263
linear_regression,88,279,0.3765545487403869,0.40857591424199474
linear_regression,88,280,0.3894103765487671,0.38240124023335215
linear_regression,88,281,0.3769910633563995,0.3956385586499237
linear_regression,88,282,0.4112568199634552,0.38362076198317996
linear_regression,88,283,0.3395996689796448,0.4130784966605793
linear_regression,88,284,0.3506714403629303,0.35160656088421377
linear_regression,88,285,0.313457578420639,0.3654201018576577
linear_regression,88,286,0.3293068706989288,0.3273844653305988
linear_regression,88,287,0.3598877787590027,0.34328729988767553
linear_regression,88,288,0.3584938645362854,0.3713498548031839
linear_regression,88,289,0.3256481289863586,0.36898773288876563
linear_regression,89,0,0.5173516869544983,0.46096121413491703
linear_regression,89,1,0.4596565663814544,0.5284732032756487
linear_regression,89,2,0.4734630584716797,0.456718341642432
linear_regression,89,3,0.5649706125259399,0.4694936496593607
linear_regression,89,4,0.5359925031661987,0.5713008339842016
linear_regression,89,5,0.4997884631156921,0.5453946919267953
linear_regression,89,6,0.5457741618156433,0.49224508777689974
linear_regression,89,7,0.5219637751579285,0.5540311980105286
linear_regression,89,8,0.5348378419876099,0.5318088798508157
linear_regression,89,9,0.5533967018127441,0.5434966494347551
linear_regression,89,10,0.5013695955276489,0.5607327228360233
linear_regression,89,11,0.5047959089279175,0.5133169607701522
linear_regression,89,12,0.557978630065918,0.5174353624439267
linear_regression,89,13,0.6585337519645691,0.5649797348864207
linear_regression,89,14,0.6181333661079407,0.6571020273301647
linear_regression,89,15,0.5610552430152893,0.6208160379365838
linear_regression,89,16,0.4963817894458771,0.567762541652018
linear_regression,89,17,0.6614317297935486,0.4893863491147053
linear_regression,89,18,0.581047534942627,0.6609320674294002
linear_regression,89,19,0.6074022054672241,0.5860687837921434
linear_regression,89,20,0.5975863337516785,0.6108150968432011
linear_regression,89,21,0.6190319061279297,0.6007275007541897
linear_regression,89,22,0.5923175811767578,0.6203263042871288
linear_regression,89,23,0.6627614498138428,0.5960301663295874
linear_regression,89,24,0.5818564295768738,0.6625955818246653
linear_regression,89,25,0.6081933975219727,0.586693488351803
linear_regression,89,26,0.6478139758110046,0.6106821946916072
linear_regression,89,27,0.6607283353805542,0.6495544321099086
linear_regression,89,28,0.6905794143676758,0.6604811183196361
linear_regression,89,29,0.6859312653541565,0.686616652061194
linear_regression,89,30,0.6435625553131104,0.6843579850553032
linear_regression,89,31,0.5840051770210266,0.6439653416125637
linear_regression,89,32,0.6234689354896545,0.5883505108409783
linear_regression,89,33,0.6207093596458435,0.6250549142649405
linear_regression,89,34,0.6335659027099609,0.6225788394937538
linear_regression,89,35,0.6258072853088379,0.6350202528468525
linear_regression,89,36,0.6242300868034363,0.6270667812113426
linear_regression,89,37,0.6208466291427612,0.6260796043682928
linear_regression,89,38,0.6635500192642212,0.6229494008487136
linear_regression,89,39,0.6151850819587708,0.661350862227993
linear_regression,89,40,0.6666314005851746,0.6167636323840996
linear_regression,89,41,0.6241188645362854,0.6667561106299587
linear_regression,89,42,0.6124555468559265,0.6253156575274377
linear_regression,89,43,0.6133094429969788,0.6145512709283453
linear_regression,89,44,0.6100300550460815,0.6151140397883033
linear_regression,89,45,0.5555875301361084,0.6126385518611623
linear_regression,89,46,0.6032789349555969,0.5626774483548151
linear_regression,89,47,0.5588657855987549,0.6067781212781699
linear_regression,89,48,0.5687575340270996,0.5657734061948925
linear_regression,89,49,0.5764322876930237,0.5747064521962219
linear_regression,89,50,0.605235755443573,0.5817704337871511
linear_regression,89,51,0.5456379652023315,0.6077831775456201
linear_regression,89,52,0.5393498539924622,0.553250648672624
linear_regression,89,53,0.504368245601654,0.5480963834308261
linear_regression,89,54,0.5710849761962891,0.5162099739858246
linear_regression,89,55,0.5414122343063354,0.5768337134779756
linear_regression,89,56,0.540399432182312,0.5498022948407715
linear_regression,89,57,0.4976798892021179,0.5489602037619203
linear_regression,89,58,0.5574619174003601,0.49081174556980667
linear_regression,89,59,0.5452919602394104,0.5643799059453405
linear_regression,89,60,0.5210224986076355,0.5532877167575592
linear_regression,89,61,0.4695324301719665,0.5316689621738463
linear_regression,89,62,0.5054733753204346,0.4636132254708563
linear_regression,89,63,0.4831050634384155,0.5171394775553401
linear_regression,89,64,0.4453241229057312,0.4772192420214658
linear_regression,89,65,0.4500083029270172,0.44355036481804144
linear_regression,89,66,0.5152446627616882,0.44699515928822586
linear_regression,89,67,0.4629761874675751,0.5277213626786202
linear_regression,89,68,0.4327050447463989,0.459629915817967
linear_regression,89,69,0.4811520576477051,0.43352613127744916
linear_regression,89,70,0.5056476593017578,0.47563772477769223
linear_regression,89,71,0.5180650353431702,0.5181412301688586
linear_regression,89,72,0.433536946773529,0.5293571724049837
linear_regression,89,73,0.4637669920921325,0.4345518131754407
linear_regression,89,74,0.5002316236495972,0.4598856376051241
linear_regression,89,75,0.4695537686347961,0.5121469199093658
linear_regression,89,76,0.4852746427059173,0.46520025736763304
linear_regression,89,77,0.4276746213436126,0.47872298207951236
linear_regression,89,78,0.4305620193481445,0.426014122801035
linear_regression,89,79,0.5500364303588867,0.4307215866583298
linear_regression,89,80,0.4943324327468872,0.5577949272593656
linear_regression,89,81,0.4803087413311004,0.4876378406956107
linear_regression,89,82,0.4811297357082367,0.4744937824570149
linear_regression,89,83,0.4611040949821472,0.47634587690302693
linear_regression,89,84,0.4632285833358764,0.45793702607808695
linear_regression,89,85,0.4248166680335998,0.45894069931158105
linear_regression,89,86,0.4783324897289276,0.42526305325905533
linear_regression,89,87,0.4899715483188629,0.47203302328402663
linear_regression,89,88,0.5066750645637512,0.483801328219175
linear_regression,89,89,0.4935775697231293,0.5187219372886414
linear_regression,89,90,0.5079112648963928,0.48647910214175283
linear_regression,89,91,0.5282500386238098,0.5204627597533682
linear_regression,89,92,0.5406867861747742,0.5382287854140752
linear_regression,89,93,0.5772194266319275,0.5496400875036411
linear_regression,89,94,0.5460566878318787,0.5824090347531572
linear_regression,89,95,0.5072203874588013,0.5538069884436454
linear_regression,89,96,0.5239423513412476,0.5191426014854301
linear_regression,89,97,0.4974733293056488,0.5335857398238968
linear_regression,89,98,0.5238020420074463,0.48932211329727926
linear_regression,89,99,0.5372034311294556,0.5341810302153844
linear_regression,89,100,0.6028382778167725,0.5457754510441928
linear_regression,89,101,0.5592384338378906,0.605223765077069
linear_regression,89,102,0.5865081548690796,0.5659887585106231
linear_regression,89,103,0.5455599427223206,0.5908404669088952
linear_regression,89,104,0.5782608389854431,0.5537031382503188
linear_regression,89,105,0.5383691191673279,0.5833501530897882
linear_regression,89,106,0.6138153076171875,0.5468375014504487
linear_regression,89,107,0.6605030298233032,0.6150788372080427
linear_regression,89,108,0.6373170614242554,0.6592417182976257
linear_regression,89,109,0.6101292371749878,0.6371516585432646
linear_regression,89,110,0.6040449142456055,0.6120154770069631
linear_regression,89,111,0.6415092349052429,0.6070796741151981
linear_regression,89,112,0.6525812149047852,0.6419887982056991
linear_regression,89,113,0.7339010834693909,0.6505768735200276
linear_regression,89,114,0.5988684892654419,0.7296823947201961
linear_regression,89,115,0.6308344602584839,0.6016442617169628
linear_regression,89,116,0.6721748113632202,0.6321122100239513
linear_regression,89,117,0.6599100828170776,0.6699892315795046
linear_regression,89,118,0.7250273823738098,0.657843866498299
linear_regression,89,119,0.6642565727233887,0.7174525681338899
linear_regression,89,120,0.6840301156044006,0.6622491516194856
linear_regression,89,121,0.6609455943107605,0.6780084045110052
linear_regression,89,122,0.7464350461959839,0.6591042858558618
linear_regression,89,123,0.7519509792327881,0.7376140494720178
linear_regression,89,124,0.7265868782997131,0.737892471745187
linear_regression,89,125,0.7311601042747498,0.7226310662029501
linear_regression,89,126,0.7778970003128052,0.7248906570649677
linear_regression,89,127,0.7111362218856812,0.764485958019514
linear_regression,89,128,0.7119879722595215,0.7087979649790029
linear_regression,89,129,0.7952515482902527,0.7107388917317321
linear_regression,89,130,0.769855260848999,0.7821404749413347
linear_regression,89,131,0.7184503674507141,0.7565552286414741
linear_regression,89,132,0.7828415632247925,0.7163601723637454
linear_regression,89,133,0.710887610912323,0.7688339250776388
linear_regression,89,134,0.7063195705413818,0.7062952506819263
linear_regression,89,135,0.7375053763389587,0.7009683239800067
linear_regression,89,136,0.7642602324485779,0.7315139853371018
linear_regression,89,137,0.7055830955505371,0.7542314344533179
linear_regression,89,138,0.6707783937454224,0.7030930187555197
linear_regression,89,139,0.8103830814361572,0.6686813142497995
linear_regression,89,140,0.7585166096687317,0.7995537179050703
linear_regression,89,141,0.7384516000747681,0.7441047693874039
linear_regression,89,142,0.7130770087242126,0.7310426134366831
linear_regression,89,143,0.7350602149963379,0.7091342733229469
linear_regression,89,144,0.7407417297363281,0.7292340596586596
linear_regression,89,145,0.6620668172836304,0.7349022413031281
linear_regression,89,146,0.7088906168937683,0.6619378901790859
linear_regression,89,147,0.7237987518310547,0.7045930792794034
linear_regression,89,148,0.671690821647644,0.7182372470221621
linear_regression,89,149,0.7446560263633728,0.6708135313532276
linear_regression,89,150,0.698110044002533,0.7377476542257753
linear_regression,89,151,0.6876136064529419,0.6931197921044827
linear_regression,89,152,0.7127096652984619,0.6858139695082632
linear_regression,89,153,0.65153968334198,0.7082915557627026
linear_regression,89,154,0.6341022849082947,0.650169786678996
linear_regression,89,155,0.7521938681602478,0.634253767898717
linear_regression,89,156,0.716770350933075,0.7409871245438394
linear_regression,89,157,0.651128888130188,0.7130656914177671
linear_regression,89,158,0.6056134104728699,0.6504596353054743
linear_regression,89,159,0.6637197732925415,0.6074354440851532
linear_regression,89,160,0.6169131398200989,0.6618280162888655
linear_regression,89,161,0.5924158096313477,0.6185595396470035
linear_regression,89,162,0.642462432384491,0.5960166311561699
linear_regression,89,163,0.5382953882217407,0.6409311999610956
linear_regression,89,164,0.6119303703308105,0.546949124452632
linear_regression,89,165,0.5988707542419434,0.6141122428845054
linear_regression,89,166,0.6755095720291138,0.6017482798158637
linear_regression,89,167,0.5954223871231079,0.6730145365109417
linear_regression,89,168,0.6445056200027466,0.5985995112665274
linear_regression,89,169,0.5973941087722778,0.6434709027023607
linear_regression,89,170,0.5956493616104126,0.6004474838018669
linear_regression,89,171,0.5919643640518188,0.5989036751742678
linear_regression,89,172,0.6197093725204468,0.5957482854605013
linear_regression,89,173,0.6308521032333374,0.6216469334855406
linear_regression,89,174,0.6006010174751282,0.6315614786549407
linear_regression,89,175,0.6107159852981567,0.6032620387086444
linear_regression,89,176,0.5668038725852966,0.6132446643731612
linear_regression,89,177,0.614543616771698,0.5728273482642701
linear_regression,89,178,0.5510438680648804,0.6157752326098623
linear_regression,89,179,0.6221006512641907,0.558682448033547
linear_regression,89,180,0.5721461176872253,0.6233393863083195
linear_regression,89,181,0.6122934222221375,0.5777304113714188
linear_regression,89,182,0.6154146790504456,0.6145332296008083
linear_regression,89,183,0.609362006187439,0.6176748446349805
linear_regression,89,184,0.5907938480377197,0.6113991269612362
linear_regression,89,185,0.6146032214164734,0.5950714166024629
linear_regression,89,186,0.6251978874206543,0.6166477680439199
linear_regression,89,187,0.6336222290992737,0.6264970725147856
linear_regression,89,188,0.5956703424453735,0.6332510358697766
linear_regression,89,189,0.6346299052238464,0.5994177332529105
linear_regression,89,190,0.5946206450462341,0.6343928004052206
linear_regression,89,191,0.6124820709228516,0.59785462939542
linear_regression,89,192,0.6484387516975403,0.615171457789066
linear_regression,89,193,0.6386327147483826,0.647394804248581
linear_regression,89,194,0.643302857875824,0.6393316349864697
linear_regression,89,195,0.6435179710388184,0.6420916980801522
linear_regression,89,196,0.6279289126396179,0.6429824017820294
linear_regression,89,197,0.6967033743858337,0.62878870393643
linear_regression,89,198,0.6344754695892334,0.6930997776501296
linear_regression,89,199,0.6918045282363892,0.6343980972416762
linear_regression,89,200,0.648907482624054,0.6884211332421064
linear_regression,89,201,0.6431070566177368,0.6475363035531548
linear_regression,89,202,0.6551094055175781,0.6418209494185898
linear_regression,89,203,0.7387296557426453,0.6543801842595179
linear_regression,89,204,0.6640247106552124,0.7341261969349872
linear_regression,89,205,0.6875035166740417,0.6622845372805343
linear_regression,89,206,0.7355799674987793,0.6818580261418269
linear_regression,89,207,0.6957533955574036,0.7304126231263087
linear_regression,89,208,0.6746392250061035,0.6891678358286253
linear_regression,89,209,0.6755228638648987,0.673266051001911
linear_regression,89,210,0.7317195534706116,0.6723731174039679
linear_regression,89,211,0.6939501166343689,0.7231105118505774
linear_regression,89,212,0.6924976706504822,0.6902511463886534
linear_regression,89,213,0.6972729563713074,0.6883433198501482
linear_regression,89,214,0.7095788717269897,0.6931721705944498
linear_regression,89,215,0.7107401490211487,0.7029234416488646
linear_regression,89,216,0.6878702044487,0.7062417349651141
linear_regression,89,217,0.6656911373138428,0.6853108177166498
linear_regression,89,218,0.7452793121337891,0.6624664107892626
linear_regression,89,219,0.7567055821418762,0.7400566886621398
linear_regression,89,220,0.691582202911377,0.7474642543577303
linear_regression,89,221,0.7031157612800598,0.6874940407960178
linear_regression,89,222,0.7135738730430603,0.6967189637624626
linear_regression,89,223,0.6676656603813171,0.7088621252977331
linear_regression,89,224,0.6908913850784302,0.6658452732379458
linear_regression,89,225,0.6837692856788635,0.6871341465513789
linear_regression,89,226,0.7239206433296204,0.6788586175114197
linear_regression,89,227,0.6921550631523132,0.7163379062931644
linear_regression,89,228,0.667910099029541,0.6897049150754756
linear_regression,89,229,0.6272876858711243,0.6649251857070263
linear_regression,89,230,0.695351779460907,0.6289993917319842
linear_regression,89,231,0.6694112420082092,0.6915277731215164
linear_regression,89,232,0.5893073081970215,0.6651332928683856
linear_regression,89,233,0.6549808979034424,0.5932135558912137
linear_regression,89,234,0.6773619651794434,0.6535333744675912
linear_regression,89,235,0.7049885392189026,0.6764001450196194
linear_regression,89,236,0.6803512573242188,0.6996495126742615
linear_regression,89,237,0.6439197659492493,0.6751081306725327
linear_regression,89,238,0.6851246953010559,0.6454107664120186
linear_regression,89,239,0.6006383299827576,0.6824721164716842
linear_regression,89,240,0.6728043556213379,0.6031145480589318
linear_regression,89,241,0.672329306602478,0.6698532608275038
linear_regression,89,242,0.6428269743919373,0.6710827733637823
linear_regression,89,243,0.5656420588493347,0.642909547005789
linear_regression,89,244,0.4954441785812378,0.5716833055788604
linear_regression,89,245,0.6535609364509583,0.4887853864709243
linear_regression,89,246,0.5804906487464905,0.6533996634627338
linear_regression,89,247,0.5617439150810242,0.5851130650898131
linear_regression,89,248,0.5655233263969421,0.5681438282008117
linear_regression,89,249,0.5856894850730896,0.5715783772868728
linear_regression,89,250,0.4845431745052337,0.5899073253978676
linear_regression,89,251,0.5701554417610168,0.47949147628841726
linear_regression,89,252,0.5612998008728027,0.5757672584068396
linear_regression,89,253,0.5514215230941772,0.5677017526425842
linear_regression,89,254,0.5428999066352844,0.5588446301578878
linear_regression,89,255,0.4472806453704834,0.5513057247395274
linear_regression,89,256,0.491934210062027,0.4460354640241196
linear_regression,89,257,0.5396852493286133,0.48451147703610953
linear_regression,89,258,0.4901108741760254,0.5483701674605468
linear_regression,89,259,0.53181391954422,0.4845064009958529
linear_regression,89,260,0.4942116439342499,0.5411235350950491
linear_regression,89,261,0.4605900347232818,0.4864199587570247
linear_regression,89,262,0.5105072855949402,0.4562682974659164
linear_regression,89,263,0.4903048574924469,0.521886334938874
linear_regression,89,264,0.5056160092353821,0.4845910817427299
linear_regression,89,265,0.4768159389495849,0.5176653446676536
linear_regression,89,266,0.3890278041362762,0.4728158603015867
linear_regression,89,267,0.4254825413227081,0.3974531910239317
linear_regression,89,268,0.3731625080108642,0.42553220528538255
linear_regression,89,269,0.3675399124622345,0.3808639844382852
linear_regression,89,270,0.4584473669528961,0.3767536798121314
linear_regression,89,271,0.4118552207946777,0.4538475837687496
linear_regression,89,272,0.3900935351848602,0.4148098814675312
linear_regression,89,273,0.3909298479557037,0.3962500764422178
linear_regression,89,274,0.4575400054454803,0.3969883593216733
linear_regression,89,275,0.4256947040557861,0.45301762004582496
linear_regression,89,276,0.4209008812904358,0.42540730260206905
linear_regression,89,277,0.4184050559997558,0.4214078326279155
linear_regression,89,278,0.3688554167747497,0.4190028564043863
linear_regression,89,279,0.3164815306663513,0.3776881587312383
linear_regression,89,280,0.3081099390983581,0.33145035605830403
linear_regression,89,281,0.3964378237724304,0.32633096844102616
linear_regression,89,282,0.4027194678783417,0.40147678210267446
linear_regression,89,283,0.3526457548141479,0.4043521204589447
linear_regression,89,284,0.3518548309803009,0.362903626567771
linear_regression,89,285,0.3413726091384887,0.36526576397583094
linear_regression,89,286,0.3355242013931274,0.35737454944931263
linear_regression,89,287,0.3580395877361297,0.34952341785415786
linear_regression,89,288,0.3060476183891296,0.367673533368
linear_regression,89,289,0.3745434880256653,0.3219441493411528
linear_regression,90,0,0.3130016326904297,0.33107759491290234
linear_regression,90,1,0.2476247102022171,0.3319884843102517
linear_regression,90,2,0.3008928000926971,0.2751393627687332
linear_regression,90,3,0.3469280898571014,0.3217494088210816
linear_regression,90,4,0.2637799680233001,0.3573879399297196
linear_regression,90,5,0.3314352929592132,0.2878519159976035
linear_regression,90,6,0.2763629555702209,0.34104076704387104
linear_regression,90,7,0.2711656093597412,0.2940598874800836
linear_regression,90,8,0.3399376273155212,0.29495368424690704
linear_regression,90,9,0.2498106807470321,0.35117314564945246
linear_regression,90,10,0.2910193502902984,0.2763354462769019
linear_regression,90,11,0.3611792027950287,0.3089261835073671
linear_regression,90,12,0.2995355129241943,0.3707162473027347
linear_regression,90,13,0.2493032664060592,0.3196805852159203
linear_regression,90,14,0.2799752056598663,0.27274744353540326
linear_regression,90,15,0.3204881250858307,0.2994752720676187
linear_regression,90,16,0.3663811981678009,0.33551036090803377
linear_regression,90,17,0.2728736996650696,0.3739981188853047
linear_regression,90,18,0.3309935629367828,0.2928800200107438
linear_regression,90,19,0.338823527097702,0.34528771326120433
linear_regression,90,20,0.383003830909729,0.3541735623051819
linear_regression,90,21,0.3597946166992187,0.3898220503637577
linear_regression,90,22,0.3392016291618347,0.3692544358936919
linear_regression,90,23,0.3366544842720032,0.35400064218294175
linear_regression,90,24,0.3816987872123718,0.34748487786308707
linear_regression,90,25,0.3649412095546722,0.38845916918427525
linear_regression,90,26,0.3537609279155731,0.3735900793069005
linear_regression,90,27,0.3472160100936889,0.3632024071403244
linear_regression,90,28,0.3998047709465027,0.358824531423206
linear_regression,90,29,0.3716340363025665,0.4034244442861968
linear_regression,90,30,0.365989625453949,0.37931071297645774
linear_regression,90,31,0.4288908839225769,0.3749554653342258
linear_regression,90,32,0.4236489832401275,0.42897012555737857
linear_regression,90,33,0.3896980285644531,0.4262964948917351
linear_regression,90,34,0.4495064616203308,0.3939978730121921
linear_regression,90,35,0.4756557941436767,0.4459328047142425
linear_regression,90,36,0.4587243795394897,0.47240368648617614
linear_regression,90,37,0.5033104419708252,0.45714064258528875
linear_regression,90,38,0.417276918888092,0.5152645091093895
linear_regression,90,39,0.5485016703605652,0.4175638963484208
linear_regression,90,40,0.4906663000583648,0.5563806444698227
linear_regression,90,41,0.5296807885169983,0.4843047947521139
linear_regression,90,42,0.4848453104496002,0.5396007438385964
linear_regression,90,43,0.4723291099071502,0.4792507554162835
linear_regression,90,44,0.5486615300178528,0.46813635010861887
linear_regression,90,45,0.5411527156829834,0.5565739347144083
linear_regression,90,46,0.5631936192512512,0.5498372668335725
linear_regression,90,47,0.5039225816726685,0.5696567642359953
linear_regression,90,48,0.5836449265480042,0.5164172056535434
linear_regression,90,49,0.5818460583686829,0.5882820358297866
linear_regression,90,50,0.5502853393554688,0.5863018319094562
linear_regression,90,51,0.5651896595954895,0.5580786732538152
linear_regression,90,52,0.6056126952171326,0.5714508223780104
linear_regression,90,53,0.5769334435462952,0.6092972034986088
linear_regression,90,54,0.5531193614006042,0.5822664947905013
linear_regression,90,55,0.6085405945777893,0.5603460428262388
linear_regression,90,56,0.5486969351768494,0.6114539289918126
linear_regression,90,57,0.5149018168449402,0.5563982932388426
linear_regression,90,58,0.6433016657829285,0.5256078448239552
linear_regression,90,59,0.5356877446174622,0.6440446883230997
linear_regression,90,60,0.604463517665863,0.5445864051449784
linear_regression,90,61,0.5883385539054871,0.6068097728094048
linear_regression,90,62,0.5205448865890503,0.5924701467769719
linear_regression,90,63,0.5811213254928589,0.530943119064405
linear_regression,90,64,0.5459907054901123,0.5860574689503244
linear_regression,90,65,0.5397809743881226,0.5540663900935636
linear_regression,90,66,0.5045042634010315,0.5480029227198857
linear_regression,90,67,0.5554024577140808,0.5164545228735569
linear_regression,90,68,0.5643861293792725,0.5624870790687762
linear_regression,90,69,0.4815575778484344,0.5707081495272994
linear_regression,90,70,0.5737772583961487,0.47637089878151234
linear_regression,90,71,0.5393644571304321,0.5792756460620335
linear_regression,90,72,0.4327236413955688,0.5480351095916272
linear_regression,90,73,0.4228107929229736,0.43339268032200173
linear_regression,90,74,0.5092533826828003,0.42237506712325407
linear_regression,90,75,0.5019035935401917,0.5214259648894637
linear_regression,90,76,0.5204012393951416,0.514785525567862
linear_regression,90,77,0.5050848722457886,0.5311433263111629
linear_regression,90,78,0.5654336810112,0.5170361386503393
linear_regression,90,79,0.5037232637405396,0.5716507402955464
linear_regression,90,80,0.527433454990387,0.5153289471514774
linear_regression,90,81,0.581237256526947,0.5369682145682229
linear_regression,90,82,0.5495600700378418,0.5858010977142809
linear_regression,90,83,0.5452976226806641,0.5571780706592133
linear_regression,90,84,0.5735050439834595,0.5533562592066259
linear_regression,90,85,0.5894805788993835,0.5790426825075455
linear_regression,90,86,0.600303590297699,0.5937574919703335
linear_regression,90,87,0.5872182250022888,0.6036672428308474
linear_regression,90,88,0.628265380859375,0.5913285103584521
linear_regression,90,89,0.6470828652381897,0.6287087083750618
linear_regression,90,90,0.6411404013633728,0.6469826361973857
linear_regression,90,91,0.69374018907547,0.6403163434316861
linear_regression,90,92,0.6572863459587097,0.6914560012017862
linear_regression,90,93,0.6628108024597168,0.6548591312257723
linear_regression,90,94,0.7102925777435303,0.6631169056018354
linear_regression,90,95,0.6534723043441772,0.7075523424415623
linear_regression,90,96,0.7145607471466064,0.6522834983527758
linear_regression,90,97,0.7186945080757141,0.7090690749943204
linear_regression,90,98,0.7180063724517822,0.7152614366813063
linear_regression,90,99,0.7974584102630615,0.7166498324331899
linear_regression,90,100,0.7634199857711792,0.7870663205331929
linear_regression,90,101,0.7445045113563538,0.7501783721591185
linear_regression,90,102,0.7542939782142639,0.7384484386589824
linear_regression,90,103,0.7633641362190247,0.7444617457458832
linear_regression,90,104,0.8071306347846985,0.7542981713981807
linear_regression,90,105,0.8034021854400635,0.7927461649572325
linear_regression,90,106,0.7696965336799622,0.7882078677711545
linear_regression,90,107,0.7573744058609009,0.7600583498585508
linear_regression,90,108,0.7986889481544495,0.7452195347075826
linear_regression,90,109,0.7295043468475342,0.7866716739863947
linear_regression,90,110,0.8228309154510498,0.7239213134550412
linear_regression,90,111,0.7877600789070129,0.808256586654192
linear_regression,90,112,0.769694447517395,0.7756395636359421
linear_regression,90,113,0.8024245500564575,0.7566500664493212
linear_regression,90,114,0.7944349050521851,0.7883433881473518
linear_regression,90,115,0.7366538643836975,0.7811364184970698
linear_regression,90,116,0.8648456931114197,0.7305516723830516
linear_regression,90,117,0.745818555355072,0.8486163232475604
linear_regression,90,118,0.7582469582557678,0.7378545870032025
linear_regression,90,119,0.8483989238739014,0.7466610162456214
linear_regression,90,120,0.8260440826416016,0.8356578958613915
linear_regression,90,121,0.7869054079055786,0.8147265403784697
linear_regression,90,122,0.7797289490699768,0.774336695436133
linear_regression,90,123,0.8090881705284119,0.7699971309559825
linear_regression,90,124,0.8541859984397888,0.7945557732071334
linear_regression,90,125,0.7814792990684509,0.8357029981777542
linear_regression,90,126,0.8614181876182556,0.7675761806200139
linear_regression,90,127,0.7972004413604736,0.8463682493573854
linear_regression,90,128,0.9001105427742004,0.7831949975152153
linear_regression,90,129,0.9037732481956482,0.887702559992822
linear_regression,90,130,0.935633420944214,0.8912107060030106
linear_regression,90,131,0.8822789788246155,0.9159894213369579
linear_regression,90,132,0.8605706691741943,0.8646442446018746
linear_regression,90,133,0.8119955658912659,0.8462172392172744
linear_regression,90,134,0.8381684422492981,0.7972609036612217
linear_regression,90,135,0.8457880020141602,0.8162536409079345
linear_regression,90,136,0.828576922416687,0.829433466660529
linear_regression,90,137,0.8650622367858887,0.8156589524962855
linear_regression,90,138,0.8053702116012573,0.8521221253633939
linear_regression,90,139,0.7948145270347595,0.7924007917058427
linear_regression,90,140,0.8137438297271729,0.7822308772834536
linear_regression,90,141,0.8362837433815002,0.8027428189396879
linear_regression,90,142,0.8234157562255859,0.826540070009505
linear_regression,90,143,0.8580568432807922,0.8127800345751058
linear_regression,90,144,0.8126979470252991,0.8461002376323539
linear_regression,90,145,0.8344330787658691,0.8039405304362105
linear_regression,90,146,0.7454129457473755,0.8220781516431835
linear_regression,90,147,0.8069086074829102,0.7392515976426788
linear_regression,90,148,0.7785924673080444,0.7900867832935216
linear_regression,90,149,0.7716875076293945,0.7660574067972099
linear_regression,90,150,0.8132472634315491,0.7550309476843547
linear_regression,90,151,0.7720576524734497,0.8006125375725365
linear_regression,90,152,0.7578611373901367,0.7610994502013438
linear_regression,90,153,0.7363089323043823,0.7458418699111208
linear_regression,90,154,0.7234805226325989,0.7303849149163911
linear_regression,90,155,0.724012553691864,0.7163557436268372
linear_regression,90,156,0.6928666830062866,0.7182514161738913
linear_regression,90,157,0.7577572464942932,0.6895863214186132
linear_regression,90,158,0.6334019303321838,0.7476620120067184
linear_regression,90,159,0.724119246006012,0.6331553162721886
linear_regression,90,160,0.6810029149055481,0.7176411500777019
linear_regression,90,161,0.6499387621879578,0.6757683961623432
linear_regression,90,162,0.6591612696647644,0.648135786736983
linear_regression,90,163,0.6368424296379089,0.6575349852184358
linear_regression,90,164,0.6628153324127197,0.6364272428474383
linear_regression,90,165,0.6047764420509338,0.6597998383939117
linear_regression,90,166,0.6630814671516418,0.6073891698558099
linear_regression,90,167,0.6350459456443787,0.6630838012152491
linear_regression,90,168,0.6146682500839233,0.6354912066034215
linear_regression,90,169,0.6118284463882446,0.6163926366923983
linear_regression,90,170,0.5962011218070984,0.6139621713965492
linear_regression,90,171,0.6422713398933411,0.5992292949884872
linear_regression,90,172,0.6220099329948425,0.6427219594341772
linear_regression,90,173,0.6231095194816589,0.6236429644420343
linear_regression,90,174,0.6679365038871765,0.6249121689983949
linear_regression,90,175,0.6390184164047241,0.6661420450423156
linear_regression,90,176,0.584955632686615,0.6398702337976988
linear_regression,90,177,0.599650502204895,0.5895104876869426
linear_regression,90,178,0.6481404304504395,0.6032118348068943
linear_regression,90,179,0.6612107157707214,0.6477810539414203
linear_regression,90,180,0.5953702926635742,0.6580116001234582
linear_regression,90,181,0.5708991885185242,0.5987430273228643
linear_regression,90,182,0.6209592223167419,0.5766303173730669
linear_regression,90,183,0.5334637761116028,0.6224798740686585
linear_regression,90,184,0.6074930429458618,0.5425816010757826
linear_regression,90,185,0.6222169995307922,0.6106473927601641
linear_regression,90,186,0.5982764363288879,0.623503489466542
linear_regression,90,187,0.5136949419975281,0.601191674572658
linear_regression,90,188,0.5992039442062378,0.5251184632787295
linear_regression,90,189,0.6698620915412903,0.6019509348942117
linear_regression,90,190,0.6059436798095703,0.6688342936444489
linear_regression,90,191,0.6484359502792358,0.6090652821059567
linear_regression,90,192,0.549525797367096,0.6479484162645756
linear_regression,90,193,0.599639356136322,0.556973973463196
linear_regression,90,194,0.637165367603302,0.6024924287071839
linear_regression,90,195,0.6252025961875916,0.6358101841493143
linear_regression,90,196,0.641601026058197,0.6254235294118544
linear_regression,90,197,0.6566566824913025,0.6417374525193004
linear_regression,90,198,0.6021835207939148,0.6556110217758672
linear_regression,90,199,0.6743676662445068,0.6052862983892161
linear_regression,90,200,0.6656115055084229,0.6713245037580771
linear_regression,90,201,0.657647967338562,0.6644181571023436
linear_regression,90,202,0.711037278175354,0.6572398098301966
linear_regression,90,203,0.6951557993888855,0.7045880005861156
linear_regression,90,204,0.6589398384094238,0.6899302569532063
linear_regression,90,205,0.6664129495620728,0.6561459905081565
linear_regression,90,206,0.7094324827194214,0.6626829825826962
linear_regression,90,207,0.6796600818634033,0.7056781357616402
linear_regression,90,208,0.6616643667221069,0.6760377049721483
linear_regression,90,209,0.740674614906311,0.6589292489480628
linear_regression,90,210,0.6859596967697144,0.7355559218222955
linear_regression,90,211,0.6951183676719666,0.681262198610233
linear_regression,90,212,0.6628149151802063,0.6898884471183714
linear_regression,90,213,0.7054175138473511,0.6609464467021459
linear_regression,90,214,0.6122881174087524,0.7034873166638659
linear_regression,90,215,0.7140551805496216,0.6145493320391149
linear_regression,90,216,0.7339272499084473,0.7089847526990193
linear_regression,90,217,0.7178616523742676,0.7266143226673853
linear_regression,90,218,0.713875949382782,0.7109791453681592
linear_regression,90,219,0.7077434062957764,0.707661507314175
linear_regression,90,220,0.6785898208618164,0.7050412654680576
linear_regression,90,221,0.671263575553894,0.6750460789707213
linear_regression,90,222,0.6443526744842529,0.6684600522285891
linear_regression,90,223,0.6400606632232666,0.6431041202036635
linear_regression,90,224,0.7399051785469055,0.6394594121753869
linear_regression,90,225,0.6681760549545288,0.7324964986262169
linear_regression,90,226,0.7293381094932556,0.6658567601024814
linear_regression,90,227,0.7325164079666138,0.7242012342177847
linear_regression,90,228,0.7011709809303284,0.7284598711745528
linear_regression,90,229,0.6666731238365173,0.69615081067878
linear_regression,90,230,0.6871426105499268,0.6641347596705108
linear_regression,90,231,0.6932126879692078,0.6819139953885766
linear_regression,90,232,0.7471657991409302,0.6875616780611116
linear_regression,90,233,0.6418532729148865,0.7379772323811119
linear_regression,90,234,0.7047173976898193,0.6399737023814833
linear_regression,90,235,0.710604190826416,0.7017236426549908
linear_regression,90,236,0.6462116837501526,0.7069031734238115
linear_regression,90,237,0.7038144469261169,0.6447771595608264
linear_regression,90,238,0.6892520785331726,0.6994923772292444
linear_regression,90,239,0.6610933542251587,0.6856100469917795
linear_regression,90,240,0.6645122766494751,0.6598725361099695
linear_regression,90,241,0.6528778672218323,0.6635814658953132
linear_regression,90,242,0.6682102084159851,0.6509171515374615
linear_regression,90,243,0.6161827445030212,0.6665583564300391
linear_regression,90,244,0.5893492698669434,0.6184388446772574
linear_regression,90,245,0.5773598551750183,0.5933760274333657
linear_regression,90,246,0.5756586194038391,0.582141877298915
linear_regression,90,247,0.6254081130027771,0.5808123706457234
linear_regression,90,248,0.5649414658546448,0.6264308171498958
linear_regression,90,249,0.5317211747169495,0.5710433817688335
linear_regression,90,250,0.5069265365600586,0.540829743687792
linear_regression,90,251,0.5506317615509033,0.5191776501756847
linear_regression,90,252,0.5617222785949707,0.5581187867786563
linear_regression,90,253,0.4902506470680237,0.5681603619301343
linear_regression,90,254,0.5003371834754944,0.4835626536488381
linear_regression,90,255,0.5229616761207581,0.5132123554246557
linear_regression,90,256,0.4631811678409576,0.5323490349473894
linear_regression,90,257,0.5050556063652039,0.4588456845894134
linear_regression,90,258,0.5613412261009216,0.5173002284686267
linear_regression,90,259,0.5077394247055054,0.5677454533535498
linear_regression,90,260,0.5516061186790466,0.5202113769396768
linear_regression,90,261,0.3975984752178192,0.5587415089564829
linear_regression,90,262,0.4352316260337829,0.3999343001747617
linear_regression,90,263,0.4664890170097351,0.43673198187583645
linear_regression,90,264,0.526466965675354,0.46269903749827357
linear_regression,90,265,0.4369835555553436,0.536631200385028
linear_regression,90,266,0.4059149622917175,0.43628992200833355
linear_regression,90,267,0.4644566774368286,0.40918599482950585
linear_regression,90,268,0.398272305727005,0.4622086579623416
linear_regression,90,269,0.41995769739151,0.4036676169821471
linear_regression,90,270,0.4294015765190124,0.41960564257093713
linear_regression,90,271,0.440412700176239,0.43039822845839926
linear_regression,90,272,0.4175698161125183,0.43976615001748653
linear_regression,90,273,0.4638152420520782,0.41874514048041916
linear_regression,90,274,0.3587440848350525,0.4616373518247722
linear_regression,90,275,0.3936045169830322,0.3692214738681457
linear_regression,90,276,0.4080583155155182,0.3993506644302229
linear_regression,90,277,0.3964468240737915,0.4064024909060035
linear_regression,90,278,0.3805849552154541,0.3986943441464966
linear_regression,90,279,0.3113827705383301,0.38600492877706866
linear_regression,90,280,0.3418777287006378,0.33087470541398994
linear_regression,90,281,0.3212239444255829,0.3523897663799132
linear_regression,90,282,0.3406495451927185,0.3361741837554032
linear_regression,90,283,0.3356865644454956,0.3520394922488811
linear_regression,90,284,0.3043745458126068,0.34916170234580907
linear_regression,90,285,0.2903254926204681,0.32277435992457487
linear_regression,90,286,0.3258494436740875,0.3110868033628974
linear_regression,90,287,0.2791979610919952,0.34235782976809015
linear_regression,90,288,0.3530560433864593,0.30390018471460933
linear_regression,90,289,0.3771468698978424,0.3592789800117973
linear_regression,91,0,0.3084191381931305,0.2809078477111312
linear_regression,91,1,0.2669930160045624,0.32743643545054835
linear_regression,91,2,0.2632984817028045,0.29033337661143865
linear_regression,91,3,0.3579925298690796,0.2881002380351726
linear_regression,91,4,0.3354243636131286,0.3656152713383742
linear_regression,91,5,0.2743414342403412,0.34995941662166247
linear_regression,91,6,0.2429990172386169,0.29161776488574265
linear_regression,91,7,0.3487453162670135,0.26648344699673093
linear_regression,91,8,0.3505622148513794,0.35732501437506087
linear_regression,91,9,0.3129207789897918,0.35681870931541676
linear_regression,91,10,0.2957097291946411,0.3274503419162053
linear_regression,91,11,0.3550744652748108,0.31456087135028776
linear_regression,91,12,0.4156660437583923,0.35997596477715194
linear_regression,91,13,0.3705671727657318,0.41811299187440476
linear_regression,91,14,0.3167724013328552,0.37945285520121436
linear_regression,91,15,0.3331742882728576,0.3336073049403179
linear_regression,91,16,0.2784624993801117,0.34413303556574176
linear_regression,91,17,0.2220847308635711,0.3022566816008124
linear_regression,91,18,0.3320984840393066,0.25367431656228695
linear_regression,91,19,0.3169889152050018,0.3454870487654439
linear_regression,91,20,0.4100715219974518,0.33187282431585896
linear_regression,91,21,0.3317900598049164,0.4112397589684886
linear_regression,91,22,0.3829200863838196,0.3467588340810288
linear_regression,91,23,0.3756691813468933,0.3889409287458092
linear_regression,91,24,0.2830285131931305,0.3816454603897692
linear_regression,91,25,0.3189952075481415,0.3018494567174403
linear_regression,91,26,0.3250109255313873,0.3320086222550655
linear_regression,91,27,0.2817829251289367,0.33948766259492774
linear_regression,91,28,0.3582001030445099,0.30481658812294643
linear_regression,91,29,0.3407892882823944,0.368291975753652
linear_regression,91,30,0.3067612946033478,0.3538925602629293
linear_regression,91,31,0.3511050939559936,0.3228218106379627
linear_regression,91,32,0.3427651226520538,0.361308266431454
linear_regression,91,33,0.3642664551734924,0.35071384755874885
linear_regression,91,34,0.3374345004558563,0.37342752853241273
linear_regression,91,35,0.3425380289554596,0.3501824980499668
linear_regression,91,36,0.3559776842594147,0.35370332568280505
linear_regression,91,37,0.3723601996898651,0.36447138056443684
linear_regression,91,38,0.3562838435173034,0.38079988662676173
linear_regression,91,39,0.4141734540462494,0.36820362332016854
linear_regression,91,40,0.3779486715793609,0.41625790192387346
linear_regression,91,41,0.3634898662567138,0.3836693263127866
linear_regression,91,42,0.3469365239143371,0.3707278311618576
linear_regression,91,43,0.2860951721668243,0.3607330212371152
linear_regression,91,44,0.3401907980442047,0.3054671393808953
linear_regression,91,45,0.3841101229190826,0.35335183565258366
linear_regression,91,46,0.3910218179225921,0.38857920538402524
linear_regression,91,47,0.4164753556251526,0.3957485400077804
linear_regression,91,48,0.3731615543365478,0.41945673958600566
linear_regression,91,49,0.4462390542030334,0.38043746925859007
linear_regression,91,50,0.3051307797431946,0.44359947765620533
linear_regression,91,51,0.4180608987808227,0.3202121332493846
linear_regression,91,52,0.3495247662067413,0.4167987486361333
linear_regression,91,53,0.4573302268981933,0.36369723972722146
linear_regression,91,54,0.441006451845169,0.4558920476856838
linear_regression,91,55,0.3776655793190002,0.439955268369561
linear_regression,91,56,0.3918103277683258,0.38650756264723474
linear_regression,91,57,0.4637670218944549,0.3996969546149648
linear_regression,91,58,0.4393591582775116,0.4602363516398792
linear_regression,91,59,0.4334784150123596,0.438614101537954
linear_regression,91,60,0.4130063951015472,0.43393114996015214
linear_regression,91,61,0.4655123353004455,0.41502663195522455
linear_regression,91,62,0.4371185004711151,0.46212802277667187
linear_regression,91,63,0.4431360065937042,0.4395717910771345
linear_regression,91,64,0.430516242980957,0.44118184069676014
linear_regression,91,65,0.4790579080581665,0.43054542453443834
linear_regression,91,66,0.4713597893714905,0.4738529076435098
linear_regression,91,67,0.457400381565094,0.4662128762133
linear_regression,91,68,0.4590329527854919,0.45415807732900454
linear_regression,91,69,0.4871533811092376,0.45574432511341595
linear_regression,91,70,0.4664484858512878,0.4812931896150585
linear_regression,91,71,0.5586315989494324,0.4649151257951004
linear_regression,91,72,0.5395059585571289,0.5655127523721656
linear_regression,91,73,0.5046220421791077,0.5479944085230373
linear_regression,91,74,0.5964173674583435,0.516487950007773
linear_regression,91,75,0.4892167150974273,0.6000752984414782
linear_regression,91,76,0.5707149505615234,0.48313640101899985
linear_regression,91,77,0.5632394552230835,0.576376841639905
linear_regression,91,78,0.5415408611297607,0.5696390018494317
linear_regression,91,79,0.612461268901825,0.5500260996558962
linear_regression,91,80,0.5981330275535583,0.6148902098889283
linear_regression,91,81,0.5922664999961853,0.6014586426666856
linear_regression,91,82,0.6657041311264038,0.5958667198490862
linear_regression,91,83,0.616202175617218,0.6662915624462716
linear_regression,91,84,0.6231120824813843,0.6184392735557047
linear_regression,91,85,0.6033904552459717,0.6241609717122785
linear_regression,91,86,0.5875187516212463,0.6071003690552049
linear_regression,91,87,0.6470299363136292,0.591500562916444
linear_regression,91,88,0.5876970291137695,0.6465717962694171
linear_regression,91,89,0.5944302082061768,0.5920136187226909
linear_regression,91,90,0.6356450915336609,0.5982056996605649
linear_regression,91,91,0.5637829303741455,0.6358014935720626
linear_regression,91,92,0.6539939641952515,0.5701394098276948
linear_regression,91,93,0.6564199924468994,0.6538497629218963
linear_regression,91,94,0.6742523312568665,0.6555937642810521
linear_regression,91,95,0.6155137419700623,0.6728936192613996
linear_regression,91,96,0.6379274129867554,0.6181300182189998
linear_regression,91,97,0.6163607239723206,0.6384477073100638
linear_regression,91,98,0.6239795088768005,0.6180015311948348
linear_regression,91,99,0.7148080468177795,0.6255266423270281
linear_regression,91,100,0.6878741979598999,0.7071364274324835
linear_regression,91,101,0.6500042676925659,0.6856978479353247
linear_regression,91,102,0.6431980133056641,0.6501379600813001
linear_regression,91,103,0.6787180304527283,0.6428653792250546
linear_regression,91,104,0.6721157431602478,0.6774180274253315
linear_regression,91,105,0.6895940899848938,0.6711336421796924
linear_regression,91,106,0.7139521837234497,0.6882616916247457
linear_regression,91,107,0.7515538334846497,0.7106440519520832
linear_regression,91,108,0.7317988872528076,0.7391970517234244
linear_regression,91,109,0.7652998566627502,0.7249433853984105
linear_regression,91,110,0.7717673182487488,0.7561234072817263
linear_regression,91,111,0.7383655309677124,0.7578889937963695
linear_regression,91,112,0.671288013458252,0.732144242498049
linear_regression,91,113,0.6609769463539124,0.6676441486982527
linear_regression,91,114,0.7362765073776245,0.6598855430516304
linear_regression,91,115,0.8019096255302429,0.7338072211528103
linear_regression,91,116,0.7867714762687683,0.7899594795797913
linear_regression,91,117,0.7817285656929016,0.7749529326664456
linear_regression,91,118,0.74699866771698,0.7718955510714469
linear_regression,91,119,0.7316478490829468,0.7411586824597235
linear_regression,91,120,0.754915714263916,0.7249782819068278
linear_regression,91,121,0.7096195816993713,0.7448181434684678
linear_regression,91,122,0.7655578851699829,0.7051325661751282
linear_regression,91,123,0.7808929681777954,0.7561329154511741
linear_regression,91,124,0.7264884114265442,0.7701421178340476
linear_regression,91,125,0.824468731880188,0.7232543991019172
linear_regression,91,126,0.741415798664093,0.8083403819454826
linear_regression,91,127,0.7967392206192017,0.7355473613494629
linear_regression,91,128,0.8733353018760681,0.7835347438325297
linear_regression,91,129,0.7680109739303589,0.8596605425379493
linear_regression,91,130,0.7768831849098206,0.7476514217233755
linear_regression,91,131,0.8003349304199219,0.7604894313220274
linear_regression,91,132,0.7308499813079834,0.7868962682416881
linear_regression,91,133,0.8124100565910339,0.7251483130933443
linear_regression,91,134,0.7873653769493103,0.7940863295852381
linear_regression,91,135,0.7670956254005432,0.7722921869976328
linear_regression,91,136,0.7746968865394592,0.7530967100297259
linear_regression,91,137,0.7603226900100708,0.7621992678515594
linear_regression,91,138,0.761994481086731,0.7481437264541292
linear_regression,91,139,0.7925463914871216,0.7531873230754147
linear_regression,91,140,0.7648728489875793,0.7768271655001664
linear_regression,91,141,0.7849591374397278,0.7545829923784898
linear_regression,91,142,0.7898789048194885,0.770303622473363
linear_regression,91,143,0.7447134256362915,0.7810842159462253
linear_regression,91,144,0.8061725497245789,0.7356168941131077
linear_regression,91,145,0.7605602741241455,0.7934157161358201
linear_regression,91,146,0.8144825100898743,0.7457576778260385
linear_regression,91,147,0.7557141780853271,0.7995705743941208
linear_regression,91,148,0.7613011598587036,0.7442739745410918
linear_regression,91,149,0.7724568247795105,0.7509992597311056
linear_regression,91,150,0.7857146859169006,0.7619358107557533
linear_regression,91,151,0.7806171774864197,0.7756388246366706
linear_regression,91,152,0.7936757802963257,0.7681838415859519
linear_regression,91,153,0.7815924286842346,0.7803904197031133
linear_regression,91,154,0.7669194936752319,0.7705328394564003
linear_regression,91,155,0.7486345767974854,0.7542578379141109
linear_regression,91,156,0.778622031211853,0.7434643751342077
linear_regression,91,157,0.7346300482749939,0.7677334434228483
linear_regression,91,158,0.7959188222885132,0.7275055680748433
linear_regression,91,159,0.7326542735099792,0.7804357584872791
linear_regression,91,160,0.7494902014732361,0.7273543662183531
linear_regression,91,161,0.8063985705375671,0.7424231460498056
linear_regression,91,162,0.7335032820701599,0.7914734588884329
linear_regression,91,163,0.7558570504188538,0.7283290142845269
linear_regression,91,164,0.7345919609069824,0.7403752571068147
linear_regression,91,165,0.7761393785476685,0.7265244368152429
linear_regression,91,166,0.74997878074646,0.766790514342055
linear_regression,91,167,0.7865310907363892,0.7457393685330184
linear_regression,91,168,0.7727410197257996,0.775659695105393
linear_regression,91,169,0.7632182836532593,0.7596543575871896
linear_regression,91,170,0.7510420680046082,0.7545361440353251
linear_regression,91,171,0.7489790916442871,0.7403119932043707
linear_regression,91,172,0.7610465884208679,0.7403079500256508
linear_regression,91,173,0.7238667011260986,0.7498686404456293
linear_regression,91,174,0.7608855366706848,0.7196832802429515
linear_regression,91,175,0.7539421916007996,0.7512348846928577
linear_regression,91,176,0.7320656180381775,0.7432243920976552
linear_regression,91,177,0.7281394004821777,0.7262345603773768
linear_regression,91,178,0.7403769493103027,0.7231315098926582
linear_regression,91,179,0.726283848285675,0.7333643225020408
linear_regression,91,180,0.7022027969360352,0.7185423751407848
linear_regression,91,181,0.7616451978683472,0.6960799804345891
linear_regression,91,182,0.7433286905288696,0.7506374266170204
linear_regression,91,183,0.6997729539871216,0.7376707270746542
linear_regression,91,184,0.7577304840087891,0.6929687475455937
linear_regression,91,185,0.7149592638015747,0.7476110499646068
linear_regression,91,186,0.7144057750701904,0.7121756015440416
linear_regression,91,187,0.7365458011627197,0.7058606261599825
linear_regression,91,188,0.682927668094635,0.7324727807460262
linear_regression,91,189,0.7064433693885803,0.6802217353878385
linear_regression,91,190,0.7104227542877197,0.7002457844751615
linear_regression,91,191,0.6858320236206055,0.7082271101973674
linear_regression,91,192,0.7039591670036316,0.682101529532013
linear_regression,91,193,0.639439582824707,0.7001311805830843
linear_regression,91,194,0.6787652969360352,0.6390052100588698
linear_regression,91,195,0.6547344326972961,0.6739705468922714
linear_regression,91,196,0.7131778001785278,0.6540404986994512
linear_regression,91,197,0.7035949230194092,0.7109823737764833
linear_regression,91,198,0.6017568707466125,0.6967169599447329
linear_regression,91,199,0.6761091351509094,0.6044447809077801
linear_regression,91,200,0.7420927286148071,0.6756291378819016
linear_regression,91,201,0.6153482794761658,0.7382649440044072
linear_regression,91,202,0.7265154719352722,0.6174835515008301
linear_regression,91,203,0.6984158754348755,0.723563111982363
linear_regression,91,204,0.6765236258506775,0.6930535634514545
linear_regression,91,205,0.7121729254722595,0.6739126844298904
linear_regression,91,206,0.676689088344574,0.7077426599699873
linear_regression,91,207,0.6886466145515442,0.6735680663767399
linear_regression,91,208,0.618514895439148,0.6850817430508858
linear_regression,91,209,0.712279736995697,0.6200349653921167
linear_regression,91,210,0.681770920753479,0.7086538638295357
linear_regression,91,211,0.6947018504142761,0.6791308477032527
linear_regression,91,212,0.6902788281440735,0.689508288624984
linear_regression,91,213,0.7701029777526855,0.6868587922005825
linear_regression,91,214,0.6827535629272461,0.7578412573553129
linear_regression,91,215,0.7172455787658691,0.6818629424353534
linear_regression,91,216,0.6589370369911194,0.7153088871968741
linear_regression,91,217,0.7306041121482849,0.6575901433274457
linear_regression,91,218,0.7176796197891235,0.7272236700064184
linear_regression,91,219,0.7124735116958618,0.7126723123818951
linear_regression,91,220,0.6590946316719055,0.7083350443867906
linear_regression,91,221,0.6674041748046875,0.6584616848161476
linear_regression,91,222,0.6633573174476624,0.6654924039475365
linear_regression,91,223,0.7297236323356628,0.6604535121537359
linear_regression,91,224,0.7108008861541748,0.723103398107051
linear_regression,91,225,0.6802922487258911,0.7061278887924768
linear_regression,91,226,0.6869238615036011,0.6765988616086883
linear_regression,91,227,0.729046642780304,0.6830706009555816
linear_regression,91,228,0.7213093042373657,0.7233835901045627
linear_regression,91,229,0.6882384419441223,0.7182789520960372
linear_regression,91,230,0.6679533123970032,0.6840016622322483
linear_regression,91,231,0.6823150515556335,0.6664463723197166
linear_regression,91,232,0.6303983926773071,0.6785738279481783
linear_regression,91,233,0.6593920588493347,0.6311614993559715
linear_regression,91,234,0.6725261807441711,0.6580973644526483
linear_regression,91,235,0.6426656246185303,0.6687698467797121
linear_regression,91,236,0.7065532803535461,0.642681222556168
linear_regression,91,237,0.6421048641204834,0.7009285043656106
linear_regression,91,238,0.6080282926559448,0.6431033819774971
linear_regression,91,239,0.6529366970062256,0.6098496549720571
linear_regression,91,240,0.6091981530189514,0.6500948526145637
linear_regression,91,241,0.6529942154884338,0.6115398028321027
linear_regression,91,242,0.6060858964920044,0.651608305219334
linear_regression,91,243,0.6101440191268921,0.6088274835011185
linear_regression,91,244,0.624046266078949,0.6128036553886926
linear_regression,91,245,0.6443890929222107,0.6248584632929118
linear_regression,91,246,0.5775756239891052,0.644612145583939
linear_regression,91,247,0.5708217620849609,0.5826870736808972
linear_regression,91,248,0.5896015167236328,0.5763822076829158
linear_regression,91,249,0.6180625557899475,0.5937676095724325
linear_regression,91,250,0.5506580471992493,0.6199359691156393
linear_regression,91,251,0.5341492295265198,0.5579712971225302
linear_regression,91,252,0.5155346393585205,0.5430019308593237
linear_regression,91,253,0.514782190322876,0.5268704133160413
linear_regression,91,254,0.4641228914260864,0.5266396322624893
linear_regression,91,255,0.575221836566925,0.46092418050709166
linear_regression,91,256,0.5187193751335144,0.5802903245360846
linear_regression,91,257,0.5185852646827698,0.5291524741818254
linear_regression,91,258,0.5765758752822876,0.5285186046565851
linear_regression,91,259,0.4993530213832855,0.5817933539856369
linear_regression,91,260,0.5118337869644165,0.4899433434458086
linear_regression,91,261,0.4512732625007629,0.5229685147110233
linear_regression,91,262,0.4687046408653259,0.4474499025561942
linear_regression,91,263,0.4276250600814819,0.46532095023756564
linear_regression,91,264,0.4948941171169281,0.4282196089282908
linear_regression,91,265,0.3745935261249542,0.48835252193067463
linear_regression,91,266,0.4215854406356811,0.3817140142050086
linear_regression,91,267,0.4156372547149658,0.4245678248420506
linear_regression,91,268,0.4236597418785095,0.418668642770169
linear_regression,91,269,0.4115851521492004,0.42467466718726915
linear_regression,91,270,0.4145330786705017,0.41389374898523995
linear_regression,91,271,0.4476468563079834,0.41519447751245975
linear_regression,91,272,0.4035824239253998,0.44608702941200756
linear_regression,91,273,0.4745951294898987,0.40888684397965186
linear_regression,91,274,0.4285796582698822,0.4701440170193232
linear_regression,91,275,0.3348197042942047,0.4287598760341159
linear_regression,91,276,0.3637581765651703,0.34917036217828673
linear_regression,91,277,0.3609562516212463,0.371410502079999
linear_regression,91,278,0.3255457878112793,0.36981334793553694
linear_regression,91,279,0.3694737553596496,0.33918871131627815
linear_regression,91,280,0.3677890598773956,0.37758470243794734
linear_regression,91,281,0.239094465970993,0.3756548836367235
linear_regression,91,282,0.2912425994873047,0.27105794599163724
linear_regression,91,283,0.3792436420917511,0.3106794319443003
linear_regression,91,284,0.3166014850139618,0.3862383820314668
linear_regression,91,285,0.3166320025920868,0.3321007297817299
linear_regression,91,286,0.3425616323947906,0.33295043363779925
linear_regression,91,287,0.3724188208580017,0.3522546164389226
linear_regression,91,288,0.3732556402683258,0.3808254025513918
linear_regression,91,289,0.2920682430267334,0.3809273785111399
linear_regression,92,0,0.3125549554824829,0.3565229789009691
linear_regression,92,1,0.330889493227005,0.3290881220329108
linear_regression,92,2,0.3036400079727173,0.341588970159088
linear_regression,92,3,0.3026585280895233,0.3218234264730745
linear_regression,92,4,0.2908272445201874,0.32270176541030715
linear_regression,92,5,0.329629123210907,0.3133093290512321
linear_regression,92,6,0.3261440098285675,0.34227862161527894
linear_regression,92,7,0.3050097227096557,0.34024178586809395
linear_regression,92,8,0.3620617389678955,0.32100809365819427
linear_regression,92,9,0.2968601882457733,0.3719488496070858
linear_regression,92,10,0.3117637932300567,0.3140900246930954
linear_regression,92,11,0.3266074955463409,0.3227830889851976
linear_regression,92,12,0.3800522983074188,0.3411732918705125
linear_regression,92,13,0.3809046745300293,0.38660095731850463
linear_regression,92,14,0.4091017246246338,0.386340761260536
linear_regression,92,15,0.3750516772270202,0.4119205452784193
linear_regression,92,16,0.362455815076828,0.3813104063223092
linear_regression,92,17,0.4642214775085449,0.36893070717948556
linear_regression,92,18,0.3854866921901703,0.46246302977423825
linear_regression,92,19,0.4361954927444458,0.3908336728289359
linear_regression,92,20,0.4803220629692077,0.4348238390222098
linear_regression,92,21,0.4985918402671814,0.47531199875132474
linear_regression,92,22,0.433571308851242,0.491808900036673
linear_regression,92,23,0.4118295311927795,0.43404927629454576
linear_regression,92,24,0.4761918187141418,0.41417800616248335
linear_regression,92,25,0.5045685172080994,0.4703370146158325
linear_regression,92,26,0.4724557399749756,0.5175516966400475
linear_regression,92,27,0.4465276300907135,0.4681637678412873
linear_regression,92,28,0.4976783394813537,0.44492862886061285
linear_regression,92,29,0.4497480392456054,0.49031819316753117
linear_regression,92,30,0.5517563819885254,0.44883097277997325
linear_regression,92,31,0.6052811741828918,0.5592443917809635
linear_regression,92,32,0.5216898322105408,0.608200852192324
linear_regression,92,33,0.564958393573761,0.532010474325401
linear_regression,92,34,0.5213345289230347,0.5712597001751428
linear_regression,92,35,0.5163261294364929,0.5318305307856946
linear_regression,92,36,0.5441765785217285,0.5275173151888777
linear_regression,92,37,0.5395926237106323,0.5521775920692041
linear_regression,92,38,0.5785166621208191,0.5479954102457072
linear_regression,92,39,0.5386381149291992,0.5836925906172246
linear_regression,92,40,0.5952948927879333,0.5472918034556604
linear_regression,92,41,0.5482496619224548,0.59904464045187
linear_regression,92,42,0.5079012513160706,0.5561143216316653
linear_regression,92,43,0.5652777552604675,0.5196183152399091
linear_regression,92,44,0.5339775085449219,0.5715455741088631
linear_regression,92,45,0.486946702003479,0.5435893538977707
linear_regression,92,46,0.4833990633487701,0.4809586467242542
linear_regression,92,47,0.4482929408550262,0.4781310925344946
linear_regression,92,48,0.557784914970398,0.4466203044406598
linear_regression,92,49,0.5171794891357422,0.5647393550958189
linear_regression,92,50,0.527927577495575,0.5282714493126206
linear_regression,92,51,0.5057052373886108,0.5379783408902559
linear_regression,92,52,0.4330076575279236,0.5172954578042507
linear_regression,92,53,0.4852457344532013,0.4330811178758914
linear_regression,92,54,0.4663927555084228,0.4794229970388079
linear_regression,92,55,0.4327657520771026,0.46215949267594514
linear_regression,92,56,0.491736888885498,0.43256981942518324
linear_regression,92,57,0.5176200866699219,0.4855745999792609
linear_regression,92,58,0.5013279318809509,0.5292865730981391
linear_regression,92,59,0.4590961337089538,0.514988924112115
linear_regression,92,60,0.4371730983257293,0.4563945753106579
linear_regression,92,61,0.3615894317626953,0.4352434779343409
linear_regression,92,62,0.4458281993865967,0.37260543817144864
linear_regression,92,63,0.4647913575172424,0.4444000283534596
linear_regression,92,64,0.4747113883495331,0.460928331757608
linear_regression,92,65,0.4756915271282196,0.47084649346138474
linear_regression,92,66,0.4794052541255951,0.4697442372995248
linear_regression,92,67,0.4509225189685821,0.4735025364043835
linear_regression,92,68,0.4323678910732269,0.4487026152805537
linear_regression,92,69,0.4459791183471679,0.4338127665005488
linear_regression,92,70,0.474371463060379,0.44268772933549466
linear_regression,92,71,0.4794295728206634,0.4692379867852774
linear_regression,92,72,0.408026248216629,0.4737087187487183
linear_regression,92,73,0.4146957695484161,0.41107836341442494
linear_regression,92,74,0.4500536918640136,0.4176888102776768
linear_regression,92,75,0.4603323638439178,0.44855124132710417
linear_regression,92,76,0.4595049321651459,0.4574843188912009
linear_regression,92,77,0.4930683970451355,0.4552290967951406
linear_regression,92,78,0.4425021409988403,0.48626848566075787
linear_regression,92,79,0.4149848818778991,0.4412725961108005
linear_regression,92,80,0.4922561645507812,0.4167791901216479
linear_regression,92,81,0.5042914152145386,0.4853736375306168
linear_regression,92,82,0.4354115128517151,0.5171846969324603
linear_regression,92,83,0.4420303106307983,0.43706239325281504
linear_regression,92,84,0.5056896209716797,0.44030162157395153
linear_regression,92,85,0.470805287361145,0.5172496716261294
linear_regression,92,86,0.4828558266162872,0.4671483857787814
linear_regression,92,87,0.4199085831642151,0.47806059843068344
linear_regression,92,88,0.4077431261539459,0.4213385394120591
linear_regression,92,89,0.4405902028083801,0.4083776362954564
linear_regression,92,90,0.4832122325897217,0.43776207571718456
linear_regression,92,91,0.4773344099521637,0.4781025494906259
linear_regression,92,92,0.5474831461906433,0.4728604902747432
linear_regression,92,93,0.524526059627533,0.5551602048100825
linear_regression,92,94,0.4831506609916687,0.5354163712239397
linear_regression,92,95,0.5599679946899414,0.4786762536443763
linear_regression,92,96,0.4463838040828705,0.5666962062667384
linear_regression,92,97,0.5284120440483093,0.44407859135614025
linear_regression,92,98,0.5477383136749268,0.5385699092740321
linear_regression,92,99,0.5250158905982971,0.5556531311030694
linear_regression,92,100,0.4536436796188354,0.53465548664803
linear_regression,92,101,0.5802217125892639,0.4530804196961874
linear_regression,92,102,0.5970426201820374,0.5851960583594353
linear_regression,92,103,0.5679214000701904,0.6005862754198168
linear_regression,92,104,0.588396430015564,0.5738718538096756
linear_regression,92,105,0.5564331412315369,0.5925337841891573
linear_regression,92,106,0.6108783483505249,0.5632918221464678
linear_regression,92,107,0.5988049507141113,0.6130013031550147
linear_regression,92,108,0.6422048807144165,0.6022710584314201
linear_regression,92,109,0.6571477651596069,0.6432345395183837
linear_regression,92,110,0.5972982048988342,0.6555347125457284
linear_regression,92,111,0.6413525938987732,0.6009565561341359
linear_regression,92,112,0.6536284685134888,0.6404887434133902
linear_regression,92,113,0.651150107383728,0.652311999447202
linear_regression,92,114,0.5556989908218384,0.649852487728563
linear_regression,92,115,0.6555888056755066,0.5629249824881648
linear_regression,92,116,0.6434580683708191,0.6556094212127994
linear_regression,92,117,0.6846674084663391,0.6426550605256496
linear_regression,92,118,0.7223020195960999,0.6800419302398348
linear_regression,92,119,0.6543990969657898,0.7180989203314654
linear_regression,92,120,0.6564227938652039,0.6532086268941784
linear_regression,92,121,0.7741261124610901,0.6553677692697636
linear_regression,92,122,0.7170898914337158,0.7621445191592162
linear_regression,92,123,0.6808886528015137,0.7118804275875464
linear_regression,92,124,0.713467001914978,0.6778843158040117
linear_regression,92,125,0.7499315142631531,0.7070474047469603
linear_regression,92,126,0.7064972519874573,0.7428662592672989
linear_regression,92,127,0.6902157664299011,0.7036475961497869
linear_regression,92,128,0.721052885055542,0.6863267975288383
linear_regression,92,129,0.7473689317703247,0.7164043640493662
linear_regression,92,130,0.7361505627632141,0.7388678520948404
linear_regression,92,131,0.6914896368980408,0.7295013886738798
linear_regression,92,132,0.7394295930862427,0.6880547835531878
linear_regression,92,133,0.6653090715408325,0.7329185818309831
linear_regression,92,134,0.7699266672134399,0.6632010248763452
linear_regression,92,135,0.7324583530426025,0.7588872155261639
linear_regression,92,136,0.7530220746994019,0.7260818021862375
linear_regression,92,137,0.7542858719825745,0.7430263323911999
linear_regression,92,138,0.7173731923103333,0.7408564991868637
linear_regression,92,139,0.7295317649841309,0.712127144408109
linear_regression,92,140,0.7198168039321899,0.7246471288925391
linear_regression,92,141,0.7401291131973267,0.7145567624171724
linear_regression,92,142,0.7423326373100281,0.733558486575647
linear_regression,92,143,0.7369126081466675,0.7354039446037973
linear_regression,92,144,0.6596702337265015,0.7307650420154129
linear_regression,92,145,0.7571747899055481,0.6577040942362151
linear_regression,92,146,0.7831240296363831,0.7473392732740832
linear_regression,92,147,0.7397933602333069,0.7717399161074828
linear_regression,92,148,0.6924680471420288,0.7345968223328379
linear_regression,92,149,0.7124319672584534,0.6882360539602567
linear_regression,92,150,0.7402715682983398,0.7077099802636715
linear_regression,92,151,0.6862058043479919,0.732905345359304
linear_regression,92,152,0.6999684572219849,0.6839606132644442
linear_regression,92,153,0.6965439319610596,0.6936237746909599
linear_regression,92,154,0.6728085875511169,0.6938688298769297
linear_regression,92,155,0.6998183727264404,0.6725684952270968
linear_regression,92,156,0.6926833987236023,0.6958749807388787
linear_regression,92,157,0.6806445121765137,0.6889921238975231
linear_regression,92,158,0.669566810131073,0.6762171608348579
linear_regression,92,159,0.6783827543258667,0.6675456467869151
linear_regression,92,160,0.698540449142456,0.6778054210330353
linear_regression,92,161,0.6500051617622375,0.6951322117732561
linear_regression,92,162,0.6155052185058594,0.6497985715418483
linear_regression,92,163,0.6286365985870361,0.6164311350832594
linear_regression,92,164,0.639382004737854,0.6304573261272044
linear_regression,92,165,0.6272913217544556,0.6392280200352662
linear_regression,92,166,0.631189227104187,0.6275429140360255
linear_regression,92,167,0.5939427614212036,0.6307755571055186
linear_regression,92,168,0.5742772817611694,0.5975878434623615
linear_regression,92,169,0.6125847101211548,0.579680184953762
linear_regression,92,170,0.645533561706543,0.6150761957361549
linear_regression,92,171,0.6259866952896118,0.6472621695451543
linear_regression,92,172,0.5973199009895325,0.6268304270327778
linear_regression,92,173,0.6254288554191589,0.6003055875345755
linear_regression,92,174,0.6465878486633301,0.6265206134682468
linear_regression,92,175,0.5935615301132202,0.6467160654445966
linear_regression,92,176,0.5553452372550964,0.597486793884953
linear_regression,92,177,0.5808828473091125,0.5623095160269986
linear_regression,92,178,0.6480839848518372,0.5854628313091574
linear_regression,92,179,0.6529452204704285,0.6486505037339205
linear_regression,92,180,0.6066171526908875,0.6511351697630028
linear_regression,92,181,0.6143375039100647,0.6090507573935035
linear_regression,92,182,0.5697445273399353,0.6158598336553327
linear_regression,92,183,0.6166008114814758,0.5755370311314677
linear_regression,92,184,0.6277559995651245,0.6180232312390428
linear_regression,92,185,0.580108106136322,0.6280149025452797
linear_regression,92,186,0.5887923836708069,0.5847405736128785
linear_regression,92,187,0.6182952523231506,0.5927362201934112
linear_regression,92,188,0.6377654671669006,0.6199135305903105
linear_regression,92,189,0.6071164608001709,0.6379682598426655
linear_regression,92,190,0.5782322287559509,0.6089349524352242
linear_regression,92,191,0.6260243654251099,0.5831525941650837
linear_regression,92,192,0.5837519764900208,0.6269811508089409
linear_regression,92,193,0.6502257585525513,0.5880531736120999
linear_regression,92,194,0.6119853854179382,0.6485542371536978
linear_regression,92,195,0.6823462247848511,0.6146037197843437
linear_regression,92,196,0.7153211832046509,0.6800674488448749
linear_regression,92,197,0.6464857459068298,0.710007271159306
linear_regression,92,198,0.6834482550621033,0.646147624286715
linear_regression,92,199,0.6904686093330383,0.6818751297440493
linear_regression,92,200,0.6102909445762634,0.6856561019544208
linear_regression,92,201,0.6711696982383728,0.6124772114266196
linear_regression,92,202,0.7300640344619751,0.6698054809543158
linear_regression,92,203,0.720229983329773,0.7239861275006272
linear_regression,92,204,0.7070738673210144,0.7167707992597362
linear_regression,92,205,0.6847130060195923,0.7000198035390351
linear_regression,92,206,0.6752402186393738,0.6817239924223847
linear_regression,92,207,0.7324406504631042,0.6734612182527726
linear_regression,92,208,0.6695543527603149,0.7235852457877964
linear_regression,92,209,0.7272505164146423,0.666790911588719
linear_regression,92,210,0.7572809457778931,0.7235310891439823
linear_regression,92,211,0.751184344291687,0.7469509758083758
linear_regression,92,212,0.7218673229217529,0.7412305136820825
linear_regression,92,213,0.6638355255126953,0.7174293292210712
linear_regression,92,214,0.7158007621765137,0.6614443413029013
linear_regression,92,215,0.7658156752586365,0.7107672151552128
linear_regression,92,216,0.7479956150054932,0.7529512952600783
linear_regression,92,217,0.7709173560142517,0.7415904048838838
linear_regression,92,218,0.7576894164085388,0.7615616890119516
linear_regression,92,219,0.7209943532943726,0.7460459950119629
linear_regression,92,220,0.7282865643501282,0.7159172054930182
linear_regression,92,221,0.7278344631195068,0.7226847905507792
linear_regression,92,222,0.722107470035553,0.7226249778143307
linear_regression,92,223,0.7802086472511292,0.716947516992059
linear_regression,92,224,0.7246715426445007,0.7679713934578004
linear_regression,92,225,0.7880830764770508,0.7191486542031096
linear_regression,92,226,0.7403304576873779,0.7783040327492691
linear_regression,92,227,0.7002586126327515,0.7354117635864564
linear_regression,92,228,0.7889419794082642,0.69471449458289
linear_regression,92,229,0.7435036897659302,0.7766364307412
linear_regression,92,230,0.7552477717399597,0.7360096271163882
linear_regression,92,231,0.7633656859397888,0.7424957868866259
linear_regression,92,232,0.7646224498748779,0.7511013405908684
linear_regression,92,233,0.7464272975921631,0.7547017094255196
linear_regression,92,234,0.7113569974899292,0.7370988305009774
linear_regression,92,235,0.7474701404571533,0.7063089532746222
linear_regression,92,236,0.7646076679229736,0.7418912048134855
linear_regression,92,237,0.7600948810577393,0.7511467150636114
linear_regression,92,238,0.818465530872345,0.7502132740295133
linear_regression,92,239,0.7275264263153076,0.8071309554975205
linear_regression,92,240,0.7130575180053711,0.7203406346898249
linear_regression,92,241,0.706713080406189,0.7065617856905555
linear_regression,92,242,0.6655715107917786,0.7026404606050014
linear_regression,92,243,0.6709607243537903,0.6642294054838643
linear_regression,92,244,0.6347637176513672,0.6692187259082514
linear_regression,92,245,0.6540298461914062,0.6350809810497222
linear_regression,92,246,0.6353552937507629,0.6521570848799295
linear_regression,92,247,0.6965526342391968,0.6358558089781585
linear_regression,92,248,0.6627568602561951,0.6926208107515903
linear_regression,92,249,0.6190190315246582,0.6606419384453129
linear_regression,92,250,0.6050046682357788,0.6212962440698487
linear_regression,92,251,0.6135818958282471,0.6074266879938304
linear_regression,92,252,0.5919758677482605,0.6154860385215987
linear_regression,92,253,0.5808786749839783,0.5955910870467701
linear_regression,92,254,0.5897346138954163,0.585261867518883
linear_regression,92,255,0.5760746002197266,0.5936086775493157
linear_regression,92,256,0.5405630469322205,0.581158020829779
linear_regression,92,257,0.5740175843238831,0.5495342034438623
linear_regression,92,258,0.4735900461673736,0.5792141445599875
linear_regression,92,259,0.5115355849266052,0.46845364283160257
linear_regression,92,260,0.5010155439376831,0.5231121892008654
linear_regression,92,261,0.4954988956451416,0.5124021402770957
linear_regression,92,262,0.5248240232467651,0.4885112372952422
linear_regression,92,263,0.4758586287498474,0.5340585873671029
linear_regression,92,264,0.4773406982421875,0.47049428611406596
linear_regression,92,265,0.4527903795242309,0.47279736796645006
linear_regression,92,266,0.4363897144794464,0.4493214700260812
linear_regression,92,267,0.4504190981388092,0.436041654432147
linear_regression,92,268,0.4713031649589538,0.44717366044990703
linear_regression,92,269,0.4646706581115722,0.46710634116472405
linear_regression,92,270,0.4731732904911041,0.46150905445757917
linear_regression,92,271,0.3775933682918548,0.46857333528146283
linear_regression,92,272,0.4309587180614471,0.3831303394180957
linear_regression,92,273,0.4142498075962066,0.4329643772461482
linear_regression,92,274,0.3467016220092773,0.4172683791661723
linear_regression,92,275,0.3958741426467895,0.3612713308838619
linear_regression,92,276,0.3713594377040863,0.4035998459061444
linear_regression,92,277,0.4053693413734436,0.378188348697663
linear_regression,92,278,0.3528454899787903,0.40621981879451946
linear_regression,92,279,0.3627774715423584,0.3644923403421623
linear_regression,92,280,0.3684380948543548,0.3696390154826829
linear_regression,92,281,0.3965722918510437,0.37666600505362025
linear_regression,92,282,0.3455111384391784,0.3999206440329321
linear_regression,92,283,0.3647503554821014,0.3573181184952944
linear_regression,92,284,0.3239858746528625,0.3729525655424254
linear_regression,92,285,0.2677780389785766,0.338603495293839
linear_regression,92,286,0.4107605516910553,0.29272053908544826
linear_regression,92,287,0.3867579102516174,0.4107550692144186
linear_regression,92,288,0.3365193009376526,0.39348427249336104
linear_regression,92,289,0.3157074749469757,0.35039449365758985
linear_regression,93,0,0.3246715664863586,0.3383446138733903
linear_regression,93,1,0.3072186112403869,0.34426161393370597
linear_regression,93,2,0.2695581912994385,0.32239875780672245
linear_regression,93,3,0.411451518535614,0.2915971018894119
linear_regression,93,4,0.2849099934101105,0.41165339634963954
linear_regression,93,5,0.3005172908306122,0.3078674135623626
linear_regression,93,6,0.3209386169910431,0.3202507296761956
linear_regression,93,7,0.379187673330307,0.3372653272525936
linear_regression,93,8,0.387524276971817,0.3864528307741023
linear_regression,93,9,0.3481588661670685,0.3946239063014675
linear_regression,93,10,0.3419484496116638,0.3584755670099678
linear_regression,93,11,0.2633683085441589,0.350738306339282
linear_regression,93,12,0.350995123386383,0.2891530902891678
linear_regression,93,13,0.2799334526062011,0.3628848859869089
linear_regression,93,14,0.3843819200992584,0.3025913799895063
linear_regression,93,15,0.2589358687400818,0.3910489715742588
linear_regression,93,16,0.3864648938179016,0.2812387505320179
linear_regression,93,17,0.3496066927909851,0.3962474320039409
linear_regression,93,18,0.3758545517921448,0.35951598760837283
linear_regression,93,19,0.4087136089801788,0.3843249549338362
linear_regression,93,20,0.3966843783855438,0.40846048512383665
linear_regression,93,21,0.2749979197978973,0.4012008767364424
linear_regression,93,22,0.4271882176399231,0.2979604752798586
linear_regression,93,23,0.417284607887268,0.427603359313308
linear_regression,93,24,0.3395081758499145,0.4177484217531011
linear_regression,93,25,0.4412099719047546,0.3552634354797132
linear_regression,93,26,0.3839943408966064,0.4389346042043744
linear_regression,93,27,0.3663212060928345,0.39169434602430575
linear_regression,93,28,0.4227142035961151,0.37788718399757343
linear_regression,93,29,0.3872527480125427,0.4256322950381782
linear_regression,93,30,0.3814188539981842,0.3920069393060196
linear_regression,93,31,0.3814626038074493,0.38698759556364853
linear_regression,93,32,0.4441110491752624,0.3870257457392357
linear_regression,93,33,0.4685644209384918,0.4416899993815582
linear_regression,93,34,0.4493121206760406,0.4641376287027062
linear_regression,93,35,0.4924190044403076,0.44703374541464114
linear_regression,93,36,0.3821598887443542,0.4850831382495681
linear_regression,93,37,0.413445770740509,0.3862296234732667
linear_regression,93,38,0.4915878772735595,0.41477198130868786
linear_regression,93,39,0.4328081309795379,0.4854586209800006
linear_regression,93,40,0.4537620842456817,0.43218495193265916
linear_regression,93,41,0.5213326215744019,0.4510303927452004
linear_regression,93,42,0.5279552340507507,0.5316778134969018
linear_regression,93,43,0.4795304834842682,0.5374400243705288
linear_regression,93,44,0.4746552407741546,0.4738267135582954
linear_regression,93,45,0.4728211164474487,0.47011752054798706
linear_regression,93,46,0.5007501840591431,0.4676587909734105
linear_regression,93,47,0.5177371501922607,0.5133557322478142
linear_regression,93,48,0.5239319205284119,0.529035329980025
linear_regression,93,49,0.462747186422348,0.5347074693926324
linear_regression,93,50,0.5490244030952454,0.45932900338388394
linear_regression,93,51,0.4542916119098663,0.5568425936721758
linear_regression,93,52,0.5233871936798096,0.45125157805557764
linear_regression,93,53,0.47215336561203,0.5337602574110902
linear_regression,93,54,0.5478606224060059,0.46694433782117517
linear_regression,93,55,0.5764244794845581,0.5556556535372645
linear_regression,93,56,0.5222448110580444,0.5816160988917134
linear_regression,93,57,0.5838541984558105,0.5324438792423178
linear_regression,93,58,0.528579831123352,0.5885274297648365
linear_regression,93,59,0.6128796339035034,0.5376347468559786
linear_regression,93,60,0.5630875825881958,0.6152407676452812
linear_regression,93,61,0.6162073612213135,0.5695344665906105
linear_regression,93,62,0.5193185806274414,0.6190338603804266
linear_regression,93,63,0.558316707611084,0.5293273679629593
linear_regression,93,64,0.5583046078681946,0.565200251438148
linear_regression,93,65,0.5403078198432922,0.5652170725501607
linear_regression,93,66,0.5609267354011536,0.5490311122288002
linear_regression,93,67,0.5798018574714661,0.567482186696065
linear_regression,93,68,0.5989722013473511,0.5847439614351088
linear_regression,93,69,0.5689849257469177,0.6023485189780056
linear_regression,93,70,0.5520003437995911,0.5748517639978342
linear_regression,93,71,0.5267742872238159,0.5595132481066756
linear_regression,93,72,0.5480390787124634,0.5370905489490387
linear_regression,93,73,0.5351527333259583,0.5560608178726232
linear_regression,93,74,0.5651351809501648,0.5444467863343379
linear_regression,93,75,0.6380947232246399,0.5713834861506248
linear_regression,93,76,0.5779512524604797,0.6390274521894773
linear_regression,93,77,0.5903202295303345,0.5830358540256244
linear_regression,93,78,0.5208715796470642,0.5941982722165033
linear_regression,93,79,0.5374855995178223,0.5317588858289006
linear_regression,93,80,0.5398553013801575,0.5464460083978839
linear_regression,93,81,0.594731330871582,0.5486644698921073
linear_regression,93,82,0.5205287337303162,0.5981911599604436
linear_regression,93,83,0.6111792325973511,0.530713372805174
linear_regression,93,84,0.551971435546875,0.6136051325966002
linear_regression,93,85,0.5322346687316895,0.5593459369716003
linear_regression,93,86,0.5335198044776917,0.5417058627133422
linear_regression,93,87,0.5717525482177734,0.5430020837625733
linear_regression,93,88,0.5017876029014587,0.5773960531413244
linear_regression,93,89,0.5408113598823547,0.5145298304660414
linear_regression,93,90,0.5974142551422119,0.5496208873361705
linear_regression,93,91,0.534713864326477,0.600793846340459
linear_regression,93,92,0.5675272345542908,0.5439354400979434
linear_regression,93,93,0.6013309955596924,0.573498995514324
linear_regression,93,94,0.5603840351104736,0.6042401939831854
linear_regression,93,95,0.594107985496521,0.5670238346398349
linear_regression,93,96,0.6202180981636047,0.597580558238171
linear_regression,93,97,0.5761403441429138,0.6206561726105945
linear_regression,93,98,0.6277679204940796,0.5816449133219966
linear_regression,93,99,0.6164828538894653,0.6283169792519913
linear_regression,93,100,0.5776507258415222,0.6174246438676907
linear_regression,93,101,0.620549201965332,0.5828817445894234
linear_regression,93,102,0.5542584657669067,0.6218729284463249
linear_regression,93,103,0.561909556388855,0.5615819730612732
linear_regression,93,104,0.5962015390396118,0.5684060494725027
linear_regression,93,105,0.6266801357269287,0.5996054748248446
linear_regression,93,106,0.6346930265426636,0.6273210747921064
linear_regression,93,107,0.6381461024284363,0.6343748751886068
linear_regression,93,108,0.6820062398910522,0.6389633187300113
linear_regression,93,109,0.69412761926651,0.6789273436433871
linear_regression,93,110,0.6600255966186523,0.6920867146835664
linear_regression,93,111,0.6710206270217896,0.6593256694893705
linear_regression,93,112,0.6942763328552246,0.6685777986757108
linear_regression,93,113,0.6655746102333069,0.6889281192350083
linear_regression,93,114,0.7511836886405945,0.6630176914905518
linear_regression,93,115,0.76773601770401,0.7400853566951677
linear_regression,93,116,0.7666764855384827,0.7514613316239955
linear_regression,93,117,0.7654839754104614,0.7547384671575247
linear_regression,93,118,0.8420646786689758,0.7540694535650583
linear_regression,93,119,0.793950080871582,0.8271920747902753
linear_regression,93,120,0.8405903577804565,0.7842280126794133
linear_regression,93,121,0.8867921829223633,0.8233625804477553
linear_regression,93,122,0.8843991160392761,0.872099283348216
linear_regression,93,123,0.8884792923927307,0.868765925677675
linear_regression,93,124,0.9511812925338744,0.875131333765296
linear_regression,93,125,0.9120988845825196,0.9289400863710343
linear_regression,93,126,0.9111210107803344,0.8991910150716116
linear_regression,93,127,0.9408727288246156,0.8905894070490146
linear_regression,93,128,0.9117013812065125,0.9225951549242895
linear_regression,93,129,0.9184918403625488,0.8915145158314158
linear_regression,93,130,0.9453369975090028,0.8994418659522374
linear_regression,93,131,1.0,0.9285041366970654
linear_regression,93,132,0.9700133204460144,0.9834000389692524
linear_regression,93,133,0.9727442860603333,0.9546699704894821
linear_regression,93,134,0.9975483417510986,0.9500634693007384
linear_regression,93,135,0.9240598678588868,0.9796118663231319
linear_regression,93,136,0.9669817090034484,0.9066657594410735
linear_regression,93,137,0.9424473643302916,0.9508716786478292
linear_regression,93,138,0.9443143606185912,0.9282552756728663
linear_regression,93,139,0.8724431395530701,0.9300430168685901
linear_regression,93,140,0.9116356372833252,0.857440609205056
linear_regression,93,141,0.9203338027000428,0.8987328442166681
linear_regression,93,142,0.9182479977607728,0.9058851233725551
linear_regression,93,143,0.8360729813575745,0.8980266289387977
linear_regression,93,144,0.9079408049583436,0.8188324574701894
linear_regression,93,145,0.920019507408142,0.8929111175655661
linear_regression,93,146,0.9197061061859132,0.8977205224258613
linear_regression,93,147,0.9032829403877258,0.9001760997872226
linear_regression,93,148,0.8952059745788574,0.8832334062540819
linear_regression,93,149,0.9616492390632628,0.8771352687013134
linear_regression,93,150,0.8679967522621155,0.9426885152623398
linear_regression,93,151,0.9168244004249572,0.8491986049893027
linear_regression,93,152,0.8647072911262512,0.9009669822233036
linear_regression,93,153,0.8388491272926331,0.8521019051880058
linear_regression,93,154,0.9067066311836244,0.823225144848257
linear_regression,93,155,0.905709743499756,0.8868093595341864
linear_regression,93,156,0.8687098026275635,0.8926639128682868
linear_regression,93,157,0.9084049463272096,0.8535567540662631
linear_regression,93,158,0.846441388130188,0.8887780635487558
linear_regression,93,159,0.8531013131141663,0.83251597623457
linear_regression,93,160,0.897523045539856,0.8352983045315182
linear_regression,93,161,0.9393246173858644,0.8851929733113713
linear_regression,93,162,0.9113783836364746,0.9148806324800438
linear_regression,93,163,0.8657342791557312,0.8888784785815798
linear_regression,93,164,0.8087684512138367,0.8494069454997253
linear_regression,93,165,0.7908570766448975,0.7931382706278097
linear_regression,93,166,0.7806829214096069,0.778493336285316
linear_regression,93,167,0.8602012395858765,0.7691864060410747
linear_regression,93,168,0.7881930470466614,0.8464880184462995
linear_regression,93,169,0.8608314394950867,0.774013840493897
linear_regression,93,170,0.7578915953636169,0.841187776752829
linear_regression,93,171,0.7058851718902588,0.7460666073865756
linear_regression,93,172,0.7490810751914978,0.7017828652081433
linear_regression,93,173,0.7285450100898743,0.7424397158566588
linear_regression,93,174,0.649836003780365,0.7229696438997062
linear_regression,93,175,0.7335176467895508,0.6493474331023745
linear_regression,93,176,0.663878321647644,0.7240364166492085
linear_regression,93,177,0.7421642541885376,0.6617380914687151
linear_regression,93,178,0.6207563877105713,0.734625808918542
linear_regression,93,179,0.6312210559844971,0.6216166726769805
linear_regression,93,180,0.6789365410804749,0.6327024813353737
linear_regression,93,181,0.6573914885520935,0.6760329820603349
linear_regression,93,182,0.6116635799407959,0.6559961493748475
linear_regression,93,183,0.6779277920722961,0.6133842928151418
linear_regression,93,184,0.6455042362213135,0.6734744287453226
linear_regression,93,185,0.6557747721672058,0.6466853169353911
linear_regression,93,186,0.6194894313812256,0.6541051816719151
linear_regression,93,187,0.6269788146018982,0.6211885802132648
linear_regression,93,188,0.6646344065666199,0.6289589247688394
linear_regression,93,189,0.5797130465507507,0.6624191952798625
linear_regression,93,190,0.6049313545227051,0.5847608320198003
linear_regression,93,191,0.6490410566329956,0.6075062997343775
linear_regression,93,192,0.6565114855766296,0.6483189721190169
linear_regression,93,193,0.6084153056144714,0.6549746444931251
linear_regression,93,194,0.6626339554786682,0.61082027589244
linear_regression,93,195,0.6323467493057251,0.6607975050549247
linear_regression,93,196,0.6614627838134766,0.6326122708638827
linear_regression,93,197,0.630229651927948,0.6600410295385447
linear_regression,93,198,0.6483802199363708,0.6304609115145581
linear_regression,93,199,0.7142625451087952,0.6472431036003072
linear_regression,93,200,0.6178604364395142,0.7081996171511856
linear_regression,93,201,0.6724156737327576,0.6194445734642563
linear_regression,93,202,0.6138863563537598,0.6703680174178898
linear_regression,93,203,0.7107008695602417,0.61537666687892
linear_regression,93,204,0.6120030879974365,0.7047639242610132
linear_regression,93,205,0.6883769035339355,0.6138793854242215
linear_regression,93,206,0.7061772346496582,0.6833310766837034
linear_regression,93,207,0.6363153457641602,0.7015508731874902
linear_regression,93,208,0.7054921984672546,0.6365394179645903
linear_regression,93,209,0.6513168215751648,0.6988924784381133
linear_regression,93,210,0.6451990008354187,0.6520187314064488
linear_regression,93,211,0.6671044230461121,0.6428159036003447
linear_regression,93,212,0.6600446105003357,0.6657916918055828
linear_regression,93,213,0.7645328044891357,0.6565058156541117
linear_regression,93,214,0.6712592244148254,0.753751404746941
linear_regression,93,215,0.6928644180297852,0.6690517135983193
linear_regression,93,216,0.6986470222473145,0.6872606633662309
linear_regression,93,217,0.6904273629188538,0.6926599735266179
linear_regression,93,218,0.6825774312019348,0.6858792300521497
linear_regression,93,219,0.697942316532135,0.680260043119913
linear_regression,93,220,0.734121561050415,0.6917216318286724
linear_regression,93,221,0.7286681532859802,0.7264146582443104
linear_regression,93,222,0.7717456221580505,0.72140622826677
linear_regression,93,223,0.7035379409790039,0.7589066518384084
linear_regression,93,224,0.7818832397460938,0.6984825175962176
linear_regression,93,225,0.729461133480072,0.7668956375379746
linear_regression,93,226,0.7279280424118042,0.7212195963851388
linear_regression,93,227,0.7437655925750732,0.7225267666788739
linear_regression,93,228,0.7654086947441101,0.7360554627843143
linear_regression,93,229,0.6786015629768372,0.7536709149399781
linear_regression,93,230,0.6568789482116699,0.6764332525989305
linear_regression,93,231,0.6786521077156067,0.6563955451980703
linear_regression,93,232,0.6756248474121094,0.6783677431142315
linear_regression,93,233,0.7246851325035095,0.6739159684803687
linear_regression,93,234,0.6300336718559265,0.7200371637132873
linear_regression,93,235,0.6600101590156555,0.6314742635134866
linear_regression,93,236,0.664368748664856,0.65729560185504
linear_regression,93,237,0.6110183596611023,0.6640027391349883
linear_regression,93,238,0.6600955128669739,0.6123387099373543
linear_regression,93,239,0.6462810039520264,0.6593734628394571
linear_regression,93,240,0.5851793885231018,0.6459189921349892
linear_regression,93,241,0.6662944555282593,0.5893618868992239
linear_regression,93,242,0.5598138570785522,0.6644506043737961
linear_regression,93,243,0.628908097743988,0.5664826909554408
linear_regression,93,244,0.6159567832946777,0.6292860418232428
linear_regression,93,245,0.5193287134170532,0.6175497142384481
linear_regression,93,246,0.6042383313179016,0.5294131904197803
linear_regression,93,247,0.6026129126548767,0.6063417759765758
linear_regression,93,248,0.5649780035018921,0.6047551847732557
linear_regression,93,249,0.5753042697906494,0.5710725683330321
linear_regression,93,250,0.5542327761650085,0.5805910410805395
linear_regression,93,251,0.5665407776832581,0.5615576700143539
linear_regression,93,252,0.534710705280304,0.5724766335563835
linear_regression,93,253,0.5367404222488403,0.5436120809288257
linear_regression,93,254,0.4582786560058594,0.5453903123053312
linear_regression,93,255,0.5092834234237671,0.4568917009819063
linear_regression,93,256,0.5199764370918274,0.5202353158568442
linear_regression,93,257,0.4952562749385834,0.5308866526669153
linear_regression,93,258,0.4656095206737518,0.487220044794333
linear_regression,93,259,0.4570486843585968,0.46147765029083143
linear_regression,93,260,0.4696543216705322,0.45437305193758687
linear_regression,93,261,0.3941805362701416,0.46511370997805984
linear_regression,93,262,0.4829345643520355,0.39987321870584946
linear_regression,93,263,0.4362332820892334,0.4756975117625413
linear_regression,93,264,0.4842546880245209,0.43462452456010325
linear_regression,93,265,0.4402693212032318,0.47877649367916697
linear_regression,93,266,0.4705670773983001,0.43688815899441863
linear_regression,93,267,0.3919701278209686,0.4661374636252649
linear_regression,93,268,0.4534683525562286,0.39581004045077767
linear_regression,93,269,0.4315071105957031,0.45042488905524053
linear_regression,93,270,0.4577511548995971,0.4310897314943104
linear_regression,93,271,0.3837091326713562,0.45416130037063807
linear_regression,93,272,0.3850222826004028,0.38680052380818314
linear_regression,93,273,0.3761337101459503,0.3887835965946814
linear_regression,93,274,0.4137390255928039,0.38286583299211135
linear_regression,93,275,0.3430439233779907,0.4158119015469907
linear_regression,93,276,0.3695440292358398,0.3566216601735362
linear_regression,93,277,0.3537282645702362,0.3791621936705338
linear_regression,93,278,0.4146186709403991,0.36503517315561135
linear_regression,93,279,0.3576532006263733,0.4192522200846235
linear_regression,93,280,0.3799569010734558,0.3639011239442042
linear_regression,93,281,0.3051396012306213,0.38585066076497615
linear_regression,93,282,0.3552770018577575,0.32459595739298536
linear_regression,93,283,0.4116521179676056,0.3661606746561655
linear_regression,93,284,0.3017443120479584,0.41410960046807216
linear_regression,93,285,0.322290688753128,0.32192804330446717
linear_regression,93,286,0.4201291501522064,0.33496306717905405
linear_regression,93,287,0.344759464263916,0.42118524592750367
linear_regression,93,288,0.3846639096736908,0.35859835820764396
linear_regression,93,289,0.3328503668308258,0.3862530449593812
linear_regression,94,0,0.2495006024837494,0.3254212244001063
linear_regression,94,1,0.3548376858234405,0.27432937151705405
linear_regression,94,2,0.3614366948604584,0.3648810244073621
linear_regression,94,3,0.3365260362625122,0.3693776057443287
linear_regression,94,4,0.3030116558074951,0.35016789078995764
linear_regression,94,5,0.2628867924213409,0.320690933054094
linear_regression,94,6,0.3672299981117248,0.2864022232156578
linear_regression,94,7,0.324889063835144,0.37607619836076406
linear_regression,94,8,0.3256235122680664,0.3388674756834723
linear_regression,94,9,0.3238775134086609,0.33925107226765405
linear_regression,94,10,0.3258032202720642,0.3419700975564062
linear_regression,94,11,0.3088614344596863,0.33940820660458004
linear_regression,94,12,0.3571118414402008,0.3266787137538531
linear_regression,94,13,0.265837162733078,0.36826455926567264
linear_regression,94,14,0.3174513280391693,0.2886488379915204
linear_regression,94,15,0.2655582726001739,0.3303705267011617
linear_regression,94,16,0.3067983388900757,0.2893955780089208
linear_regression,94,17,0.3341214060783386,0.32372437615979277
linear_regression,94,18,0.3522883951663971,0.3462529105594469
linear_regression,94,19,0.2751322090625763,0.36401658340611465
linear_regression,94,20,0.3372905850410461,0.2967975513218075
linear_regression,94,21,0.2683822214603424,0.3498171019692137
linear_regression,94,22,0.3476073741912842,0.29218586848018263
linear_regression,94,23,0.3580464720726013,0.3586941732054678
linear_regression,94,24,0.3303723931312561,0.3670171047488279
linear_regression,94,25,0.3267540633678436,0.3424011259531028
linear_regression,94,26,0.359754353761673,0.34365952778197717
linear_regression,94,27,0.3321475386619568,0.3685333299232907
linear_regression,94,28,0.2857136130332947,0.3455217446926623
linear_regression,94,29,0.3681200742721557,0.30607190126727296
linear_regression,94,30,0.3138631582260132,0.3781476955159805
linear_regression,94,31,0.35507732629776,0.3304876467628227
linear_regression,94,32,0.357915461063385,0.36460056565166876
linear_regression,94,33,0.3633271753787994,0.3684943803796355
linear_regression,94,34,0.3168783783912658,0.37326501822800295
linear_regression,94,35,0.3915082812309265,0.33258373459718593
linear_regression,94,36,0.3150481581687927,0.3973438491524419
linear_regression,94,37,0.3117082715034485,0.33235185046292165
linear_regression,94,38,0.2886289060115814,0.32914819299913983
linear_regression,94,39,0.3998647034168243,0.307091992638348
linear_regression,94,40,0.4228975474834442,0.4031024917489608
linear_regression,94,41,0.3656392693519592,0.42311320834314636
linear_regression,94,42,0.3408117592334747,0.3726515337813607
linear_regression,94,43,0.3909141719341278,0.35216499970051773
linear_regression,94,44,0.3495940864086151,0.3948856898405911
linear_regression,94,45,0.3873374164104461,0.3613839330182696
linear_regression,94,46,0.4124954044818878,0.3934419434954463
linear_regression,94,47,0.4107820689678192,0.41795319820824606
linear_regression,94,48,0.3259154260158539,0.41236662995876217
linear_regression,94,49,0.430097371339798,0.3397354826720298
linear_regression,94,50,0.3491614162921905,0.4289920304263491
linear_regression,94,51,0.3607107400894165,0.3614743856577294
linear_regression,94,52,0.426375538110733,0.36845678803236814
linear_regression,94,53,0.4356000125408172,0.42669325026480215
linear_regression,94,54,0.3855431675910949,0.4369700037706535
linear_regression,94,55,0.4208333194255829,0.3890645296412968
linear_regression,94,56,0.358949214220047,0.42155856505103384
linear_regression,94,57,0.4215672612190246,0.3693828952477235
linear_regression,94,58,0.4082353115081787,0.4230083979349464
linear_regression,94,59,0.4127233624458313,0.4121443686296364
linear_regression,94,60,0.4689920842647552,0.41410118418489744
linear_regression,94,61,0.480623334646225,0.4656635391753868
linear_regression,94,62,0.404612123966217,0.47563555307925337
linear_regression,94,63,0.4850811958312988,0.4082208917598247
linear_regression,94,64,0.4571821093559265,0.47953025384518105
linear_regression,94,65,0.4724390804767608,0.45455979222126003
linear_regression,94,66,0.5314887762069702,0.46964451793047085
linear_regression,94,67,0.5209657549858093,0.5403142659817677
linear_regression,94,68,0.6066104769706726,0.5315141551309073
linear_regression,94,69,0.5870649814605713,0.6087817707516858
linear_regression,94,70,0.5850062370300293,0.5913057452702318
linear_regression,94,71,0.5612890124320984,0.5891890065341652
linear_regression,94,72,0.5229538679122925,0.5679428208103234
linear_regression,94,73,0.5420928597450256,0.5332578123936786
linear_regression,94,74,0.598616898059845,0.5504801563719571
linear_regression,94,75,0.5398682951927185,0.602129947599724
linear_regression,94,76,0.6040031909942627,0.5481842900328293
linear_regression,94,77,0.5978085994720459,0.607204008178832
linear_regression,94,78,0.6145445704460144,0.6018596111507923
linear_regression,94,79,0.5884746313095093,0.6174118139091733
linear_regression,94,80,0.65518718957901,0.5926812822200022
linear_regression,94,81,0.6065388321876526,0.6530686628588548
linear_regression,94,82,0.5961768627166748,0.6092588718227406
linear_regression,94,83,0.6442025303840637,0.5994999423751802
linear_regression,94,84,0.6024585366249084,0.642925191578297
linear_regression,94,85,0.5742575526237488,0.6047729588434854
linear_regression,94,86,0.5914384722709656,0.5797833339496384
linear_regression,94,87,0.6072971820831299,0.5952912673116794
linear_regression,94,88,0.5798770189285278,0.6096648484264551
linear_regression,94,89,0.6225090026855469,0.5847255893384369
linear_regression,94,90,0.5547228455543518,0.6244371293766994
linear_regression,94,91,0.6250126361846924,0.5619436827428126
linear_regression,94,92,0.6037471890449524,0.6266841277447922
linear_regression,94,93,0.6406652331352234,0.6066942438264403
linear_regression,94,94,0.5538895130157471,0.6415611729299325
linear_regression,94,95,0.5645806193351746,0.56117365518137
linear_regression,94,96,0.6181133985519409,0.5708587186294398
linear_regression,94,97,0.6209045648574829,0.6198931961949158
linear_regression,94,98,0.6626489758491516,0.622759364834306
linear_regression,94,99,0.5933194756507874,0.6630683849764992
linear_regression,94,100,0.6464690566062927,0.5973048893299016
linear_regression,94,101,0.641746997833252,0.6455925441468983
linear_regression,94,102,0.6443690657615662,0.6414520473852243
linear_regression,94,103,0.6652278304100037,0.643850050469866
linear_regression,94,104,0.586304247379303,0.6649330704729163
linear_regression,94,105,0.6811628341674805,0.5904147816146238
linear_regression,94,106,0.6688709259033203,0.6785401437673501
linear_regression,94,107,0.7343367338180542,0.6669541003996543
linear_regression,94,108,0.6967650651931763,0.7300968371846023
linear_regression,94,109,0.7025543451309204,0.6923659816534478
linear_regression,94,110,0.6891078352928162,0.6987542364984904
linear_regression,94,111,0.7261163592338562,0.6861497309946522
linear_regression,94,112,0.6741989850997925,0.7223810931149937
linear_regression,94,113,0.7437682151794434,0.6712532146150649
linear_regression,94,114,0.7100553512573242,0.7377510893675936
linear_regression,94,115,0.730129063129425,0.7034534702752552
linear_regression,94,116,0.7306718826293945,0.7226661541917815
linear_regression,94,117,0.8010029792785645,0.7259159539037796
linear_regression,94,118,0.7260934114456177,0.7854441304147688
linear_regression,94,119,0.7431044578552246,0.7205682476012552
linear_regression,94,120,0.7574804425239563,0.738902608934591
linear_regression,94,121,0.8093063831329346,0.748929766044035
linear_regression,94,122,0.8040898442268372,0.7988194597631022
linear_regression,94,123,0.7768376469612122,0.786977305412351
linear_regression,94,124,0.8121075630187988,0.7635043788444038
linear_regression,94,125,0.8131760954856873,0.7979213516465157
linear_regression,94,126,0.7842423319816589,0.7994701070042799
linear_regression,94,127,0.8246368765830994,0.7696542293746469
linear_regression,94,128,0.8378872871398926,0.8142450465023531
linear_regression,94,129,0.8811569213867188,0.8187218827676985
linear_regression,94,130,0.8270338177680969,0.8642923298174577
linear_regression,94,131,0.8058237433433533,0.8089840973634701
linear_regression,94,132,0.7982163429260254,0.7904333366107357
linear_regression,94,133,0.8800639510154724,0.7872368233592758
linear_regression,94,134,0.8085665702819824,0.8684918927765986
linear_regression,94,135,0.8133611679077148,0.7932490773266219
linear_regression,94,136,0.8301153779029846,0.7999091842766394
linear_regression,94,137,0.8324529528617859,0.8159382232922734
linear_regression,94,138,0.7808137536048889,0.8181354290933558
linear_regression,94,139,0.7819151878356934,0.7674240085332654
linear_regression,94,140,0.8110761642456055,0.7667662404739173
linear_regression,94,141,0.8386185765266418,0.7942157977973016
linear_regression,94,142,0.7544658184051514,0.8266562052466373
linear_regression,94,143,0.7458856701850891,0.7431158976087271
linear_regression,94,144,0.7886478304862976,0.7392940940260977
linear_regression,94,145,0.7934194803237915,0.7766885119838524
linear_regression,94,146,0.7949913144111633,0.7839518536659019
linear_regression,94,147,0.7625904679298401,0.7795883896785177
linear_regression,94,148,0.7718669176101685,0.7500227534152443
linear_regression,94,149,0.7019681334495544,0.7597776253636608
linear_regression,94,150,0.7091026306152344,0.6983242661845175
linear_regression,94,151,0.7811046838760376,0.7035085075305857
linear_regression,94,152,0.6753173470497131,0.7703148842649148
linear_regression,94,153,0.7397312521934509,0.6717502731406801
linear_regression,94,154,0.683492124080658,0.7322104005489001
linear_regression,94,155,0.7219659090042114,0.6786751081916922
linear_regression,94,156,0.681483268737793,0.7165324324146128
linear_regression,94,157,0.6351571083068848,0.6799492771221435
linear_regression,94,158,0.6287434101104736,0.635369315072699
linear_regression,94,159,0.5878032445907593,0.629146671086657
linear_regression,94,160,0.6919384002685547,0.5916866018757729
linear_regression,94,161,0.6835559606552124,0.6890042707248745
linear_regression,94,162,0.7019528150558472,0.6789891135461774
linear_regression,94,163,0.6677934527397156,0.6996633727444737
linear_regression,94,164,0.6881327629089355,0.664881037053279
linear_regression,94,165,0.6371153593063354,0.6854680954952407
linear_regression,94,166,0.6777799129486084,0.6373133081252638
linear_regression,94,167,0.6526976227760315,0.6747317601217763
linear_regression,94,168,0.6561594605445862,0.6502407276641267
linear_regression,94,169,0.6003594398498535,0.6539675685290861
linear_regression,94,170,0.6136775612831116,0.603088344078874
linear_regression,94,171,0.6434464454650879,0.6152724068253955
linear_regression,94,172,0.6372256278991699,0.6426788748762735
linear_regression,94,173,0.6049898266792297,0.6380487983134242
linear_regression,94,174,0.6416009664535522,0.608198298792796
linear_regression,94,175,0.6174536347389221,0.6407387647193885
linear_regression,94,176,0.6393635272979736,0.6202035931189873
linear_regression,94,177,0.5893934369087219,0.6393646319383265
linear_regression,94,178,0.6103256344795227,0.5933717075669109
linear_regression,94,179,0.5847108364105225,0.6128824977129733
linear_regression,94,180,0.5811426639556885,0.5889521738629337
linear_regression,94,181,0.618285059928894,0.5858927913331482
linear_regression,94,182,0.6126119494438171,0.6207383988379798
linear_regression,94,183,0.6217118501663208,0.6147186081842012
linear_regression,94,184,0.5967013835906982,0.6232951094976318
linear_regression,94,185,0.5933943390846252,0.5998070200964184
linear_regression,94,186,0.5914286375045776,0.5972282523646016
linear_regression,94,187,0.6382893323898315,0.5950099018434761
linear_regression,94,188,0.6537161469459534,0.6388567924842249
linear_regression,94,189,0.5722804665565491,0.653598432830952
linear_regression,94,190,0.564632773399353,0.5777295025446846
linear_regression,94,191,0.6382062435150146,0.5708141270080699
linear_regression,94,192,0.6694722771644592,0.6378828250139484
linear_regression,94,193,0.6184393167495728,0.6677734389802187
linear_regression,94,194,0.6243293881416321,0.6197428673234435
linear_regression,94,195,0.6243403553962708,0.6251640732078706
linear_regression,94,196,0.5689445734024048,0.6253048569751617
linear_regression,94,197,0.6620643734931946,0.5747259967340438
linear_regression,94,198,0.5880023241043091,0.6600563960489647
linear_regression,94,199,0.5952878594398499,0.5921363678062694
linear_regression,94,200,0.6292983889579773,0.5986837064648646
linear_regression,94,201,0.66305011510849,0.6293970913772048
linear_regression,94,202,0.6636836528778076,0.6622600015544413
linear_regression,94,203,0.6468260884284973,0.6601126046996039
linear_regression,94,204,0.6830796003341675,0.6467274209430386
linear_regression,94,205,0.6993570923805237,0.6796926000945903
linear_regression,94,206,0.6710405349731445,0.6968893138825416
linear_regression,94,207,0.6571288108825684,0.6681525517210204
linear_regression,94,208,0.7116026282310486,0.6552193050384295
linear_regression,94,209,0.7408216595649719,0.7091595795976684
linear_regression,94,210,0.6765255331993103,0.7314088647017437
linear_regression,94,211,0.709041178226471,0.6739087025815652
linear_regression,94,212,0.7317638993263245,0.7029149379410218
linear_regression,94,213,0.7186402678489685,0.7253658578934417
linear_regression,94,214,0.6803514957427979,0.7127166217910463
linear_regression,94,215,0.6713807582855225,0.6773028361792748
linear_regression,94,216,0.732474684715271,0.6696344512449723
linear_regression,94,217,0.6947522163391113,0.7275035886924294
linear_regression,94,218,0.6966676712036133,0.688110681361992
linear_regression,94,219,0.6502791047096252,0.6915875954474869
linear_regression,94,220,0.6777529716491699,0.6506584802327906
linear_regression,94,221,0.6759297251701355,0.6751552521803957
linear_regression,94,222,0.6947898268699646,0.6742098067841573
linear_regression,94,223,0.7091979384422302,0.693748992518061
linear_regression,94,224,0.7226244807243347,0.7017687425853606
linear_regression,94,225,0.6599442958831787,0.7179493570217798
linear_regression,94,226,0.6350038647651672,0.6592455445383307
linear_regression,94,227,0.7137457132339478,0.6356291460790312
linear_regression,94,228,0.6964395046234131,0.7068742644161881
linear_regression,94,229,0.7049262523651123,0.6950105490620709
linear_regression,94,230,0.6517123579978943,0.6999081414930831
linear_regression,94,231,0.6865109205245972,0.650542205276075
linear_regression,94,232,0.7764251232147217,0.6848412788580833
linear_regression,94,233,0.6516753435134888,0.7639533561468159
linear_regression,94,234,0.6456475853919983,0.6523317208905383
linear_regression,94,235,0.6117298007011414,0.6448934975737963
linear_regression,94,236,0.6391457319259644,0.6130300661711562
linear_regression,94,237,0.6395143270492554,0.6381204035634844
linear_regression,94,238,0.6835780143737793,0.6396098991741129
linear_regression,94,239,0.5792533159255981,0.6789355016882409
linear_regression,94,240,0.6324260234832764,0.5842398483718719
linear_regression,94,241,0.5569707155227661,0.6317437128983034
linear_regression,94,242,0.6686285734176636,0.56389410881944
linear_regression,94,243,0.7083990573883057,0.6676345570218339
linear_regression,94,244,0.6503185033798218,0.7053156293935235
linear_regression,94,245,0.6208716630935669,0.6492520160937765
linear_regression,94,246,0.6533719897270203,0.6219670801388546
linear_regression,94,247,0.5913439989089966,0.652145147016396
linear_regression,94,248,0.5375661253929138,0.5949045015163176
linear_regression,94,249,0.5666689872741699,0.5463870763497262
linear_regression,94,250,0.5954222679138184,0.5726125731118833
linear_regression,94,251,0.5589916110038757,0.5987571467522091
linear_regression,94,252,0.4995067715644836,0.5656076669450865
linear_regression,94,253,0.5143627524375916,0.4914654937455857
linear_regression,94,254,0.5785099267959595,0.5259335424474738
linear_regression,94,255,0.5559054613113403,0.583358445649583
linear_regression,94,256,0.5149500966072083,0.5627969654252463
linear_regression,94,257,0.5207622051239014,0.5251856689069296
linear_regression,94,258,0.5003244876861572,0.5313922882141581
linear_regression,94,259,0.5483623147010803,0.5129831339380795
linear_regression,94,260,0.5501776337623596,0.5561533749407952
linear_regression,94,261,0.4980067908763885,0.5575383754405021
linear_regression,94,262,0.4685383439064026,0.49150043339566485
linear_regression,94,263,0.3685857951641083,0.46591882805277385
linear_regression,94,264,0.4327739775180816,0.38006980042332134
linear_regression,94,265,0.4642290771007538,0.4335459448056042
linear_regression,94,266,0.4647073447704315,0.46123090761951374
linear_regression,94,267,0.4200955629348755,0.46198761438833313
linear_regression,94,268,0.368140161037445,0.4224542883036365
linear_regression,94,269,0.3970993757247925,0.37750148772399167
linear_regression,94,270,0.4231106340885162,0.4028167306270785
linear_regression,94,271,0.4061662256717682,0.4243392987858791
linear_regression,94,272,0.42037433385849,0.4104581482401905
linear_regression,94,273,0.3692140579223633,0.4206190367879469
linear_regression,94,274,0.3830534517765045,0.3788752182705862
linear_regression,94,275,0.3929747939109802,0.3896230255609082
linear_regression,94,276,0.4200838208198547,0.39708291662119105
linear_regression,94,277,0.3727080225944519,0.42211501501876103
linear_regression,94,278,0.3522785604000091,0.37875224494586734
linear_regression,94,279,0.4200895130634308,0.36305373674749436
linear_regression,94,280,0.3698069453239441,0.42307793696257934
linear_regression,94,281,0.2358854264020919,0.3778789986322222
linear_regression,94,282,0.3184219598770141,0.26429971943627273
linear_regression,94,283,0.3254613578319549,0.3367045341490332
linear_regression,94,284,0.3311524987220764,0.34334651140350303
linear_regression,94,285,0.3275481462478637,0.3423292048214066
linear_regression,94,286,0.3611052334308624,0.34226454315204957
linear_regression,94,287,0.2637316286563873,0.36948614794269796
linear_regression,94,288,0.29224693775177,0.2868726714126215
linear_regression,94,289,0.3161104619503021,0.31095163265235337
linear_regression,95,0,0.3876187801361084,0.38425733007094165
linear_regression,95,1,0.3968368172645569,0.39255833031591203
linear_regression,95,2,0.4245177209377289,0.402655769399747
linear_regression,95,3,0.4098235666751861,0.4258503540496676
linear_regression,95,4,0.3999482989311218,0.41103218011684756
linear_regression,95,5,0.4484033584594726,0.4057646004673337
linear_regression,95,6,0.4219630658626556,0.4458577484151689
linear_regression,95,7,0.3817325830459595,0.4226203082518403
linear_regression,95,8,0.5243738293647766,0.3846567147200806
linear_regression,95,9,0.517249345779419,0.5352734905700849
linear_regression,95,10,0.4284642934799194,0.5278463669765348
linear_regression,95,11,0.4570837616920471,0.4290600440420383
linear_regression,95,12,0.4720915257930755,0.45273463321449403
linear_regression,95,13,0.5111368894577026,0.4668249477263195
linear_regression,95,14,0.389793187379837,0.5221584873881807
linear_regression,95,15,0.4545681476593017,0.39545683348728755
linear_regression,95,16,0.492550790309906,0.45214521671424035
linear_regression,95,17,0.4257385432720184,0.48674013557734336
linear_regression,95,18,0.4690454602241516,0.42661683374462367
linear_regression,95,19,0.482744961977005,0.46458569808836053
linear_regression,95,20,0.4790563285350799,0.4768458601645667
linear_regression,95,21,0.459339439868927,0.4737996634555614
linear_regression,95,22,0.5332358479499817,0.456998500760633
linear_regression,95,23,0.4762250483036041,0.5431578412356911
linear_regression,95,24,0.5244836807250977,0.47144630362272516
linear_regression,95,25,0.4837328493595123,0.5348649007745996
linear_regression,95,26,0.5015226602554321,0.47916717453260094
linear_regression,95,27,0.4793672859668731,0.5138612979103745
linear_regression,95,28,0.5295770764350891,0.47435624880506766
linear_regression,95,29,0.5035207867622375,0.5389744403976937
linear_regression,95,30,0.4575080275535583,0.5156666403585699
linear_regression,95,31,0.5139416456222534,0.45618993429899746
linear_regression,95,32,0.5795249938964844,0.5261081038053961
linear_regression,95,33,0.4231183528900146,0.5846882410453946
linear_regression,95,34,0.478628396987915,0.4230052033052376
linear_regression,95,35,0.4794642031192779,0.47435488844587265
linear_regression,95,36,0.4688598811626434,0.47405773588951927
linear_regression,95,37,0.5047767758369446,0.4646134728333054
linear_regression,95,38,0.4630218744277954,0.5169284364033216
linear_regression,95,39,0.4960294961929321,0.46014907486824896
linear_regression,95,40,0.4857235252857208,0.4894279693129897
linear_regression,95,41,0.4254644811153412,0.479252134151717
linear_regression,95,42,0.4184861481189728,0.42665724435819985
linear_regression,95,43,0.5166766047477722,0.4197863013671844
linear_regression,95,44,0.4444175064563751,0.5271858671392307
linear_regression,95,45,0.4516607522964477,0.4440871171760003
linear_regression,95,46,0.4996614456176758,0.4477585404909233
linear_regression,95,47,0.4657657444477081,0.4920911985551968
linear_regression,95,48,0.4178234338760376,0.4624775221465227
linear_regression,95,49,0.4258229732513428,0.4195119625712622
linear_regression,95,50,0.4727991223335266,0.42573901922491475
linear_regression,95,51,0.4809135496616363,0.4692629205218517
linear_regression,95,52,0.4191026389598846,0.4744193797191571
linear_regression,95,53,0.4758602678775787,0.42049038577436304
linear_regression,95,54,0.414368987083435,0.4710903219783728
linear_regression,95,55,0.4328165352344513,0.4160854316349245
linear_regression,95,56,0.3796375691890716,0.43305344890550473
linear_regression,95,57,0.415983110666275,0.3863948601385312
linear_regression,95,58,0.4404518604278564,0.4178583120243753
linear_regression,95,59,0.4354696273803711,0.43972965752063675
linear_regression,95,60,0.4478638768196106,0.4362768794626559
linear_regression,95,61,0.3963966965675354,0.4459650768908481
linear_regression,95,62,0.4144994914531708,0.4014644685968672
linear_regression,95,63,0.418024867773056,0.41619472464940077
linear_regression,95,64,0.4816659390926361,0.4198400785777267
linear_regression,95,65,0.3799463510513305,0.47490883152579316
linear_regression,95,66,0.4130702018737793,0.38666055726663884
linear_regression,95,67,0.4199655055999756,0.41390277648761736
linear_regression,95,68,0.5341663956642151,0.4199662194379857
linear_regression,95,69,0.4478139877319336,0.543701129761188
linear_regression,95,70,0.4259694814682007,0.44798284531875937
linear_regression,95,71,0.4313453733921051,0.4275406466382515
linear_regression,95,72,0.3764570951461792,0.4320200532629236
linear_regression,95,73,0.4369797110557556,0.38417936623996773
linear_regression,95,74,0.4807125926017761,0.4367530317025929
linear_regression,95,75,0.4310132563114166,0.4752376789867007
linear_regression,95,76,0.4233631491661072,0.4290558075628821
linear_regression,95,77,0.4316949248313904,0.42600205957636855
linear_regression,95,78,0.474498450756073,0.4335038644898164
linear_regression,95,79,0.4699262678623199,0.4694448904487079
linear_regression,95,80,0.4913670718669891,0.4641667293646355
linear_regression,95,81,0.4623765051364898,0.484245991462384
linear_regression,95,82,0.4848329126834869,0.45941914529825423
linear_regression,95,83,0.4312686324119568,0.47911289156273906
linear_regression,95,84,0.471184641122818,0.43179247673972554
linear_regression,95,85,0.4312548637390136,0.4663477239741788
linear_regression,95,86,0.4525030851364136,0.4310394420232457
linear_regression,95,87,0.4481165409088135,0.4507238216773903
linear_regression,95,88,0.4794577360153198,0.4462950505753284
linear_regression,95,89,0.5263409614562988,0.47466224247407474
linear_regression,95,90,0.508062481880188,0.5365583056205246
linear_regression,95,91,0.4594265818595886,0.5202833446193915
linear_regression,95,92,0.5253834128379822,0.45782531975873886
linear_regression,95,93,0.5862358212471008,0.5359580282118697
linear_regression,95,94,0.5623157620429993,0.5908853847010358
linear_regression,95,95,0.5464099049568176,0.5687918054298362
linear_regression,95,96,0.5696942210197449,0.5542939734994625
linear_regression,95,97,0.5769482851028442,0.5755728916146033
linear_regression,95,98,0.5521798729896545,0.5820902497842046
linear_regression,95,99,0.5349294543266296,0.5597744458100227
linear_regression,95,100,0.6267117857933044,0.5443205030256373
linear_regression,95,101,0.5734302997589111,0.627560136931096
linear_regression,95,102,0.6127794981002808,0.5789293156734322
linear_regression,95,103,0.5751216411590576,0.6149484306523274
linear_regression,95,104,0.6576812863349915,0.5804140036043878
linear_regression,95,105,0.4843261837959289,0.65767187192889
linear_regression,95,106,0.5875943899154663,0.47899243606255026
linear_regression,95,107,0.5005092024803162,0.591650327838352
linear_regression,95,108,0.6705429553985596,0.5131512431183148
linear_regression,95,109,0.5990878939628601,0.6684930430377175
linear_regression,95,110,0.6711542010307312,0.6018840724681459
linear_regression,95,111,0.6177409887313843,0.6696427930478883
linear_regression,95,112,0.6193151473999023,0.6190105535933557
linear_regression,95,113,0.6354990005493164,0.621340604480323
linear_regression,95,114,0.6476317048072815,0.6361935444205468
linear_regression,95,115,0.707444429397583,0.6470068830505682
linear_regression,95,116,0.6464609503746033,0.7043867909002752
linear_regression,95,117,0.6125636100769043,0.6481900152172657
linear_regression,95,118,0.6727688908576965,0.6154235395415544
linear_regression,95,119,0.7582204937934875,0.6713710048343025
linear_regression,95,120,0.7742676734924316,0.7434252670578811
linear_regression,95,121,0.7058061361312866,0.7641319372196738
linear_regression,95,122,0.6637864708900452,0.7008213421242071
linear_regression,95,123,0.658778190612793,0.6625817815563961
linear_regression,95,124,0.7216968536376953,0.6579488243665456
linear_regression,95,125,0.7303288578987122,0.7164865445504589
linear_regression,95,126,0.694821298122406,0.7257702006531717
linear_regression,95,127,0.7250260710716248,0.6928635443100282
linear_regression,95,128,0.768729031085968,0.7165563556422726
linear_regression,95,129,0.7312725782394409,0.7541592071568289
linear_regression,95,130,0.7278377413749695,0.7268327776078213
linear_regression,95,131,0.7619121670722961,0.7218131304154682
linear_regression,95,132,0.7019034028053284,0.7504989385460924
linear_regression,95,133,0.7489558458328247,0.6990389330488113
linear_regression,95,134,0.7561932802200317,0.7395079003494979
linear_regression,95,135,0.7449004650115967,0.7424032652374194
linear_regression,95,136,0.7340328097343445,0.73778838311854
linear_regression,95,137,0.7428838014602661,0.730158458101981
linear_regression,95,138,0.7812895178794861,0.7372983712300055
linear_regression,95,139,0.6573084592819214,0.764752710357065
linear_regression,95,140,0.7738180160522461,0.6570859748519615
linear_regression,95,141,0.7358691692352295,0.7616070644309538
linear_regression,95,142,0.7158694863319397,0.7305555634408261
linear_regression,95,143,0.7398059964179993,0.7102311373324484
linear_regression,95,144,0.7514142394065857,0.734806087917258
linear_regression,95,145,0.7594339847564697,0.743162116698729
linear_regression,95,146,0.709439218044281,0.7483869727555161
linear_regression,95,147,0.6916817426681519,0.704781605556359
linear_regression,95,148,0.7185551524162292,0.6868130683095821
linear_regression,95,149,0.6764060258865356,0.7111692808732522
linear_regression,95,150,0.7677104473114014,0.6717576940901133
linear_regression,95,151,0.8347508907318115,0.7567927707815703
linear_regression,95,152,0.6704164147377014,0.8241658663442172
linear_regression,95,153,0.7570804953575134,0.6688017624344215
linear_regression,95,154,0.7196947336196899,0.746391953774506
linear_regression,95,155,0.6897854208946228,0.7192290287205763
linear_regression,95,156,0.7215270400047302,0.6860426703745603
linear_regression,95,157,0.7201254367828369,0.7175123636785927
linear_regression,95,158,0.6963808536529541,0.7117328364245092
linear_regression,95,159,0.6602797508239746,0.6932752014896494
linear_regression,95,160,0.68592768907547,0.6587749310223125
linear_regression,95,161,0.6396373510360718,0.6820850069232262
linear_regression,95,162,0.7018667459487915,0.6396301111205974
linear_regression,95,163,0.6684595346450806,0.6970044820770895
linear_regression,95,164,0.7153316140174866,0.6652588424805729
linear_regression,95,165,0.683263897895813,0.7100475200919747
linear_regression,95,166,0.6763482093811035,0.6800304163909194
linear_regression,95,167,0.6532427668571472,0.6725531788393887
linear_regression,95,168,0.7053411602973938,0.6529829052332101
linear_regression,95,169,0.6970131397247314,0.7012813934351356
linear_regression,95,170,0.6820983290672302,0.691950550070247
linear_regression,95,171,0.6956525444984436,0.679342139682304
linear_regression,95,172,0.7351335883140564,0.6931650650159531
linear_regression,95,173,0.6998923420906067,0.7292744966262937
linear_regression,95,174,0.6788058280944824,0.6966735273173663
linear_regression,95,175,0.7408801317214966,0.6757922679155459
linear_regression,95,176,0.7312631011009216,0.732079161778218
linear_regression,95,177,0.6838265061378479,0.7249371221689397
linear_regression,95,178,0.8369016051292419,0.6802733934700168
linear_regression,95,179,0.7256131172180176,0.81866672050897
linear_regression,95,180,0.7487070560455322,0.7197087599385615
linear_regression,95,181,0.7051204442977905,0.7424910473585083
linear_regression,95,182,0.7608861327171326,0.7015300995018858
linear_regression,95,183,0.7486758232116699,0.7486242830658331
linear_regression,95,184,0.7612264752388,0.741441801637758
linear_regression,95,185,0.7461246252059937,0.750677333162076
linear_regression,95,186,0.778500497341156,0.7422847389965618
linear_regression,95,187,0.7798460125923157,0.7654622862573843
linear_regression,95,188,0.7824348211288452,0.768856122950025
linear_regression,95,189,0.7886325120925903,0.7696068225346332
linear_regression,95,190,0.7706713676452637,0.773906816612098
linear_regression,95,191,0.7526919841766357,0.7583933515722656
linear_regression,95,192,0.8017653226852417,0.7370509419989876
linear_regression,95,193,0.8912610411643982,0.7858169442861193
linear_regression,95,194,0.848505437374115,0.8733825657893317
linear_regression,95,195,0.8154551982879639,0.8312925461394277
linear_regression,95,196,0.7912987470626831,0.8023732860633475
linear_regression,95,197,0.8298255801200867,0.7753695022143556
linear_regression,95,198,0.8374653458595276,0.8173667806555739
linear_regression,95,199,0.8317234516143799,0.8230922025157928
linear_regression,95,200,0.8722150921821594,0.8162087652865554
linear_regression,95,201,0.8262931704521179,0.8609080986197689
linear_regression,95,202,0.7827531099319458,0.8096778201926257
linear_regression,95,203,0.8520821928977966,0.772543319111024
linear_regression,95,204,0.7785780429840088,0.8358950876272093
linear_regression,95,205,0.8255829215049744,0.7645711558135906
linear_regression,95,206,0.7355042099952698,0.8095902731995767
linear_regression,95,207,0.8477086424827576,0.7258088954102893
linear_regression,95,208,0.7821963429450989,0.8324142794952392
linear_regression,95,209,0.7875400185585022,0.7698460956263765
linear_regression,95,210,0.794105052947998,0.7765716178906651
linear_regression,95,211,0.7642098069190979,0.7802287879073588
linear_regression,95,212,0.8192116618156433,0.7527883976630491
linear_regression,95,213,0.7956088185310364,0.804486128306172
linear_regression,95,214,0.7044200301170349,0.7811175952397847
linear_regression,95,215,0.8345330357551575,0.6980662086620346
linear_regression,95,216,0.8188014626502991,0.8241950895702683
linear_regression,95,217,0.781805157661438,0.8040983851797855
linear_regression,95,218,0.8292192220687866,0.7687510425659542
linear_regression,95,219,0.7928176522254944,0.8109211192149773
linear_regression,95,220,0.7437058091163635,0.781794728799175
linear_regression,95,221,0.7809867858886719,0.7348193050282249
linear_regression,95,222,0.733482837677002,0.7665487966919662
linear_regression,95,223,0.7238155603408813,0.7252663384994951
linear_regression,95,224,0.7320456504821777,0.7181801107953131
linear_regression,95,225,0.7112875580787659,0.7252448658863608
linear_regression,95,226,0.7774843573570251,0.7078742124232612
linear_regression,95,227,0.7226092219352722,0.7656540954493363
linear_regression,95,228,0.7244285345077515,0.7177576636258034
linear_regression,95,229,0.7287985682487488,0.7169767282849578
linear_regression,95,230,0.6976421475410461,0.7195223196724301
linear_regression,95,231,0.7362532019615173,0.6943784319945243
linear_regression,95,232,0.6932467818260193,0.7296893957059138
linear_regression,95,233,0.7288152575492859,0.6922815863999023
linear_regression,95,234,0.7091369032859802,0.7224371932835452
linear_regression,95,235,0.6840347647666931,0.7021820122568819
linear_regression,95,236,0.7019057869911194,0.6806729837941291
linear_regression,95,237,0.6634451746940613,0.6983348661807154
linear_regression,95,238,0.7207057476043701,0.6628109740739639
linear_regression,95,239,0.7052034139633179,0.7154586483189856
linear_regression,95,240,0.6496315002441406,0.7001536834773846
linear_regression,95,241,0.7026365995407104,0.6496589890233434
linear_regression,95,242,0.6792566180229187,0.6979416697349584
linear_regression,95,243,0.6668760776519775,0.6758883620831133
linear_regression,95,244,0.7424035668373108,0.6638552882725128
linear_regression,95,245,0.7113808989524841,0.7371406222853003
linear_regression,95,246,0.6776948571205139,0.7048608634853859
linear_regression,95,247,0.6614408493041992,0.6757013168304586
linear_regression,95,248,0.626747190952301,0.6591166252585379
linear_regression,95,249,0.6328744292259216,0.6285474760385689
linear_regression,95,250,0.6448937654495239,0.6325903138880979
linear_regression,95,251,0.6699206829071045,0.6435681928620298
linear_regression,95,252,0.6399933099746704,0.6670849380564458
linear_regression,95,253,0.5810590386390686,0.6404518732769477
linear_regression,95,254,0.5652497410774231,0.5855847632818297
linear_regression,95,255,0.5847007036209106,0.5713141067552667
linear_regression,95,256,0.6050548553466797,0.5890684529124062
linear_regression,95,257,0.6516940593719482,0.607911894386866
linear_regression,95,258,0.5282911062240601,0.6507880389634135
linear_regression,95,259,0.5426739454269409,0.5376211047807796
linear_regression,95,260,0.5531124472618103,0.5509762736031435
linear_regression,95,261,0.5755435824394226,0.5603237141870872
linear_regression,95,262,0.5367017984390259,0.5806337357421242
linear_regression,95,263,0.5783792734146118,0.5455953302017658
linear_regression,95,264,0.561007559299469,0.583336311697047
linear_regression,95,265,0.5425078272819519,0.5674015713722842
linear_regression,95,266,0.506976842880249,0.5506729175533565
linear_regression,95,267,0.5394566655158997,0.5177356740124206
linear_regression,95,268,0.5694281458854675,0.5479311484706568
linear_regression,95,269,0.5498995780944824,0.5751065622731089
linear_regression,95,270,0.4711554646492004,0.5575890199963949
linear_regression,95,271,0.4654280245304107,0.4649000087672639
linear_regression,95,272,0.5438863039016724,0.4593227508288358
linear_regression,95,273,0.4972075223922729,0.552009308634853
linear_regression,95,274,0.4600944221019745,0.4907058944752497
linear_regression,95,275,0.4671022295951843,0.45766053881561836
linear_regression,95,276,0.4796115159988403,0.4631282741154436
linear_regression,95,277,0.5013704299926758,0.47367704503230235
linear_regression,95,278,0.4484075307846069,0.5130622869984749
linear_regression,95,279,0.4658257365226745,0.44598671294411607
linear_regression,95,280,0.4414961636066437,0.4621996151391715
linear_regression,95,281,0.4198991060256958,0.44058720142523916
linear_regression,95,282,0.3885195255279541,0.42306847221622823
linear_regression,95,283,0.4020622968673706,0.39387392690937556
linear_regression,95,284,0.4519775211811065,0.40537853529476636
linear_regression,95,285,0.471208393573761,0.45068996346808626
linear_regression,95,286,0.3584288358688354,0.466176871713678
linear_regression,95,287,0.3992282152175903,0.3691607299944463
linear_regression,95,288,0.4440763294696808,0.4033941087688367
linear_regression,95,289,0.3831159174442291,0.4423487435391581
linear_regression,96,0,0.3791288137435913,0.35145518238912693
linear_regression,96,1,0.3560290038585663,0.3874345912680289
linear_regression,96,2,0.3683467507362366,0.3673227235681215
linear_regression,96,3,0.3607681095600128,0.3770683917820748
linear_regression,96,4,0.4410400688648224,0.37013430925675755
linear_regression,96,5,0.3973099589347839,0.4409918173955052
linear_regression,96,6,0.4254518151283264,0.40325496960779655
linear_regression,96,7,0.3651840686798095,0.4277587607677984
linear_regression,96,8,0.3945688903331756,0.37691500892891455
linear_regression,96,9,0.45982226729393,0.40102361607318393
linear_regression,96,10,0.4198861420154571,0.45709149134578947
linear_regression,96,11,0.4594129920005798,0.4209111011719899
linear_regression,96,12,0.3762776255607605,0.4566071202762639
linear_regression,96,13,0.3679085373878479,0.38261773506757507
linear_regression,96,14,0.4160381853580475,0.3755807383831757
linear_regression,96,15,0.3659249246120453,0.4177840745094833
linear_regression,96,16,0.3895350694656372,0.37403233713610423
linear_regression,96,17,0.406088650226593,0.39522562062696104
linear_regression,96,18,0.4428378939628601,0.4109838026160677
linear_regression,96,19,0.3901657462120056,0.44149591331804416
linear_regression,96,20,0.3717385232448578,0.39520331716479706
linear_regression,96,21,0.3793553411960602,0.37877127982485687
linear_regression,96,22,0.4106447994709015,0.3876139832805595
linear_regression,96,23,0.3779006898403168,0.41431395706255864
linear_regression,96,24,0.4201188385486603,0.38674469609730056
linear_regression,96,25,0.3751491010189056,0.4214266670056727
linear_regression,96,26,0.3514413237571716,0.38180762143601316
linear_regression,96,27,0.3849468231201172,0.36113921011809663
linear_regression,96,28,0.4046518504619598,0.39034307891569203
linear_regression,96,29,0.4265406727790832,0.4091748176779964
linear_regression,96,30,0.3408563435077667,0.42869922924456183
linear_regression,96,31,0.3739396929740906,0.3524638285222438
linear_regression,96,32,0.416374921798706,0.3817794139678105
linear_regression,96,33,0.402086466550827,0.4195463233457741
linear_regression,96,34,0.3754579722881317,0.40383885569772043
linear_regression,96,35,0.3704767227172851,0.38375047457457717
linear_regression,96,36,0.3941569924354553,0.3795669756327693
linear_regression,96,37,0.3892119824886322,0.3976130492001469
linear_regression,96,38,0.3933119177818298,0.39452993915690954
linear_regression,96,39,0.4484614431858063,0.39818025258884876
linear_regression,96,40,0.389215886592865,0.4458776580838641
linear_regression,96,41,0.347771942615509,0.39491911071625063
linear_regression,96,42,0.3618078529834747,0.3556998284321862
linear_regression,96,43,0.304910659790039,0.37438750098954576
linear_regression,96,44,0.379018634557724,0.32347406028530235
linear_regression,96,45,0.4061999917030334,0.38503424141777925
linear_regression,96,46,0.3890133798122406,0.41000224166063703
linear_regression,96,47,0.4159234762191772,0.39181586315386274
linear_regression,96,48,0.4009312391281128,0.4173203728460418
linear_regression,96,49,0.3474924266338348,0.40423092437434993
linear_regression,96,50,0.391784518957138,0.3561621203180359
linear_regression,96,51,0.4343993365764618,0.3956598726938609
linear_regression,96,52,0.4101631641387939,0.4344703678574198
linear_regression,96,53,0.3799947202205658,0.4116340832989318
linear_regression,96,54,0.3348545730113983,0.38855538507654863
linear_regression,96,55,0.396548867225647,0.3473768803747254
linear_regression,96,56,0.3852875530719757,0.401046712826209
linear_regression,96,57,0.3374497592449188,0.39161268249100845
linear_regression,96,58,0.3922208249568939,0.34841303679691427
linear_regression,96,59,0.4053263962268829,0.39833517792765794
linear_regression,96,60,0.3986923396587372,0.40885987003741325
linear_regression,96,61,0.3810211718082428,0.4031346333861566
linear_regression,96,62,0.4028740227222442,0.38619575389330435
linear_regression,96,63,0.3511945009231567,0.4055979685209809
linear_regression,96,64,0.4380360841751098,0.3608842742166327
linear_regression,96,65,0.3869564235210418,0.436722894695178
linear_regression,96,66,0.3821255266666412,0.39190407288189677
linear_regression,96,67,0.4667347371578216,0.3873827121250144
linear_regression,96,68,0.4356235861778259,0.4625639072896766
linear_regression,96,69,0.4402360618114471,0.43597589575141865
linear_regression,96,70,0.4117848873138428,0.4380100920783665
linear_regression,96,71,0.4139135479927063,0.41358520196883597
linear_regression,96,72,0.3970347940921783,0.41733061047908654
linear_regression,96,73,0.4589150846004486,0.4029482546592468
linear_regression,96,74,0.4127244055271148,0.45504771287057805
linear_regression,96,75,0.4682216942310333,0.41425604592287446
linear_regression,96,76,0.3992131948471069,0.46539141774214343
linear_regression,96,77,0.3686195015907287,0.4033993867877119
linear_regression,96,78,0.4777974784374237,0.37875754348857293
linear_regression,96,79,0.4411299228668213,0.4723231306379959
linear_regression,96,80,0.4561434984207153,0.43935778419112526
linear_regression,96,81,0.4414598345756531,0.45433631347096026
linear_regression,96,82,0.5157323479652405,0.4389709427435683
linear_regression,96,83,0.4304796159267425,0.5269925915118912
linear_regression,96,84,0.4872847199440002,0.43019717289513804
linear_regression,96,85,0.5204660892486572,0.4813107582521661
linear_regression,96,86,0.4606816470623016,0.5304081049998906
linear_regression,96,87,0.4605681896209717,0.4554818452012379
linear_regression,96,88,0.43172687292099,0.45826031326383493
linear_regression,96,89,0.4820202589035034,0.43278527783163895
linear_regression,96,90,0.4588560163974762,0.4770406557078772
linear_regression,96,91,0.4887974858283996,0.45638473861444073
linear_regression,96,92,0.4655035734176636,0.48232492853713577
linear_regression,96,93,0.5330556631088257,0.4615411689074378
linear_regression,96,94,0.4674069881439209,0.5419115082028012
linear_regression,96,95,0.5297778248786926,0.46346676051635377
linear_regression,96,96,0.5233626961708069,0.5400624578467349
linear_regression,96,97,0.5329996943473816,0.5334209535474208
linear_regression,96,98,0.5076087117195129,0.5427712477769937
linear_regression,96,99,0.5770987272262573,0.5196797158982751
linear_regression,96,100,0.620714008808136,0.5822249822787626
linear_regression,96,101,0.6229552626609802,0.6223952936907315
linear_regression,96,102,0.511754035949707,0.6230367902228569
linear_regression,96,103,0.5903624296188354,0.5235757803426578
linear_regression,96,104,0.5196085572242737,0.5942399174743873
linear_regression,96,105,0.5627526640892029,0.5299535155629199
linear_regression,96,106,0.5570393204689026,0.5691868497086925
linear_regression,96,107,0.5596323609352112,0.5641363635799412
linear_regression,96,108,0.5986132025718689,0.5662901773828052
linear_regression,96,109,0.5921474099159241,0.6022810701892558
linear_regression,96,110,0.6467300057411194,0.5963677720209382
linear_regression,96,111,0.6273207664489746,0.6452772558238181
linear_regression,96,112,0.6045811176300049,0.6279670838306136
linear_regression,96,113,0.6580711603164673,0.6073940742776625
linear_regression,96,114,0.6461248993873596,0.6569948929782332
linear_regression,96,115,0.755862295627594,0.6459848681543483
linear_regression,96,116,0.6894665956497192,0.7463451548825727
linear_regression,96,117,0.7036200165748596,0.6873038054601924
linear_regression,96,118,0.6956741809844971,0.700348925998735
linear_regression,96,119,0.7000607252120972,0.6928015596881257
linear_regression,96,120,0.7233125567436218,0.6949363048266892
linear_regression,96,121,0.6730059385299683,0.7199174918023337
linear_regression,96,122,0.7131189703941345,0.6727856396430284
linear_regression,96,123,0.7703647613525391,0.709356591521611
linear_regression,96,124,0.6382931470870972,0.7613557521935203
linear_regression,96,125,0.7419889569282532,0.6384327052453426
linear_regression,96,126,0.7196736335754395,0.7343177682667033
linear_regression,96,127,0.7524746060371399,0.7151230155984739
linear_regression,96,128,0.6695420145988464,0.7408601118941107
linear_regression,96,129,0.7254701852798462,0.6687103879379034
linear_regression,96,130,0.7192549109458923,0.7215798959336178
linear_regression,96,131,0.7155501246452332,0.7147296119705163
linear_regression,96,132,0.7701004147529602,0.7127828871225107
linear_regression,96,133,0.7302318215370178,0.7563262793147535
linear_regression,96,134,0.7550047039985657,0.7221940572121353
linear_regression,96,135,0.7301108837127686,0.7450986883565921
linear_regression,96,136,0.7570294141769409,0.7242765135044895
linear_regression,96,137,0.7185784578323364,0.744233497009612
linear_regression,96,138,0.7545444965362549,0.7089891449772061
linear_regression,96,139,0.7227892279624939,0.7419333629773331
linear_regression,96,140,0.7440776824951172,0.7169605007409101
linear_regression,96,141,0.7652822732925415,0.7382118969977054
linear_regression,96,142,0.6971791982650757,0.7556325165573827
linear_regression,96,143,0.7415712475776672,0.6935929986217376
linear_regression,96,144,0.8086178302764893,0.7384141270059201
linear_regression,96,145,0.6902542114257812,0.79328720364986
linear_regression,96,146,0.6658042073249817,0.687177762457295
linear_regression,96,147,0.6525024771690369,0.6637544406676108
linear_regression,96,148,0.6854822635650635,0.6533831218121215
linear_regression,96,149,0.6990675926208496,0.681287392668941
linear_regression,96,150,0.7112603187561035,0.6941464384536621
linear_regression,96,151,0.7361248731613159,0.7069482020478897
linear_regression,96,152,0.7365891933441162,0.7279410507191355
linear_regression,96,153,0.6929845809936523,0.7300760902359216
linear_regression,96,154,0.690951943397522,0.6926767469683213
linear_regression,96,155,0.7130659818649292,0.6880943896819489
linear_regression,96,156,0.6735466122627258,0.7104239360503906
linear_regression,96,157,0.6748981475830078,0.671335462366811
linear_regression,96,158,0.6457603573799133,0.6712415344361663
linear_regression,96,159,0.6949809193611145,0.6460547106556472
linear_regression,96,160,0.6972025036811829,0.6902448511786344
linear_regression,96,161,0.7144327759742737,0.6941833314602106
linear_regression,96,162,0.6179876327514648,0.7118690361112915
linear_regression,96,163,0.6986950635910034,0.6195971565046645
linear_regression,96,164,0.6220559477806091,0.6942358284710426
linear_regression,96,165,0.5666658878326416,0.6235029324946036
linear_regression,96,166,0.6318556070327759,0.5726756899766478
linear_regression,96,167,0.6143845915794373,0.6312272693491411
linear_regression,96,168,0.5894022583961487,0.6159158871325695
linear_regression,96,169,0.6519274711608887,0.5935516535135027
linear_regression,96,170,0.6327512860298157,0.6511832052092554
linear_regression,96,171,0.6534610390663147,0.6331557648230504
linear_regression,96,172,0.5574979186058044,0.652298568137992
linear_regression,96,173,0.6063427329063416,0.5644573840176951
linear_regression,96,174,0.598237931728363,0.6094970193381182
linear_regression,96,175,0.6058505773544312,0.6010944081877543
linear_regression,96,176,0.6522606611251831,0.6080850882009592
linear_regression,96,177,0.6065390110015869,0.6507090470267977
linear_regression,96,178,0.6065024733543396,0.608936301320958
linear_regression,96,179,0.553949236869812,0.6090866686959673
linear_regression,96,180,0.6583881378173828,0.5610743856609421
linear_regression,96,181,0.600103497505188,0.6559803298304413
linear_regression,96,182,0.5472254753112793,0.6035879144836522
linear_regression,96,183,0.570259690284729,0.5551098121033672
linear_regression,96,184,0.6073437929153442,0.5759449914774619
linear_regression,96,185,0.6559447646141052,0.6100380057902239
linear_regression,96,186,0.5624825954437256,0.6530503925288463
linear_regression,96,187,0.5437207818031311,0.5688586320691681
linear_regression,96,188,0.6346809267997742,0.5520811731013587
linear_regression,96,189,0.6512898802757263,0.63513594789045
linear_regression,96,190,0.6208690404891968,0.6501944324653592
linear_regression,96,191,0.6171233654022217,0.6231959549675451
linear_regression,96,192,0.6491707563400269,0.6179112991966144
linear_regression,96,193,0.5950316190719604,0.6491839044160641
linear_regression,96,194,0.6282901763916016,0.59882433248171
linear_regression,96,195,0.6273855566978455,0.6287000674922952
linear_regression,96,196,0.6575219631195068,0.6285689102211084
linear_regression,96,197,0.6345076560974121,0.6569223213375164
linear_regression,96,198,0.6887493133544922,0.6349682367599597
linear_regression,96,199,0.631507933139801,0.6836764391421438
linear_regression,96,200,0.7495047450065613,0.6329499445368907
linear_regression,96,201,0.6340248584747314,0.7405590911017911
linear_regression,96,202,0.6838678121566772,0.6336019984776746
linear_regression,96,203,0.6819612979888916,0.6777843363689411
linear_regression,96,204,0.6698104739189148,0.6799617697948199
linear_regression,96,205,0.7119765281677246,0.6686556759556145
linear_regression,96,206,0.67385333776474,0.7070718399623269
linear_regression,96,207,0.681268572807312,0.6715706270093539
linear_regression,96,208,0.6870822906494141,0.6768650082364258
linear_regression,96,209,0.7007076144218445,0.6863451273315349
linear_regression,96,210,0.6639550924301147,0.6979991098453979
linear_regression,96,211,0.6675187349319458,0.6645185756935864
linear_regression,96,212,0.7003066539764404,0.6662894465511396
linear_regression,96,213,0.6705507040023804,0.6958222594188445
linear_regression,96,214,0.7098188996315002,0.667580694464979
linear_regression,96,215,0.6918995976448059,0.704907251856324
linear_regression,96,216,0.7936023473739624,0.6861030907635024
linear_regression,96,217,0.7304807901382446,0.7759568449452536
linear_regression,96,218,0.7333330512046814,0.7243576844025782
linear_regression,96,219,0.6966711282730103,0.7262519576456764
linear_regression,96,220,0.6724491715431213,0.6929029672797308
linear_regression,96,221,0.6895288825035095,0.6707380999298375
linear_regression,96,222,0.7217519879341125,0.6842253506596715
linear_regression,96,223,0.6684443354606628,0.7166175670867522
linear_regression,96,224,0.6822628378868103,0.6663343729635814
linear_regression,96,225,0.7082154154777527,0.6786626565635169
linear_regression,96,226,0.720015823841095,0.7027807700674326
linear_regression,96,227,0.689630389213562,0.7143153021059754
linear_regression,96,228,0.6983829736709595,0.6845880391095834
linear_regression,96,229,0.6198907494544983,0.6935907771314247
linear_regression,96,230,0.6450165510177612,0.6212111857289666
linear_regression,96,231,0.6213847398757935,0.6452075085254082
linear_regression,96,232,0.6672523021697998,0.6226980414612787
linear_regression,96,233,0.6444054841995239,0.6659086992061536
linear_regression,96,234,0.6189947724342346,0.6437580386154931
linear_regression,96,235,0.6608121991157532,0.6208683272057083
linear_regression,96,236,0.6276694536209106,0.6592979489516235
linear_regression,96,237,0.5896393060684204,0.6269824762442582
linear_regression,96,238,0.5632802248001099,0.5934557275180927
linear_regression,96,239,0.676236093044281,0.5695595991209943
linear_regression,96,240,0.6575303077697754,0.6715181889877119
linear_regression,96,241,0.6520234942436218,0.6569905619179398
linear_regression,96,242,0.6122166514396667,0.650816688253822
linear_regression,96,243,0.6107376217842102,0.6148241430371276
linear_regression,96,244,0.6277527213096619,0.6128437540587099
linear_regression,96,245,0.5303844809532166,0.6290689399736408
linear_regression,96,246,0.5808475613594055,0.5397322672881657
linear_regression,96,247,0.5681518316268921,0.5853650474772087
linear_regression,96,248,0.5448055863380432,0.5739645931246665
linear_regression,96,249,0.5733972191810608,0.5529727783526271
linear_regression,96,250,0.5957764983177185,0.5788526152673381
linear_regression,96,251,0.5898151397705078,0.5987023056297881
linear_regression,96,252,0.51971834897995,0.5942106687272627
linear_regression,96,253,0.5814660787582397,0.5296124541556808
linear_regression,96,254,0.5065479278564453,0.5862287517312139
linear_regression,96,255,0.4576235115528106,0.5191576866944649
linear_regression,96,256,0.5040618181228638,0.45370478721253976
linear_regression,96,257,0.5605735778808594,0.5167455962570584
linear_regression,96,258,0.5118532180786133,0.5670551445911235
linear_regression,96,259,0.4972338378429413,0.5229294188702809
linear_regression,96,260,0.5303787589073181,0.48977069265460393
linear_regression,96,261,0.4690512716770172,0.539865091955876
linear_regression,96,262,0.4648602902889251,0.4640406183650062
linear_regression,96,263,0.4243594706058502,0.46079995115447175
linear_regression,96,264,0.4520924389362335,0.4243717684258213
linear_regression,96,265,0.4830300211906433,0.45068621808612
linear_regression,96,266,0.4027772545814514,0.4766868882131261
linear_regression,96,267,0.4725358784198761,0.4069294882336886
linear_regression,96,268,0.3954587280750274,0.4674945590235647
linear_regression,96,269,0.4141933023929596,0.40137110312468566
linear_regression,96,270,0.4115831553936004,0.41422249744422873
linear_regression,96,271,0.390343427658081,0.41439961266538866
linear_regression,96,272,0.3810839653015136,0.3949276346188292
linear_regression,96,273,0.3664051592350006,0.3897092230419972
linear_regression,96,274,0.3586024641990661,0.37465170950285237
linear_regression,96,275,0.3883101940155029,0.366587042646542
linear_regression,96,276,0.3668795824050903,0.38959343657608786
linear_regression,96,277,0.3389793634414673,0.37441277540077533
linear_regression,96,278,0.3545420467853546,0.3523133381076547
linear_regression,96,279,0.3719404339790344,0.36226020683343346
linear_regression,96,280,0.3521953225135803,0.3793437341521855
linear_regression,96,281,0.3224129676818847,0.36274309386868814
linear_regression,96,282,0.3811310231685638,0.33829404330044843
linear_regression,96,283,0.3390376567840576,0.38689568083406406
linear_regression,96,284,0.2838951349258423,0.35285841136817064
linear_regression,96,285,0.3510253429412842,0.3057857480222852
linear_regression,96,286,0.3456419706344604,0.35886564998164944
linear_regression,96,287,0.2962798178195953,0.356217166577557
linear_regression,96,288,0.3138699233531952,0.314202405672379
linear_regression,96,289,0.3574512600898742,0.32913616068782775
linear_regression,97,0,0.2519592344760895,0.2957130924058166
linear_regression,97,1,0.2963059842586517,0.2782170738798865
linear_regression,97,2,0.2734748125076294,0.3142019729094163
linear_regression,97,3,0.3229557871818542,0.2921363215723952
linear_regression,97,4,0.3433119654655456,0.3379652176028102
linear_regression,97,5,0.302786111831665,0.3534393584183798
linear_regression,97,6,0.2297942191362381,0.31962186245565594
linear_regression,97,7,0.2502695024013519,0.2588888102727016
linear_regression,97,8,0.3143091797828674,0.2767373408628364
linear_regression,97,9,0.3618155121803283,0.3259115017186409
linear_regression,97,10,0.3132060766220093,0.3733027262002784
linear_regression,97,11,0.3119121789932251,0.32909444601261895
linear_regression,97,12,0.3640396893024444,0.32963154429796465
linear_regression,97,13,0.3321896195411682,0.37058124154720734
linear_regression,97,14,0.3333155214786529,0.344542763740671
linear_regression,97,15,0.3109931647777557,0.3488705228628703
linear_regression,97,16,0.3525279760360718,0.3226451505994393
linear_regression,97,17,0.366970807313919,0.3649338408421563
linear_regression,97,18,0.3014475107192993,0.3753984901951861
linear_regression,97,19,0.3426007926464081,0.318427679407106
linear_regression,97,20,0.3402551114559173,0.3552494894625293
linear_regression,97,21,0.300916463136673,0.352189075045788
linear_regression,97,22,0.2952424883842468,0.31970789271012584
linear_regression,97,23,0.3336263597011566,0.31264765841931774
linear_regression,97,24,0.3181400597095489,0.34606373309730143
linear_regression,97,25,0.3272171914577484,0.33315849734327846
linear_regression,97,26,0.3422469794750213,0.33985662217755597
linear_regression,97,27,0.3612353801727295,0.3544387134345838
linear_regression,97,28,0.2439923137426376,0.37165163205741475
linear_regression,97,29,0.3530980050563812,0.26663046503117804
linear_regression,97,30,0.3232917189598083,0.36635784223453394
linear_regression,97,31,0.3333374857902527,0.3355629449278564
linear_regression,97,32,0.3462713658809662,0.3440073192041203
linear_regression,97,33,0.3240068554878235,0.35701859321606677
linear_regression,97,34,0.3655286133289337,0.33832922498649065
linear_regression,97,35,0.3210331797599792,0.37718953755392126
linear_regression,97,36,0.3599691689014435,0.3357020846228974
linear_regression,97,37,0.3565320968627929,0.3716612036841324
linear_regression,97,38,0.3016510903835296,0.3663480736953676
linear_regression,97,39,0.3827581405639648,0.3194617850492911
linear_regression,97,40,0.3272883594036102,0.38998901475103814
linear_regression,97,41,0.3335063457489013,0.3399054937503419
linear_regression,97,42,0.3471446931362152,0.3449164655066792
linear_regression,97,43,0.363042265176773,0.360192223308261
linear_regression,97,44,0.4037226438522339,0.3721112665199906
linear_regression,97,45,0.3793257176876068,0.40512895508994
linear_regression,97,46,0.3766826689243316,0.3840760835133285
linear_regression,97,47,0.3845118284225464,0.3850283334267761
linear_regression,97,48,0.3282665610313415,0.3943243315159538
linear_regression,97,49,0.3371396660804748,0.3428606053130509
linear_regression,97,50,0.4039525687694549,0.3504116692395675
linear_regression,97,51,0.3722348511219024,0.4085348812355345
linear_regression,97,52,0.3792891502380371,0.3817410540781883
linear_regression,97,53,0.4117506742477417,0.3858839014537476
linear_regression,97,54,0.4362683594226837,0.41390946827347097
linear_regression,97,55,0.3397703468799591,0.4357094625307425
linear_regression,97,56,0.387939304113388,0.3539674979753859
linear_regression,97,57,0.3601416051387787,0.3912257039158639
linear_regression,97,58,0.4061368405818939,0.37156555477855874
linear_regression,97,59,0.3841311931610107,0.40905590046558027
linear_regression,97,60,0.4192311763763428,0.3889845580914749
linear_regression,97,61,0.3841533362865448,0.4214031344827257
linear_regression,97,62,0.3905334770679474,0.3876032918371065
linear_regression,97,63,0.3838010430335998,0.39452594873966046
linear_regression,97,64,0.4037986695766449,0.38968625603926416
linear_regression,97,65,0.3919692933559418,0.4066038030456662
linear_regression,97,66,0.4131175279617309,0.3956200660711065
linear_regression,97,67,0.3807815909385681,0.4159595401931114
linear_regression,97,68,0.4502957761287689,0.3849572467284462
linear_regression,97,69,0.4227578639984131,0.44902624137999847
linear_regression,97,70,0.4325988888740539,0.42468854714145926
linear_regression,97,71,0.4379720389842987,0.4307968507039677
linear_regression,97,72,0.4514719843864441,0.4393249089147138
linear_regression,97,73,0.4115940034389496,0.4500686072106282
linear_regression,97,74,0.4418926239013672,0.4159539095575555
linear_regression,97,75,0.4984909892082214,0.43882625837102235
linear_regression,97,76,0.4334169328212738,0.4915204528425203
linear_regression,97,77,0.4579548239707947,0.43371475720122776
linear_regression,97,78,0.4340005815029144,0.4555936066165323
linear_regression,97,79,0.4469972252845764,0.4332201550155158
linear_regression,97,80,0.4199404716491699,0.4449086331119485
linear_regression,97,81,0.4322001039981842,0.4231369033147073
linear_regression,97,82,0.4755271673202514,0.43218479275772803
linear_regression,97,83,0.5224902033805847,0.47155397776333396
linear_regression,97,84,0.4789866209030151,0.5327345700963833
linear_regression,97,85,0.4360318183898926,0.47415051316038404
linear_regression,97,86,0.4635855555534363,0.4337580482664367
linear_regression,97,87,0.4998995661735534,0.4587018502036552
linear_regression,97,88,0.4786294102668762,0.4919078601808687
linear_regression,97,89,0.4628373980522156,0.47315993166080283
linear_regression,97,90,0.4877966344356537,0.4597101468141984
linear_regression,97,91,0.5130640864372253,0.4815938974438432
linear_regression,97,92,0.5124402046203613,0.5237283097723395
linear_regression,97,93,0.5581064820289612,0.5238518307615005
linear_regression,97,94,0.575951099395752,0.5649657861806008
linear_regression,97,95,0.6088359951972961,0.5811750718287488
linear_regression,97,96,0.5889184474945068,0.6112497382369716
linear_regression,97,97,0.5390264987945557,0.5928566361641944
linear_regression,97,98,0.5607776641845703,0.5476469818215741
linear_regression,97,99,0.6041308045387268,0.567339610808127
linear_regression,97,100,0.609178364276886,0.6067774382646625
linear_regression,97,101,0.6197247505187988,0.6115083354273941
linear_regression,97,102,0.6289528012275696,0.6213644383562916
linear_regression,97,103,0.5020486116409302,0.6288228285602443
linear_regression,97,104,0.6186594367027283,0.5151662802812851
linear_regression,97,105,0.6140580177307129,0.6209220264638355
linear_regression,97,106,0.5960038900375366,0.6163877836997756
linear_regression,97,107,0.6245052814483643,0.5996999978386407
linear_regression,97,108,0.5968737602233887,0.6260019751506001
linear_regression,97,109,0.5946517586708069,0.5999290793289958
linear_regression,97,110,0.6425197720527649,0.5981252998168862
linear_regression,97,111,0.5901207327842712,0.6417205036549078
linear_regression,97,112,0.6573327779769897,0.5936768574400709
linear_regression,97,113,0.6581162214279175,0.6563153898146334
linear_regression,97,114,0.688221275806427,0.6557974500580712
linear_regression,97,115,0.6720920205116272,0.682866939995219
linear_regression,97,116,0.6375203132629395,0.6686080702225626
linear_regression,97,117,0.7365031242370605,0.6373292866722696
linear_regression,97,118,0.6662959456443787,0.7351593340751718
linear_regression,97,119,0.6961278915405273,0.6656926280548358
linear_regression,97,120,0.6745209693908691,0.6938039611509893
linear_regression,97,121,0.708134651184082,0.6712977100057409
linear_regression,97,122,0.7383592128753662,0.703123201140019
linear_regression,97,123,0.7277300357818604,0.7296314179989215
linear_regression,97,124,0.7375231981277466,0.720278026138414
linear_regression,97,125,0.6448088884353638,0.7302033124018737
linear_regression,97,126,0.7860755324363708,0.6434337357440805
linear_regression,97,127,0.7334197163581848,0.7757586772940771
linear_regression,97,128,0.745583176612854,0.725486041159178
linear_regression,97,129,0.8070142865180969,0.734626752175264
linear_regression,97,130,0.6747047305107117,0.7958295906719549
linear_regression,97,131,0.742059051990509,0.6727936855652306
linear_regression,97,132,0.7619298696517944,0.7341805030703104
linear_regression,97,133,0.7436699867248535,0.7507326276757902
linear_regression,97,134,0.7473816871643066,0.7336822605549338
linear_regression,97,135,0.8024333119392395,0.7398848760719946
linear_regression,97,136,0.6937392950057983,0.7883305211809015
linear_regression,97,137,0.8466776609420776,0.6889868438633705
linear_regression,97,138,0.7440027594566345,0.8308879862763452
linear_regression,97,139,0.7763617634773254,0.7389370468334044
linear_regression,97,140,0.734934389591217,0.764685411167474
linear_regression,97,141,0.7716816067695618,0.7308142018455857
linear_regression,97,142,0.806876540184021,0.7580089692105157
linear_regression,97,143,0.7461366057395935,0.7956867049373002
linear_regression,97,144,0.7891677618026733,0.7387247292139082
linear_regression,97,145,0.7004277110099792,0.7724600766632336
linear_regression,97,146,0.7015472650527954,0.6974985450594833
linear_regression,97,147,0.7655442953109741,0.6968773762257576
linear_regression,97,148,0.8495509624481201,0.7547634742421322
linear_regression,97,149,0.7377217411994934,0.833257975904282
linear_regression,97,150,0.7210580110549927,0.7311276752545398
linear_regression,97,151,0.7290616035461426,0.7141405125192353
linear_regression,97,152,0.7023833394050598,0.7223797139474707
linear_regression,97,153,0.772807240486145,0.6982501084726301
linear_regression,97,154,0.6893957853317261,0.7608809909308554
linear_regression,97,155,0.8005481362342834,0.6855471245972778
linear_regression,97,156,0.7501811981201172,0.7839427246066043
linear_regression,97,157,0.7324636578559875,0.7378806651728788
linear_regression,97,158,0.7820594906806946,0.7284772926471131
linear_regression,97,159,0.6938431262969971,0.7697658472487611
linear_regression,97,160,0.7810184955596924,0.6886315020462984
linear_regression,97,161,0.7718573212623596,0.7707035137059324
linear_regression,97,162,0.7204087972640991,0.7611308156350617
linear_regression,97,163,0.8004406690597534,0.7157725749308569
linear_regression,97,164,0.6918164491653442,0.7814893945862538
linear_regression,97,165,0.7079468965530396,0.6905736766038794
linear_regression,97,166,0.7318915128707886,0.7025913135674381
linear_regression,97,167,0.6903805136680603,0.7277464167308403
linear_regression,97,168,0.8436362147331238,0.6849115762573249
linear_regression,97,169,0.7925236821174622,0.8264624099047374
linear_regression,97,170,0.7518668174743652,0.7798010731242176
linear_regression,97,171,0.7620856165885925,0.7412890636457734
linear_regression,97,172,0.6700423955917358,0.7495311971246558
linear_regression,97,173,0.7177200317382812,0.6662238826683786
linear_regression,97,174,0.704410195350647,0.7124144384284108
linear_regression,97,175,0.6510962247848511,0.6999491696087654
linear_regression,97,176,0.7007716298103333,0.6503168756873104
linear_regression,97,177,0.6773188710212708,0.6962851924415036
linear_regression,97,178,0.6989867091178894,0.6731774417540725
linear_regression,97,179,0.7847142815589905,0.6950837925726503
linear_regression,97,180,0.6627028584480286,0.7705271888339534
linear_regression,97,181,0.711593747138977,0.6591410135671865
linear_regression,97,182,0.7277868390083313,0.7073904499686967
linear_regression,97,183,0.7203888893127441,0.7208146223227264
linear_regression,97,184,0.7676937580108643,0.7147010633846198
linear_regression,97,185,0.6757211685180664,0.7565200962714245
linear_regression,97,186,0.7311608791351318,0.6731913533794478
linear_regression,97,187,0.75642329454422,0.7246489474120884
linear_regression,97,188,0.6822155117988586,0.745956356060675
linear_regression,97,189,0.7008649706840515,0.6798229043435136
linear_regression,97,190,0.7382549047470093,0.6968104134707672
linear_regression,97,191,0.6851025819778442,0.7340770820813224
linear_regression,97,192,0.7227553725242615,0.6826296904409825
linear_regression,97,193,0.7184408903121948,0.7174028290833723
linear_regression,97,194,0.7321375608444214,0.7145919578818393
linear_regression,97,195,0.7420316934585571,0.7279504629762523
linear_regression,97,196,0.7467273473739624,0.7335058023912355
linear_regression,97,197,0.6929988861083984,0.7382139161790767
linear_regression,97,198,0.7049446702003479,0.6878255479700782
linear_regression,97,199,0.6531329154968262,0.6994895622613845
linear_regression,97,200,0.7634146213531494,0.652948184193742
linear_regression,97,201,0.6975274085998535,0.7513962914776366
linear_regression,97,202,0.6951733231544495,0.6928310043860398
linear_regression,97,203,0.7278262376785278,0.6921109607257847
linear_regression,97,204,0.7545203566551208,0.722454158476307
linear_regression,97,205,0.790539562702179,0.7426875592958091
linear_regression,97,206,0.6842795014381409,0.7786567393081175
linear_regression,97,207,0.7496922612190247,0.680661599469375
linear_regression,97,208,0.7376833558082581,0.7415428645384802
linear_regression,97,209,0.6975736021995544,0.7304618361673997
linear_regression,97,210,0.6968421936035156,0.6924250532203006
linear_regression,97,211,0.7278618812561035,0.6939463663318581
linear_regression,97,212,0.7533484101295471,0.7237425694442257
linear_regression,97,213,0.6923345923423767,0.7424252917772483
linear_regression,97,214,0.7252259850502014,0.6884746519514067
linear_regression,97,215,0.7200977206230164,0.7191397321342754
linear_regression,97,216,0.7498475909233093,0.7169788957239573
linear_regression,97,217,0.7138345241546631,0.7414728244136684
linear_regression,97,218,0.6631834506988525,0.7089436542311462
linear_regression,97,219,0.7737390398979187,0.6595374470688045
linear_regression,97,220,0.757041871547699,0.7579900347702146
linear_regression,97,221,0.7348988652229309,0.7503331124182757
linear_regression,97,222,0.7228065729141235,0.7284448805536773
linear_regression,97,223,0.7874475717544556,0.7149740408502704
linear_regression,97,224,0.7319516539573669,0.774007503298349
linear_regression,97,225,0.6625758409500122,0.7268226367030481
linear_regression,97,226,0.6526052951812744,0.6612553955867319
linear_regression,97,227,0.7073284387588501,0.6507810790639605
linear_regression,97,228,0.7360735535621643,0.7040135149244224
linear_regression,97,229,0.6601088047027588,0.7278203806103729
linear_regression,97,230,0.6788966059684753,0.6603434822174048
linear_regression,97,231,0.6535307765007019,0.678851908111604
linear_regression,97,232,0.682296633720398,0.6525996456376782
linear_regression,97,233,0.6678760647773743,0.6807660303007613
linear_regression,97,234,0.6436439156532288,0.6648893755339451
linear_regression,97,235,0.6669417023658752,0.6431475506983055
linear_regression,97,236,0.6440983414649963,0.6677651141207266
linear_regression,97,237,0.6761545538902283,0.6447024713872501
linear_regression,97,238,0.6078945994377136,0.6724321457313448
linear_regression,97,239,0.6347536444664001,0.6099199729077239
linear_regression,97,240,0.6574151515960693,0.635076530601698
linear_regression,97,241,0.6849278807640076,0.6561663774052734
linear_regression,97,242,0.6356636881828308,0.6808247364579513
linear_regression,97,243,0.6660596132278442,0.6370059385410004
linear_regression,97,244,0.61516934633255,0.6638961626334904
linear_regression,97,245,0.463775098323822,0.6177235388561043
linear_regression,97,246,0.5907142162322998,0.4607344576374196
linear_regression,97,247,0.6275177597999573,0.5945082410818716
linear_regression,97,248,0.6096348166465759,0.6275999892098313
linear_regression,97,249,0.5732287168502808,0.6128245257509032
linear_regression,97,250,0.5001904368400574,0.5786317133734769
linear_regression,97,251,0.5351134538650513,0.513084845093231
linear_regression,97,252,0.4879767596721649,0.5442412127335938
linear_regression,97,253,0.5032883882522583,0.48092086414106244
linear_regression,97,254,0.5845337510108948,0.5147655753445155
linear_regression,97,255,0.4798104763031006,0.5884804308946134
linear_regression,97,256,0.5108422040939331,0.4739710089336639
linear_regression,97,257,0.5159651041030884,0.5215376364596676
linear_regression,97,258,0.5083356499671936,0.5259534818040619
linear_regression,97,259,0.500489354133606,0.5196798182403226
linear_regression,97,260,0.4732385575771332,0.5136995789573453
linear_regression,97,261,0.4207465946674347,0.46823612718178187
linear_regression,97,262,0.403998464345932,0.42351512262535
linear_regression,97,263,0.4818935692310333,0.4076609768823016
linear_regression,97,264,0.4263339638710022,0.4746512472126225
linear_regression,97,265,0.4635081887245178,0.42813848134169047
linear_regression,97,266,0.415725976228714,0.4598051375458466
linear_regression,97,267,0.4113725125789642,0.41693366441996466
linear_regression,97,268,0.4621129930019378,0.4150639640729944
linear_regression,97,269,0.4006384909152984,0.4590049885018043
linear_regression,97,270,0.4167140424251556,0.40357584758312115
linear_regression,97,271,0.4239511787891388,0.4165054770468466
linear_regression,97,272,0.4176854193210602,0.42399688796895046
linear_regression,97,273,0.4107857644557953,0.41998821199984976
linear_regression,97,274,0.3334346413612366,0.4094270732162675
linear_regression,97,275,0.403422087430954,0.34821375337010596
linear_regression,97,276,0.366811603307724,0.40677874599152014
linear_regression,97,277,0.3674441277980804,0.3736950180447566
linear_regression,97,278,0.3674739301204681,0.3777534355912325
linear_regression,97,279,0.3432473540306091,0.37646855179764255
linear_regression,97,280,0.2690850794315338,0.35385409742407475
linear_regression,97,281,0.3633090555667877,0.29287879347950974
linear_regression,97,282,0.3354794681072235,0.37479537302845944
linear_regression,97,283,0.3491747379302978,0.34771181152500474
linear_regression,97,284,0.3689718246459961,0.3595930652297299
linear_regression,97,285,0.3127134442329407,0.3775685021950803
linear_regression,97,286,0.3500805795192718,0.33146523930470106
linear_regression,97,287,0.3551312685012817,0.35968014420956224
linear_regression,97,288,0.3270505368709564,0.3639395821187817
linear_regression,97,289,0.3289807438850403,0.34498138336330963
linear_regression,98,0,0.4736390113830566,0.3694762976051523
linear_regression,98,1,0.3788112103939056,0.4688454840255232
linear_regression,98,2,0.516171932220459,0.3859191752856931
linear_regression,98,3,0.3804955184459686,0.5272487681866178
linear_regression,98,4,0.4629805088043213,0.38700379684567643
linear_regression,98,5,0.4264709651470184,0.4604827132803527
linear_regression,98,6,0.4156748354434967,0.4280483255917596
linear_regression,98,7,0.4420420825481415,0.41796155254331424
linear_regression,98,8,0.3805055916309356,0.43997743339287976
linear_regression,98,9,0.5253375172615051,0.3876197341786134
linear_regression,98,10,0.5055944323539734,0.5356908761549829
linear_regression,98,11,0.4805147349834442,0.5178234223477982
linear_regression,98,12,0.476109892129898,0.475306521651736
linear_regression,98,13,0.5534148216247559,0.47017585635690173
linear_regression,98,14,0.4397242963314056,0.5608714540515687
linear_regression,98,15,0.5229984521865845,0.4378758157191864
linear_regression,98,16,0.4872120320796966,0.532797556923025
linear_regression,98,17,0.4867848753929138,0.48148230328429226
linear_regression,98,18,0.4874393045902252,0.47997680508371693
linear_regression,98,19,0.4712285101413727,0.4826254199647657
linear_regression,98,20,0.4606994092464447,0.46727781922407235
linear_regression,98,21,0.4733313024044037,0.4592473030812382
linear_regression,98,22,0.4262847900390625,0.4699652639787184
linear_regression,98,23,0.4961898922920227,0.4293993500569172
linear_regression,98,24,0.5077304244041443,0.48890337557719066
linear_regression,98,25,0.5257107615470886,0.5194177943189371
linear_regression,98,26,0.4829608201980591,0.53488620984467
linear_regression,98,27,0.4640228450298309,0.476128452341002
linear_regression,98,28,0.472743809223175,0.4610521408941924
linear_regression,98,29,0.4223733246326446,0.46689206144357887
linear_regression,98,30,0.4882501065731048,0.42548837524418726
linear_regression,98,31,0.4765442311763763,0.4812968161052743
linear_regression,98,32,0.4589785635471344,0.47104142397725235
linear_regression,98,33,0.4148363471031189,0.45666659125095405
linear_regression,98,34,0.428359717130661,0.41735400061522165
linear_regression,98,35,0.4447622299194336,0.43030235211673323
linear_regression,98,36,0.4915724396705627,0.4422764145969581
linear_regression,98,37,0.4715999960899353,0.48504159144859516
linear_regression,98,38,0.4293586909770965,0.467180156276595
linear_regression,98,39,0.4811665713787079,0.4292332821668333
linear_regression,98,40,0.4503794908523559,0.47623473617829765
linear_regression,98,41,0.4391627311706543,0.449760527826277
linear_regression,98,42,0.4529400765895843,0.4385935844890693
linear_regression,98,43,0.5119304656982422,0.4516506671352219
linear_regression,98,44,0.5116751194000244,0.523790129814247
linear_regression,98,45,0.5705364346504211,0.5231491387271073
linear_regression,98,46,0.5299270153045654,0.5761640758344669
linear_regression,98,47,0.5340457558631897,0.5395853345513291
linear_regression,98,48,0.4827328622341156,0.543000782045667
linear_regression,98,49,0.5019895434379578,0.47635314442071824
linear_regression,98,50,0.4942253530025482,0.5146788219891413
linear_regression,98,51,0.5433468222618103,0.4880390275462413
linear_regression,98,52,0.50873863697052,0.5518049522901528
linear_regression,98,53,0.5535591244697571,0.5206146786954022
linear_regression,98,54,0.4458649158477783,0.560863758632267
linear_regression,98,55,0.5388414263725281,0.4454933635251369
linear_regression,98,56,0.5875481963157654,0.5477776067456219
linear_regression,98,57,0.5719628930091858,0.591782233761405
linear_regression,98,58,0.5245214700698853,0.5775291429432636
linear_regression,98,59,0.5802670121192932,0.5344652177698412
linear_regression,98,60,0.5184736251831055,0.585260673135037
linear_regression,98,61,0.559737503528595,0.528707212433066
linear_regression,98,62,0.4730138480663299,0.5665094514380671
linear_regression,98,63,0.5470907092094421,0.46791850137600627
linear_regression,98,64,0.4612188935279846,0.554866800749729
linear_regression,98,65,0.4539452791213989,0.45610963281276046
linear_regression,98,66,0.5129055976867676,0.4515392314969897
linear_regression,98,67,0.5531477928161621,0.5240091928459565
linear_regression,98,68,0.4842354357242584,0.5605016456610104
linear_regression,98,69,0.453937828540802,0.4795708435704173
linear_regression,98,70,0.5019807815551758,0.45177406612216453
linear_regression,98,71,0.4296365082263946,0.5145118352988115
linear_regression,98,72,0.5201123356819153,0.42631053547344017
linear_regression,98,73,0.5253587961196899,0.5301950056496018
linear_regression,98,74,0.4527624249458313,0.5362161519800133
linear_regression,98,75,0.4829888939857483,0.450222722159754
linear_regression,98,76,0.5229490399360657,0.4757451277069156
linear_regression,98,77,0.4389472901821136,0.5337590465518373
linear_regression,98,78,0.4479747116565704,0.43989839096733346
linear_regression,98,79,0.491432636976242,0.4463058347627633
linear_regression,98,80,0.4670443832874298,0.4844687942060914
linear_regression,98,81,0.4521136283874511,0.4627221452442262
linear_regression,98,82,0.4584217965602875,0.45025664699851603
linear_regression,98,83,0.5126170516014099,0.45576979134878276
linear_regression,98,84,0.4537525475025177,0.5236156867737718
linear_regression,98,85,0.5547951459884644,0.45159409849395593
linear_regression,98,86,0.4974526762962341,0.5619695967641023
linear_regression,98,87,0.4588685035705566,0.4898354215942688
linear_regression,98,88,0.4320845305919647,0.4547577371849048
linear_regression,98,89,0.4608370065689087,0.4310467034966951
linear_regression,98,90,0.4816646873950958,0.45711676454076244
linear_regression,98,91,0.5026698708534241,0.47571073782519624
linear_regression,98,92,0.5378788709640503,0.5132560421940784
linear_regression,98,93,0.4834473729133606,0.5467881581881073
linear_regression,98,94,0.4700516164302826,0.47677902924182747
linear_regression,98,95,0.5448175072669983,0.465315331342182
linear_regression,98,96,0.5405008792877197,0.5530856196205344
linear_regression,98,97,0.5159720182418823,0.5487988380084223
linear_regression,98,98,0.5196834206581116,0.5271395072845989
linear_regression,98,99,0.5176867842674255,0.52977770943704
linear_regression,98,100,0.6284042000770569,0.5285234849358003
linear_regression,98,101,0.5099387168884277,0.6300900045128374
linear_regression,98,102,0.5222236514091492,0.5216485057002166
linear_regression,98,103,0.5894520282745361,0.5324748805474595
linear_regression,98,104,0.4844835698604584,0.5931140379621556
linear_regression,98,105,0.6064448952674866,0.4779785600305574
linear_regression,98,106,0.5692882537841797,0.6092421186767791
linear_regression,98,107,0.607763946056366,0.5751192934054197
linear_regression,98,108,0.6325076818466187,0.6108777407490942
linear_regression,98,109,0.6191918849945068,0.6334416757437785
linear_regression,98,110,0.6552001237869263,0.6202067081471265
linear_regression,98,111,0.632358729839325,0.6540519023603758
linear_regression,98,112,0.6057285666465759,0.632479323486745
linear_regression,98,113,0.5566733479499817,0.6076275444822701
linear_regression,98,114,0.6795437335968018,0.5637047814528122
linear_regression,98,115,0.7249428033828735,0.6765280566681718
linear_regression,98,116,0.6634782552719116,0.720213170426073
linear_regression,98,117,0.6588120460510254,0.6619749278919275
linear_regression,98,118,0.6130203008651733,0.6573617760055351
linear_regression,98,119,0.755459725856781,0.6155802376997742
linear_regression,98,120,0.6998289823532104,0.7453294611583222
linear_regression,98,121,0.7119983434677124,0.6954700785496225
linear_regression,98,122,0.6784924864768982,0.7050551178140287
linear_regression,98,123,0.7429600358009338,0.6758055321757647
linear_regression,98,124,0.6952356696128845,0.7352145811709101
linear_regression,98,125,0.740587592124939,0.6931094234598402
linear_regression,98,126,0.7091513872146606,0.7291363616261974
linear_regression,98,127,0.6914148926734924,0.7034165214291966
linear_regression,98,128,0.7818991541862488,0.6881296542776524
linear_regression,98,129,0.7028915286064148,0.7698846891911887
linear_regression,98,130,0.7719087600708008,0.6985893262891104
linear_regression,98,131,0.7807868123054504,0.7591464458333116
linear_regression,98,132,0.7376362085342407,0.7681225751368979
linear_regression,98,133,0.7339840531349182,0.7293436360463673
linear_regression,98,134,0.7593420147895813,0.7263716310772551
linear_regression,98,135,0.7469087243080139,0.747020016271876
linear_regression,98,136,0.7680423855781555,0.7382375306654586
linear_regression,98,137,0.7418798208236694,0.7541941740053723
linear_regression,98,138,0.7860676646232605,0.7349894276660053
linear_regression,98,139,0.7625696063041687,0.7750052847682211
linear_regression,98,140,0.7433796525001526,0.7526368971483258
linear_regression,98,141,0.7098017334938049,0.7377584892915567
linear_regression,98,142,0.7547472715377808,0.7044799273183463
linear_regression,98,143,0.7416882514953613,0.741486578862034
linear_regression,98,144,0.7512046098709106,0.7318705485043028
linear_regression,98,145,0.7624855041503906,0.7437885853838686
linear_regression,98,146,0.7724108695983887,0.7553954505273025
linear_regression,98,147,0.7523325085639954,0.763273678288204
linear_regression,98,148,0.7414045333862305,0.7429913726273365
linear_regression,98,149,0.7219128012657166,0.7331709866094467
linear_regression,98,150,0.7385384440422058,0.7138814493810233
linear_regression,98,151,0.6814117431640625,0.7322674303553293
linear_regression,98,152,0.7778367400169373,0.6798872773134675
linear_regression,98,153,0.726490318775177,0.7625193774877341
linear_regression,98,154,0.6882385015487671,0.721618340281677
linear_regression,98,155,0.6715608239173889,0.6859855347744476
linear_regression,98,156,0.7363566160202026,0.6710398185285649
linear_regression,98,157,0.7495898008346558,0.7302365419276552
linear_regression,98,158,0.7795451283454895,0.7425184679325937
linear_regression,98,159,0.7420428395271301,0.7707390360752973
linear_regression,98,160,0.8016734719276428,0.7370804339623622
linear_regression,98,161,0.7554928660392761,0.7881213048143071
linear_regression,98,162,0.8266294598579407,0.7478522734280079
linear_regression,98,163,0.7499259114265442,0.808869203777536
linear_regression,98,164,0.7977199554443359,0.7454875139672589
linear_regression,98,165,0.7949168682098389,0.7872521072769156
linear_regression,98,166,0.7812827825546265,0.7772097563877276
linear_regression,98,167,0.7826758623123169,0.766635970357796
linear_regression,98,168,0.7585078477859497,0.7710573248611244
linear_regression,98,169,0.7242783904075623,0.7442842725368337
linear_regression,98,170,0.7722223401069641,0.719013241450922
linear_regression,98,171,0.7942418456077576,0.7612359534482755
linear_regression,98,172,0.7198044657707214,0.7814091415006501
linear_regression,98,173,0.750629186630249,0.7160582562503895
linear_regression,98,174,0.7498219609260559,0.7366338500414287
linear_regression,98,175,0.7708017826080322,0.7429224074949372
linear_regression,98,176,0.8117174506187439,0.7562500265839293
linear_regression,98,177,0.7539085149765015,0.7983260989315365
linear_regression,98,178,0.7925355434417725,0.7404709018082831
linear_regression,98,179,0.7865269780158997,0.7808114835532763
linear_regression,98,180,0.7575436234474182,0.7707377348962241
linear_regression,98,181,0.7968611121177673,0.7429608978372538
linear_regression,98,182,0.7227457165718079,0.7776915890323205
linear_regression,98,183,0.7348630428314209,0.7161801326300444
linear_regression,98,184,0.7980238795280457,0.7278835710840482
linear_regression,98,185,0.7008748054504395,0.7864889204650455
linear_regression,98,186,0.7145453095436096,0.6966727806270829
linear_regression,98,187,0.7468096613883972,0.7094658051705975
linear_regression,98,188,0.7401921153068542,0.7405134263795334
linear_regression,98,189,0.7142598032951355,0.7347362950661048
linear_regression,98,190,0.7031517028808594,0.7082066662285418
linear_regression,98,191,0.6592960953712463,0.6992305446008811
linear_regression,98,192,0.7432756423950195,0.6577354491206379
linear_regression,98,193,0.6719423532485962,0.7358343647678486
linear_regression,98,194,0.6835258603096008,0.670649700935828
linear_regression,98,195,0.6926563382148743,0.6807692438304044
linear_regression,98,196,0.6871032118797302,0.6890713072311053
linear_regression,98,197,0.7137114405632019,0.6844818697660547
linear_regression,98,198,0.7138339281082153,0.7080250089834077
linear_regression,98,199,0.6827421188354492,0.7074772087998319
linear_regression,98,200,0.6694730520248413,0.6788651450908251
linear_regression,98,201,0.6697919368743896,0.6669558056363031
linear_regression,98,202,0.7110186219215393,0.6672473159697894
linear_regression,98,203,0.7155635952949524,0.7073212463689411
linear_regression,98,204,0.6648595333099365,0.710057692944125
linear_regression,98,205,0.6684927344322205,0.6632743563863027
linear_regression,98,206,0.7094082832336426,0.6651341264864508
linear_regression,98,207,0.7268223762512207,0.706135600477223
linear_regression,98,208,0.6495248079299927,0.7191869682239528
linear_regression,98,209,0.7790272235870361,0.6475282719778418
linear_regression,98,210,0.6817408800125122,0.7659309256110252
linear_regression,98,211,0.6943850517272949,0.676127160333054
linear_regression,98,212,0.6832714080810547,0.6905095478881592
linear_regression,98,213,0.6721374988555908,0.6792058751795605
linear_regression,98,214,0.681108832359314,0.6696245203126796
linear_regression,98,215,0.7692126631736755,0.6785146736585654
linear_regression,98,216,0.7292567491531372,0.7597230891832988
linear_regression,98,217,0.7201287746429443,0.7239530567740273
linear_regression,98,218,0.7439188957214355,0.713740801702741
linear_regression,98,219,0.7138600945472717,0.7379891794995496
linear_regression,98,220,0.727994441986084,0.7117691644007504
linear_regression,98,221,0.6675564646720886,0.7222330811314588
linear_regression,98,222,0.6808457374572754,0.665860127154289
linear_regression,98,223,0.6668577790260315,0.6796760556344923
linear_regression,98,224,0.7094470262527466,0.6638577623389571
linear_regression,98,225,0.6560508012771606,0.7037539461843481
linear_regression,98,226,0.7141962051391602,0.6549249248055898
linear_regression,98,227,0.6780372262001038,0.7124106143786605
linear_regression,98,228,0.7230591177940369,0.6766637172856617
linear_regression,98,229,0.6700477600097656,0.7136225781783333
linear_regression,98,230,0.6617251038551331,0.6676880365879425
linear_regression,98,231,0.6639087200164795,0.6589633659447438
linear_regression,98,232,0.6792045831680298,0.6627002251301201
linear_regression,98,233,0.6406064629554749,0.6785083995974791
linear_regression,98,234,0.6096593141555786,0.6406177662753253
linear_regression,98,235,0.6526637077331543,0.6124637745122206
linear_regression,98,236,0.620964527130127,0.6532559395007643
linear_regression,98,237,0.6374190449714661,0.6236137360910003
linear_regression,98,238,0.6541830897331238,0.6380853714019072
linear_regression,98,239,0.6107735633850098,0.6528966793226201
linear_regression,98,240,0.6099767088890076,0.61257520594829
linear_regression,98,241,0.6239323019981384,0.6116523247499243
linear_regression,98,242,0.6847800612449646,0.6240379139689067
linear_regression,98,243,0.5371139645576477,0.6809540383057365
linear_regression,98,244,0.5697590112686157,0.5458008456141872
linear_regression,98,245,0.5666037797927856,0.5754472226093578
linear_regression,98,246,0.5861017107963562,0.572547071586528
linear_regression,98,247,0.5581086874008179,0.5899315860380497
linear_regression,98,248,0.6157258749008179,0.5647389745152056
linear_regression,98,249,0.5696588754653931,0.6171663649205914
linear_regression,98,250,0.5806643962860107,0.5752864730768158
linear_regression,98,251,0.538384199142456,0.5851787230346471
linear_regression,98,252,0.5989879965782166,0.5467408715149696
linear_regression,98,253,0.6319746971130371,0.6022625940120815
linear_regression,98,254,0.4877690076828003,0.6326631438748267
linear_regression,98,255,0.5115979909896851,0.4813269190763211
linear_regression,98,256,0.521579921245575,0.5233486221320609
linear_regression,98,257,0.452767014503479,0.5321269057067057
linear_regression,98,258,0.512201726436615,0.44918401343897246
linear_regression,98,259,0.4720625579357147,0.5233033897970505
linear_regression,98,260,0.523227334022522,0.46840945686541163
linear_regression,98,261,0.4357999563217163,0.5334631389532798
linear_regression,98,262,0.4610878527164459,0.4353771728957345
linear_regression,98,263,0.4330941438674927,0.4571774305951284
linear_regression,98,264,0.4067510962486267,0.4325193696860708
linear_regression,98,265,0.4475959241390228,0.4108069474087519
linear_regression,98,266,0.4688661694526672,0.4466957359815588
linear_regression,98,267,0.398899644613266,0.46439909016371
linear_regression,98,268,0.366223931312561,0.40422240163152506
linear_regression,98,269,0.4041619002819061,0.3755943128763186
linear_regression,98,270,0.4461075067520141,0.4070886654820237
linear_regression,98,271,0.4075385928153991,0.44445101795595127
linear_regression,98,272,0.3816253244876861,0.41184523303771864
linear_regression,98,273,0.4156859219074249,0.3849138198134696
linear_regression,98,274,0.3966563940048218,0.41788100151680524
linear_regression,98,275,0.4627545177936554,0.40056085780468964
linear_regression,98,276,0.4271025061607361,0.46002269297242915
linear_regression,98,277,0.3367102444171905,0.4289595490695397
linear_regression,98,278,0.4118764698505401,0.3470392204047686
linear_regression,98,279,0.317676693201065,0.4143144323154661
linear_regression,98,280,0.4182767570018768,0.33469298862444347
linear_regression,98,281,0.3744233846664428,0.42001948891154145
linear_regression,98,282,0.3327618837356567,0.38386472041120373
linear_regression,98,283,0.3725249171257019,0.34582014885064183
linear_regression,98,284,0.3027822375297546,0.3796463839557305
linear_regression,98,285,0.3785594403743744,0.3196414498241614
linear_regression,98,286,0.3737797737121582,0.38727876509635645
linear_regression,98,287,0.3114427924156189,0.38160511367961075
linear_regression,98,288,0.3550772964954376,0.3281157408940237
linear_regression,98,289,0.3229065835475921,0.36528290179926737
linear_regression,99,0,0.5068700909614563,0.40689562991006
linear_regression,99,1,0.4452753961086273,0.5194304681913717
linear_regression,99,2,0.4285410940647125,0.44409588501781133
linear_regression,99,3,0.4289696812629699,0.42913634849275545
linear_regression,99,4,0.4254032075405121,0.43207354838361783
linear_regression,99,5,0.456011027097702,0.42694649124993567
linear_regression,99,6,0.4872322082519531,0.45332737138584156
linear_regression,99,7,0.4323075711727142,0.4815957582168084
linear_regression,99,8,0.4344507157802582,0.43161874998436245
linear_regression,99,9,0.471279501914978,0.4326823571713446
linear_regression,99,10,0.4523752927780151,0.4666085909338538
linear_regression,99,11,0.4934735596179962,0.4505581802041203
linear_regression,99,12,0.3969652354717254,0.48701218784266237
linear_regression,99,13,0.4875061810016632,0.40127294374592937
linear_regression,99,14,0.4462868869304657,0.48114973937363764
linear_regression,99,15,0.4334726631641388,0.44433192754238754
linear_regression,99,16,0.3785217702388763,0.43338686416466654
linear_regression,99,17,0.4525811970233917,0.38709083254927296
linear_regression,99,18,0.4527609050273895,0.45023862650793317
linear_regression,99,19,0.4816277325153351,0.4494071219246705
linear_regression,99,20,0.4848707318305969,0.4753771321675606
linear_regression,99,21,0.4202027320861816,0.4783216959481283
linear_regression,99,22,0.5122648477554321,0.4231045938252759
linear_regression,99,23,0.4060324728488922,0.5236444264586485
linear_regression,99,24,0.4400457441806793,0.40864473631123466
linear_regression,99,25,0.3950598835945129,0.438294826754302
linear_regression,99,26,0.3617792427539825,0.39937373703929413
linear_regression,99,27,0.4076639115810394,0.3710083118934444
linear_regression,99,28,0.4297774732112884,0.4094073587071242
linear_regression,99,29,0.4561933577060699,0.42961904515842003
linear_regression,99,30,0.3943213224411011,0.45202590376920687
linear_regression,99,31,0.4307110607624054,0.39965275171263603
linear_regression,99,32,0.4389752447605133,0.4307515699199657
linear_regression,99,33,0.4132052063941955,0.43746002116748833
linear_regression,99,34,0.4103221297264099,0.4162368368711668
linear_regression,99,35,0.3596886694431305,0.4138456148453186
linear_regression,99,36,0.4258232712745666,0.36733152435683153
linear_regression,99,37,0.3847809731960296,0.427443286721876
linear_regression,99,38,0.3779942095279693,0.390783014697927
linear_regression,99,39,0.4424033164978027,0.38536559423302497
linear_regression,99,40,0.4514256715774536,0.44149221439250785
linear_regression,99,41,0.3856963217258453,0.44880352434702264
linear_regression,99,42,0.3447031080722809,0.3911970001957619
linear_regression,99,43,0.4574782848358154,0.35780940937198197
linear_regression,99,44,0.4313910007476806,0.45258864991208414
linear_regression,99,45,0.3785613775253296,0.4317912817700831
linear_regression,99,46,0.3974676728248596,0.3831825485715071
linear_regression,99,47,0.4302020072937011,0.40242903865680435
linear_regression,99,48,0.4536812007427215,0.4298333024223159
linear_regression,99,49,0.3932814002037048,0.452056579833194
linear_regression,99,50,0.3979149162769317,0.400799541764038
linear_regression,99,51,0.3958125114440918,0.4011601050285548
linear_regression,99,52,0.3943336308002472,0.39908587312453386
linear_regression,99,53,0.422461450099945,0.40058573030777656
linear_regression,99,54,0.4025402367115021,0.42522802336083887
linear_regression,99,55,0.4482655227184295,0.40907649341693375
linear_regression,99,56,0.4063190817832947,0.44710390098783603
linear_regression,99,57,0.469307005405426,0.40764248506842293
linear_regression,99,58,0.3644441068172455,0.4656295238899285
linear_regression,99,59,0.4269549548625946,0.3755560735389277
linear_regression,99,60,0.4393332004547119,0.4294943040918602
linear_regression,99,61,0.4000812172889709,0.4372006589463174
linear_regression,99,62,0.4146108031272888,0.40272867970295745
linear_regression,99,63,0.3806372582912445,0.41562973355738214
linear_regression,99,64,0.4101079404354095,0.38788756796384216
linear_regression,99,65,0.3158904910087585,0.4125998737490836
linear_regression,99,66,0.4235090613365173,0.33306121372559977
linear_regression,99,67,0.4576030969619751,0.426453119119965
linear_regression,99,68,0.4634507894515991,0.45268002204154567
linear_regression,99,69,0.4115446507930755,0.4591570897649269
linear_regression,99,70,0.4522956609725952,0.4116748456561484
linear_regression,99,71,0.4380531907081604,0.447815449060105
linear_regression,99,72,0.4694962203502655,0.4375730813297895
linear_regression,99,73,0.4983924031257629,0.4643077247002135
linear_regression,99,74,0.4800027012825012,0.49077278888107045
linear_regression,99,75,0.4734677672386169,0.475256002418087
linear_regression,99,76,0.516348659992218,0.46851846313190854
linear_regression,99,77,0.4171941876411438,0.5277128146428797
linear_regression,99,78,0.5396168828010559,0.41712515455864346
linear_regression,99,79,0.5137578248977661,0.5487308959351651
linear_regression,99,80,0.4836399555206299,0.5260689408633347
linear_regression,99,81,0.4503381252288818,0.4776852524033754
linear_regression,99,82,0.5215868949890137,0.44867151386270016
linear_regression,99,83,0.4851136207580566,0.5322039892560987
linear_regression,99,84,0.5455212593078613,0.4790110907074628
linear_regression,99,85,0.5319848656654358,0.5535157487548255
linear_regression,99,86,0.5588585734367371,0.5411538092848134
linear_regression,99,87,0.5995990633964539,0.5657164565917291
linear_regression,99,88,0.6187523007392883,0.6030578686718099
linear_regression,99,89,0.5986717939376831,0.6204860951129154
linear_regression,99,90,0.6032177209854126,0.6017912705173641
linear_regression,99,91,0.591701328754425,0.6066367787282939
linear_regression,99,92,0.6809089183807373,0.5956148030289989
linear_regression,99,93,0.6701590418815613,0.6790888282228725
linear_regression,99,94,0.6971912384033203,0.6675707418555373
linear_regression,99,95,0.6916425824165344,0.6918922748044114
linear_regression,99,96,0.6581177711486816,0.6868270768803105
linear_regression,99,97,0.6658413410186768,0.6569508639548726
linear_regression,99,98,0.6981238126754761,0.6660713113697375
linear_regression,99,99,0.6979373693466187,0.6931821488276043
linear_regression,99,100,0.7026229500770569,0.6940415685137237
linear_regression,99,101,0.7008880376815796,0.6968440449913847
linear_regression,99,102,0.6575659513473511,0.6958619248874579
linear_regression,99,103,0.7190299034118652,0.6547949907628253
linear_regression,99,104,0.7456193566322327,0.7147167451497575
linear_regression,99,105,0.7132726311683655,0.7380835845051451
linear_regression,99,106,0.7188045978546143,0.7091876147059695
linear_regression,99,107,0.8307624459266663,0.7163783620799278
linear_regression,99,108,0.8168708682060242,0.8165744371473567
linear_regression,99,109,0.7091184854507446,0.8049049382375918
linear_regression,99,110,0.7810574173927307,0.7034026078409914
linear_regression,99,111,0.6780919432640076,0.766481112660178
linear_regression,99,112,0.8154520392417908,0.6755722851765074
linear_regression,99,113,0.8246258497238159,0.8046683980489073
linear_regression,99,114,0.7961737513542175,0.8122355244342223
linear_regression,99,115,0.8993815183639526,0.7822499275679277
linear_regression,99,116,0.8536235690116882,0.8859059548678054
linear_regression,99,117,0.7804837226867676,0.8313525154287019
linear_regression,99,118,0.8553836941719055,0.7683302532414453
linear_regression,99,119,0.932076334953308,0.8377876185447505
linear_regression,99,120,0.8246750831604004,0.9134598899691183
linear_regression,99,121,0.8244259357452393,0.8122754006544096
linear_regression,99,122,0.8660996556282043,0.8131878337233233
linear_regression,99,123,0.8588576912879944,0.8547903709337356
linear_regression,99,124,0.8239790201187134,0.840375863278986
linear_regression,99,125,0.8305315971374512,0.8118999440498026
linear_regression,99,126,0.9072688221931458,0.8157521069841189
linear_regression,99,127,0.8317418694496155,0.8873629412172573
linear_regression,99,128,0.7919946908950806,0.8201345446355609
linear_regression,99,129,0.7880150675773621,0.7753225357719957
linear_regression,99,130,0.7692354917526245,0.772897846770917
linear_regression,99,131,0.7709078192710876,0.7548496617484686
linear_regression,99,132,0.8089554309844971,0.7568459328186435
linear_regression,99,133,0.7665504217147827,0.792262050745239
linear_regression,99,134,0.867414116859436,0.7534884973145412
linear_regression,99,135,0.8421656489372253,0.8536929720353197
linear_regression,99,136,0.7940047383308411,0.8288052236235671
linear_regression,99,137,0.7514509558677673,0.7758947675346062
linear_regression,99,138,0.828460693359375,0.7365949674592316
linear_regression,99,139,0.8094317317008972,0.8120464830340262
linear_regression,99,140,0.8174357414245605,0.7956732838035454
linear_regression,99,141,0.8180891275405884,0.8042905143093546
linear_regression,99,142,0.786771833896637,0.8035034326820335
linear_regression,99,143,0.7718466520309448,0.7759107967281859
linear_regression,99,144,0.7454224228858948,0.7602216609481485
linear_regression,99,145,0.6980093717575073,0.7370639995806044
linear_regression,99,146,0.7738738059997559,0.6952431684618647
linear_regression,99,147,0.7728186845779419,0.7581834712167651
linear_regression,99,148,0.687355101108551,0.7602069414476343
linear_regression,99,149,0.6804909110069275,0.6829988022616352
linear_regression,99,150,0.7392265200614929,0.6778773594675452
linear_regression,99,151,0.7048901319503784,0.7350290111168831
linear_regression,99,152,0.6778436899185181,0.6999495112050288
linear_regression,99,153,0.6380543112754822,0.6753040124659755
linear_regression,99,154,0.6830199360847473,0.638348021000912
linear_regression,99,155,0.6606274843215942,0.6812552100544927
linear_regression,99,156,0.6333040595054626,0.6581442074967864
linear_regression,99,157,0.7088971138000488,0.6339022769957459
linear_regression,99,158,0.642670214176178,0.7060234907872261
linear_regression,99,159,0.6467349529266357,0.6424144868287028
linear_regression,99,160,0.7053689956665039,0.6459600921142381
linear_regression,99,161,0.6530011296272278,0.6994484803784742
linear_regression,99,162,0.6517410278320312,0.6522766889017502
linear_regression,99,163,0.6289222240447998,0.6525573861439606
linear_regression,99,164,0.6077983379364014,0.6294463822516589
linear_regression,99,165,0.616686999797821,0.6107123794439847
linear_regression,99,166,0.6093988418579102,0.6181187301572231
linear_regression,99,167,0.6316442489624023,0.6121396084109041
linear_regression,99,168,0.5677979588508606,0.6322197521538077
linear_regression,99,169,0.5613358616828918,0.5737146623847112
linear_regression,99,170,0.6176418662071228,0.5678333816720796
linear_regression,99,171,0.597392201423645,0.6187473734715027
linear_regression,99,172,0.5952383875846863,0.6007683682814631
linear_regression,99,173,0.5904342532157898,0.5985298533284752
linear_regression,99,174,0.6075925827026367,0.5942097461162911
linear_regression,99,175,0.587557852268219,0.6094711719980969
linear_regression,99,176,0.6205413937568665,0.5919289338346505
linear_regression,99,177,0.641588568687439,0.6221024154383404
linear_regression,99,178,0.5394099354743958,0.6414892702120571
linear_regression,99,179,0.6237860321998596,0.5478334591885032
linear_regression,99,180,0.5450835824012756,0.6237047829640926
linear_regression,99,181,0.562372088432312,0.553156336001466
linear_regression,99,182,0.4782840013504028,0.5687815105448234
linear_regression,99,183,0.677160918712616,0.4728543027035427
linear_regression,99,184,0.5774165391921997,0.6743957532008601
linear_regression,99,185,0.6507319808006287,0.5825997802163336
linear_regression,99,186,0.6190319657325745,0.648736450258822
linear_regression,99,187,0.5925551652908325,0.6204685106655995
linear_regression,99,188,0.5820781588554382,0.5959951954316338
linear_regression,99,189,0.6080214977264404,0.586681626471733
linear_regression,99,190,0.7137178778648376,0.6104164205250703
linear_regression,99,191,0.6293584108352661,0.7096853196187577
linear_regression,99,192,0.5854761004447937,0.629460080389415
linear_regression,99,193,0.6400689482688904,0.5897906838495511
linear_regression,99,194,0.7015727162361145,0.6411612200530943
linear_regression,99,195,0.6727657318115234,0.6967035568255603
linear_regression,99,196,0.6527581214904785,0.6689052812058185
linear_regression,99,197,0.6394945979118347,0.6532844044121314
linear_regression,99,198,0.5883110165596008,0.6390515346128212
linear_regression,99,199,0.6326178312301636,0.5921059932956668
linear_regression,99,200,0.6496340036392212,0.6338312949103736
linear_regression,99,201,0.6879106760025024,0.648948679930992
linear_regression,99,202,0.6571691632270813,0.6837282137395633
linear_regression,99,203,0.6872302889823914,0.657100503432573
linear_regression,99,204,0.711810290813446,0.6844576574606939
linear_regression,99,205,0.6840884685516357,0.7059431002223436
linear_regression,99,206,0.7221442461013794,0.6774515042031521
linear_regression,99,207,0.6740842461585999,0.7154301289349152
linear_regression,99,208,0.6922594308853149,0.6703317402592711
linear_regression,99,209,0.6951298117637634,0.6902435072835069
linear_regression,99,210,0.6567512154579163,0.6927848359161517
linear_regression,99,211,0.6979339122772217,0.6568048039078913
linear_regression,99,212,0.7538992166519165,0.6920162682896884
linear_regression,99,213,0.6872395873069763,0.7387550271309928
linear_regression,99,214,0.7049557566642761,0.6852695397129982
linear_regression,99,215,0.656211256980896,0.6999496454011633
linear_regression,99,216,0.6080474257469177,0.6561947120237529
linear_regression,99,217,0.6766037344932556,0.6106056427814704
linear_regression,99,218,0.6984132528305054,0.6733555547939383
linear_regression,99,219,0.750468909740448,0.6955500007164456
linear_regression,99,220,0.7120658159255981,0.7368538918014035
linear_regression,99,221,0.737769603729248,0.7064883030838593
linear_regression,99,222,0.690700113773346,0.7332083065134859
linear_regression,99,223,0.715548574924469,0.6875169983959616
linear_regression,99,224,0.7237924337387085,0.7100247044939529
linear_regression,99,225,0.6808393597602844,0.7204446416381483
linear_regression,99,226,0.7080712914466858,0.6763290820642054
linear_regression,99,227,0.6856387257575989,0.7050251283701432
linear_regression,99,228,0.7261193990707397,0.6830928932542214
linear_regression,99,229,0.6668145656585693,0.7206655980627678
linear_regression,99,230,0.6651067137718201,0.6651671359046438
linear_regression,99,231,0.6413595080375671,0.6635885293883483
linear_regression,99,232,0.6227565407752991,0.6427519899187426
linear_regression,99,233,0.6141325831413269,0.6239521603726812
linear_regression,99,234,0.7549430131912231,0.6158973168573428
linear_regression,99,235,0.6794644594192505,0.7466281421919428
linear_regression,99,236,0.6530987024307251,0.6769737548163025
linear_regression,99,237,0.6557767391204834,0.6523925510302803
linear_regression,99,238,0.5867668986320496,0.6541578923557433
linear_regression,99,239,0.643028199672699,0.5905088106152644
linear_regression,99,240,0.6135520935058594,0.6424922123142766
linear_regression,99,241,0.6220250725746155,0.6156311428007422
linear_regression,99,242,0.6816188097000122,0.6230843821538168
linear_regression,99,243,0.5688322186470032,0.6794765542219291
linear_regression,99,244,0.5097177028656006,0.574592355288574
linear_regression,99,245,0.6090282797813416,0.5209469581120449
linear_regression,99,246,0.580043375492096,0.6112327989110317
linear_regression,99,247,0.6120970249176025,0.5851804255019962
linear_regression,99,248,0.525709867477417,0.6139759958392048
linear_regression,99,249,0.5163512825965881,0.5354939231853493
linear_regression,99,250,0.5836725234985352,0.5270135412354604
linear_regression,99,251,0.5349780917167664,0.5879469280123635
linear_regression,99,252,0.559455156326294,0.5438225960557131
linear_regression,99,253,0.5466001033782959,0.5661363189172847
linear_regression,99,254,0.5622321963310242,0.5541752024121996
linear_regression,99,255,0.4834780097007751,0.5685340132255223
linear_regression,99,256,0.5460588932037354,0.47692189473639335
linear_regression,99,257,0.5098129510879517,0.5540481192770289
linear_regression,99,258,0.43731889128685,0.521081773092454
linear_regression,99,259,0.5077757239341736,0.43941791804136804
linear_regression,99,260,0.5727607607841492,0.519991221347289
linear_regression,99,261,0.4609474241733551,0.5782101343506708
linear_regression,99,262,0.4665864109992981,0.4576263459785703
linear_regression,99,263,0.4855824112892151,0.46278715960893474
linear_regression,99,264,0.4487336277961731,0.4782973398174706
linear_regression,99,265,0.4599733650684356,0.4469355466773908
linear_regression,99,266,0.4242542386054992,0.45640168853254276
linear_regression,99,267,0.4757291674613952,0.4253628496840171
linear_regression,99,268,0.3961732685565948,0.4701766142737803
linear_regression,99,269,0.4254208207130432,0.3988291765662621
linear_regression,99,270,0.3811981379985809,0.42686286217116687
linear_regression,99,271,0.4034192562103271,0.38960801914239546
linear_regression,99,272,0.393973559141159,0.40481580456560523
linear_regression,99,273,0.4344525933265686,0.39949072064049457
linear_regression,99,274,0.4810823798179626,0.4341613027705587
linear_regression,99,275,0.3281728029251098,0.474915759617629
linear_regression,99,276,0.426228791475296,0.3436082822205583
linear_regression,99,277,0.3924162089824676,0.426960609936161
linear_regression,99,278,0.377240926027298,0.39791688743595705
linear_regression,99,279,0.3425644934177398,0.38052534477171207
linear_regression,99,280,0.3168130218982696,0.3552146895390499
linear_regression,99,281,0.3692187666893005,0.3314676529966694
linear_regression,99,282,0.3893482983112335,0.3762747843475294
linear_regression,99,283,0.3385381698608398,0.3946110864482707
linear_regression,99,284,0.3731054365634918,0.35192005474766314
linear_regression,99,285,0.3719497621059418,0.3820707590717263
linear_regression,99,286,0.3730955123901367,0.3823337102218136
linear_regression,99,287,0.3515556752681732,0.38121163736939645
linear_regression,99,288,0.2590629756450653,0.36051932193360614
linear_regression,99,289,0.3215076923370361,0.28075135584340305
random_forest,80,0,0.3171028196811676,0.3086983209848404
random_forest,80,1,0.3385449051856994,0.32556856706738474
random_forest,80,2,0.3787165880203247,0.312397637963295
random_forest,80,3,0.3115369975566864,0.3195885723829269
random_forest,80,4,0.3487873673439026,0.35841421186923983
random_forest,80,5,0.3506577908992767,0.30693421125411985
random_forest,80,6,0.3575319349765777,0.35200625240802763
random_forest,80,7,0.3468916714191437,0.34958549484610557
random_forest,80,8,0.385602742433548,0.3168944349884987
random_forest,80,9,0.3897936344146728,0.3421730598807335
random_forest,80,10,0.3964115083217621,0.3651034101843834
random_forest,80,11,0.4004085063934326,0.38327063858509064
random_forest,80,12,0.3966313004493713,0.40084632247686386
random_forest,80,13,0.3335061371326446,0.3845384132862091
random_forest,80,14,0.4165720045566559,0.3342675320804118
random_forest,80,15,0.4682942628860473,0.4130395942926407
random_forest,80,16,0.3528449535369873,0.47157327353954315
random_forest,80,17,0.4917473495006561,0.33125539392232894
random_forest,80,18,0.4012103080749511,0.504311917424202
random_forest,80,19,0.4175938367843628,0.3767394235730171
random_forest,80,20,0.4985604286193847,0.40682330816984175
random_forest,80,21,0.4636311829090118,0.4870102590322494
random_forest,80,22,0.4481066763401031,0.4707937753200531
random_forest,80,23,0.424977570772171,0.44257812440395355
random_forest,80,24,0.4475413858890533,0.44787986636161803
random_forest,80,25,0.5175599455833435,0.4464597111940384
random_forest,80,26,0.4909065961837768,0.5058914756774903
random_forest,80,27,0.4881808161735534,0.4775839403271675
random_forest,80,28,0.4335328638553619,0.49429092288017273
random_forest,80,29,0.4903588891029358,0.43808261305093765
random_forest,80,30,0.4254919588565826,0.5123449620604515
random_forest,80,31,0.5102866888046265,0.4184189322590828
random_forest,80,32,0.4839149713516235,0.5061240243911743
random_forest,80,33,0.5029402375221252,0.5094998481869698
random_forest,80,34,0.512796938419342,0.4871732831001282
random_forest,80,35,0.3941155970096588,0.5293033263087272
random_forest,80,36,0.4693592190742492,0.36168612718582155
random_forest,80,37,0.4558360874652862,0.4665960770845413
random_forest,80,38,0.4529505968093872,0.45756740927696227
random_forest,80,39,0.4297763407230377,0.44918529331684115
random_forest,80,40,0.472412645816803,0.44031610041856767
random_forest,80,41,0.4224380254745483,0.46477000445127487
random_forest,80,42,0.4629472196102142,0.38302183628082276
random_forest,80,43,0.4144075512886047,0.46978024274110797
random_forest,80,44,0.4001414179801941,0.38275558084249495
random_forest,80,45,0.3926469087600708,0.402631448507309
random_forest,80,46,0.3771015107631683,0.40348401993513106
random_forest,80,47,0.4169935882091522,0.38154858142137527
random_forest,80,48,0.4413856863975525,0.40954976379871366
random_forest,80,49,0.4449680149555206,0.44343540638685225
random_forest,80,50,0.4027701318264007,0.4506731018424034
random_forest,80,51,0.3839549720287323,0.36181062608957293
random_forest,80,52,0.4844058752059936,0.3964137721061707
random_forest,80,53,0.3982817828655243,0.4474529659748077
random_forest,80,54,0.4445187747478485,0.41294322788715365
random_forest,80,55,0.4610751867294311,0.4310629019141197
random_forest,80,56,0.3934034705162048,0.48816547960042955
random_forest,80,57,0.4062438309192657,0.405914241373539
random_forest,80,58,0.4063456952571869,0.4020272734761238
random_forest,80,59,0.391896516084671,0.4135059869289398
random_forest,80,60,0.3801545798778534,0.40936990320682526
random_forest,80,61,0.4229834675788879,0.4068373119831085
random_forest,80,62,0.4507084786891937,0.4135813084244728
random_forest,80,63,0.4818951785564422,0.4288163682818413
random_forest,80,64,0.3972775936126709,0.47615512043237684
random_forest,80,65,0.4018971920013428,0.4068014544248581
random_forest,80,66,0.3847483694553375,0.41924324482679365
random_forest,80,67,0.3558823466300964,0.4114021164178848
random_forest,80,68,0.4513172209262848,0.42574366718530654
random_forest,80,69,0.421793133020401,0.4316056391596794
random_forest,80,70,0.4674232006072998,0.41678488463163377
random_forest,80,71,0.4610809087753296,0.4089499348402023
random_forest,80,72,0.4380103349685669,0.44759070605039597
random_forest,80,73,0.4338244795799255,0.42902359783649446
random_forest,80,74,0.4122577011585235,0.42532636851072314
random_forest,80,75,0.4593054056167602,0.43858143508434294
random_forest,80,76,0.477059006690979,0.4510349297523499
random_forest,80,77,0.4589422047138214,0.4493081471323967
random_forest,80,78,0.3923071026802063,0.4263085725903511
random_forest,80,79,0.5032588839530945,0.4590643519163132
random_forest,80,80,0.414623886346817,0.49327212154865263
random_forest,80,81,0.4858629405498504,0.4630662998557091
random_forest,80,82,0.4631775319576263,0.5114820340275764
random_forest,80,83,0.4569431245326996,0.4921276181936264
random_forest,80,84,0.5104680061340332,0.49843433290719985
random_forest,80,85,0.524974524974823,0.5285975867509842
random_forest,80,86,0.483148992061615,0.48364245623350144
random_forest,80,87,0.5369921326637268,0.46579456359148025
random_forest,80,88,0.5286455750465393,0.5073894095420838
random_forest,80,89,0.4715863764286041,0.4938227570056915
random_forest,80,90,0.5410142540931702,0.4745609065890312
random_forest,80,91,0.5112188458442688,0.5456529754400253
random_forest,80,92,0.4506185352802276,0.5272446703910828
random_forest,80,93,0.5060477256774902,0.5092459535598755
random_forest,80,94,0.5421308875083923,0.5089767503738404
random_forest,80,95,0.4628670811653137,0.5183438605070114
random_forest,80,96,0.552092432975769,0.5241422829031944
random_forest,80,97,0.5595763325691223,0.5213081562519073
random_forest,80,98,0.5709052085876465,0.5827699682116508
random_forest,80,99,0.5555046200752258,0.5500830820202828
random_forest,80,100,0.575937807559967,0.5731689441204071
random_forest,80,101,0.556587815284729,0.5966931349039077
random_forest,80,102,0.5270010232925415,0.5843270722031594
random_forest,80,103,0.542506992816925,0.5817260146141052
random_forest,80,104,0.5567138195037842,0.5801900839805603
random_forest,80,105,0.5288419723510742,0.6075038665533066
random_forest,80,106,0.6168461441993713,0.5842775177955627
random_forest,80,107,0.5671969056129456,0.6087623542547226
random_forest,80,108,0.6513944268226624,0.6208988863229752
random_forest,80,109,0.6409000754356384,0.6438670170307159
random_forest,80,110,0.6194189190864563,0.6392535227537155
random_forest,80,111,0.6453680992126465,0.6427874565124512
random_forest,80,112,0.6014326214790344,0.6615185463428497
random_forest,80,113,0.6252598762512207,0.6383835142850875
random_forest,80,114,0.7242890000343323,0.6663275992870331
random_forest,80,115,0.665152907371521,0.7254386329650879
random_forest,80,116,0.6687352061271667,0.6680240201950073
random_forest,80,117,0.6671935319900513,0.6875542378425599
random_forest,80,118,0.7151774168014526,0.6785670870542526
random_forest,80,119,0.6916579604148865,0.7001894825696945
random_forest,80,120,0.7592792510986328,0.6961287438869477
random_forest,80,121,0.6917210817337036,0.7558719116449356
random_forest,80,122,0.7586626410484314,0.6908000707626343
random_forest,80,123,0.6905692219734192,0.7317891120910645
random_forest,80,124,0.7104007601737976,0.7170908522605896
random_forest,80,125,0.692376434803009,0.6969567972421646
random_forest,80,126,0.731756329536438,0.7497363293170929
random_forest,80,127,0.761786699295044,0.735451300740242
random_forest,80,128,0.6861721277236938,0.7261969631910324
random_forest,80,129,0.7051014304161072,0.7382673859596253
random_forest,80,130,0.7187251448631287,0.7420338898897171
random_forest,80,131,0.7834344506263733,0.7424642217159271
random_forest,80,132,0.7458070516586304,0.7668483573198318
random_forest,80,133,0.7124349474906921,0.7376891547441482
random_forest,80,134,0.7387815117835999,0.7383379584550858
random_forest,80,135,0.7940657138824463,0.7684852701425552
random_forest,80,136,0.748999297618866,0.7708857160806656
random_forest,80,137,0.6986368298530579,0.7276283711194992
random_forest,80,138,0.7785913944244385,0.7356908071041107
random_forest,80,139,0.7102235555648804,0.7365945345163345
random_forest,80,140,0.7760928869247437,0.7338521325588226
random_forest,80,141,0.7427788376808167,0.7542550140619277
random_forest,80,142,0.7793301939964294,0.7605655765533448
random_forest,80,143,0.7127025127410889,0.7736881351470948
random_forest,80,144,0.7330275774002075,0.6995493340492248
random_forest,80,145,0.7343423366546631,0.7139842492341996
random_forest,80,146,0.7894472479820251,0.7349381762742996
random_forest,80,147,0.680394172668457,0.7896233087778092
random_forest,80,148,0.666904091835022,0.7055030691623688
random_forest,80,149,0.6274845004081726,0.6826167494058609
random_forest,80,150,0.740326464176178,0.6937409889698029
random_forest,80,151,0.6531727313995361,0.6960221636295318
random_forest,80,152,0.6930930018424988,0.6718452477455139
random_forest,80,153,0.6998132467269897,0.7019696563482285
random_forest,80,154,0.6873787641525269,0.7139361757040024
random_forest,80,155,0.682712197303772,0.6794198679924012
random_forest,80,156,0.6490781307220459,0.6557415026426315
random_forest,80,157,0.6612881422042847,0.6762843018770218
random_forest,80,158,0.6271708011627197,0.6547866189479827
random_forest,80,159,0.6779552698135376,0.6602721917629242
random_forest,80,160,0.6266112923622131,0.6775775688886643
random_forest,80,161,0.5781399607658386,0.6590533876419067
random_forest,80,162,0.5658770799636841,0.6294279569387435
random_forest,80,163,0.6704471111297607,0.6462435781955719
random_forest,80,164,0.6711633205413818,0.6461907058954239
random_forest,80,165,0.6624687910079956,0.6319035029411316
random_forest,80,166,0.6493512392044067,0.6499282425642013
random_forest,80,167,0.6716522574424744,0.6431038439273834
random_forest,80,168,0.6714874505996704,0.6162290120124817
random_forest,80,169,0.5956723690032959,0.6228010457754135
random_forest,80,170,0.5986768007278442,0.6270319586992263
random_forest,80,171,0.6296046376228333,0.6163313007354736
random_forest,80,172,0.5719877481460571,0.6436118978261948
random_forest,80,173,0.602706789970398,0.6135592210292816
random_forest,80,174,0.6503602862358093,0.6050348156690597
random_forest,80,175,0.5905218720436096,0.6250246578454971
random_forest,80,176,0.5992658138275146,0.6290916585922242
random_forest,80,177,0.5878226161003113,0.6211439037322998
random_forest,80,178,0.6519365906715393,0.589191055893898
random_forest,80,179,0.6213003993034363,0.6721259939670563
random_forest,80,180,0.6021318435668945,0.6113970875740051
random_forest,80,181,0.5868434309959412,0.6071105223894119
random_forest,80,182,0.5694077014923096,0.6076555579900742
random_forest,80,183,0.6812834143638611,0.5955311018228531
random_forest,80,184,0.6001794934272766,0.6712811017036437
random_forest,80,185,0.5899714231491089,0.6223031038045883
random_forest,80,186,0.5563488006591797,0.646509200334549
random_forest,80,187,0.6599628925323486,0.6007532197237014
random_forest,80,188,0.6238842010498047,0.6200053179264069
random_forest,80,189,0.579551637172699,0.6451628613471985
random_forest,80,190,0.7080273032188416,0.6386039686203003
random_forest,80,191,0.6502078175544739,0.691437880396843
random_forest,80,192,0.6505934000015259,0.6213842564821244
random_forest,80,193,0.6444270014762878,0.6231098502874375
random_forest,80,194,0.715853750705719,0.6543896847963333
random_forest,80,195,0.6446459889411926,0.6985276651382446
random_forest,80,196,0.6596695780754089,0.6696117883920669
random_forest,80,197,0.6503384709358215,0.6692761147022247
random_forest,80,198,0.6194455027580261,0.6933840483427047
random_forest,80,199,0.6757854223251343,0.6345319783687592
random_forest,80,200,0.6080115437507629,0.6362860745191574
random_forest,80,201,0.5964303016662598,0.6721873950958251
random_forest,80,202,0.7300138473510742,0.667187260389328
random_forest,80,203,0.6039259433746338,0.7288652884960175
random_forest,80,204,0.688601553440094,0.669911817908287
random_forest,80,205,0.7088619470596313,0.6457729732990265
random_forest,80,206,0.6050713658332825,0.70430528819561
random_forest,80,207,0.6995569467544556,0.6721526283025742
random_forest,80,208,0.7353962659835815,0.6909126991033554
random_forest,80,209,0.712040901184082,0.71226158618927
random_forest,80,210,0.695899248123169,0.7109280884265899
random_forest,80,211,0.7058555483818054,0.7010125637054443
random_forest,80,212,0.7097556591033936,0.6966479188203811
random_forest,80,213,0.7032714486122131,0.7295381915569306
random_forest,80,214,0.69525146484375,0.7290506064891815
random_forest,80,215,0.7384157776832581,0.691227695941925
random_forest,80,216,0.7118659615516663,0.7211957538127899
random_forest,80,217,0.7134431600570679,0.7169457161426545
random_forest,80,218,0.6880297064781189,0.7170792138576507
random_forest,80,219,0.6693724989891052,0.7373825204372406
random_forest,80,220,0.6764248013496399,0.690567484498024
random_forest,80,221,0.6969202160835266,0.7084093713760375
random_forest,80,222,0.7519798874855042,0.7199892240762711
random_forest,80,223,0.7280279397964478,0.6898498195409775
random_forest,80,224,0.7065251469612122,0.7001037758588791
random_forest,80,225,0.7122395038604736,0.7152576917409896
random_forest,80,226,0.6208182573318481,0.7003339731693268
random_forest,80,227,0.7141546607017517,0.7009361386299133
random_forest,80,228,0.6923844218254089,0.6930758476257324
random_forest,80,229,0.6620033383369446,0.7026813268661499
random_forest,80,230,0.7078515291213989,0.6865926027297974
random_forest,80,231,0.6852664947509766,0.6774897485971451
random_forest,80,232,0.6604700684547424,0.6819746428728104
random_forest,80,233,0.668019711971283,0.6710899871587753
random_forest,80,234,0.6218715310096741,0.6770501190423965
random_forest,80,235,0.6340373754501343,0.6745139485597611
random_forest,80,236,0.6432082653045654,0.6498597532510757
random_forest,80,237,0.6723996996879578,0.6523922735452652
random_forest,80,238,0.7282674312591553,0.6504472911357879
random_forest,80,239,0.6087733507156372,0.7033135962486267
random_forest,80,240,0.5980424880981445,0.5946886301040649
random_forest,80,241,0.6325616836547852,0.6499818849563599
random_forest,80,242,0.6424719095230103,0.5979116141796113
random_forest,80,243,0.588450014591217,0.6528672176599503
random_forest,80,244,0.583957850933075,0.5902436465024948
random_forest,80,245,0.5885170698165894,0.5943070685863495
random_forest,80,246,0.614035964012146,0.6302906638383865
random_forest,80,247,0.6108145713806152,0.5657124400138855
random_forest,80,248,0.5856207609176636,0.5888619649410248
random_forest,80,249,0.5485867261886597,0.5733389011025429
random_forest,80,250,0.5657709240913391,0.5685571771860123
random_forest,80,251,0.5467250347137451,0.5820007771253586
random_forest,80,252,0.5661910772323608,0.5191591027379036
random_forest,80,253,0.5521540641784668,0.5544873017072678
random_forest,80,254,0.5136118531227112,0.5346658289432525
random_forest,80,255,0.5002930164337158,0.5126396563649177
random_forest,80,256,0.5285137295722961,0.5042842325568199
random_forest,80,257,0.5777941346168518,0.5171879294514656
random_forest,80,258,0.4575885832309723,0.5496585974097252
random_forest,80,259,0.4964232742786407,0.486761254966259
random_forest,80,260,0.5110048055648804,0.4912233752012253
random_forest,80,261,0.5063185095787048,0.4797453308105469
random_forest,80,262,0.4814864099025726,0.48918850541114806
random_forest,80,263,0.524294912815094,0.46735993832349776
random_forest,80,264,0.5005678534507751,0.4548486736416817
random_forest,80,265,0.5348376035690308,0.47742981880903246
random_forest,80,266,0.4634305238723755,0.5303985396027565
random_forest,80,267,0.4803971350193023,0.43948474496603007
random_forest,80,268,0.5708527565002441,0.4465506622195244
random_forest,80,269,0.5253925323486328,0.5863017255067825
random_forest,80,270,0.4626824855804443,0.5207883575558663
random_forest,80,271,0.4819422364234924,0.42060225397348405
random_forest,80,272,0.4844219982624054,0.41421470284461975
random_forest,80,273,0.4640385806560516,0.44366087079048155
random_forest,80,274,0.5306750535964966,0.46016246467828753
random_forest,80,275,0.4967930316925049,0.515555821955204
random_forest,80,276,0.4528326094150543,0.4774651923775673
random_forest,80,277,0.5032440423965454,0.4001579186320305
random_forest,80,278,0.5941148400306702,0.5230688112974167
random_forest,80,279,0.507093608379364,0.5226153162121773
random_forest,80,280,0.5449522137641907,0.4896861407160759
random_forest,80,281,0.4635290503501892,0.5286410513520241
random_forest,80,282,0.4604954123497009,0.46866422027349475
random_forest,80,283,0.5169584155082703,0.44794248312711715
random_forest,80,284,0.5599142909049988,0.4938103371858597
random_forest,80,285,0.5901612043380737,0.4919251674413681
random_forest,80,286,0.5541990399360657,0.5292313435673713
random_forest,80,287,0.5473104119300842,0.5232458233833313
random_forest,80,288,0.4697040021419525,0.5215938505530358
random_forest,80,289,0.547893762588501,0.4686640474200249
random_forest,81,0,0.292133629322052,0.3236218503117561
random_forest,81,1,0.350722074508667,0.29789275109767915
random_forest,81,2,0.313109278678894,0.29226851642131807
random_forest,81,3,0.3392404913902282,0.32049036860466
random_forest,81,4,0.3279796540737152,0.30731184214353563
random_forest,81,5,0.2862894833087921,0.3120665004849434
random_forest,81,6,0.3283544480800628,0.32261742815375327
random_forest,81,7,0.2991610467433929,0.30456762611865995
random_forest,81,8,0.2998490631580353,0.32977525889873505
random_forest,81,9,0.3154588937759399,0.29783225417137144
random_forest,81,10,0.2596100866794586,0.33540304452180864
random_forest,81,11,0.3557368218898773,0.3511743462085724
random_forest,81,12,0.2915495932102203,0.339093507528305
random_forest,81,13,0.3511067926883697,0.31746726751327514
random_forest,81,14,0.3219606876373291,0.3347215512394905
random_forest,81,15,0.3719346821308136,0.31689338997006417
random_forest,81,16,0.2963701486587524,0.3274493142962456
random_forest,81,17,0.30974280834198,0.33681268751621246
random_forest,81,18,0.3336946070194244,0.31634402930736544
random_forest,81,19,0.2458582073450088,0.3387337839603424
random_forest,81,20,0.3533734083175659,0.3077645340561867
random_forest,81,21,0.3796586096286773,0.35683138787746427
random_forest,81,22,0.3664734959602356,0.3397143480181694
random_forest,81,23,0.3548137247562408,0.3465075600147247
random_forest,81,24,0.3246763348579407,0.3442136862874031
random_forest,81,25,0.3760676085948944,0.3503897997736931
random_forest,81,26,0.3702336549758911,0.34759794533252714
random_forest,81,27,0.3478513956069946,0.3818012732267379
random_forest,81,28,0.3357807397842407,0.3488471519947052
random_forest,81,29,0.3244563937187195,0.3488747397065163
random_forest,81,30,0.295600414276123,0.36439995765686034
random_forest,81,31,0.3831401467323303,0.35241749197244643
random_forest,81,32,0.2657869458198547,0.3609992378950119
random_forest,81,33,0.3304618895053863,0.3408570003509521
random_forest,81,34,0.3508006334304809,0.3410008931159973
random_forest,81,35,0.376794695854187,0.35921227157115937
random_forest,81,36,0.4100293517112732,0.36287169009447096
random_forest,81,37,0.3848303258419037,0.3958043891191483
random_forest,81,38,0.3415735960006714,0.37044617474079133
random_forest,81,39,0.378993958234787,0.37340287178754805
random_forest,81,40,0.3111057877540588,0.35008563607931137
random_forest,81,41,0.4070814549922943,0.38092292964458463
random_forest,81,42,0.3533483147621155,0.4125142279267311
random_forest,81,43,0.3370544612407684,0.3559215128421783
random_forest,81,44,0.3401000201702118,0.385565225481987
random_forest,81,45,0.3621710836887359,0.3727393653988838
random_forest,81,46,0.3524441421031952,0.3600128126144409
random_forest,81,47,0.4482336044311523,0.39014042615890504
random_forest,81,48,0.3448690772056579,0.428577863574028
random_forest,81,49,0.3730905652046203,0.36240205049514773
random_forest,81,50,0.3749021291732788,0.381589789390564
random_forest,81,51,0.3769107162952423,0.38648367047309873
random_forest,81,52,0.3798918128013611,0.3848285773396492
random_forest,81,53,0.3631698787212372,0.40824177354574204
random_forest,81,54,0.3617157340049743,0.3897953364253044
random_forest,81,55,0.3541153073310852,0.40222152441740033
random_forest,81,56,0.3344120681285858,0.3934048104286194
random_forest,81,57,0.3963340818881988,0.38333429008722303
random_forest,81,58,0.4255472123622894,0.38255734115839
random_forest,81,59,0.3744909167289734,0.4247063452005386
random_forest,81,60,0.3764359056949615,0.3779584628343582
random_forest,81,61,0.3874936997890472,0.40177193105220793
random_forest,81,62,0.3851379156112671,0.41191561967134477
random_forest,81,63,0.3538002669811249,0.4241544163227081
random_forest,81,64,0.4547919332981109,0.40871672332286835
random_forest,81,65,0.425471156835556,0.44124705135822295
random_forest,81,66,0.3884560167789459,0.4170196542143822
random_forest,81,67,0.4272093176841736,0.4145345026254654
random_forest,81,68,0.4051076769828796,0.43131477415561675
random_forest,81,69,0.4169133603572845,0.3923440444469452
random_forest,81,70,0.4411679208278656,0.44286048412323
random_forest,81,71,0.4661530256271362,0.42610125929117204
random_forest,81,72,0.4906343817710876,0.4269031810760498
random_forest,81,73,0.5020410418510437,0.5137661346793174
random_forest,81,74,0.4389678537845611,0.4893819126486778
random_forest,81,75,0.4357987642288208,0.4258112704753876
random_forest,81,76,0.4627426266670227,0.43779395401477816
random_forest,81,77,0.4700844287872314,0.4902123087644577
random_forest,81,78,0.4466111361980438,0.4534726470708847
random_forest,81,79,0.4576982855796814,0.4334629687666893
random_forest,81,80,0.5153804421424866,0.4473030549287796
random_forest,81,81,0.5522761344909668,0.4968522056937218
random_forest,81,82,0.4951763153076172,0.5443618521094322
random_forest,81,83,0.4891018867492676,0.5005945438146591
random_forest,81,84,0.5109132528305054,0.46569275110960007
random_forest,81,85,0.4954085946083069,0.506922650039196
random_forest,81,86,0.530428409576416,0.4941331276297569
random_forest,81,87,0.5648112297058105,0.4972175458073616
random_forest,81,88,0.5574988722801208,0.5567473530769348
random_forest,81,89,0.6141123175621033,0.5474445644021034
random_forest,81,90,0.5869335532188416,0.6046293264627457
random_forest,81,91,0.6093905568122864,0.561485121846199
random_forest,81,92,0.5983434319496155,0.6061303520202637
random_forest,81,93,0.6606450080871582,0.5635437560081482
random_forest,81,94,0.5828563570976257,0.6608366167545319
random_forest,81,95,0.625995397567749,0.5395201328396797
random_forest,81,96,0.6064115166664124,0.6019268488883972
random_forest,81,97,0.6871136426925659,0.6002110695838928
random_forest,81,98,0.6984414458274841,0.6804728382825851
random_forest,81,99,0.6608489155769348,0.6624148494005203
random_forest,81,100,0.7468450665473938,0.6398157441616058
random_forest,81,101,0.6879669427871704,0.7157843112945557
random_forest,81,102,0.6591275930404663,0.6987075883150101
random_forest,81,103,0.7064635157585144,0.6776420027017593
random_forest,81,104,0.7372283935546875,0.7021698498725891
random_forest,81,105,0.7242910265922546,0.7656225442886353
random_forest,81,106,0.8191897869110107,0.706740642786026
random_forest,81,107,0.7767675518989563,0.796186107993126
random_forest,81,108,0.8138890266418457,0.7742203503847123
random_forest,81,109,0.8078061938285828,0.810316008925438
random_forest,81,110,0.7058576345443726,0.7884804040193558
random_forest,81,111,0.7567703127861023,0.6571324115991592
random_forest,81,112,0.6792202591896057,0.7509190255403518
random_forest,81,113,0.7564374804496765,0.6781729489564896
random_forest,81,114,0.8220800757408142,0.7702842742204666
random_forest,81,115,0.7572038173675537,0.8088888210058213
random_forest,81,116,0.7678008675575256,0.7711593836545945
random_forest,81,117,0.8046013712882996,0.741799863576889
random_forest,81,118,0.8236053586006165,0.8215472602844238
random_forest,81,119,0.7862279415130615,0.7824162638187409
random_forest,81,120,0.7922059297561646,0.7851437443494796
random_forest,81,121,0.8317657113075256,0.7908690071105957
random_forest,81,122,0.8144845366477966,0.8159629654884338
random_forest,81,123,0.7976115345954895,0.8243948143720626
random_forest,81,124,0.8204814195632935,0.7733309924602508
random_forest,81,125,0.8138946890830994,0.8396486294269562
random_forest,81,126,0.8217812776565552,0.8236263436079025
random_forest,81,127,0.8844319581985474,0.8372908318042755
random_forest,81,128,0.8051031827926636,0.8562048614025116
random_forest,81,129,0.7981600165367126,0.8206215143203736
random_forest,81,130,0.8676549196243286,0.7959392619132996
random_forest,81,131,0.7944526076316833,0.8262048995494843
random_forest,81,132,0.8801574110984802,0.7905198115110398
random_forest,81,133,0.813793957233429,0.8478502327203751
random_forest,81,134,0.8236103057861328,0.7971668481826782
random_forest,81,135,0.8469284772872925,0.8535119748115539
random_forest,81,136,0.8637117147445679,0.8420576310157776
random_forest,81,137,0.8559114933013916,0.873799307346344
random_forest,81,138,0.8134025931358337,0.8597477185726166
random_forest,81,139,0.806956946849823,0.7881000065803527
random_forest,81,140,0.8309255242347717,0.7658531761169434
random_forest,81,141,0.822184145450592,0.8133744269609451
random_forest,81,142,0.7934128642082214,0.8119352978467941
random_forest,81,143,0.8284077048301697,0.766566521525383
random_forest,81,144,0.8466830253601074,0.8369171577692032
random_forest,81,145,0.8152928948402405,0.8160881423950195
random_forest,81,146,0.8615065813064575,0.8059923547506332
random_forest,81,147,0.8181616067886353,0.8268236392736434
random_forest,81,148,0.7951251864433289,0.7963006788492203
random_forest,81,149,0.80061936378479,0.748819134235382
random_forest,81,150,0.7738112211227417,0.7784014743566513
random_forest,81,151,0.7534091472625732,0.7851456463336944
random_forest,81,152,0.8020768165588379,0.7571189683675766
random_forest,81,153,0.7512518763542175,0.7460828739404678
random_forest,81,154,0.7641369104385376,0.7249427610635757
random_forest,81,155,0.768982470035553,0.744509801864624
random_forest,81,156,0.7808986306190491,0.7360964715480804
random_forest,81,157,0.7787874341011047,0.7414766854047775
random_forest,81,158,0.7597059011459351,0.7785825735330582
random_forest,81,159,0.6853318214416504,0.6872666847705841
random_forest,81,160,0.7407980561256409,0.6643668949604035
random_forest,81,161,0.7159911394119263,0.6795909166336059
random_forest,81,162,0.7343721985816956,0.6903069734573364
random_forest,81,163,0.7681506276130676,0.7152901941537857
random_forest,81,164,0.7568802833557129,0.7490425145626068
random_forest,81,165,0.7317736744880676,0.7331508648395538
random_forest,81,166,0.7372280359268188,0.7018988251686096
random_forest,81,167,0.6630293726921082,0.7061782836914062
random_forest,81,168,0.7176921367645264,0.6565142250061036
random_forest,81,169,0.7286456227302551,0.6969312959909439
random_forest,81,170,0.6781728863716125,0.7148493432998657
random_forest,81,171,0.7133594155311584,0.6407173699140549
random_forest,81,172,0.6823645830154419,0.6744436848163605
random_forest,81,173,0.7274426221847534,0.6543245005607605
random_forest,81,174,0.7281839847564697,0.7357941204309464
random_forest,81,175,0.667878270149231,0.7116703063249588
random_forest,81,176,0.735253632068634,0.6098116075992585
random_forest,81,177,0.6751093864440918,0.7021582370996475
random_forest,81,178,0.751900851726532,0.6245557171106338
random_forest,81,179,0.6607617735862732,0.736807153224945
random_forest,81,180,0.6786953210830688,0.6536540776491165
random_forest,81,181,0.6826875805854797,0.6700557881593704
random_forest,81,182,0.647973358631134,0.6665081179141998
random_forest,81,183,0.6131486892700195,0.6200096607208252
random_forest,81,184,0.6450930237770081,0.6131361418962479
random_forest,81,185,0.7106585502624512,0.6315548324584961
random_forest,81,186,0.6614065170288086,0.6780907386541366
random_forest,81,187,0.6617488861083984,0.6266660112142562
random_forest,81,188,0.726772665977478,0.6375377464294434
random_forest,81,189,0.691676139831543,0.7321809500455856
random_forest,81,190,0.6999061107635498,0.6711894094944
random_forest,81,191,0.7061717510223389,0.6818195796012878
random_forest,81,192,0.645976185798645,0.7238401150703431
random_forest,81,193,0.6835605502128601,0.6340855073928833
random_forest,81,194,0.6860611438751221,0.6744882363080978
random_forest,81,195,0.6769844889640808,0.6554942393302917
random_forest,81,196,0.6461458206176758,0.659666593670845
random_forest,81,197,0.7025894522666931,0.6606611150503159
random_forest,81,198,0.6303460597991943,0.702670858502388
random_forest,81,199,0.6576911211013794,0.677252181172371
random_forest,81,200,0.6642996072769165,0.7009129220247269
random_forest,81,201,0.6803621649742126,0.6897522020339966
random_forest,81,202,0.7263876795768738,0.6743968617916107
random_forest,81,203,0.7570784687995911,0.7036620229482651
random_forest,81,204,0.7614825367927551,0.7760324519872666
random_forest,81,205,0.7314711809158325,0.7482366698980332
random_forest,81,206,0.7206136584281921,0.7081518268585205
random_forest,81,207,0.6253201961517334,0.7060818248987197
random_forest,81,208,0.7484118938446045,0.6799229305982589
random_forest,81,209,0.8024934530258179,0.7646036529541016
random_forest,81,210,0.7277992963790894,0.7883957123756409
random_forest,81,211,0.7214361429214478,0.713176001906395
random_forest,81,212,0.7388058304786682,0.7040091598033905
random_forest,81,213,0.7407541275024414,0.730157595872879
random_forest,81,214,0.7206531763076782,0.743675306737423
random_forest,81,215,0.7032900452613831,0.7134713077545166
random_forest,81,216,0.7292273044586182,0.7411266326904297
random_forest,81,217,0.66848224401474,0.7015304350852967
random_forest,81,218,0.650264322757721,0.7112413173913956
random_forest,81,219,0.7631513476371765,0.7098550647497177
random_forest,81,220,0.6985610127449036,0.7244531416893005
random_forest,81,221,0.7384238243103027,0.7192512798309326
random_forest,81,222,0.7662391662597656,0.7085137218236923
random_forest,81,223,0.7526865005493164,0.7342678713798523
random_forest,81,224,0.6884375810623169,0.6984497511386871
random_forest,81,225,0.7166809439659119,0.7183264762163162
random_forest,81,226,0.661686897277832,0.6745547068119049
random_forest,81,227,0.6957025527954102,0.7057571411132812
random_forest,81,228,0.7325143814086914,0.6886767691373825
random_forest,81,229,0.6932471990585327,0.7168704575300217
random_forest,81,230,0.5882360339164734,0.6977835488319397
random_forest,81,231,0.604837954044342,0.6599052548408508
random_forest,81,232,0.6508719325065613,0.6642765867710113
random_forest,81,233,0.7205908298492432,0.6755649441480637
random_forest,81,234,0.6756088137626648,0.6829331105947495
random_forest,81,235,0.6680223941802979,0.6592987632751465
random_forest,81,236,0.6111904382705688,0.6751597827672958
random_forest,81,237,0.6562921404838562,0.6538942015171051
random_forest,81,238,0.5652129650115967,0.6528573119640351
random_forest,81,239,0.6502578854560852,0.6415536117553711
random_forest,81,240,0.6728039979934692,0.6282275182008743
random_forest,81,241,0.5959540009498596,0.637247160077095
random_forest,81,242,0.6553801894187927,0.6460145354270935
random_forest,81,243,0.5849204659461975,0.6382724660634994
random_forest,81,244,0.6078157424926758,0.5854643553495407
random_forest,81,245,0.5903077125549316,0.5884174120426178
random_forest,81,246,0.5906428694725037,0.5873624235391617
random_forest,81,247,0.6329941749572754,0.605863049030304
random_forest,81,248,0.6025052070617676,0.5977508640289306
random_forest,81,249,0.5399900674819946,0.5851161015033722
random_forest,81,250,0.4589372277259826,0.5735445699095726
random_forest,81,251,0.5789996385574341,0.5242619526386261
random_forest,81,252,0.5663756132125854,0.5759999138116837
random_forest,81,253,0.5373921394348145,0.5510872611403466
random_forest,81,254,0.5040422677993774,0.5230829647183418
random_forest,81,255,0.5715377926826477,0.52777891933918
random_forest,81,256,0.4451057612895965,0.533820506632328
random_forest,81,257,0.4723342359066009,0.5055560323596001
random_forest,81,258,0.4406733810901642,0.5259912750124931
random_forest,81,259,0.4972913265228271,0.48199042707681655
random_forest,81,260,0.4603715538978576,0.4943390640616417
random_forest,81,261,0.5431140661239624,0.45978887885808944
random_forest,81,262,0.4624957144260406,0.5248702663183212
random_forest,81,263,0.446303129196167,0.4617264026403427
random_forest,81,264,0.4676433801651001,0.4418847152590752
random_forest,81,265,0.4150671362876892,0.46276354253292085
random_forest,81,266,0.3960182964801788,0.43867179095745085
random_forest,81,267,0.4461148381233215,0.4262666592001915
random_forest,81,268,0.4038886427879333,0.4371746775507927
random_forest,81,269,0.4489640891551971,0.4525929307937622
random_forest,81,270,0.4205141961574554,0.4218834501504898
random_forest,81,271,0.4070592224597931,0.41206475257873537
random_forest,81,272,0.3997671604156494,0.41047263890504837
random_forest,81,273,0.3889397978782654,0.39407761782407763
random_forest,81,274,0.4010179936885834,0.3957893392443657
random_forest,81,275,0.3678517043590545,0.38138283461332323
random_forest,81,276,0.3084422945976257,0.37854288160800936
random_forest,81,277,0.3750998973846435,0.350722219645977
random_forest,81,278,0.3518784046173095,0.3662651404738426
random_forest,81,279,0.3156361877918243,0.37393293768167496
random_forest,81,280,0.3871869444847107,0.3602740415930748
random_forest,81,281,0.3427927196025848,0.3499068874120712
random_forest,81,282,0.2914580404758453,0.36526146590709685
random_forest,81,283,0.346563458442688,0.3519621142745018
random_forest,81,284,0.3223986029624939,0.3416822016239166
random_forest,81,285,0.2834892570972442,0.33783955469727517
random_forest,81,286,0.3511872887611389,0.360150930583477
random_forest,81,287,0.300894021987915,0.3416463613510132
random_forest,81,288,0.3603908121585846,0.3467219050228596
random_forest,81,289,0.3015971779823303,0.3318787905573845
random_forest,82,0,0.2848216295242309,0.2967065395414829
random_forest,82,1,0.2668632268905639,0.30620564356446267
random_forest,82,2,0.2649541199207306,0.2969821232557297
random_forest,82,3,0.335611492395401,0.2967457929253578
random_forest,82,4,0.3293169140815735,0.3170289197564125
random_forest,82,5,0.2729434669017792,0.3229507404565811
random_forest,82,6,0.347798228263855,0.31730361163616183
random_forest,82,7,0.2934401333332062,0.3232643148303032
random_forest,82,8,0.3511495590209961,0.3213199970126152
random_forest,82,9,0.2704777717590332,0.3424904787540436
random_forest,82,10,0.322970300912857,0.2971985800564289
random_forest,82,11,0.2489617317914962,0.31895430222153665
random_forest,82,12,0.3202316761016845,0.3075375431776047
random_forest,82,13,0.354662537574768,0.3301040059328079
random_forest,82,14,0.3186731934547424,0.34672862887382505
random_forest,82,15,0.2968898415565491,0.3290359607338905
random_forest,82,16,0.3597766458988189,0.32459797024726866
random_forest,82,17,0.3642047941684723,0.3309135967493057
random_forest,82,18,0.3497386276721954,0.372002948820591
random_forest,82,19,0.3815306425094604,0.35560283362865447
random_forest,82,20,0.341632604598999,0.3387365236878395
random_forest,82,21,0.3282309770584106,0.3207257305085659
random_forest,82,22,0.3597843647003174,0.33639231741428377
random_forest,82,23,0.3680635988712311,0.34952628761529925
random_forest,82,24,0.3194507360458374,0.36727742224931714
random_forest,82,25,0.360693871974945,0.33740353643894194
random_forest,82,26,0.3492607176303863,0.3475497215986252
random_forest,82,27,0.3473277986049652,0.3491493871808052
random_forest,82,28,0.3367885947227478,0.33709169015288354
random_forest,82,29,0.3748821318149566,0.35236934572458267
random_forest,82,30,0.4661603271961212,0.3763980942964554
random_forest,82,31,0.4193439483642578,0.4578963589668274
random_forest,82,32,0.3812309503555298,0.41928881108760835
random_forest,82,33,0.4159336984157562,0.36487632006406784
random_forest,82,34,0.5182345509529114,0.429327007830143
random_forest,82,35,0.5035513043403625,0.49015405267477036
random_forest,82,36,0.4858568608760834,0.5031632679700851
random_forest,82,37,0.5180928111076355,0.46206788539886473
random_forest,82,38,0.4950734972953796,0.5150062319636345
random_forest,82,39,0.5136616230010986,0.5010905277729034
random_forest,82,40,0.557331383228302,0.5087244766950607
random_forest,82,41,0.5601959824562073,0.5281430271267891
random_forest,82,42,0.5321260094642639,0.5225503143668174
random_forest,82,43,0.5570881366729736,0.5121080833673477
random_forest,82,44,0.5356668829917908,0.5244636842608452
random_forest,82,45,0.5453236699104309,0.5124889814853668
random_forest,82,46,0.5465646982192993,0.478031679391861
random_forest,82,47,0.595396101474762,0.49177316009998323
random_forest,82,48,0.5348877310752869,0.5220124739408493
random_forest,82,49,0.5708637237548828,0.49545317828655244
random_forest,82,50,0.5480424761772156,0.5257737201452255
random_forest,82,51,0.4599903225898742,0.5316276717185974
random_forest,82,52,0.5159798860549927,0.4489912348985672
random_forest,82,53,0.4658703207969665,0.5220864897966385
random_forest,82,54,0.5188630819320679,0.46734222292900085
random_forest,82,55,0.5434301495552063,0.5073963248729706
random_forest,82,56,0.5325745940208435,0.5316850650310516
random_forest,82,57,0.4237171113491058,0.5363741850852967
random_forest,82,58,0.4870845675468445,0.43029250591993334
random_forest,82,59,0.4512789845466614,0.46657966732978823
random_forest,82,60,0.4317769706249237,0.4337520435452461
random_forest,82,61,0.4658096134662628,0.4107212796807289
random_forest,82,62,0.4562713503837585,0.4263668406009674
random_forest,82,63,0.4623600542545318,0.4282604485750198
random_forest,82,64,0.471502810716629,0.406943541765213
random_forest,82,65,0.4521884024143219,0.4414395099878311
random_forest,82,66,0.4748676717281341,0.42782147496938705
random_forest,82,67,0.4283007681369781,0.454570789039135
random_forest,82,68,0.3637863397598266,0.4228866297006607
random_forest,82,69,0.4329202175140381,0.42720615059137346
random_forest,82,70,0.4329983592033386,0.41290176212787627
random_forest,82,71,0.4000159502029419,0.41438128650188444
random_forest,82,72,0.4007245004177093,0.4033684650063515
random_forest,82,73,0.4022832810878753,0.4217830502986908
random_forest,82,74,0.3939917087554931,0.42282308012247083
random_forest,82,75,0.4005449116230011,0.44622240096330645
random_forest,82,76,0.4213757812976837,0.44921644032001495
random_forest,82,77,0.4482718706130981,0.4482496801018715
random_forest,82,78,0.421486884355545,0.4703220811486244
random_forest,82,79,0.4472002685070038,0.4522925490140915
random_forest,82,80,0.5140652656555176,0.44380035877227786
random_forest,82,81,0.4135554432868957,0.4891869080066681
random_forest,82,82,0.4396260380744934,0.47593848705291747
random_forest,82,83,0.414443701505661,0.4292763289809227
random_forest,82,84,0.4241716861724853,0.4905320426821709
random_forest,82,85,0.477260023355484,0.47606553494930265
random_forest,82,86,0.4840294122695923,0.4692559537291527
random_forest,82,87,0.4660637080669403,0.48576642155647276
random_forest,82,88,0.4924138784408569,0.4904662546515465
random_forest,82,89,0.4640916883945465,0.4680793961882591
random_forest,82,90,0.5142229795455933,0.45651456534862517
random_forest,82,91,0.4802489280700683,0.529814849793911
random_forest,82,92,0.5004281997680664,0.508434090912342
random_forest,82,93,0.5424574613571167,0.5300017887353897
random_forest,82,94,0.5132551789283752,0.5342007854580879
random_forest,82,95,0.5372191667556763,0.5322885927557945
random_forest,82,96,0.5249147415161133,0.544383242726326
random_forest,82,97,0.5136452317237854,0.5491951569914818
random_forest,82,98,0.579384982585907,0.5523145040869712
random_forest,82,99,0.5336397886276245,0.5584311664104462
random_forest,82,100,0.4941330850124359,0.5575538581609726
random_forest,82,101,0.5621449947357178,0.5583479878306389
random_forest,82,102,0.5588680505752563,0.5628017199039459
random_forest,82,103,0.5594483017921448,0.5977812692523002
random_forest,82,104,0.6249035000801086,0.5858208566904068
random_forest,82,105,0.6369698643684387,0.6166422158479691
random_forest,82,106,0.541885495185852,0.6620450693368912
random_forest,82,107,0.6536485552787781,0.5919982004165649
random_forest,82,108,0.6408970952033997,0.6723153334856034
random_forest,82,109,0.6347144842147827,0.6274807739257813
random_forest,82,110,0.6503056287765503,0.6284099471569061
random_forest,82,111,0.641502857208252,0.6389676755666733
random_forest,82,112,0.6594676375389099,0.6425597369670868
random_forest,82,113,0.6358645558357239,0.6716683757305145
random_forest,82,114,0.6790881752967834,0.6750091642141343
random_forest,82,115,0.6899893879890442,0.6621001958847046
random_forest,82,116,0.6457458138465881,0.7028119218349457
random_forest,82,117,0.6698200106620789,0.6851443201303482
random_forest,82,118,0.7257755994796753,0.6825058507919312
random_forest,82,119,0.6817879676818848,0.6946983355283737
random_forest,82,120,0.6480985283851624,0.6891088610887528
random_forest,82,121,0.7543278932571411,0.7048589533567429
random_forest,82,122,0.7651447057723999,0.7200929290056228
random_forest,82,123,0.7643364071846008,0.7478543853759766
random_forest,82,124,0.75982266664505,0.750843356847763
random_forest,82,125,0.8019208908081055,0.7259362119436265
random_forest,82,126,0.8051289319992065,0.7753677642345429
random_forest,82,127,0.7462950944900513,0.7987752294540406
random_forest,82,128,0.7353840470314026,0.7294329750537872
random_forest,82,129,0.8282168507575989,0.7405548793077469
random_forest,82,130,0.7855639457702637,0.8451407337188721
random_forest,82,131,0.7685571908950806,0.7557640510797501
random_forest,82,132,0.7902222871780396,0.7294639420509338
random_forest,82,133,0.7621314525604248,0.7670005911588669
random_forest,82,134,0.8095600605010986,0.7569182676076889
random_forest,82,135,0.7870433926582336,0.8236645501852036
random_forest,82,136,0.8757031559944153,0.7798279225826263
random_forest,82,137,0.7926930785179138,0.8550777733325958
random_forest,82,138,0.8291352987289429,0.7630136877298355
random_forest,82,139,0.8690089583396912,0.8051274913549423
random_forest,82,140,0.8536616563796997,0.8517742604017258
random_forest,82,141,0.835811972618103,0.8484158223867416
random_forest,82,142,0.8261030912399292,0.7836267119646072
random_forest,82,143,0.8705836534500122,0.7995786899328232
random_forest,82,144,0.910753846168518,0.8120852452516556
random_forest,82,145,0.8623653054237366,0.8925946569442749
random_forest,82,146,0.7798132300376892,0.8345999717712402
random_forest,82,147,0.762546181678772,0.7739941877126694
random_forest,82,148,0.8126607537269592,0.735387910604477
random_forest,82,149,0.8031636476516724,0.786156771183014
random_forest,82,150,0.8573543429374695,0.8049889826774597
random_forest,82,151,0.822702169418335,0.8638001745939254
random_forest,82,152,0.8019790649414062,0.8104680001735687
random_forest,82,153,0.7854520678520203,0.7936506402492524
random_forest,82,154,0.7881987690925598,0.7651239675283432
random_forest,82,155,0.854619562625885,0.7742973256111145
random_forest,82,156,0.8415120840072632,0.846642450094223
random_forest,82,157,0.7840105295181274,0.8451305383443832
random_forest,82,158,0.7371453046798706,0.7519830924272537
random_forest,82,159,0.7581876516342163,0.6934068769216537
random_forest,82,160,0.7589479088783264,0.7054129600524902
random_forest,82,161,0.76759934425354,0.7141633832454681
random_forest,82,162,0.7427546977996826,0.734666183590889
random_forest,82,163,0.7753448486328125,0.689936072230339
random_forest,82,164,0.7738807201385498,0.7580416941642761
random_forest,82,165,0.731211245059967,0.7738355195522308
random_forest,82,166,0.6758127212524414,0.7147807055711746
random_forest,82,167,0.7388760447502136,0.6066792398691178
random_forest,82,168,0.73887699842453,0.714150015115738
random_forest,82,169,0.7673901319503784,0.6839992868900299
random_forest,82,170,0.7291476726531982,0.7511408019065857
random_forest,82,171,0.7395834922790527,0.7107205629348755
random_forest,82,172,0.753006637096405,0.7085959744453431
random_forest,82,173,0.6853315830230713,0.7786742240190506
random_forest,82,174,0.692870557308197,0.6050357294082641
random_forest,82,175,0.7500876188278198,0.6657149773836136
random_forest,82,176,0.7109822630882263,0.7387834125757218
random_forest,82,177,0.7445015907287598,0.7077714115381241
random_forest,82,178,0.776049017906189,0.7113158494234085
random_forest,82,179,0.6619389653205872,0.7698798352479934
random_forest,82,180,0.7253049612045288,0.6391455554962158
random_forest,82,181,0.7415498495101929,0.7262655621767045
random_forest,82,182,0.7130081653594971,0.7281209468841553
random_forest,82,183,0.6655297875404358,0.7044048833847046
random_forest,82,184,0.7297919392585754,0.6345230185985565
random_forest,82,185,0.6994649767875671,0.7187126702070237
random_forest,82,186,0.6831497550010681,0.6671027725934983
random_forest,82,187,0.6968829035758972,0.6773390275239944
random_forest,82,188,0.7014124989509583,0.6924711638689041
random_forest,82,189,0.7003494501113892,0.7022717201709747
random_forest,82,190,0.6627418994903564,0.6834567719697953
random_forest,82,191,0.7161270380020142,0.6496812951564789
random_forest,82,192,0.7143402099609375,0.672614552974701
random_forest,82,193,0.6889846324920654,0.686828482747078
random_forest,82,194,0.6859473586082458,0.6411247408390045
random_forest,82,195,0.6597443222999573,0.6840930783748627
random_forest,82,196,0.7508012056350708,0.6507761800289154
random_forest,82,197,0.7540010809898376,0.751739599108696
random_forest,82,198,0.7296039462089539,0.753427454829216
random_forest,82,199,0.6236672401428223,0.7385613238811493
random_forest,82,200,0.6990535855293274,0.6549737286567688
random_forest,82,201,0.7032679319381714,0.708375751376152
random_forest,82,202,0.7276185750961304,0.682224509716034
random_forest,82,203,0.7950713038444519,0.710039758682251
random_forest,82,204,0.7226824760437012,0.7719062328338623
random_forest,82,205,0.7370185256004333,0.686910926103592
random_forest,82,206,0.7766286134719849,0.7346789902448654
random_forest,82,207,0.7134827375411987,0.7807054495811463
random_forest,82,208,0.7343142032623291,0.6858405369520187
random_forest,82,209,0.6825927495956421,0.7414404737949372
random_forest,82,210,0.7621656656265259,0.6964702272415161
random_forest,82,211,0.7076371312141418,0.7319192707538604
random_forest,82,212,0.6682195663452148,0.711311891078949
random_forest,82,213,0.7197499871253967,0.7074090224504471
random_forest,82,214,0.7724684476852417,0.7196644502878189
random_forest,82,215,0.7218143343925476,0.7492052686214447
random_forest,82,216,0.7288285493850708,0.7217845088243484
random_forest,82,217,0.7228742837905884,0.7078538048267364
random_forest,82,218,0.7396791577339172,0.722705842256546
random_forest,82,219,0.757870614528656,0.7264590239524842
random_forest,82,220,0.7167501449584961,0.7304888701438904
random_forest,82,221,0.7360289096832275,0.7078305059671401
random_forest,82,222,0.7093631029129028,0.7115437519550324
random_forest,82,223,0.6689658164978027,0.7053768807649612
random_forest,82,224,0.7661301493644714,0.6989056730270385
random_forest,82,225,0.7036031484603882,0.748575223684311
random_forest,82,226,0.7058135271072388,0.6887178581953048
random_forest,82,227,0.6961233615875244,0.7248134237527847
random_forest,82,228,0.6133595705032349,0.7165049982070922
random_forest,82,229,0.7304608821868896,0.7226379978656768
random_forest,82,230,0.6529166102409363,0.7049787592887878
random_forest,82,231,0.6718389391899109,0.6581039613485337
random_forest,82,232,0.7217315435409546,0.6829815763235092
random_forest,82,233,0.6791121363639832,0.6845389622449874
random_forest,82,234,0.7023749351501465,0.6836114990711212
random_forest,82,235,0.6835764646530151,0.6883161056041718
random_forest,82,236,0.7094873189926147,0.6776319313049316
random_forest,82,237,0.6506350040435791,0.6819257950782776
random_forest,82,238,0.6999731063842773,0.632648941874504
random_forest,82,239,0.6941651701927185,0.6536502981185913
random_forest,82,240,0.5925810933113098,0.669215584397316
random_forest,82,241,0.6811656355857849,0.626508641242981
random_forest,82,242,0.5836540460586548,0.6150661325454712
random_forest,82,243,0.5979676842689514,0.619552458524704
random_forest,82,244,0.5777381658554077,0.591316950917244
random_forest,82,245,0.632709801197052,0.5808155429363251
random_forest,82,246,0.6009684205055237,0.5814004755020141
random_forest,82,247,0.5795034170150757,0.5981607311964035
random_forest,82,248,0.619351327419281,0.6253960579633713
random_forest,82,249,0.556404709815979,0.5993105626106262
random_forest,82,250,0.5544772148132324,0.5677586776018143
random_forest,82,251,0.5362400412559509,0.5285019585490227
random_forest,82,252,0.5880546569824219,0.5605750939249993
random_forest,82,253,0.5691668391227722,0.5841831538081169
random_forest,82,254,0.555862545967102,0.5468576249480247
random_forest,82,255,0.5004023313522339,0.5092505559325218
random_forest,82,256,0.5593470335006714,0.5125932556390762
random_forest,82,257,0.5452540516853333,0.5163120040297509
random_forest,82,258,0.4678647816181183,0.483937204182148
random_forest,82,259,0.49828040599823,0.5177116879820823
random_forest,82,260,0.5033180117607117,0.5010316723585129
random_forest,82,261,0.4557408690452575,0.4943546292185783
random_forest,82,262,0.4904256463050842,0.4637036520242691
random_forest,82,263,0.4941296577453613,0.468965165913105
random_forest,82,264,0.5341489315032959,0.47307376861572265
random_forest,82,265,0.465509682893753,0.5140656825900077
random_forest,82,266,0.5585695505142212,0.4127906379103661
random_forest,82,267,0.5234666466712952,0.5590129393339157
random_forest,82,268,0.5275653600692749,0.4706350240111351
random_forest,82,269,0.5371105670928955,0.50244230479002
random_forest,82,270,0.4632307589054107,0.5590062615275383
random_forest,82,271,0.5284565091133118,0.3991400644183159
random_forest,82,272,0.377069354057312,0.533744387626648
random_forest,82,273,0.445965051651001,0.37892256170511246
random_forest,82,274,0.4402511417865753,0.4146312165260315
random_forest,82,275,0.4958781003952026,0.3759064057469368
random_forest,82,276,0.4885634183883667,0.4864788717031479
random_forest,82,277,0.40765181183815,0.47712676048278807
random_forest,82,278,0.4016739428043365,0.35309776484966277
random_forest,82,279,0.4692564010620117,0.37345376998186114
random_forest,82,280,0.4362968206405639,0.45140415519475935
random_forest,82,281,0.4844339191913605,0.41817005336284635
random_forest,82,282,0.4422091841697693,0.4747864753007889
random_forest,82,283,0.3793393075466156,0.40252012997865677
random_forest,82,284,0.4384151697158813,0.3940224605798721
random_forest,82,285,0.411031424999237,0.43090457409620286
random_forest,82,286,0.4340680241584778,0.3569086056947708
random_forest,82,287,0.4579728245735168,0.4443000948429108
random_forest,82,288,0.3728101849555969,0.47084252029657364
random_forest,82,289,0.4073675572872162,0.33246536761522294
random_forest,83,0,0.2141011953353881,0.2891378186643124
random_forest,83,1,0.3031775653362274,0.290040091574192
random_forest,83,2,0.296620100736618,0.3335643669962883
random_forest,83,3,0.2827654182910919,0.31780067205429074
random_forest,83,4,0.2943331897258758,0.29445137798786164
random_forest,83,5,0.2974844872951507,0.3287245297431946
random_forest,83,6,0.2682856321334839,0.3467785985767841
random_forest,83,7,0.2837407886981964,0.3191691872477531
random_forest,83,8,0.2821380198001861,0.3022201701998711
random_forest,83,9,0.2521823048591614,0.32412652879953385
random_forest,83,10,0.2701355814933777,0.31051472425460813
random_forest,83,11,0.2783390581607818,0.31486083552241323
random_forest,83,12,0.338153600692749,0.3193461951613426
random_forest,83,13,0.3190743327140808,0.32567983627319336
random_forest,83,14,0.345634400844574,0.32354025334119796
random_forest,83,15,0.3272501230239868,0.33764551252126696
random_forest,83,16,0.3371279239654541,0.30646722167730334
random_forest,83,17,0.3487566709518432,0.32554117441177366
random_forest,83,18,0.3356142044067383,0.3460205326974392
random_forest,83,19,0.3418281078338623,0.37269882529973986
random_forest,83,20,0.3958832919597626,0.3361266553401947
random_forest,83,21,0.3338910341262817,0.3812207967042923
random_forest,83,22,0.3089453876018524,0.32959293454885485
random_forest,83,23,0.3805106282234192,0.32492373406887054
random_forest,83,24,0.3417395949363708,0.3691030603647232
random_forest,83,25,0.3748475611209869,0.35315426290035246
random_forest,83,26,0.2993309497833252,0.38245158553123476
random_forest,83,27,0.3251606523990631,0.34543685108423233
random_forest,83,28,0.4017748534679413,0.33833166003227233
random_forest,83,29,0.3699840903282165,0.39247181653976443
random_forest,83,30,0.3358370065689087,0.3671307447552681
random_forest,83,31,0.397736132144928,0.35287398397922515
random_forest,83,32,0.384008377790451,0.3763821116089821
random_forest,83,33,0.3808930516242981,0.37307399153709414
random_forest,83,34,0.4550047516822815,0.3601742535829544
random_forest,83,35,0.3472491800785064,0.466095949113369
random_forest,83,36,0.4073438346385956,0.36024398028850557
random_forest,83,37,0.4371148347854614,0.3760918426513672
random_forest,83,38,0.42807537317276,0.4153484937548637
random_forest,83,39,0.3845698237419128,0.44471469908952715
random_forest,83,40,0.4441155791282654,0.37604502350091934
random_forest,83,41,0.3650324642658233,0.4495713812112808
random_forest,83,42,0.4209828674793243,0.37197731614112856
random_forest,83,43,0.4663013219833374,0.3858292943239212
random_forest,83,44,0.4565274715423584,0.45490454107522965
random_forest,83,45,0.4597087800502777,0.42445006608963015
random_forest,83,46,0.4261737167835235,0.47085296899080276
random_forest,83,47,0.4010814130306244,0.4264140471816063
random_forest,83,48,0.509443461894989,0.3888911885023117
random_forest,83,49,0.452875941991806,0.497797529399395
random_forest,83,50,0.4479138255119324,0.44930792450904844
random_forest,83,51,0.520778238773346,0.4216894626617432
random_forest,83,52,0.518427312374115,0.5014319333434105
random_forest,83,53,0.4934939742088318,0.5108027914166451
random_forest,83,54,0.4767076075077057,0.5022781482338905
random_forest,83,55,0.4769559800624847,0.48539653956890105
random_forest,83,56,0.5161312818527222,0.4459196195006371
random_forest,83,57,0.4929609298706054,0.529012106359005
random_forest,83,58,0.4837125837802887,0.48973067104816437
random_forest,83,59,0.5473002791404724,0.46259216278791426
random_forest,83,60,0.4931778609752655,0.5577384009957314
random_forest,83,61,0.4239921569824219,0.4529261761903763
random_forest,83,62,0.5285029411315918,0.3971561026573181
random_forest,83,63,0.4691263735294342,0.5015208742022514
random_forest,83,64,0.5243264436721802,0.4088191705942154
random_forest,83,65,0.4544373750686645,0.4759618216753006
random_forest,83,66,0.4998330771923065,0.4244484835863113
random_forest,83,67,0.5131427049636841,0.5064971575140953
random_forest,83,68,0.4979177117347717,0.48486114889383314
random_forest,83,69,0.5149680972099304,0.4962768456339836
random_forest,83,70,0.499349981546402,0.4596321094036102
random_forest,83,71,0.5153278708457947,0.4743815267086029
random_forest,83,72,0.57602858543396,0.48360593259334567
random_forest,83,73,0.5426833629608154,0.526432173550129
random_forest,83,74,0.5770493745803833,0.5115741291642188
random_forest,83,75,0.5081621408462524,0.5490983748435974
random_forest,83,76,0.5350683927536011,0.4790618345141411
random_forest,83,77,0.6213038563728333,0.5041621732711792
random_forest,83,78,0.533560574054718,0.614107831120491
random_forest,83,79,0.5497864484786987,0.5202817952632904
random_forest,83,80,0.6210193037986755,0.5070008727908134
random_forest,83,81,0.5395860075950623,0.6330914211273193
random_forest,83,82,0.5321839451789856,0.522923794388771
random_forest,83,83,0.5743036866188049,0.49617801010608675
random_forest,83,84,0.5676344633102417,0.5692611920833588
random_forest,83,85,0.5397980809211731,0.5727299791574478
random_forest,83,86,0.5670635104179382,0.5258508563041687
random_forest,83,87,0.5480676293373108,0.5666373732686043
random_forest,83,88,0.5562673211097717,0.52303717315197
random_forest,83,89,0.5422911047935486,0.5093473410606384
random_forest,83,90,0.5631128549575806,0.5321537187695503
random_forest,83,91,0.5681319236755371,0.5250589153170586
random_forest,83,92,0.5348171591758728,0.5540336629748345
random_forest,83,93,0.5600923299789429,0.5262828037142754
random_forest,83,94,0.5250846743583679,0.5443392568826675
random_forest,83,95,0.5871010422706604,0.5358419308066368
random_forest,83,96,0.5747937560081482,0.5361934208869934
random_forest,83,97,0.6529722809791565,0.5605220153927803
random_forest,83,98,0.5633531808853149,0.6473151248693466
random_forest,83,99,0.612234354019165,0.5473491582274437
random_forest,83,100,0.6055734753608704,0.5851965218782424
random_forest,83,101,0.6083823442459106,0.6148531502485275
random_forest,83,102,0.5382949709892273,0.6093796354532242
random_forest,83,103,0.6538318991661072,0.5718622279167175
random_forest,83,104,0.6221299171447754,0.6393592530488967
random_forest,83,105,0.5917609333992004,0.6253196418285369
random_forest,83,106,0.6088245511054993,0.603888314962387
random_forest,83,107,0.6046690940856934,0.6269172614812851
random_forest,83,108,0.6220930814743042,0.5997205579280853
random_forest,83,109,0.6644494533538818,0.6303478455543519
random_forest,83,110,0.634650468826294,0.6678399193286896
random_forest,83,111,0.6526810526847839,0.6623654329776764
random_forest,83,112,0.6958943009376526,0.6511295968294144
random_forest,83,113,0.6821489930152893,0.6895283484458923
random_forest,83,114,0.6712000370025635,0.6681282776594162
random_forest,83,115,0.6768984198570251,0.6794355076551437
random_forest,83,116,0.6747236251831055,0.6802755367755889
random_forest,83,117,0.6971736550331116,0.6819598430395126
random_forest,83,118,0.7204599380493164,0.6787707394361496
random_forest,83,119,0.7260798811912537,0.6805627077817917
random_forest,83,120,0.6488134264945984,0.7208643668889999
random_forest,83,121,0.6832020282745361,0.7304133397340774
random_forest,83,122,0.6896859407424927,0.7284152060747147
random_forest,83,123,0.7284564971923828,0.7028511935472488
random_forest,83,124,0.7220889329910278,0.7631839692592621
random_forest,83,125,0.7550848722457886,0.7355273884534835
random_forest,83,126,0.7699795365333557,0.7331579703092576
random_forest,83,127,0.6973901987075806,0.7257981514930725
random_forest,83,128,0.7162885069847107,0.7339122116565704
random_forest,83,129,0.7593672275543213,0.7323588198423385
random_forest,83,130,0.7823129892349243,0.7549389266967773
random_forest,83,131,0.7937425374984741,0.7238632667064667
random_forest,83,132,0.695106565952301,0.783861101269722
random_forest,83,133,0.7209279537200928,0.7471646833419799
random_forest,83,134,0.7233646512031555,0.734051199555397
random_forest,83,135,0.7258507609367371,0.7585747164487838
random_forest,83,136,0.8353650569915771,0.745845143198967
random_forest,83,137,0.7751798629760742,0.8284071040153503
random_forest,83,138,0.7601643204689026,0.7757232457399368
random_forest,83,139,0.7237518429756165,0.7711329752206803
random_forest,83,140,0.8024316430091858,0.7668765145540237
random_forest,83,141,0.729516863822937,0.7674085342884064
random_forest,83,142,0.7137501835823059,0.7611938297748566
random_forest,83,143,0.7175807356834412,0.6957079470157623
random_forest,83,144,0.7285674810409546,0.7272186684608459
random_forest,83,145,0.6759939193725586,0.7431151366233826
random_forest,83,146,0.7275206446647644,0.7418974596261978
random_forest,83,147,0.7106029987335205,0.748214237689972
random_forest,83,148,0.6823193430900574,0.718372637629509
random_forest,83,149,0.7506522536277771,0.7094708490371704
random_forest,83,150,0.6094997525215149,0.7163577872514725
random_forest,83,151,0.6686477661132812,0.7010295855998993
random_forest,83,152,0.6893033385276794,0.695672196149826
random_forest,83,153,0.6825998425483704,0.7015201121568679
random_forest,83,154,0.6806365847587585,0.7035350567102432
random_forest,83,155,0.6134477853775024,0.6708924585580825
random_forest,83,156,0.6318886876106262,0.6984506249427795
random_forest,83,157,0.6745889186859131,0.6819018161296845
random_forest,83,158,0.65875643491745,0.6668961918354035
random_forest,83,159,0.6837878823280334,0.6423220485448837
random_forest,83,160,0.6892660856246948,0.6714025056362152
random_forest,83,161,0.6768269538879395,0.6932019633054733
random_forest,83,162,0.7076432704925537,0.6319368314743042
random_forest,83,163,0.6960387229919434,0.6688617616891861
random_forest,83,164,0.6100995540618896,0.6813107943534851
random_forest,83,165,0.6549047827720642,0.646789139509201
random_forest,83,166,0.5730913281440735,0.642920748591423
random_forest,83,167,0.5977627635002136,0.6216626304388047
random_forest,83,168,0.6222636699676514,0.5970854598283768
random_forest,83,169,0.6036070585250854,0.6132641530036926
random_forest,83,170,0.5729261636734009,0.5974464666843414
random_forest,83,171,0.6044152975082397,0.5979059571027756
random_forest,83,172,0.6143606901168823,0.5863203155994415
random_forest,83,173,0.5866727828979492,0.6189493507146835
random_forest,83,174,0.587147057056427,0.5968662744760513
random_forest,83,175,0.6025752425193787,0.6205961859226227
random_forest,83,176,0.6106033325195312,0.5879538458585739
random_forest,83,177,0.6691328883171082,0.612423045039177
random_forest,83,178,0.5881526470184326,0.6094030916690827
random_forest,83,179,0.5897340774536133,0.5892837506532669
random_forest,83,180,0.570036768913269,0.6060765564441681
random_forest,83,181,0.5935079455375671,0.6071415674686432
random_forest,83,182,0.5995336174964905,0.6107694768905639
random_forest,83,183,0.7144164443016052,0.6087659698724747
random_forest,83,184,0.6558974981307983,0.685493238568306
random_forest,83,185,0.5839918255805969,0.646576566696167
random_forest,83,186,0.6052359342575073,0.6001767289638519
random_forest,83,187,0.6498817205429077,0.6179610282182694
random_forest,83,188,0.5836033225059509,0.6367497414350509
random_forest,83,189,0.6490206122398376,0.6454698479175568
random_forest,83,190,0.6538680791854858,0.619635265469551
random_forest,83,191,0.6636053323745728,0.6269350093603134
random_forest,83,192,0.656600296497345,0.6457917082309723
random_forest,83,193,0.6108061075210571,0.6257611471414566
random_forest,83,194,0.6454904079437256,0.667246720790863
random_forest,83,195,0.6359360218048096,0.6703507947921753
random_forest,83,196,0.6135773658752441,0.6803741878271103
random_forest,83,197,0.6870871186256409,0.6390881890058517
random_forest,83,198,0.6628853678703308,0.6572936791181564
random_forest,83,199,0.6645203828811646,0.6686863076686859
random_forest,83,200,0.616977870464325,0.6789364928007126
random_forest,83,201,0.6898699998855591,0.6690862548351287
random_forest,83,202,0.6544792056083679,0.6332097214460373
random_forest,83,203,0.6266350746154785,0.6739317321777344
random_forest,83,204,0.6946264505386353,0.6681949234008789
random_forest,83,205,0.6252698302268982,0.6891613459587097
random_forest,83,206,0.6502421498298645,0.6958559566736221
random_forest,83,207,0.6866668462753296,0.6929501742124557
random_forest,83,208,0.7076451182365417,0.7104588919878005
random_forest,83,209,0.6455736756324768,0.7077082216739654
random_forest,83,210,0.7061132788658142,0.7172345799207688
random_forest,83,211,0.7286602258682251,0.7111721688508987
random_forest,83,212,0.7351614832878113,0.693299930691719
random_forest,83,213,0.6893840432167053,0.6974623519182205
random_forest,83,214,0.6137698292732239,0.7225487101078033
random_forest,83,215,0.7174543738365173,0.7431298065185546
random_forest,83,216,0.7193742394447327,0.7164461869001388
random_forest,83,217,0.698657214641571,0.694438967704773
random_forest,83,218,0.7212420105934143,0.7185567873716354
random_forest,83,219,0.7266510128974915,0.7245093089342117
random_forest,83,220,0.6776638627052307,0.7349503040313721
random_forest,83,221,0.6503816843032837,0.7168885523080826
random_forest,83,222,0.6888995170593262,0.7247013413906097
random_forest,83,223,0.6956358551979065,0.7226803469657898
random_forest,83,224,0.7559584379196167,0.7066911387443543
random_forest,83,225,0.6874715685844421,0.7503275465965271
random_forest,83,226,0.705336332321167,0.7108757066726684
random_forest,83,227,0.6833245158195496,0.6992309463024139
random_forest,83,228,0.6970237493515015,0.6876078295707703
random_forest,83,229,0.7254590392112732,0.7029286760091782
random_forest,83,230,0.6676826477050781,0.6959973865747452
random_forest,83,231,0.6121949553489685,0.6896343255043029
random_forest,83,232,0.6120196580886841,0.6984029030799865
random_forest,83,233,0.6476866602897644,0.7001783150434494
random_forest,83,234,0.713353157043457,0.6474015069007873
random_forest,83,235,0.7131970524787903,0.6963063615560532
random_forest,83,236,0.6919280290603638,0.6994423168897629
random_forest,83,237,0.6023925542831421,0.6590323847532272
random_forest,83,238,0.6709839701652527,0.6710776442289352
random_forest,83,239,0.6588706374168396,0.6334453332424164
random_forest,83,240,0.617517352104187,0.6413643348217011
random_forest,83,241,0.6241234540939331,0.6299232649803161
random_forest,83,242,0.6063567399978638,0.6311464959383011
random_forest,83,243,0.5676238536834717,0.6422199094295502
random_forest,83,244,0.6391928791999817,0.5730316549539566
random_forest,83,245,0.6032111644744873,0.599424524307251
random_forest,83,246,0.644899845123291,0.5831762260198593
random_forest,83,247,0.5619661211967468,0.5902912127971649
random_forest,83,248,0.543193519115448,0.584794462621212
random_forest,83,249,0.6366094946861267,0.5586114650964737
random_forest,83,250,0.601345956325531,0.6091426235437393
random_forest,83,251,0.6051770448684692,0.5715370127558708
random_forest,83,252,0.5072581171989441,0.5516621139645577
random_forest,83,253,0.5207852721214294,0.5365741243958473
random_forest,83,254,0.5799077749252319,0.5688863423466682
random_forest,83,255,0.5474904775619507,0.5558377137780189
random_forest,83,256,0.4997753500938415,0.5201788467168807
random_forest,83,257,0.4260937869548797,0.4950177004933357
random_forest,83,258,0.4699016213417053,0.5065005016326904
random_forest,83,259,0.4649396538734436,0.508182876110077
random_forest,83,260,0.4462313950061798,0.5071005520224571
random_forest,83,261,0.4715268313884735,0.48408238738775256
random_forest,83,262,0.5067886710166931,0.45472856253385546
random_forest,83,263,0.459496408700943,0.49282760828733446
random_forest,83,264,0.4188981652259826,0.43393181025981903
random_forest,83,265,0.4646623730659485,0.466463286280632
random_forest,83,266,0.4301708936691284,0.4503855735063553
random_forest,83,267,0.4648493528366089,0.4427528229355812
random_forest,83,268,0.4805499315261841,0.4316365855932236
random_forest,83,269,0.4064972400665283,0.47185104340314865
random_forest,83,270,0.3577718734741211,0.4197617891430855
random_forest,83,271,0.4016129970550537,0.3901167351007462
random_forest,83,272,0.3847740888595581,0.416319722533226
random_forest,83,273,0.3501970171928406,0.39297640055418015
random_forest,83,274,0.4519353806972503,0.39234922885894774
random_forest,83,275,0.4194098114967346,0.41419314056634904
random_forest,83,276,0.4252746403217315,0.37087425887584685
random_forest,83,277,0.3576796948909759,0.3757199409604073
random_forest,83,278,0.4096558690071106,0.355841743350029
random_forest,83,279,0.3536595106124878,0.3402011600136757
random_forest,83,280,0.4047606587409973,0.3452620902657509
random_forest,83,281,0.3660492300987243,0.38041562974452975
random_forest,83,282,0.382187932729721,0.3644542345404625
random_forest,83,283,0.3746121525764465,0.35247125536203383
random_forest,83,284,0.3861190676689148,0.339801766872406
random_forest,83,285,0.3204519152641296,0.33716584235429764
random_forest,83,286,0.3020198047161102,0.33938558146357534
random_forest,83,287,0.3290484845638275,0.33082121282815935
random_forest,83,288,0.3848394453525543,0.3225108999013901
random_forest,83,289,0.3206633031368255,0.3728942999243736
random_forest,84,0,0.3090295493602752,0.31858556598424914
random_forest,84,1,0.3869508802890777,0.3111094328761101
random_forest,84,2,0.3373607397079468,0.3438035729527473
random_forest,84,3,0.2597066164016723,0.31488375306129457
random_forest,84,4,0.3280855417251587,0.32149004846811297
random_forest,84,5,0.3457939028739929,0.3044712395966053
random_forest,84,6,0.2919804453849792,0.32816811829805376
random_forest,84,7,0.3103758692741394,0.340053394138813
random_forest,84,8,0.3260398805141449,0.26612161204218865
random_forest,84,9,0.2590573728084564,0.28886031299829484
random_forest,84,10,0.2334595620632171,0.3212206229567528
random_forest,84,11,0.3371576964855194,0.31452916264534
random_forest,84,12,0.2928961515426636,0.35449088603258133
random_forest,84,13,0.3024704158306122,0.30068806529045106
random_forest,84,14,0.2635688781738281,0.334651363492012
random_forest,84,15,0.2659800946712494,0.32776924639940264
random_forest,84,16,0.2782478034496307,0.3221610352396965
random_forest,84,17,0.2659871876239776,0.32676722794771196
random_forest,84,18,0.2744947671890259,0.3250069561600685
random_forest,84,19,0.3354778885841369,0.33747095733880994
random_forest,84,20,0.3106091022491455,0.3421526679396629
random_forest,84,21,0.3575336635112762,0.34287551790475845
random_forest,84,22,0.3582018613815307,0.35226032346487046
random_forest,84,23,0.2967589199542999,0.3442878946661949
random_forest,84,24,0.3466182053089142,0.3322895529866219
random_forest,84,25,0.3211387991905212,0.33725801333785055
random_forest,84,26,0.3441083133220672,0.33729133248329163
random_forest,84,27,0.2234925627708435,0.3479992239177227
random_forest,84,28,0.3030866980552673,0.3371268391609192
random_forest,84,29,0.3784258663654327,0.3464350146055222
random_forest,84,30,0.342093288898468,0.35669001877307893
random_forest,84,31,0.3688343167304992,0.3345699918270111
random_forest,84,32,0.3916927278041839,0.3506267535686493
random_forest,84,33,0.3861893117427826,0.35885844588279725
random_forest,84,34,0.3410302102565765,0.353553109318018
random_forest,84,35,0.3491488099098205,0.35690016239881517
random_forest,84,36,0.3272924423217773,0.3592845186591148
random_forest,84,37,0.3610928952693939,0.3594352313876152
random_forest,84,38,0.3351210951805115,0.3618347030878067
random_forest,84,39,0.4128882884979248,0.3602962961792946
random_forest,84,40,0.36161008477211,0.40729127526283265
random_forest,84,41,0.4163956940174103,0.3559091645479202
random_forest,84,42,0.4052112698554992,0.41176472485065463
random_forest,84,43,0.3563973009586334,0.38388167768716813
random_forest,84,44,0.2868762910366058,0.3763290804624557
random_forest,84,45,0.4160508215427398,0.3839714729785919
random_forest,84,46,0.2704551517963409,0.4362439960241318
random_forest,84,47,0.416361927986145,0.3692542898654938
random_forest,84,48,0.2648134529590606,0.4271968343853951
random_forest,84,49,0.3461365103721618,0.36524833261966705
random_forest,84,50,0.4142807722091675,0.38029404908418657
random_forest,84,51,0.4034440219402313,0.417412696480751
random_forest,84,52,0.3234583139419555,0.41717383712530137
random_forest,84,53,0.3409254848957062,0.37141559690237047
random_forest,84,54,0.3641291260719299,0.3844816556572914
random_forest,84,55,0.3645561635494232,0.40209734827280047
random_forest,84,56,0.4262700378894806,0.4009773790836334
random_forest,84,57,0.3429348170757293,0.4166943171620369
random_forest,84,58,0.4423918128013611,0.40150980710983275
random_forest,84,59,0.3799946010112762,0.42657194554805755
random_forest,84,60,0.4524700343608856,0.4220083999633789
random_forest,84,61,0.4166700839996338,0.4367999628186226
random_forest,84,62,0.4077500700950622,0.4153593918681145
random_forest,84,63,0.3829192817211151,0.4153354632854462
random_forest,84,64,0.4465935826301574,0.4364412093162537
random_forest,84,65,0.4474513232707977,0.42624073058366774
random_forest,84,66,0.4559327661991119,0.4514941185712814
random_forest,84,67,0.433184951543808,0.4348196291923523
random_forest,84,68,0.4423506259918213,0.4084431383013725
random_forest,84,69,0.4216673970222473,0.42952482104301454
random_forest,84,70,0.4484405815601349,0.451546693444252
random_forest,84,71,0.3940316140651703,0.4522053253650665
random_forest,84,72,0.466292530298233,0.4324328887462616
random_forest,84,73,0.4132792055606842,0.4300343072414398
random_forest,84,74,0.4621614813804626,0.44261224538087846
random_forest,84,75,0.3644017875194549,0.44481863230466845
random_forest,84,76,0.4275206923484802,0.42216248393058775
random_forest,84,77,0.4199583232402801,0.46657735735177996
random_forest,84,78,0.5083733201026917,0.4437155520915985
random_forest,84,79,0.536750316619873,0.46442157328128814
random_forest,84,80,0.4095156788825989,0.5116268271207809
random_forest,84,81,0.4617349803447723,0.46892543584108354
random_forest,84,82,0.5068368911743164,0.48218309462070463
random_forest,84,83,0.4768464267253876,0.4956546175479889
random_forest,84,84,0.5474590063095093,0.4376416352391243
random_forest,84,85,0.4823782444000244,0.5443313151597977
random_forest,84,86,0.532082736492157,0.4739231353998184
random_forest,84,87,0.5516109466552734,0.4827727791666985
random_forest,84,88,0.4894195795059204,0.5248789405822754
random_forest,84,89,0.493786871433258,0.4913823169469833
random_forest,84,90,0.5232334733009338,0.4892908176779747
random_forest,84,91,0.4954186677932739,0.5040978363156319
random_forest,84,92,0.5359028577804565,0.5270025742053985
random_forest,84,93,0.5183039307594299,0.5274790200591087
random_forest,84,94,0.5445958375930786,0.5418222030997276
random_forest,84,95,0.5789815187454224,0.5112033566832542
random_forest,84,96,0.5512811541557312,0.544240987598896
random_forest,84,97,0.5150208473205566,0.5560238865017891
random_forest,84,98,0.5238779187202454,0.542640135884285
random_forest,84,99,0.5896919369697571,0.5776126158237457
random_forest,84,100,0.554177463054657,0.5875902447104454
random_forest,84,101,0.6505113244056702,0.5855252608656883
random_forest,84,102,0.5575259327888489,0.6161969578266144
random_forest,84,103,0.6481321454048157,0.5991401758790016
random_forest,84,104,0.7015451192855835,0.6071650153398513
random_forest,84,105,0.6309431195259094,0.7280578964948654
random_forest,84,106,0.6693698167800903,0.5988599759340286
random_forest,84,107,0.6680452823638916,0.6511116999387742
random_forest,84,108,0.6985920071601868,0.6284394562244415
random_forest,84,109,0.7575698494911194,0.6992298436164855
random_forest,84,110,0.7070069313049316,0.7345038270950317
random_forest,84,111,0.7525128722190857,0.6875676667690277
random_forest,84,112,0.7711164951324463,0.7436909085512161
random_forest,84,113,0.7471515536308289,0.7352508395910263
random_forest,84,114,0.775328516960144,0.70824347615242
random_forest,84,115,0.7620783448219299,0.7754791814088822
random_forest,84,116,0.7913244962692261,0.7582258480787277
random_forest,84,117,0.7965555191040039,0.7910519796609878
random_forest,84,118,0.7838990092277527,0.7945778810977936
random_forest,84,119,0.8536019325256348,0.8047190046310425
random_forest,84,120,0.8602616190910339,0.8219424611330033
random_forest,84,121,0.8095176219940186,0.821816092133522
random_forest,84,122,0.922889769077301,0.787856861948967
random_forest,84,123,0.8717756271362305,0.927644688487053
random_forest,84,124,0.8833072781562805,0.848638061285019
random_forest,84,125,0.8900174498558044,0.8311318439245224
random_forest,84,126,0.9360905289649964,0.8609134817123413
random_forest,84,127,0.899025559425354,0.9123292219638824
random_forest,84,128,0.8833284974098206,0.8947293126583099
random_forest,84,129,0.8777374625205994,0.8849014246463776
random_forest,84,130,0.911918878555298,0.8700847047567367
random_forest,84,131,0.9563152194023132,0.8857353144884109
random_forest,84,132,0.9404596090316772,0.9501984465122223
random_forest,84,133,0.957718789577484,0.8696301031112671
random_forest,84,134,0.948171854019165,0.9412062680721283
random_forest,84,135,1.0,0.8833135336637497
random_forest,84,136,0.9657516479492188,0.9906022316217422
random_forest,84,137,0.9691392183303832,0.9322868299484253
random_forest,84,138,0.9981985092163086,0.944525094628334
random_forest,84,139,0.9977738857269288,0.9899382483959198
random_forest,84,140,1.0,0.9827478021383286
random_forest,84,141,1.0,0.9996646475791932
random_forest,84,142,0.986448049545288,0.9968938767910004
random_forest,84,143,1.0,0.962411418557167
random_forest,84,144,0.9585955142974854,0.9959795510768891
random_forest,84,145,1.0,0.9322114390134811
random_forest,84,146,0.9909291863441468,0.994679172039032
random_forest,84,147,0.9642682075500488,0.9463473445177079
random_forest,84,148,0.9803814888000488,0.9431162977218628
random_forest,84,149,0.9697484374046326,0.9534209394454956
random_forest,84,150,1.0,0.9603423118591309
random_forest,84,151,1.0,0.9725296378135682
random_forest,84,152,0.9428313970565796,0.9937618517875672
random_forest,84,153,1.0,0.913222251534462
random_forest,84,154,1.0,0.9769868397712708
random_forest,84,155,0.9649089574813844,0.9698581546545029
random_forest,84,156,0.9280272126197816,0.90884916305542
random_forest,84,157,0.9766827821731568,0.9122735047340393
random_forest,84,158,0.9431031942367554,0.9550662899017334
random_forest,84,159,0.9816377758979796,0.9088993841409683
random_forest,84,160,0.966306746006012,0.969190993309021
random_forest,84,161,0.977350115776062,0.9220195353031159
random_forest,84,162,0.9281340837478638,0.9444285005331039
random_forest,84,163,0.9693515300750732,0.8904527467489243
random_forest,84,164,1.0,0.9547488206624984
random_forest,84,165,0.865571141242981,0.9917887043952942
random_forest,84,166,0.8497396111488342,0.8657189524173736
random_forest,84,167,0.9699724912643432,0.8530830335617066
random_forest,84,168,0.9118040800094604,0.9284280669689179
random_forest,84,169,0.9732986688613892,0.8938193833827972
random_forest,84,170,0.9100133180618286,0.946905621290207
random_forest,84,171,0.8452412486076355,0.8799044513702392
random_forest,84,172,0.8309721946716309,0.8423753356933594
random_forest,84,173,0.8656854629516602,0.7846177667379379
random_forest,84,174,0.9307070970535278,0.8426860070228577
random_forest,84,175,0.8811399340629578,0.8700802993774414
random_forest,84,176,0.8584480881690979,0.8548212897777557
random_forest,84,177,0.9627841114997864,0.8286722391843796
random_forest,84,178,0.8818169236183167,0.9302338248491288
random_forest,84,179,0.8841939568519592,0.8540752232074738
random_forest,84,180,0.8538246750831604,0.8723088735342026
random_forest,84,181,0.9177463054656982,0.8576084119081497
random_forest,84,182,0.8462536334991455,0.8916263073682785
random_forest,84,183,0.8469944596290588,0.8383397454023361
random_forest,84,184,0.8304295539855957,0.8212942951917648
random_forest,84,185,0.805879533290863,0.8003235572576523
random_forest,84,186,0.8468602895736694,0.7831073349714279
random_forest,84,187,0.782307505607605,0.8337990748882294
random_forest,84,188,0.8206443786621094,0.7568334883451462
random_forest,84,189,0.7746988534927368,0.8351343840360641
random_forest,84,190,0.7382451295852661,0.7676990854740143
random_forest,84,191,0.7543999552726746,0.7422585302591324
random_forest,84,192,0.7448028922080994,0.7514513158798217
random_forest,84,193,0.8050300478935242,0.7455048578977584
random_forest,84,194,0.665279746055603,0.8101637160778046
random_forest,84,195,0.7257853150367737,0.6435254973173141
random_forest,84,196,0.8009005784988403,0.7051669842004776
random_forest,84,197,0.8050910234451294,0.8108672004938126
random_forest,84,198,0.7805954813957214,0.785358589887619
random_forest,84,199,0.7992739677429199,0.8056439512968063
random_forest,84,200,0.7358545660972595,0.7765465527772903
random_forest,84,201,0.7324094176292419,0.7053684031963349
random_forest,84,202,0.7353204488754272,0.7539106023311615
random_forest,84,203,0.7555311322212219,0.7262148833274842
random_forest,84,204,0.6947510838508606,0.7588363176584244
random_forest,84,205,0.7600277066230774,0.6792212182283401
random_forest,84,206,0.810079038143158,0.7324448573589325
random_forest,84,207,0.7082661986351013,0.7857398575544358
random_forest,84,208,0.7786410450935364,0.71975057721138
random_forest,84,209,0.7894477248191833,0.7594113183021546
random_forest,84,210,0.6932916641235352,0.8117545306682586
random_forest,84,211,0.7762575745582581,0.6916163820028305
random_forest,84,212,0.7599809169769287,0.7641474866867065
random_forest,84,213,0.7276799082756042,0.7578821504116058
random_forest,84,214,0.7580689191818237,0.7143099379539489
random_forest,84,215,0.733849823474884,0.7446155631542206
random_forest,84,216,0.7441631555557251,0.6990428352355957
random_forest,84,217,0.7666788101196289,0.7388637953996658
random_forest,84,218,0.7057327628135681,0.7137853825092315
random_forest,84,219,0.7494338154792786,0.7155076968669891
random_forest,84,220,0.739557683467865,0.7175853097438812
random_forest,84,221,0.7714859843254089,0.7231186997890472
random_forest,84,222,0.6755991578102112,0.712564024925232
random_forest,84,223,0.679422914981842,0.7144384026527405
random_forest,84,224,0.6842879056930542,0.7083758318424225
random_forest,84,225,0.71833735704422,0.7059482276439667
random_forest,84,226,0.7368757724761963,0.7009166234731674
random_forest,84,227,0.6654563546180725,0.708922011256218
random_forest,84,228,0.6926705241203308,0.6938062834739686
random_forest,84,229,0.744115948677063,0.7075184571743012
random_forest,84,230,0.7182289958000183,0.7292151242494583
random_forest,84,231,0.6714566349983215,0.6914759504795075
random_forest,84,232,0.6244763731956482,0.686727048754692
random_forest,84,233,0.6652823686599731,0.698411917090416
random_forest,84,234,0.651286780834198,0.6867889070510864
random_forest,84,235,0.6734586358070374,0.6485572975873947
random_forest,84,236,0.7102919816970825,0.6555340415239335
random_forest,84,237,0.635079562664032,0.6687488442659378
random_forest,84,238,0.6075491905212402,0.652259703874588
random_forest,84,239,0.6703881621360779,0.6257520163059235
random_forest,84,240,0.6592382788658142,0.6496661651134491
random_forest,84,241,0.688072919845581,0.6330376708507538
random_forest,84,242,0.610814094543457,0.6671966975927353
random_forest,84,243,0.6327936053276062,0.628840137720108
random_forest,84,244,0.5555737614631653,0.5952926963567734
random_forest,84,245,0.6925021409988403,0.5942153787612915
random_forest,84,246,0.5394546985626221,0.660331215262413
random_forest,84,247,0.5678358674049377,0.5735901066660881
random_forest,84,248,0.519152045249939,0.5722428220510483
random_forest,84,249,0.5104865431785583,0.5419729483127594
random_forest,84,250,0.5069911479949951,0.5602260428667069
random_forest,84,251,0.56072598695755,0.5283427429199219
random_forest,84,252,0.5148293375968933,0.537384811937809
random_forest,84,253,0.5441178679466248,0.5222711092233658
random_forest,84,254,0.5084571242332458,0.5386996501684189
random_forest,84,255,0.5124368071556091,0.5206691035628319
random_forest,84,256,0.4732552170753479,0.5124939897656441
random_forest,84,257,0.447010338306427,0.5196251544356346
random_forest,84,258,0.4888657629489898,0.5053327205777168
random_forest,84,259,0.5214990377426147,0.48149255752563475
random_forest,84,260,0.4029371440410614,0.4765774554014206
random_forest,84,261,0.4033330976963043,0.466386196911335
random_forest,84,262,0.5017778277397156,0.4596245613694191
random_forest,84,263,0.4873807430267334,0.4916204026341438
random_forest,84,264,0.4627583920955658,0.46577439963817596
random_forest,84,265,0.3959965705871582,0.4368224957585335
random_forest,84,266,0.4218454658985138,0.4147589036822319
random_forest,84,267,0.4285750389099121,0.4413254827260971
random_forest,84,268,0.4507934749126434,0.4218026638031006
random_forest,84,269,0.4357842206954956,0.4119733253121376
random_forest,84,270,0.3459863662719726,0.4264038968086243
random_forest,84,271,0.3470467925071716,0.3997021135687828
random_forest,84,272,0.3840548694133758,0.4139543253183365
random_forest,84,273,0.3751449584960937,0.40217990159988404
random_forest,84,274,0.4174605309963226,0.3981676983833313
random_forest,84,275,0.4245987236499786,0.38680996745824814
random_forest,84,276,0.3936879932880401,0.37979940384626387
random_forest,84,277,0.307133287191391,0.38778398543596265
random_forest,84,278,0.3425671756267547,0.3637371888756752
random_forest,84,279,0.3575423955917358,0.35971445053815837
random_forest,84,280,0.3186485767364502,0.3469672483205795
random_forest,84,281,0.3585380613803863,0.3481243860721588
random_forest,84,282,0.3155615627765655,0.33065148890018464
random_forest,84,283,0.3532752096652984,0.3503242391347885
random_forest,84,284,0.3710125088691711,0.3507425299286842
random_forest,84,285,0.3088224530220032,0.33728000819683074
random_forest,84,286,0.3653621971607208,0.34222327008843423
random_forest,84,287,0.2631274163722992,0.3424729323387146
random_forest,84,288,0.2881471812725067,0.3388671763241291
random_forest,84,289,0.3778850138187408,0.36725651770830153
random_forest,85,0,0.2408831864595413,0.3050389377772808
random_forest,85,1,0.3216919898986816,0.3091415309906006
random_forest,85,2,0.2893929779529571,0.27431941002607346
random_forest,85,3,0.2469449043273925,0.30204145953059197
random_forest,85,4,0.3641032874584198,0.31799851685762404
random_forest,85,5,0.3479703664779663,0.3173054102063179
random_forest,85,6,0.2648462951183319,0.34525234028697016
random_forest,85,7,0.3010938167572021,0.3075127744674683
random_forest,85,8,0.2866390645503998,0.3077824176847935
random_forest,85,9,0.3288427293300628,0.3142921617627144
random_forest,85,10,0.2973056137561798,0.3023815843462944
random_forest,85,11,0.3019271194934845,0.3257566000521182
random_forest,85,12,0.3409030139446258,0.3000253154337406
random_forest,85,13,0.3251490890979767,0.3255031010508537
random_forest,85,14,0.2967411279678345,0.3099799978733062
random_forest,85,15,0.2740500569343567,0.3197789730131626
random_forest,85,16,0.3522816896438598,0.3192454168200493
random_forest,85,17,0.3376028835773468,0.3142252890765667
random_forest,85,18,0.321540892124176,0.33082476824522017
random_forest,85,19,0.3641106188297272,0.3362432858347893
random_forest,85,20,0.375366061925888,0.3704231360554695
random_forest,85,21,0.2990169823169708,0.37490730583667753
random_forest,85,22,0.3552393317222595,0.3219639140367508
random_forest,85,23,0.2912508845329284,0.33976589649915695
random_forest,85,24,0.3588109612464905,0.3207186904549599
random_forest,85,25,0.3179858922958374,0.3727791303396225
random_forest,85,26,0.3587079346179962,0.3414989075064659
random_forest,85,27,0.3591089844703674,0.3567847296595573
random_forest,85,28,0.3106456100940704,0.3547410124540329
random_forest,85,29,0.3282721042633056,0.33262172400951384
random_forest,85,30,0.345074862241745,0.34777605414390567
random_forest,85,31,0.3538050055503845,0.3660703405737877
random_forest,85,32,0.3493655323982239,0.35091031551361085
random_forest,85,33,0.3082545697689056,0.344648611843586
random_forest,85,34,0.2946597635746002,0.3486553508043289
random_forest,85,35,0.3626028299331665,0.3601312279701233
random_forest,85,36,0.394676148891449,0.35590545326471323
random_forest,85,37,0.3770683109760284,0.38495226711034775
random_forest,85,38,0.4169071018695831,0.37234014928340914
random_forest,85,39,0.3688689172267914,0.41909228086471556
random_forest,85,40,0.3858977556228637,0.35812270909547805
random_forest,85,41,0.3347688317298889,0.3683630895614624
random_forest,85,42,0.4218519628047943,0.3921567538380623
random_forest,85,43,0.3530651926994324,0.36165348649024964
random_forest,85,44,0.4004373252391815,0.3704151996970177
random_forest,85,45,0.4606382250785827,0.41105165183544157
random_forest,85,46,0.4181177616119385,0.4565862080454826
random_forest,85,47,0.5357157588005066,0.4095547240972519
random_forest,85,48,0.4521473348140716,0.5133758646249771
random_forest,85,49,0.4577842652797699,0.42746333718299867
random_forest,85,50,0.4138117134571075,0.43285316348075864
random_forest,85,51,0.4810064435005188,0.3993104675412178
random_forest,85,52,0.4812136888504028,0.4930426076054573
random_forest,85,53,0.5133638381958008,0.48897333413362504
random_forest,85,54,0.5272814631462097,0.5138740837574005
random_forest,85,55,0.4928373098373413,0.49406104058027267
random_forest,85,56,0.6077223420143127,0.48130130976438523
random_forest,85,57,0.5341193079948425,0.5681592530012131
random_forest,85,58,0.6337398886680603,0.5253077965974807
random_forest,85,59,0.5579142570495605,0.6627493733167649
random_forest,85,60,0.5867737531661987,0.5695769029855728
random_forest,85,61,0.6091674566268921,0.546182533800602
random_forest,85,62,0.6088892817497253,0.6007031655311584
random_forest,85,63,0.6020387411117554,0.5935320949554443
random_forest,85,64,0.5700402855873108,0.5843336448073387
random_forest,85,65,0.6179357171058655,0.5745672345161438
random_forest,85,66,0.6565617322921753,0.6087368834018707
random_forest,85,67,0.6892292499542236,0.6357930809259414
random_forest,85,68,0.5753815770149231,0.6763327819108963
random_forest,85,69,0.645548403263092,0.5546819198131562
random_forest,85,70,0.5536928176879883,0.6764443635940551
random_forest,85,71,0.5643821358680725,0.5515764793753624
random_forest,85,72,0.5469687581062317,0.5895293170213699
random_forest,85,73,0.5818183422088623,0.5342024347186088
random_forest,85,74,0.5493072271347046,0.5594190043210984
random_forest,85,75,0.5040608644485474,0.5292042210698128
random_forest,85,76,0.5078914761543274,0.487218582034111
random_forest,85,77,0.5450246930122375,0.4536040499806404
random_forest,85,78,0.5275543928146362,0.5261694958806038
random_forest,85,79,0.5540993809700012,0.5259434470534324
random_forest,85,80,0.5127618312835693,0.5502016243338584
random_forest,85,81,0.534042239189148,0.5105934739112854
random_forest,85,82,0.5903869867324829,0.5101407578587532
random_forest,85,83,0.4775853753089905,0.5727404713630676
random_forest,85,84,0.483967661857605,0.4888844835758209
random_forest,85,85,0.4774039387702942,0.47995403826236727
random_forest,85,86,0.5553323030471802,0.470861000418663
random_forest,85,87,0.4987315833568573,0.531959245800972
random_forest,85,88,0.5032379627227783,0.4830402636528015
random_forest,85,89,0.4735894501209259,0.48778526932001115
random_forest,85,90,0.4916554391384125,0.5069319117069244
random_forest,85,91,0.5413879156112671,0.5257204195857048
random_forest,85,92,0.4636971056461334,0.5350663703680039
random_forest,85,93,0.4544464349746704,0.508459367454052
random_forest,85,94,0.5248624086380005,0.5195911264419556
random_forest,85,95,0.5952385067939758,0.5165411794185638
random_forest,85,96,0.5142565369606018,0.5962390434741974
random_forest,85,97,0.5538788437843323,0.5247492653131485
random_forest,85,98,0.5734590888023376,0.5658525907993317
random_forest,85,99,0.5692688226699829,0.5722719231247901
random_forest,85,100,0.6221858263015747,0.583809244632721
random_forest,85,101,0.5270251631736755,0.6050288128852844
random_forest,85,102,0.5787867307662964,0.5653414750099182
random_forest,85,103,0.5396316051483154,0.5682846111059189
random_forest,85,104,0.5346507430076599,0.5829332566261292
random_forest,85,105,0.5772222876548767,0.5800255107879638
random_forest,85,106,0.6021949052810669,0.5845111984014512
random_forest,85,107,0.5927553772926331,0.6126002311706543
random_forest,85,108,0.6153526306152344,0.6462131601572036
random_forest,85,109,0.6432334780693054,0.6461863654851914
random_forest,85,110,0.5997374653816223,0.649861125946045
random_forest,85,111,0.6865419745445251,0.6449977684020997
random_forest,85,112,0.6554638147354126,0.6746812516450882
random_forest,85,113,0.6622887849807739,0.6690986013412475
random_forest,85,114,0.6536219716072083,0.6699453175067902
random_forest,85,115,0.6442446708679199,0.6679232907295227
random_forest,85,116,0.7079511284828186,0.6861416304111481
random_forest,85,117,0.6519138216972351,0.6821628314256668
random_forest,85,118,0.7307555079460144,0.6888466733694076
random_forest,85,119,0.7309861183166504,0.7210804402828217
random_forest,85,120,0.6696420907974243,0.7278748083114625
random_forest,85,121,0.6732867360115051,0.7232504594326019
random_forest,85,122,0.6838766932487488,0.7145094543695449
random_forest,85,123,0.7355490326881409,0.7262260204553604
random_forest,85,124,0.7055885195732117,0.749756531715393
random_forest,85,125,0.7363371253013611,0.7477270668745041
random_forest,85,126,0.7245942950248718,0.7464567244052887
random_forest,85,127,0.7408461570739746,0.7634569084644318
random_forest,85,128,0.7096253633499146,0.7105486822128296
random_forest,85,129,0.7455824017524719,0.749354795217514
random_forest,85,130,0.7182980179786682,0.7361982399225235
random_forest,85,131,0.7288074493408203,0.7271244198083877
random_forest,85,132,0.7111488580703735,0.7493936675786972
random_forest,85,133,0.7163585424423218,0.7442178893089294
random_forest,85,134,0.7894689440727234,0.7329527932405472
random_forest,85,135,0.7084066271781921,0.7765732842683792
random_forest,85,136,0.741349458694458,0.7525961256027222
random_forest,85,137,0.6769367456436157,0.742167426943779
random_forest,85,138,0.7424066662788391,0.733100608587265
random_forest,85,139,0.6826867461204529,0.7521381771564484
random_forest,85,140,0.7896850109100342,0.7376899629831314
random_forest,85,141,0.7454360127449036,0.7749793684482574
random_forest,85,142,0.7531178593635559,0.7446839302778244
random_forest,85,143,0.7196076512336731,0.7421933341026307
random_forest,85,144,0.7577570676803589,0.7439975094795227
random_forest,85,145,0.694739043712616,0.7086389541625977
random_forest,85,146,0.73568195104599,0.7135309189558029
random_forest,85,147,0.7130197882652283,0.7230958861112594
random_forest,85,148,0.6604405641555786,0.7333636331558228
random_forest,85,149,0.7098009586334229,0.6832156676054001
random_forest,85,150,0.667306125164032,0.6846234637498856
random_forest,85,151,0.6752563118934631,0.6901194405555725
random_forest,85,152,0.692659854888916,0.7079018986225128
random_forest,85,153,0.6786961555480957,0.6965567314624787
random_forest,85,154,0.6516680121421814,0.6905674064159393
random_forest,85,155,0.663131833076477,0.6801232796907425
random_forest,85,156,0.5541199445724487,0.6915031760931015
random_forest,85,157,0.6603580713272095,0.6200318306684494
random_forest,85,158,0.6794278025627136,0.6501669812202454
random_forest,85,159,0.6288624405860901,0.6696124893426895
random_forest,85,160,0.6528914570808411,0.6488073003292084
random_forest,85,161,0.6268107295036316,0.6224002593755722
random_forest,85,162,0.6562423706054688,0.6762843972444534
random_forest,85,163,0.61396324634552,0.6455882805585861
random_forest,85,164,0.64286208152771,0.641911215186119
random_forest,85,165,0.6385948061943054,0.6068517976999283
random_forest,85,166,0.6550321578979492,0.6268166750669479
random_forest,85,167,0.646074652671814,0.6552083778381348
random_forest,85,168,0.6582053303718567,0.639499534368515
random_forest,85,169,0.6078804731369019,0.6544915014505386
random_forest,85,170,0.6089959144592285,0.5971620982885361
random_forest,85,171,0.604149580001831,0.5887523543834686
random_forest,85,172,0.5964552164077759,0.5960630983114242
random_forest,85,173,0.5156486630439758,0.599046784043312
random_forest,85,174,0.6013097167015076,0.5810245364904404
random_forest,85,175,0.5848973989486694,0.6232139354944229
random_forest,85,176,0.5946318507194519,0.6132960116863251
random_forest,85,177,0.5761880278587341,0.6052387446165085
random_forest,85,178,0.5730963349342346,0.6191602736711502
random_forest,85,179,0.5878621935844421,0.6039086747169494
random_forest,85,180,0.5408012866973877,0.6183376568555832
random_forest,85,181,0.5182204842567444,0.5781266814470292
random_forest,85,182,0.6380488872528076,0.5993764367699623
random_forest,85,183,0.5399388074874878,0.6307071220874786
random_forest,85,184,0.5572540760040283,0.6081559646129608
random_forest,85,185,0.5119040608406067,0.6080064404010773
random_forest,85,186,0.6367816925048828,0.5948363611102104
random_forest,85,187,0.6773067116737366,0.6437666469812393
random_forest,85,188,0.6370826363563538,0.646762261390686
random_forest,85,189,0.6324077844619751,0.6354183048009873
random_forest,85,190,0.620439350605011,0.6224773418903351
random_forest,85,191,0.5863428711891174,0.622756599187851
random_forest,85,192,0.6263580322265625,0.6540206301212311
random_forest,85,193,0.5698826909065247,0.6519612395763397
random_forest,85,194,0.6806033253669739,0.6355954438447953
random_forest,85,195,0.600042462348938,0.6472807967662811
random_forest,85,196,0.5899943709373474,0.630567135810852
random_forest,85,197,0.6567063331604004,0.6539369004964829
random_forest,85,198,0.6602951288223267,0.6478563076257706
random_forest,85,199,0.6131295561790466,0.6871433156728745
random_forest,85,200,0.6203474998474121,0.6606435984373092
random_forest,85,201,0.6175327301025391,0.6676226884126664
random_forest,85,202,0.6286581754684448,0.6636196655035019
random_forest,85,203,0.6697224378585815,0.6822415781021118
random_forest,85,204,0.6250464916229248,0.6931695532798767
random_forest,85,205,0.6965975165367126,0.690561106801033
random_forest,85,206,0.7035382390022278,0.691138146519661
random_forest,85,207,0.6887638568878174,0.7118043041229248
random_forest,85,208,0.6771620512008667,0.6948202377557755
random_forest,85,209,0.6029368042945862,0.6986679947376251
random_forest,85,210,0.6902325749397278,0.6615677970647812
random_forest,85,211,0.6877644062042236,0.715482622385025
random_forest,85,212,0.7121922373771667,0.7038887256383896
random_forest,85,213,0.7045737504959106,0.7254232716560364
random_forest,85,214,0.6913555860519409,0.7254656732082367
random_forest,85,215,0.7155682444572449,0.7101706260442734
random_forest,85,216,0.7286565899848938,0.7188833099603653
random_forest,85,217,0.6246933341026306,0.7000296658277512
random_forest,85,218,0.7899852395057678,0.7341117084026336
random_forest,85,219,0.7414621114730835,0.7795258057117462
random_forest,85,220,0.6806319952011108,0.7169363337755204
random_forest,85,221,0.6845424771308899,0.7201001119613647
random_forest,85,222,0.7138336896896362,0.7146557748317719
random_forest,85,223,0.7089660167694092,0.7055466878414154
random_forest,85,224,0.7709736227989197,0.7191236728429794
random_forest,85,225,0.687004029750824,0.7224371927976608
random_forest,85,226,0.7003841996192932,0.711485213637352
random_forest,85,227,0.6946234107017517,0.6894225186109543
random_forest,85,228,0.7091525197029114,0.704985584616661
random_forest,85,229,0.725053608417511,0.6936722075939179
random_forest,85,230,0.6995734572410583,0.6864170569181443
random_forest,85,231,0.6663265228271484,0.6963907885551452
random_forest,85,232,0.6957055330276489,0.6798855155706406
random_forest,85,233,0.6569865345954895,0.6789157664775849
random_forest,85,234,0.6734269261360168,0.6642546540498734
random_forest,85,235,0.6427282094955444,0.6771187740564346
random_forest,85,236,0.6444112658500671,0.6407863408327102
random_forest,85,237,0.6945911645889282,0.6634113055467605
random_forest,85,238,0.6683496832847595,0.6600150537490844
random_forest,85,239,0.5833709239959717,0.6477044451236725
random_forest,85,240,0.6238833069801331,0.6538736027479172
random_forest,85,241,0.7042062878608704,0.6485621380805969
random_forest,85,242,0.6533228158950806,0.6796337080001831
random_forest,85,243,0.6490866541862488,0.6708525484800338
random_forest,85,244,0.5950582027435303,0.6325953203439713
random_forest,85,245,0.6905631422996521,0.6006301951408386
random_forest,85,246,0.6664869785308838,0.6476187014579773
random_forest,85,247,0.6326026916503906,0.6212301677465439
random_forest,85,248,0.643217146396637,0.596700599193573
random_forest,85,249,0.6493759751319885,0.5795710587501526
random_forest,85,250,0.6582733988761902,0.6152064138650895
random_forest,85,251,0.6451696753501892,0.6303599071502686
random_forest,85,252,0.5948621034622192,0.620946301817894
random_forest,85,253,0.6398168802261353,0.5749022543430329
random_forest,85,254,0.5818926095962524,0.6112245470285416
random_forest,85,255,0.6549302935600281,0.5480905616283417
random_forest,85,256,0.5884889364242554,0.6575597506761551
random_forest,85,257,0.6182299256324768,0.5768259501457215
random_forest,85,258,0.5641838312149048,0.6016072034835815
random_forest,85,259,0.5726664662361145,0.5599699980020523
random_forest,85,260,0.546334445476532,0.5441744011640549
random_forest,85,261,0.5802105069160461,0.5306943094730378
random_forest,85,262,0.5430542230606079,0.5563264292478561
random_forest,85,263,0.5837442874908447,0.515098879635334
random_forest,85,264,0.5497528910636902,0.5683800679445267
random_forest,85,265,0.5119702816009521,0.5342014977335929
random_forest,85,266,0.5339450836181641,0.48726567924022673
random_forest,85,267,0.516599178314209,0.5276523339748382
random_forest,85,268,0.4814682602882385,0.4499270272254944
random_forest,85,269,0.4857414364814758,0.46045124500989915
random_forest,85,270,0.5123878121376038,0.4499770301580429
random_forest,85,271,0.4533734321594238,0.46857525408267975
random_forest,85,272,0.4641579985618591,0.4107058185338974
random_forest,85,273,0.4448389112949371,0.43500516831874847
random_forest,85,274,0.4776682257652282,0.3900075688958168
random_forest,85,275,0.4112662971019745,0.4680589583516121
random_forest,85,276,0.456456184387207,0.3901085579395294
random_forest,85,277,0.4357622563838959,0.43646683514118195
random_forest,85,278,0.3421161770820617,0.4317801174521446
random_forest,85,279,0.4325590133666992,0.3795524016022682
random_forest,85,280,0.4350280463695526,0.4209182161092758
random_forest,85,281,0.3323806226253509,0.4099492156505585
random_forest,85,282,0.4061061143875122,0.3619158574938774
random_forest,85,283,0.3911747634410858,0.38301366090774536
random_forest,85,284,0.3670359849929809,0.3356044387817383
random_forest,85,285,0.384024828672409,0.3676101419329643
random_forest,85,286,0.4043361246585846,0.3350961747765541
random_forest,85,287,0.3679437041282654,0.38798307836055757
random_forest,85,288,0.3554543852806091,0.3359273445606232
random_forest,85,289,0.335071861743927,0.3298657500743866
random_forest,86,0,0.248634934425354,0.3269121754169464
random_forest,86,1,0.277019739151001,0.300778012573719
random_forest,86,2,0.3259996473789215,0.28339904695749285
random_forest,86,3,0.3605213761329651,0.30258672416210175
random_forest,86,4,0.2979192435741424,0.3107715839147568
random_forest,86,5,0.3358434736728668,0.34494745582342146
random_forest,86,6,0.3527739644050598,0.33788746953010557
random_forest,86,7,0.30595862865448,0.3533788211643696
random_forest,86,8,0.3353493809700012,0.32011181592941285
random_forest,86,9,0.3598250150680542,0.31045351415872574
random_forest,86,10,0.3736912608146667,0.33409628689289095
random_forest,86,11,0.3220770061016083,0.362508590221405
random_forest,86,12,0.2912523448467254,0.31952172517776484
random_forest,86,13,0.2651080191135406,0.3442727839946747
random_forest,86,14,0.317026138305664,0.32988358169794085
random_forest,86,15,0.275516927242279,0.3117751969397068
random_forest,86,16,0.3536053299903869,0.32825657933950425
random_forest,86,17,0.2802582383155823,0.3691932111978531
random_forest,86,18,0.3100194931030273,0.3317574879527092
random_forest,86,19,0.304796814918518,0.34939909234642985
random_forest,86,20,0.3741020262241363,0.33726112872362135
random_forest,86,21,0.3388349711894989,0.3793392163515091
random_forest,86,22,0.3520027101039886,0.32340936601161957
random_forest,86,23,0.3463060259819031,0.33461519867181777
random_forest,86,24,0.2923073172569275,0.33848739206790923
random_forest,86,25,0.2930857241153717,0.3370698249340057
random_forest,86,26,0.4053330421447754,0.3463845810294151
random_forest,86,27,0.3368337750434875,0.38091711550951
random_forest,86,28,0.3403298854827881,0.3525128549337387
random_forest,86,29,0.2963769435882568,0.3469453416764736
random_forest,86,30,0.3442853689193725,0.34496086955070493
random_forest,86,31,0.3491473793983459,0.33847010105848313
random_forest,86,32,0.3407860398292541,0.35244954109191895
random_forest,86,33,0.3375900983810425,0.33832098841667174
random_forest,86,34,0.3605215847492218,0.3622130435705185
random_forest,86,35,0.3566792905330658,0.3618806150555611
random_forest,86,36,0.3712740242481231,0.34834851115942
random_forest,86,37,0.3225443065166473,0.3769244113564491
random_forest,86,38,0.3109581470489502,0.35657951056957243
random_forest,86,39,0.3662992417812347,0.3720036840438843
random_forest,86,40,0.3657407760620117,0.3611319309473038
random_forest,86,41,0.3923577070236206,0.3760895568132401
random_forest,86,42,0.371993213891983,0.37222359001636507
random_forest,86,43,0.3629066348075866,0.371235625743866
random_forest,86,44,0.3058160245418548,0.37890606313943864
random_forest,86,45,0.3727141916751861,0.3763709953427315
random_forest,86,46,0.2995397448539734,0.36585773050785064
random_forest,86,47,0.4353666305541992,0.3729191315174103
random_forest,86,48,0.4200557172298431,0.4486748987436295
random_forest,86,49,0.437212586402893,0.4123896786570549
random_forest,86,50,0.4075237512588501,0.4097137150168419
random_forest,86,51,0.3940956592559814,0.3954886308312416
random_forest,86,52,0.3858923017978668,0.4063227716088295
random_forest,86,53,0.4311588704586029,0.4005036818981171
random_forest,86,54,0.4259069263935089,0.4517750680446625
random_forest,86,55,0.451604425907135,0.42416025668382645
random_forest,86,56,0.4767382442951202,0.45177919387817383
random_forest,86,57,0.4444444179534912,0.4710235270857811
random_forest,86,58,0.4874519109725952,0.4325838845968246
random_forest,86,59,0.4988664090633392,0.48370117038488386
random_forest,86,60,0.4731066823005676,0.4931221526861191
random_forest,86,61,0.4988121390342712,0.46058407962322234
random_forest,86,62,0.4156916439533233,0.5090484669804574
random_forest,86,63,0.4599297940731048,0.4209529894590378
random_forest,86,64,0.530219554901123,0.4439846843481064
random_forest,86,65,0.5989048480987549,0.5208826473355294
random_forest,86,66,0.4898914098739624,0.580997813642025
random_forest,86,67,0.4979100525379181,0.49052580654621125
random_forest,86,68,0.5180138945579529,0.5050967970490455
random_forest,86,69,0.5842896699905396,0.518283950984478
random_forest,86,70,0.547989010810852,0.5882105466723442
random_forest,86,71,0.5978419184684753,0.5475471132993698
random_forest,86,72,0.6761962175369263,0.5601350665092468
random_forest,86,73,0.6778292655944824,0.6561679852008819
random_forest,86,74,0.6258755922317505,0.6441176342964172
random_forest,86,75,0.6508378982543945,0.6052269965410233
random_forest,86,76,0.6535926461219788,0.6248374432325363
random_forest,86,77,0.7622716426849365,0.6302692079544068
random_forest,86,78,0.7531633377075195,0.7517054522037506
random_forest,86,79,0.7328495383262634,0.7446325343847274
random_forest,86,80,0.6759456992149353,0.707022910118103
random_forest,86,81,0.697603702545166,0.7086693286895752
random_forest,86,82,0.6978572607040405,0.6914251226186753
random_forest,86,83,0.7657251954078674,0.6628402453660965
random_forest,86,84,0.7842663526535034,0.7701355081796646
random_forest,86,85,0.7941957712173462,0.750835912823677
random_forest,86,86,0.7864792346954346,0.7608645963668823
random_forest,86,87,0.7682040333747864,0.758225423693657
random_forest,86,88,0.7844245433807373,0.7601702362298965
random_forest,86,89,0.8267738819122314,0.7742624431848526
random_forest,86,90,0.8098640441894531,0.7827982991933823
random_forest,86,91,0.7890095114707947,0.7736716133356094
random_forest,86,92,0.7765824198722839,0.7723529541492462
random_forest,86,93,0.7690972089767456,0.760658203959465
random_forest,86,94,0.7975433468818665,0.7593367576599122
random_forest,86,95,0.8085353374481201,0.7790634632110596
random_forest,86,96,0.8237535953521729,0.7935978084802627
random_forest,86,97,0.8615551590919495,0.7815004235506058
random_forest,86,98,0.850592315196991,0.8454767912626266
random_forest,86,99,0.8006967306137085,0.8645685529708862
random_forest,86,100,0.8088565468788147,0.7856581830978393
random_forest,86,101,0.7792081236839294,0.7989138275384903
random_forest,86,102,0.7563031911849976,0.7777796828746796
random_forest,86,103,0.7968184351921082,0.7567818975448608
random_forest,86,104,0.7714390754699707,0.8009422010183335
random_forest,86,105,0.8188083171844482,0.7400311291217804
random_forest,86,106,0.8254382610321045,0.78133948802948
random_forest,86,107,0.8231313228607178,0.7724289256334305
random_forest,86,108,0.752797544002533,0.8238350611925125
random_forest,86,109,0.7959428429603577,0.7407640129327774
random_forest,86,110,0.7423591017723083,0.7893349367380142
random_forest,86,111,0.7300894260406494,0.7374679446220398
random_forest,86,112,0.7821832895278931,0.7447549080848694
random_forest,86,113,0.8068202137947083,0.7917155414819718
random_forest,86,114,0.7658403515815735,0.7917922049760818
random_forest,86,115,0.8302331566810608,0.7506390982866287
random_forest,86,116,0.8541993498802185,0.801174219250679
random_forest,86,117,0.8448225259780884,0.8335349798202515
random_forest,86,118,0.7727307081222534,0.8625068777799606
random_forest,86,119,0.8163195848464966,0.7654739356040955
random_forest,86,120,0.791484534740448,0.8222049832344055
random_forest,86,121,0.803630530834198,0.7910461485385895
random_forest,86,122,0.7653446197509766,0.818450345993042
random_forest,86,123,0.7816731333732605,0.7403225213289261
random_forest,86,124,0.878733217716217,0.7520476841926574
random_forest,86,125,0.8552166819572449,0.8365822118520737
random_forest,86,126,0.8340741991996765,0.8598145806789398
random_forest,86,127,0.755986213684082,0.8145167475938797
random_forest,86,128,0.7840349674224854,0.7129834824800492
random_forest,86,129,0.8325924277305603,0.7918309426307678
random_forest,86,130,0.7902882695198059,0.8067682617902756
random_forest,86,131,0.7629184722900391,0.7875367319583892
random_forest,86,132,0.7497597336769104,0.7541392934322357
random_forest,86,133,0.8076013922691345,0.7504108095169068
random_forest,86,134,0.8021759986877441,0.7975094878673553
random_forest,86,135,0.7913348078727722,0.7568608236312866
random_forest,86,136,0.7825229167938232,0.7570853179693222
random_forest,86,137,0.8192774653434753,0.7533142161369324
random_forest,86,138,0.788878858089447,0.8347619944810867
random_forest,86,139,0.7614795565605164,0.7949518239498139
random_forest,86,140,0.7980819344520569,0.7590061694383621
random_forest,86,141,0.7416008114814758,0.7764546114206314
random_forest,86,142,0.6990472674369812,0.7551112323999405
random_forest,86,143,0.764957845211029,0.7054087221622467
random_forest,86,144,0.739187479019165,0.7628195267915726
random_forest,86,145,0.766747772693634,0.7110031735897064
random_forest,86,146,0.6917431950569153,0.7376407849788665
random_forest,86,147,0.6631312370300293,0.7202736508846282
random_forest,86,148,0.7105582356452942,0.6963615560531616
random_forest,86,149,0.7300015091896057,0.70368108689785
random_forest,86,150,0.6793653964996338,0.7077750140428543
random_forest,86,151,0.7067612409591675,0.732821855545044
random_forest,86,152,0.6816074252128601,0.6789568376541137
random_forest,86,153,0.6554076075553894,0.697605859041214
random_forest,86,154,0.6892107129096985,0.6609863275289536
random_forest,86,155,0.6588323712348938,0.707364599108696
random_forest,86,156,0.6597440838813782,0.6782575559616089
random_forest,86,157,0.679355263710022,0.6680091851949692
random_forest,86,158,0.6792317628860474,0.6612563866376877
random_forest,86,159,0.6829004287719727,0.6666843086481095
random_forest,86,160,0.65656578540802,0.6639060372114182
random_forest,86,161,0.6404706835746765,0.6612929785251618
random_forest,86,162,0.6543090343475342,0.6288557595014572
random_forest,86,163,0.6303732991218567,0.6247078466415406
random_forest,86,164,0.6401992440223694,0.6280997389554978
random_forest,86,165,0.5941824913024902,0.6454411220550537
random_forest,86,166,0.6044031977653503,0.6256543529033661
random_forest,86,167,0.6275426149368286,0.5911830282211303
random_forest,86,168,0.5946868658065796,0.6329294401407242
random_forest,86,169,0.592835009098053,0.6157561558485031
random_forest,86,170,0.5684829354286194,0.6229990804195404
random_forest,86,171,0.6476632356643677,0.6160654455423356
random_forest,86,172,0.5771461129188538,0.6299725908041001
random_forest,86,173,0.6302152276039124,0.607442512512207
random_forest,86,174,0.594182550907135,0.6270852839946747
random_forest,86,175,0.5810256600379944,0.5958695167303085
random_forest,86,176,0.5585874319076538,0.6247244107723237
random_forest,86,177,0.5821516513824463,0.6122117459774017
random_forest,86,178,0.5981432199478149,0.614783553481102
random_forest,86,179,0.5733755826950073,0.5823114955425263
random_forest,86,180,0.570289134979248,0.5978710782527924
random_forest,86,181,0.6083645820617676,0.6088980066776276
random_forest,86,182,0.6585382223129272,0.6114700502157211
random_forest,86,183,0.5789494514465332,0.6616721791028977
random_forest,86,184,0.5552205443382263,0.6131791263818741
random_forest,86,185,0.561810314655304,0.5998487830162048
random_forest,86,186,0.6444274187088013,0.5930840808153153
random_forest,86,187,0.5609878897666931,0.6109417897462844
random_forest,86,188,0.5078450441360474,0.624107357263565
random_forest,86,189,0.5942655801773071,0.5843195909261704
random_forest,86,190,0.5536075830459595,0.6261476856470108
random_forest,86,191,0.6514474153518677,0.6062795513868332
random_forest,86,192,0.6694729924201965,0.6603244018554687
random_forest,86,193,0.6002095341682434,0.632942151427269
random_forest,86,194,0.6525466442108154,0.6437918549776077
random_forest,86,195,0.6237838268280029,0.6466358381509781
random_forest,86,196,0.6862812638282776,0.6962531787157059
random_forest,86,197,0.6285315155982971,0.6618060249090195
random_forest,86,198,0.6428033709526062,0.6340084481239319
random_forest,86,199,0.5800225734710693,0.644527622461319
random_forest,86,200,0.7273865938186646,0.646085450053215
random_forest,86,201,0.7072773575782776,0.7005418741703033
random_forest,86,202,0.6567370891571045,0.6889966356754303
random_forest,86,203,0.6464520692825317,0.6716686409711837
random_forest,86,204,0.6984462141990662,0.690599924325943
random_forest,86,205,0.714849054813385,0.7138311833143234
random_forest,86,206,0.6238267421722412,0.6882597810029983
random_forest,86,207,0.6385817527770996,0.6897278767824173
random_forest,86,208,0.6587174534797668,0.6592076879739761
random_forest,86,209,0.6084877848625183,0.7004675197601319
random_forest,86,210,0.730441689491272,0.6914603525400161
random_forest,86,211,0.6214902997016907,0.7337929910421371
random_forest,86,212,0.6899097561836243,0.7372660905122757
random_forest,86,213,0.7497379779815674,0.7380303627252579
random_forest,86,214,0.7417869567871094,0.6870658367872238
random_forest,86,215,0.6841238737106323,0.7349467515945435
random_forest,86,216,0.7000949382781982,0.7126699352264404
random_forest,86,217,0.6966591477394104,0.7180387550592422
random_forest,86,218,0.7527952194213867,0.7247771286964416
random_forest,86,219,0.7406913638114929,0.7609037053585053
random_forest,86,220,0.6368454694747925,0.7392006254196167
random_forest,86,221,0.732804536819458,0.7190289455652237
random_forest,86,222,0.781853437423706,0.7095144587755203
random_forest,86,223,0.715451717376709,0.7775738412141799
random_forest,86,224,0.6835325956344604,0.7091407555341721
random_forest,86,225,0.7642828822135925,0.6912249237298965
random_forest,86,226,0.6782864332199097,0.7655173963308335
random_forest,86,227,0.7007512450218201,0.7021946573257446
random_forest,86,228,0.6858758926391602,0.7075292646884919
random_forest,86,229,0.714415967464447,0.6754060626029968
random_forest,86,230,0.679938554763794,0.6978835433721542
random_forest,86,231,0.7218383550643921,0.6984542000293732
random_forest,86,232,0.6959193348884583,0.6802731090784073
random_forest,86,233,0.6949188113212585,0.7198051834106445
random_forest,86,234,0.6997774839401245,0.668469415307045
random_forest,86,235,0.6652465462684631,0.675805208683014
random_forest,86,236,0.6319604516029358,0.6677873927354813
random_forest,86,237,0.630885124206543,0.6589951711893082
random_forest,86,238,0.6545335054397583,0.633641951084137
random_forest,86,239,0.6262404918670654,0.6548910099267959
random_forest,86,240,0.6339855194091797,0.6304007607698441
random_forest,86,241,0.604144275188446,0.6277019488811493
random_forest,86,242,0.6069496870040894,0.6110411113500596
random_forest,86,243,0.5736991167068481,0.6033769357204437
random_forest,86,244,0.6327283382415771,0.5986665144562722
random_forest,86,245,0.5596875548362732,0.6024427306652069
random_forest,86,246,0.5826773643493652,0.6016148275136948
random_forest,86,247,0.6100137233734131,0.5715932917594909
random_forest,86,248,0.5635133385658264,0.5884739336371422
random_forest,86,249,0.5123588442802429,0.5767942380905151
random_forest,86,250,0.5329420566558838,0.5522825366258621
random_forest,86,251,0.5065218210220337,0.5559531864523888
random_forest,86,252,0.5644110441207886,0.5249446338415146
random_forest,86,253,0.5100487470626831,0.5625553718209266
random_forest,86,254,0.4903767108917236,0.5270516306161881
random_forest,86,255,0.4475681185722351,0.5180325657129288
random_forest,86,256,0.4819744527339935,0.5044488170742989
random_forest,86,257,0.5385992527008057,0.532292183637619
random_forest,86,258,0.512694239616394,0.530576322376728
random_forest,86,259,0.4573507010936737,0.49331142723560334
random_forest,86,260,0.5143495798110962,0.4991115167737007
random_forest,86,261,0.4902649223804474,0.4674948763847351
random_forest,86,262,0.4296135604381561,0.46228173822164537
random_forest,86,263,0.3994342386722564,0.46345689833164216
random_forest,86,264,0.4391220211982727,0.4185564875602722
random_forest,86,265,0.491821676492691,0.4414857158064842
random_forest,86,266,0.3909986019134521,0.4505752110481262
random_forest,86,267,0.4179359674453735,0.4740636172890663
random_forest,86,268,0.4922537505626678,0.4684652152657509
random_forest,86,269,0.4502978026866913,0.4679987496137619
random_forest,86,270,0.4955378770828247,0.4419867038726807
random_forest,86,271,0.4467291831970215,0.4619590377807617
random_forest,86,272,0.4751920402050018,0.39911194413900375
random_forest,86,273,0.4779287576675415,0.45664872616529467
random_forest,86,274,0.3899033367633819,0.46955676972866056
random_forest,86,275,0.4942851662635803,0.372084242105484
random_forest,86,276,0.4295566976070404,0.5034734749794006
random_forest,86,277,0.4741455614566803,0.4224148315191269
random_forest,86,278,0.4435823261737823,0.4609489694237709
random_forest,86,279,0.533859372138977,0.4494080975651741
random_forest,86,280,0.4194510877132416,0.5174735313653946
random_forest,86,281,0.5069314241409302,0.40129130095243454
random_forest,86,282,0.4467724859714508,0.4878347280621529
random_forest,86,283,0.4381650984287262,0.40804505556821824
random_forest,86,284,0.4162781536579132,0.42686075091361997
random_forest,86,285,0.4590961635112762,0.3952045312523842
random_forest,86,286,0.5098627209663391,0.41724528938531874
random_forest,86,287,0.4329353868961334,0.49022008299827574
random_forest,86,288,0.5717045068740845,0.4438213610649109
random_forest,86,289,0.5419456958770752,0.5400634610652923
random_forest,87,0,0.2448954880237579,0.2937170343101025
random_forest,87,1,0.2939430773258209,0.3085337483882904
random_forest,87,2,0.2976603806018829,0.3285666042566299
random_forest,87,3,0.3279819190502167,0.3163829496502876
random_forest,87,4,0.2943626344203949,0.32916777819395066
random_forest,87,5,0.3000553846359253,0.3318509167432785
random_forest,87,6,0.28311687707901,0.3175232116878033
random_forest,87,7,0.2833133041858673,0.3004087843000889
random_forest,87,8,0.331951767206192,0.3141490341722965
random_forest,87,9,0.3422831594944,0.32253173261880874
random_forest,87,10,0.3781936764717102,0.31114703297615054
random_forest,87,11,0.3254862129688263,0.30994872391223904
random_forest,87,12,0.3188015520572662,0.3185556423664093
random_forest,87,13,0.3417248427867889,0.3328636437654495
random_forest,87,14,0.3665553629398346,0.34011603564023973
random_forest,87,15,0.3084195256233215,0.34813301026821136
random_forest,87,16,0.2298859059810638,0.3424148041009903
random_forest,87,17,0.3055950701236725,0.2909718760848045
random_forest,87,18,0.310266762971878,0.32485867857933043
random_forest,87,19,0.3594435453414917,0.3235142740607262
random_forest,87,20,0.3076466619968414,0.3640219223499298
random_forest,87,21,0.3333837985992431,0.3024735578894615
random_forest,87,22,0.3833883106708526,0.3338827180862427
random_forest,87,23,0.3581154942512512,0.3592141914367676
random_forest,87,24,0.3201003968715668,0.3282203191518784
random_forest,87,25,0.3401918709278106,0.33007241249084474
random_forest,87,26,0.3959469795227051,0.31833061918616296
random_forest,87,27,0.3421288728713989,0.3652154204249382
random_forest,87,28,0.3316528797149658,0.35372832626104356
random_forest,87,29,0.2639959156513214,0.3552913874387741
random_forest,87,30,0.3115582764148712,0.3555384597182274
random_forest,87,31,0.3841984272003174,0.3461074015498161
random_forest,87,32,0.316650390625,0.36440149903297425
random_forest,87,33,0.3251508474349975,0.3168329855799675
random_forest,87,34,0.3834843039512634,0.3556899878382683
random_forest,87,35,0.3061220347881317,0.3690031325817108
random_forest,87,36,0.3948489129543304,0.3432054254412651
random_forest,87,37,0.3439422249794006,0.3920084089040756
random_forest,87,38,0.3595163226127624,0.3617549395561218
random_forest,87,39,0.3444657623767853,0.37952536553144456
random_forest,87,40,0.3882785439491272,0.36687739491462706
random_forest,87,41,0.3325140178203583,0.3673795387148857
random_forest,87,42,0.3857081532478332,0.3604594638943672
random_forest,87,43,0.3193254768848419,0.37261364966630933
random_forest,87,44,0.3764709234237671,0.39306547820568083
random_forest,87,45,0.40304696559906,0.3524538654088974
random_forest,87,46,0.36001718044281,0.3733645066618919
random_forest,87,47,0.3420250117778778,0.39289032101631166
random_forest,87,48,0.3213481903076172,0.3653168722987175
random_forest,87,49,0.330182284116745,0.3800996208190918
random_forest,87,50,0.362125962972641,0.349002380669117
random_forest,87,51,0.3844985067844391,0.37117237597703934
random_forest,87,52,0.3644749820232391,0.4042219853401184
random_forest,87,53,0.3361768126487732,0.3749416494369507
random_forest,87,54,0.3941081166267395,0.38460650354623793
random_forest,87,55,0.3861277997493744,0.4048918423056602
random_forest,87,56,0.4047569632530212,0.374940185546875
random_forest,87,57,0.3675073385238647,0.38974870562553404
random_forest,87,58,0.485002726316452,0.39347652196884153
random_forest,87,59,0.3826108276844024,0.4686008650064468
random_forest,87,60,0.4074155390262604,0.41162357926368714
random_forest,87,61,0.3737773001194,0.3952549692988396
random_forest,87,62,0.384647011756897,0.44094253718853
random_forest,87,63,0.419511616230011,0.4153306809067726
random_forest,87,64,0.3638695776462555,0.4058080506324768
random_forest,87,65,0.3702256679534912,0.4058842638134956
random_forest,87,66,0.3635642230510711,0.4487605047225952
random_forest,87,67,0.4294640719890594,0.4233554381132126
random_forest,87,68,0.4379767179489136,0.4451358485221863
random_forest,87,69,0.4045454561710357,0.41104633539915086
random_forest,87,70,0.4219232201576233,0.4258294981718063
random_forest,87,71,0.4962257742881775,0.41240885376930236
random_forest,87,72,0.4320473372936249,0.4645858034491539
random_forest,87,73,0.3978895545005798,0.4373055148124695
random_forest,87,74,0.3846292793750763,0.4574133014678955
random_forest,87,75,0.4160442948341369,0.4202827510237694
random_forest,87,76,0.45734703540802,0.41912658035755157
random_forest,87,77,0.5496779680252075,0.47961739361286165
random_forest,87,78,0.4063079357147217,0.5258990180492401
random_forest,87,79,0.4806245267391205,0.4607482042908668
random_forest,87,80,0.47348552942276,0.4530690556764603
random_forest,87,81,0.4511522650718689,0.4659850835800171
random_forest,87,82,0.4635958075523376,0.48999194175004956
random_forest,87,83,0.3952952623367309,0.4716168859601021
random_forest,87,84,0.5319974422454834,0.4719787058234215
random_forest,87,85,0.4749168753623962,0.4859059017896652
random_forest,87,86,0.505628228187561,0.4893071141839027
random_forest,87,87,0.4906206727027893,0.5283113589882851
random_forest,87,88,0.4978212118148803,0.4895781773328781
random_forest,87,89,0.5571582913398743,0.48974315911531446
random_forest,87,90,0.4908804893493652,0.5508729988336563
random_forest,87,91,0.4974677264690399,0.5223194801807404
random_forest,87,92,0.5974487066268921,0.5280334255099297
random_forest,87,93,0.6260289549827576,0.5872265058755874
random_forest,87,94,0.6022673845291138,0.6049424648284912
random_forest,87,95,0.6052372455596924,0.5902357351779938
random_forest,87,96,0.5747615098953247,0.6079801505804062
random_forest,87,97,0.6170121431350708,0.5622526833415031
random_forest,87,98,0.6136601567268372,0.5922503262758255
random_forest,87,99,0.6547124981880188,0.5991587245464325
random_forest,87,100,0.6548869013786316,0.672373725771904
random_forest,87,101,0.6623857617378235,0.666205239892006
random_forest,87,102,0.6753659248352051,0.6688943457603455
random_forest,87,103,0.7273417711257935,0.682940444946289
random_forest,87,104,0.77428138256073,0.7193026542663574
random_forest,87,105,0.761061429977417,0.7838167077302933
random_forest,87,106,0.8180955052375793,0.7442243647575378
random_forest,87,107,0.8348755240440369,0.7830482196807861
random_forest,87,108,0.9110672473907472,0.7995486313104629
random_forest,87,109,0.8737924695014954,0.8958799648284912
random_forest,87,110,0.8159469962120056,0.8433400613069534
random_forest,87,111,0.8735977411270142,0.8134969580173492
random_forest,87,112,0.8841712474822998,0.8512401354312896
random_forest,87,113,0.9369308948516846,0.8502844089269638
random_forest,87,114,0.832567572593689,0.92208948969841
random_forest,87,115,0.9228339195251464,0.8181363880634308
random_forest,87,116,0.9207190871238708,0.9042992717027665
random_forest,87,117,0.8416258096694946,0.9021184933185578
random_forest,87,118,0.9029605388641356,0.8595344179868698
random_forest,87,119,0.993720293045044,0.8808439004421235
random_forest,87,120,0.9718614220619202,0.9356390744447708
random_forest,87,121,0.9731739163398744,0.9376866960525513
random_forest,87,122,0.9475151896476746,0.9364711660146713
random_forest,87,123,0.9176767468452454,0.9260798919200898
random_forest,87,124,0.909143090248108,0.9015671676397323
random_forest,87,125,0.9263542890548706,0.8993459993600845
random_forest,87,126,0.9083951115608216,0.9323561960458755
random_forest,87,127,0.9035621285438538,0.8959662395715714
random_forest,87,128,0.962791919708252,0.9065772724151612
random_forest,87,129,0.9294797778129578,0.9626584482192994
random_forest,87,130,0.920145869255066,0.923763917684555
random_forest,87,131,0.9093374013900756,0.8852514868974686
random_forest,87,132,0.9148963093757628,0.8895627129077911
random_forest,87,133,0.8496237397193909,0.8890781128406524
random_forest,87,134,0.9243268370628356,0.8519133639335632
random_forest,87,135,0.9444602131843568,0.8840602564811707
random_forest,87,136,0.8814473152160645,0.8919645756483078
random_forest,87,137,0.8511391282081604,0.8558983743190766
random_forest,87,138,0.8287410140037537,0.8715534961223602
random_forest,87,139,0.88799649477005,0.8058669286966323
random_forest,87,140,0.8845818042755127,0.8472015863656998
random_forest,87,141,0.8212671875953674,0.8659559917449952
random_forest,87,142,0.9441530704498292,0.8208212840557099
random_forest,87,143,0.8594558835029602,0.8924077999591827
random_forest,87,144,0.8142420053482056,0.8634051144123077
random_forest,87,145,0.8702269792556763,0.8140626138448716
random_forest,87,146,0.8625680804252625,0.861933867931366
random_forest,87,147,0.8534908294677734,0.8395175004005432
random_forest,87,148,0.855247974395752,0.8272756397724151
random_forest,87,149,0.8433997631072998,0.837586669921875
random_forest,87,150,0.849311113357544,0.8521052032709122
random_forest,87,151,0.8450497388839722,0.8397073078155518
random_forest,87,152,0.8681721091270447,0.850294719338417
random_forest,87,153,0.8434199094772339,0.848999365568161
random_forest,87,154,0.7864151000976562,0.8604130333662033
random_forest,87,155,0.8203524947166443,0.7625047111511231
random_forest,87,156,0.8470693826675415,0.814576228260994
random_forest,87,157,0.7400712966918945,0.8302137905359268
random_forest,87,158,0.8385833501815796,0.7000945544242859
random_forest,87,159,0.830581784248352,0.8343138265609741
random_forest,87,160,0.7436777949333191,0.8035995692014695
random_forest,87,161,0.7923262715339661,0.6926097363233567
random_forest,87,162,0.7749122381210327,0.7785269683599472
random_forest,87,163,0.767605721950531,0.7576062619686127
random_forest,87,164,0.8015187382698059,0.7707054167985916
random_forest,87,165,0.7666628956794739,0.800057629942894
random_forest,87,166,0.704460084438324,0.7328241401910782
random_forest,87,167,0.694730281829834,0.696242413520813
random_forest,87,168,0.6812838315963745,0.6412092334032059
random_forest,87,169,0.7316664457321167,0.6433221483230591
random_forest,87,170,0.6955958008766174,0.6974867337942123
random_forest,87,171,0.7229042053222656,0.6520021444559098
random_forest,87,172,0.7187552452087402,0.7080522513389588
random_forest,87,173,0.6652815937995911,0.7267815732955932
random_forest,87,174,0.7169031500816345,0.6927464455366135
random_forest,87,175,0.7167640924453735,0.7051562410593033
random_forest,87,176,0.7082186937332153,0.6939477467536926
random_forest,87,177,0.6565176248550415,0.6868808615207672
random_forest,87,178,0.6521614193916321,0.6675369483232498
random_forest,87,179,0.6372003555297852,0.6344584739208221
random_forest,87,180,0.6050757765769958,0.6139531600475311
random_forest,87,181,0.6756496429443359,0.5911352729797363
random_forest,87,182,0.6693599224090576,0.6135858291387558
random_forest,87,183,0.6105232238769531,0.6240899574756622
random_forest,87,184,0.6688128113746643,0.6215897572040557
random_forest,87,185,0.6599744558334351,0.6124743604660035
random_forest,87,186,0.6549052000045776,0.6440131175518036
random_forest,87,187,0.6418594717979431,0.6635688209533691
random_forest,87,188,0.6749703288078308,0.6337637531757355
random_forest,87,189,0.6215955018997192,0.6744986593723297
random_forest,87,190,0.6875054240226746,0.6282387834787369
random_forest,87,191,0.7090307474136353,0.6424356931447983
random_forest,87,192,0.7400676608085632,0.7280223524570465
random_forest,87,193,0.6661230325698853,0.7501859718561172
random_forest,87,194,0.728961706161499,0.6399786782264709
random_forest,87,195,0.6448951363563538,0.7272479599714279
random_forest,87,196,0.7097075581550598,0.6723281031847
random_forest,87,197,0.6883198022842407,0.6800600224733353
random_forest,87,198,0.6130340695381165,0.6522291213274002
random_forest,87,199,0.6445316076278687,0.6256948715448379
random_forest,87,200,0.6635152697563171,0.6665350496768951
random_forest,87,201,0.7016432881355286,0.6979067522287369
random_forest,87,202,0.7027105689048767,0.6575178587436676
random_forest,87,203,0.6376662850379944,0.6924905771017075
random_forest,87,204,0.6751272678375244,0.6879138106107712
random_forest,87,205,0.6184521913528442,0.6812571132183075
random_forest,87,206,0.6669595241546631,0.6908931356668472
random_forest,87,207,0.7016996741294861,0.6759105718135834
random_forest,87,208,0.7178798913955688,0.7099972891807557
random_forest,87,209,0.6875515580177307,0.7158033174276351
random_forest,87,210,0.6850209832191467,0.7069031763076782
random_forest,87,211,0.6769314408302307,0.6957144367694855
random_forest,87,212,0.7617442607879639,0.7014923846721649
random_forest,87,213,0.7253910899162292,0.7518065178394318
random_forest,87,214,0.7086202502250671,0.7168656027317047
random_forest,87,215,0.7445273399353027,0.7250451397895813
random_forest,87,216,0.7020488977432251,0.7217411124706268
random_forest,87,217,0.7004163861274719,0.7103487849235535
random_forest,87,218,0.7278615236282349,0.7122301721572876
random_forest,87,219,0.7436776757240295,0.7109067368507386
random_forest,87,220,0.6903629899024963,0.7205632150173187
random_forest,87,221,0.7365001440048218,0.7009560012817383
random_forest,87,222,0.6905316710472107,0.7399808037281036
random_forest,87,223,0.6636725664138794,0.7110400223731994
random_forest,87,224,0.7402927875518799,0.7161019414663314
random_forest,87,225,0.7671977281570435,0.702128341794014
random_forest,87,226,0.7144057750701904,0.7745978337526321
random_forest,87,227,0.7076112031936646,0.6991233366727829
random_forest,87,228,0.6872786283493042,0.7049055576324463
random_forest,87,229,0.739473283290863,0.6861625838279725
random_forest,87,230,0.7533235549926758,0.7046928215026855
random_forest,87,231,0.7648662328720093,0.7441192358732224
random_forest,87,232,0.7875154614448547,0.7839390122890473
random_forest,87,233,0.72206711769104,0.7894653135538101
random_forest,87,234,0.7107770442962646,0.6821410590410233
random_forest,87,235,0.6826932430267334,0.6693230295181274
random_forest,87,236,0.7209867835044861,0.6721656757593155
random_forest,87,237,0.7708433866500854,0.7003678923845291
random_forest,87,238,0.7360938787460327,0.729955153465271
random_forest,87,239,0.7192260026931763,0.6955856668949127
random_forest,87,240,0.723590075969696,0.6973428273200989
random_forest,87,241,0.8124272227287292,0.6874323320388794
random_forest,87,242,0.8213626146316528,0.7901768970489502
random_forest,87,243,0.7755164504051208,0.8167080944776535
random_forest,87,244,0.7821241021156311,0.7488079530000686
random_forest,87,245,0.7272466421127319,0.7293637222051621
random_forest,87,246,0.7809557318687439,0.7154068249464035
random_forest,87,247,0.8375592827796936,0.7701012629270554
random_forest,87,248,0.7332650423049927,0.7950184047222137
random_forest,87,249,0.6859104633331299,0.692781583070755
random_forest,87,250,0.7342034578323364,0.6742276680469513
random_forest,87,251,0.7688375115394592,0.7275974118709564
random_forest,87,252,0.7547758221626282,0.7029426801204681
random_forest,87,253,0.7557613849639893,0.7319115871191024
random_forest,87,254,0.7449775338172913,0.7350788033008575
random_forest,87,255,0.7055944204330444,0.7291991984844208
random_forest,87,256,0.7548825740814209,0.6924358570575714
random_forest,87,257,0.7048630118370056,0.7317708343267441
random_forest,87,258,0.6288811564445496,0.6652452337741852
random_forest,87,259,0.6375272870063782,0.6419749158620834
random_forest,87,260,0.6339720487594604,0.5997528409957886
random_forest,87,261,0.597989559173584,0.6179124999046326
random_forest,87,262,0.5685742497444153,0.588348433971405
random_forest,87,263,0.6120936870574951,0.5454433318972588
random_forest,87,264,0.6116875410079956,0.6112633657455444
random_forest,87,265,0.5783732533454895,0.6119216120243073
random_forest,87,266,0.6287113428115845,0.5921546703577042
random_forest,87,267,0.497973769903183,0.589971340894699
random_forest,87,268,0.5198135375976562,0.4586402505636215
random_forest,87,269,0.5008349418640137,0.4593953275680542
random_forest,87,270,0.4937756359577179,0.47598261922597884
random_forest,87,271,0.4676518738269806,0.48411988496780395
random_forest,87,272,0.491869181394577,0.4145706716179848
random_forest,87,273,0.3883974552154541,0.4845395568013191
random_forest,87,274,0.4065191447734833,0.38424698770046234
random_forest,87,275,0.4229570031166076,0.387196304500103
random_forest,87,276,0.4604714810848236,0.41011001080274584
random_forest,87,277,0.3862117230892181,0.4389030036330223
random_forest,87,278,0.4435701966285705,0.3625264930725098
random_forest,87,279,0.3458946347236633,0.44517925769090655
random_forest,87,280,0.3485758900642395,0.3488612177968025
random_forest,87,281,0.3494308292865753,0.3525437021255493
random_forest,87,282,0.3524928689002991,0.4020725589990616
random_forest,87,283,0.3531615138053894,0.35161875128746034
random_forest,87,284,0.3435284495353699,0.3634637552499771
random_forest,87,285,0.3176272511482239,0.3664247637987137
random_forest,87,286,0.2782260179519653,0.3553317478299141
random_forest,87,287,0.3882230818271637,0.36274128288030627
random_forest,87,288,0.3045150339603424,0.3487074229121208
random_forest,87,289,0.3405322432518005,0.3368685963749885
random_forest,88,0,0.3381139934062958,0.3289733998477459
random_forest,88,1,0.2795419096946716,0.3020047050714493
random_forest,88,2,0.3137282133102417,0.30564915060997006
random_forest,88,3,0.3092173635959625,0.3108553358912468
random_forest,88,4,0.3574336469173431,0.2981052440404892
random_forest,88,5,0.3128551840782165,0.3557954701781273
random_forest,88,6,0.3139807283878326,0.3192224657535553
random_forest,88,7,0.2701657116413116,0.32677377462387086
random_forest,88,8,0.3109394013881683,0.32295671224594114
random_forest,88,9,0.2927702963352203,0.31805089861154556
random_forest,88,10,0.309912234544754,0.3343257576227188
random_forest,88,11,0.2518866956233978,0.3071228788793087
random_forest,88,12,0.2983190715312958,0.3098786669969559
random_forest,88,13,0.2748298048973083,0.32235487788915634
random_forest,88,14,0.2769491076469421,0.30911103904247283
random_forest,88,15,0.3642702996730804,0.3344316589832306
random_forest,88,16,0.300830066204071,0.346203031539917
random_forest,88,17,0.3458455204963684,0.3252380120754242
random_forest,88,18,0.2887968719005584,0.34920266598463057
random_forest,88,19,0.3474661409854889,0.33005123406648634
random_forest,88,20,0.3044228851795196,0.3279721622169018
random_forest,88,21,0.3632989823818207,0.3483314108848572
random_forest,88,22,0.2958746552467346,0.3730392122268677
random_forest,88,23,0.3292193114757538,0.3332127863168716
random_forest,88,24,0.3202848732471466,0.33537080496549604
random_forest,88,25,0.3183548748493194,0.3553522756695747
random_forest,88,26,0.3012196123600006,0.3267184680700302
random_forest,88,27,0.3916284143924713,0.3290234160423279
random_forest,88,28,0.2789929211139679,0.3682673132419586
random_forest,88,29,0.2823235988616943,0.35064203321933746
random_forest,88,30,0.3277861773967743,0.3444893699884415
random_forest,88,31,0.4277009963989258,0.3237405714392662
random_forest,88,32,0.3439624011516571,0.4145616841316223
random_forest,88,33,0.2946401536464691,0.35084221452474595
random_forest,88,34,0.3090036511421203,0.3499040076136589
random_forest,88,35,0.3905602097511291,0.3603664320707321
random_forest,88,36,0.3811069130897522,0.36408511102199553
random_forest,88,37,0.3250910937786102,0.3299218735098839
random_forest,88,38,0.3524442017078399,0.3614451611042023
random_forest,88,39,0.3686197698116302,0.36490285247564314
random_forest,88,40,0.3649483919143677,0.3755480119585991
random_forest,88,41,0.3264477849006653,0.36643621236085894
random_forest,88,42,0.3390043079853058,0.3829864194989204
random_forest,88,43,0.3247013986110687,0.3801125371456146
random_forest,88,44,0.4074958860874176,0.3598698031902313
random_forest,88,45,0.3484004139900207,0.3804596108198166
random_forest,88,46,0.4104997217655182,0.40694745421409606
random_forest,88,47,0.4331614971160888,0.38633728832006453
random_forest,88,48,0.3462800085544586,0.45957018703222274
random_forest,88,49,0.3871840834617615,0.3897236007452011
random_forest,88,50,0.4098749160766601,0.3902695658802986
random_forest,88,51,0.4407648146152496,0.4055899724364281
random_forest,88,52,0.355860561132431,0.41735740035772323
random_forest,88,53,0.4240525662899017,0.38451800256967544
random_forest,88,54,0.3928934931755066,0.40670761913061143
random_forest,88,55,0.3834470808506012,0.43354651272296907
random_forest,88,56,0.3809274733066559,0.38611686885356905
random_forest,88,57,0.4103789329528808,0.39649821013212205
random_forest,88,58,0.3935901522636413,0.3942138069868088
random_forest,88,59,0.4342819154262543,0.41594620525836945
random_forest,88,60,0.4267738163471222,0.41734097570180895
random_forest,88,61,0.4341093003749847,0.4136730283498764
random_forest,88,62,0.4348243176937103,0.40968890190124513
random_forest,88,63,0.3900955021381378,0.46681354522705076
random_forest,88,64,0.452510803937912,0.39554495811462403
random_forest,88,65,0.4896075129508972,0.4536028042435646
random_forest,88,66,0.4160341620445251,0.49588539212942123
random_forest,88,67,0.4238146543502807,0.44227315843105314
random_forest,88,68,0.4565561413764953,0.4264689612388611
random_forest,88,69,0.4539748430252075,0.4422046381235123
random_forest,88,70,0.4688004553318023,0.44129894107580186
random_forest,88,71,0.4501497447490692,0.4736926585435867
random_forest,88,72,0.5021970868110657,0.4517193546891212
random_forest,88,73,0.4693878889083862,0.47282981425523757
random_forest,88,74,0.4869114458560943,0.46789040774106977
random_forest,88,75,0.4790868163108825,0.45927389472723007
random_forest,88,76,0.475820779800415,0.470860016644001
random_forest,88,77,0.5192129611968994,0.47349781334400176
random_forest,88,78,0.4993561804294586,0.507790664434433
random_forest,88,79,0.4776076078414917,0.4701740226149559
random_forest,88,80,0.5110929012298584,0.47696396201848984
random_forest,88,81,0.4999082386493683,0.5071179077029229
random_forest,88,82,0.5615758299827576,0.5041228529810905
random_forest,88,83,0.4882280230522156,0.5600851970911026
random_forest,88,84,0.6041656732559204,0.4948898112773895
random_forest,88,85,0.6167363524436951,0.603781304359436
random_forest,88,86,0.5457130074501038,0.6434014791250229
random_forest,88,87,0.5488865375518799,0.498225739300251
random_forest,88,88,0.6347429156303406,0.5169961324334145
random_forest,88,89,0.6192281246185303,0.6503559720516204
random_forest,88,90,0.6374151110649109,0.6287848711013794
random_forest,88,91,0.62694251537323,0.6288336563110352
random_forest,88,92,0.5975233912467957,0.6171328949928284
random_forest,88,93,0.6586430072784424,0.5860445404052734
random_forest,88,94,0.6932969093322754,0.674856784939766
random_forest,88,95,0.6740955114364624,0.6868354034423828
random_forest,88,96,0.6580333709716797,0.7118725782632828
random_forest,88,97,0.6981067657470703,0.6805780446529388
random_forest,88,98,0.6415689587593079,0.6842422890663147
random_forest,88,99,0.6348363757133484,0.6381582885980606
random_forest,88,100,0.7480152249336243,0.626431615948677
random_forest,88,101,0.7202575206756592,0.7278116577863694
random_forest,88,102,0.7123278379440308,0.7168867689371109
random_forest,88,103,0.6876357197761536,0.7004187715053558
random_forest,88,104,0.8006429672241211,0.6877237290143967
random_forest,88,105,0.7186873555183411,0.7886155730485916
random_forest,88,106,0.7594048976898193,0.718397906422615
random_forest,88,107,0.7866585850715637,0.7546101301908493
random_forest,88,108,0.7670018672943115,0.7811999934911728
random_forest,88,109,0.7935315370559692,0.7395936840772629
random_forest,88,110,0.7826980352401733,0.7936660498380661
random_forest,88,111,0.8293567299842834,0.789383299946785
random_forest,88,112,0.8540548086166382,0.8241736656427383
random_forest,88,113,0.8645039200782776,0.8414062112569809
random_forest,88,114,0.7903720736503601,0.8371663987636566
random_forest,88,115,0.8820411562919617,0.7929809111356735
random_forest,88,116,0.8254144191741943,0.8452018296718598
random_forest,88,117,0.8125585317611694,0.7863265943527221
random_forest,88,118,0.8202688097953796,0.7751950162649155
random_forest,88,119,0.8573377132415771,0.815511583685875
random_forest,88,120,0.8516344428062439,0.8612557637691498
random_forest,88,121,0.8965106010437012,0.8387876033782959
random_forest,88,122,0.8492864370346069,0.8865331703424454
random_forest,88,123,0.8446882963180542,0.867449489235878
random_forest,88,124,0.8288132548332214,0.869089407324791
random_forest,88,125,0.8943718671798706,0.8021975028514862
random_forest,88,126,0.8741525411605835,0.8774858820438385
random_forest,88,127,0.8941689133644104,0.8430902659893036
random_forest,88,128,0.8539901971817017,0.91726498067379
random_forest,88,129,0.8220217823982239,0.8605948847532272
random_forest,88,130,0.890483558177948,0.8293127095699311
random_forest,88,131,0.882888913154602,0.8763646441698074
random_forest,88,132,0.8426167964935303,0.8609889930486679
random_forest,88,133,0.834376871585846,0.8507117414474488
random_forest,88,134,0.8698809742927551,0.7965494590997696
random_forest,88,135,0.8442493081092834,0.8560745829343795
random_forest,88,136,0.8403299450874329,0.8331031799316406
random_forest,88,137,0.8367244601249695,0.8325193560123444
random_forest,88,138,0.8458755612373352,0.8233436864614486
random_forest,88,139,0.9114205837249756,0.8401344567537308
random_forest,88,140,0.7403547167778015,0.8901447367668152
random_forest,88,141,0.7900892496109009,0.7699454563856125
random_forest,88,142,0.7583097219467163,0.782148894071579
random_forest,88,143,0.7259368896484375,0.7402598369121551
random_forest,88,144,0.7684255242347717,0.7518766450881958
random_forest,88,145,0.7951711416244507,0.7328386789560318
random_forest,88,146,0.8287652134895325,0.7274165904521942
random_forest,88,147,0.7940407991409302,0.7979901868104935
random_forest,88,148,0.7748407125473022,0.7817920225858689
random_forest,88,149,0.7812936902046204,0.7531636065244675
random_forest,88,150,0.7688899040222168,0.7485900497436524
random_forest,88,151,0.7542094588279724,0.7286393368244171
random_forest,88,152,0.6967291831970215,0.7260273230075837
random_forest,88,153,0.7788940072059631,0.6858836603164673
random_forest,88,154,0.7556827068328857,0.7759460985660553
random_forest,88,155,0.7188272476196289,0.7333384990692139
random_forest,88,156,0.7055841088294983,0.6606903922557831
random_forest,88,157,0.7037162184715271,0.6844735449552536
random_forest,88,158,0.7899514436721802,0.6983219903707504
random_forest,88,159,0.6814395189285278,0.7687143224477768
random_forest,88,160,0.7262850403785706,0.6630226492881774
random_forest,88,161,0.6682650446891785,0.7050350332260131
random_forest,88,162,0.7261251211166382,0.6307893007993698
random_forest,88,163,0.7259972095489502,0.7028684461116791
random_forest,88,164,0.7354121804237366,0.6861096149682999
random_forest,88,165,0.7677851319313049,0.6804650843143463
random_forest,88,166,0.8208716511726379,0.737518350481987
random_forest,88,167,0.6988290548324585,0.8180973833799362
random_forest,88,168,0.750382125377655,0.6813517326116562
random_forest,88,169,0.7094194889068604,0.7198697674274445
random_forest,88,170,0.7478249669075012,0.6850526344776153
random_forest,88,171,0.7364296913146973,0.7004004657268524
random_forest,88,172,0.7537845969200134,0.7295835596323014
random_forest,88,173,0.7228512763977051,0.7672497606277466
random_forest,88,174,0.7098322510719299,0.6966155433654785
random_forest,88,175,0.7473145127296448,0.6749999654293061
random_forest,88,176,0.7479267716407776,0.7178405570983887
random_forest,88,177,0.758696436882019,0.7319254547357559
random_forest,88,178,0.7343263626098633,0.7776940798759461
random_forest,88,179,0.7314236164093018,0.7390566593408585
random_forest,88,180,0.7829441428184509,0.7110192972421646
random_forest,88,181,0.7269622683525085,0.7625941956043243
random_forest,88,182,0.7288929224014282,0.7242405593395234
random_forest,88,183,0.7404109835624695,0.7025457239151001
random_forest,88,184,0.7877248525619507,0.7284109312295913
random_forest,88,185,0.6741795539855957,0.7861074018478393
random_forest,88,186,0.822478175163269,0.6375442707538604
random_forest,88,187,0.7527247071266174,0.8657989805936813
random_forest,88,188,0.7451948523521423,0.7395879626274109
random_forest,88,189,0.7680323123931885,0.7299383550882339
random_forest,88,190,0.8065763711929321,0.7413100749254227
random_forest,88,191,0.7211914658546448,0.7910178977251053
random_forest,88,192,0.7682017087936401,0.7010129898786545
random_forest,88,193,0.7765950560569763,0.7456920176744462
random_forest,88,194,0.7657887935638428,0.7635305166244507
random_forest,88,195,0.7309952974319458,0.7433442747592927
random_forest,88,196,0.8000232577323914,0.7199811273813248
random_forest,88,197,0.7446891665458679,0.7632760393619538
random_forest,88,198,0.8190533518791199,0.7420485311746597
random_forest,88,199,0.8115118145942688,0.8075060480833054
random_forest,88,200,0.8008923530578613,0.7941969275474549
random_forest,88,201,0.7650337815284729,0.7776182878017426
random_forest,88,202,0.8529762625694275,0.7557019543647766
random_forest,88,203,0.8544607758522034,0.8432735455036163
random_forest,88,204,0.8040764331817627,0.8360707813501358
random_forest,88,205,0.8263921737670898,0.817051876783371
random_forest,88,206,0.7919126152992249,0.7908476686477661
random_forest,88,207,0.9140647053718568,0.7670435905456543
random_forest,88,208,0.8716835379600525,0.9160067600011825
random_forest,88,209,0.8228288888931274,0.8542246699333191
random_forest,88,210,0.8822479844093323,0.8282291322946549
random_forest,88,211,0.8759953379631042,0.8880741018056869
random_forest,88,212,0.8739148378372192,0.8469097262620926
random_forest,88,213,0.926441490650177,0.8473559433221817
random_forest,88,214,0.8518128991127014,0.9116603630781174
random_forest,88,215,0.9434012174606324,0.860390385389328
random_forest,88,216,0.9009365439414978,0.8790184962749481
random_forest,88,217,0.85053950548172,0.8871440309286117
random_forest,88,218,0.8870605230331421,0.8591701692342758
random_forest,88,219,0.9119828343391418,0.8606129521131516
random_forest,88,220,0.9037299752235411,0.881311161518097
random_forest,88,221,0.904483437538147,0.873972880244255
random_forest,88,222,0.9214460253715516,0.8416264647245407
random_forest,88,223,0.9190593361854552,0.8704731267690659
random_forest,88,224,0.930171549320221,0.8735812759399414
random_forest,88,225,0.8365898132324219,0.8789618539810181
random_forest,88,226,0.920320451259613,0.80577008664608
random_forest,88,227,0.8288136124610901,0.8880371928215027
random_forest,88,228,0.8650314807891846,0.7940596640110016
random_forest,88,229,0.8536861538887024,0.8286364293098449
random_forest,88,230,0.8580129146575928,0.8298133081197738
random_forest,88,231,0.8377968668937683,0.8302705657482147
random_forest,88,232,0.8362931609153748,0.8020785194635391
random_forest,88,233,0.7746585011482239,0.7987380254268647
random_forest,88,234,0.7762242555618286,0.7883619701862336
random_forest,88,235,0.7945230603218079,0.7831961059570313
random_forest,88,236,0.7483413219451904,0.7505927324295044
random_forest,88,237,0.8047579526901245,0.725954681634903
random_forest,88,238,0.8088982701301575,0.7871658337116242
random_forest,88,239,0.6977772116661072,0.7886627089977264
random_forest,88,240,0.6908046007156372,0.6514738172292709
random_forest,88,241,0.7248032093048096,0.6461931771039963
random_forest,88,242,0.7331238389015198,0.7185149198770523
random_forest,88,243,0.6868233680725098,0.6919020688533783
random_forest,88,244,0.7375882267951965,0.6846021640300751
random_forest,88,245,0.6653951406478882,0.7340800774097442
random_forest,88,246,0.6393049955368042,0.640437273979187
random_forest,88,247,0.6397806406021118,0.602690019607544
random_forest,88,248,0.7242358922958374,0.6217874056100845
random_forest,88,249,0.6838956475257874,0.7146979594230651
random_forest,88,250,0.6601722240447998,0.6502763652801513
random_forest,88,251,0.6368701457977295,0.6367422932386398
random_forest,88,252,0.5602496266365051,0.6288541042804718
random_forest,88,253,0.597139835357666,0.5623435375094413
random_forest,88,254,0.6239756345748901,0.5747902658581734
random_forest,88,255,0.5482529401779175,0.6032836318016053
random_forest,88,256,0.5615292191505432,0.5270805171132088
random_forest,88,257,0.589634120464325,0.5098343715071678
random_forest,88,258,0.5709750652313232,0.6324647003412247
random_forest,88,259,0.5846440196037292,0.5932755315303803
random_forest,88,260,0.5274378657341003,0.5438586384057998
random_forest,88,261,0.5009592771530151,0.48132953435182574
random_forest,88,262,0.4677206575870514,0.4803413587808609
random_forest,88,263,0.5237006545066833,0.4785895198583603
random_forest,88,264,0.4593853950500488,0.4977243807911873
random_forest,88,265,0.4750494360923767,0.43023212879896167
random_forest,88,266,0.479797214269638,0.43490265727043154
random_forest,88,267,0.402620404958725,0.4486176934838295
random_forest,88,268,0.4501453042030334,0.4209008640050888
random_forest,88,269,0.3982775807380676,0.43806117624044416
random_forest,88,270,0.4352617263793945,0.4147356909513473
random_forest,88,271,0.3890201449394226,0.4229956993460655
random_forest,88,272,0.4850392937660217,0.40228023648262023
random_forest,88,273,0.45130455493927,0.4683561035990715
random_forest,88,274,0.4111283421516418,0.44922666758298874
random_forest,88,275,0.4248022735118866,0.38987025290727617
random_forest,88,276,0.3717250227928161,0.39602476328611375
random_forest,88,277,0.4349928498268127,0.3858586701750755
random_forest,88,278,0.4058353304862976,0.39886307090520856
random_forest,88,279,0.3765545487403869,0.38709082931280137
random_forest,88,280,0.3894103765487671,0.3448021239042282
random_forest,88,281,0.3769910633563995,0.3412047240138054
random_forest,88,282,0.4112568199634552,0.34506469905376436
random_forest,88,283,0.3395996689796448,0.3931868550181389
random_forest,88,284,0.3506714403629303,0.3455232563614845
random_forest,88,285,0.313457578420639,0.36212787419557574
random_forest,88,286,0.3293068706989288,0.35891868025064466
random_forest,88,287,0.3598877787590027,0.3429508849978447
random_forest,88,288,0.3584938645362854,0.3256455001235008
random_forest,88,289,0.3256481289863586,0.32034187972545625
random_forest,89,0,0.5173516869544983,0.4568002927303314
random_forest,89,1,0.4596565663814544,0.4904376530647278
random_forest,89,2,0.4734630584716797,0.44177541851997376
random_forest,89,3,0.5649706125259399,0.4867413267493248
random_forest,89,4,0.5359925031661987,0.5263360238075256
random_forest,89,5,0.4997884631156921,0.48887269794940946
random_forest,89,6,0.5457741618156433,0.5061139324307442
random_forest,89,7,0.5219637751579285,0.49669387221336364
random_forest,89,8,0.5348378419876099,0.49102121651172637
random_forest,89,9,0.5533967018127441,0.45383278012275696
random_forest,89,10,0.5013695955276489,0.5237782925367356
random_forest,89,11,0.5047959089279175,0.4892317113280296
random_forest,89,12,0.557978630065918,0.4759483218193054
random_forest,89,13,0.6585337519645691,0.5302821508049965
random_forest,89,14,0.6181333661079407,0.6557680064439774
random_forest,89,15,0.5610552430152893,0.6048856776952743
random_forest,89,16,0.4963817894458771,0.5199142107367516
random_forest,89,17,0.6614317297935486,0.49496943652629855
random_forest,89,18,0.581047534942627,0.6566725808382035
random_forest,89,19,0.6074022054672241,0.5368306484818458
random_forest,89,20,0.5975863337516785,0.5533680495619774
random_forest,89,21,0.6190319061279297,0.5376421791315079
random_forest,89,22,0.5923175811767578,0.5846301901340485
random_forest,89,23,0.6627614498138428,0.5418595403432847
random_forest,89,24,0.5818564295768738,0.6541689258813858
random_forest,89,25,0.6081933975219727,0.5314082247018814
random_forest,89,26,0.6478139758110046,0.5710050746798515
random_forest,89,27,0.6607283353805542,0.6584028029441833
random_forest,89,28,0.6905794143676758,0.646214793920517
random_forest,89,29,0.6859312653541565,0.6611564463376999
random_forest,89,30,0.6435625553131104,0.6644129127264022
random_forest,89,31,0.5840051770210266,0.6860572454333306
random_forest,89,32,0.6234689354896545,0.5512184190750122
random_forest,89,33,0.6207093596458435,0.6175596809387207
random_forest,89,34,0.6335659027099609,0.6143384239077568
random_forest,89,35,0.6258072853088379,0.6676064503192901
random_forest,89,36,0.6242300868034363,0.6157738196849823
random_forest,89,37,0.6208466291427612,0.6135368457436562
random_forest,89,38,0.6635500192642212,0.6110315325856209
random_forest,89,39,0.6151850819587708,0.6772086721658707
random_forest,89,40,0.6666314005851746,0.6112269586324692
random_forest,89,41,0.6241188645362854,0.6826856356859207
random_forest,89,42,0.6124555468559265,0.622914035320282
random_forest,89,43,0.6133094429969788,0.6010335260629653
random_forest,89,44,0.6100300550460815,0.6112759009003639
random_forest,89,45,0.5555875301361084,0.5872511368989944
random_forest,89,46,0.6032789349555969,0.5129552271962166
random_forest,89,47,0.5588657855987549,0.5184340256452561
random_forest,89,48,0.5687575340270996,0.5124601951241493
random_forest,89,49,0.5764322876930237,0.5255600595474244
random_forest,89,50,0.605235755443573,0.518935529589653
random_forest,89,51,0.5456379652023315,0.575613542497158
random_forest,89,52,0.5393498539924622,0.5077078261971474
random_forest,89,53,0.504368245601654,0.5272889655828475
random_forest,89,54,0.5710849761962891,0.47934559762477874
random_forest,89,55,0.5414122343063354,0.5431473115086556
random_forest,89,56,0.540399432182312,0.5316495507955551
random_forest,89,57,0.4976798892021179,0.549845963716507
random_forest,89,58,0.5574619174003601,0.4887245374917984
random_forest,89,59,0.5452919602394104,0.5323701506853104
random_forest,89,60,0.5210224986076355,0.5525267344713211
random_forest,89,61,0.4695324301719665,0.4964658653736114
random_forest,89,62,0.5054733753204346,0.4545224475860596
random_forest,89,63,0.4831050634384155,0.48148797154426576
random_forest,89,64,0.4453241229057312,0.46802655965089796
random_forest,89,65,0.4500083029270172,0.4081148120760918
random_forest,89,66,0.5152446627616882,0.42463267654180525
random_forest,89,67,0.4629761874675751,0.4758953645825386
random_forest,89,68,0.4327050447463989,0.43861730545759203
random_forest,89,69,0.4811520576477051,0.42197164237499235
random_forest,89,70,0.5056476593017578,0.4445097860693932
random_forest,89,71,0.5180650353431702,0.5207268670201302
random_forest,89,72,0.433536946773529,0.4961103668808937
random_forest,89,73,0.4637669920921325,0.4229531395435333
random_forest,89,74,0.5002316236495972,0.4465015637874603
random_forest,89,75,0.4695537686347961,0.47060766488313677
random_forest,89,76,0.4852746427059173,0.47035754889249803
random_forest,89,77,0.4276746213436126,0.49589105367660524
random_forest,89,78,0.4305620193481445,0.4425821724534035
random_forest,89,79,0.5500364303588867,0.47630233973264696
random_forest,89,80,0.4943324327468872,0.5430372399091721
random_forest,89,81,0.4803087413311004,0.47607687413692473
random_forest,89,82,0.4811297357082367,0.4644442945718765
random_forest,89,83,0.4611040949821472,0.45677185148000715
random_forest,89,84,0.4632285833358764,0.46279516369104384
random_forest,89,85,0.4248166680335998,0.4875405478477478
random_forest,89,86,0.4783324897289276,0.48182584196329115
random_forest,89,87,0.4899715483188629,0.4877528631687164
random_forest,89,88,0.5066750645637512,0.48680065393447874
random_forest,89,89,0.4935775697231293,0.5029510241746903
random_forest,89,90,0.5079112648963928,0.5164329957962036
random_forest,89,91,0.5282500386238098,0.5041583824157715
random_forest,89,92,0.5406867861747742,0.5245488765835762
random_forest,89,93,0.5772194266319275,0.5468285781145096
random_forest,89,94,0.5460566878318787,0.5564277702569962
random_forest,89,95,0.5072203874588013,0.5488517808914185
random_forest,89,96,0.5239423513412476,0.5329367452859879
random_forest,89,97,0.4974733293056488,0.5567533028125763
random_forest,89,98,0.5238020420074463,0.5184887406229973
random_forest,89,99,0.5372034311294556,0.5793655428290367
random_forest,89,100,0.6028382778167725,0.5671247661113739
random_forest,89,101,0.5592384338378906,0.5859640794992447
random_forest,89,102,0.5865081548690796,0.5868339800834655
random_forest,89,103,0.5455599427223206,0.574366210103035
random_forest,89,104,0.5782608389854431,0.6078809261322021
random_forest,89,105,0.5383691191673279,0.6023477619886398
random_forest,89,106,0.6138153076171875,0.59865638256073
random_forest,89,107,0.6605030298233032,0.6201538735628128
random_forest,89,108,0.6373170614242554,0.6419156062602996
random_forest,89,109,0.6101292371749878,0.6490090209245681
random_forest,89,110,0.6040449142456055,0.6456211853027344
random_forest,89,111,0.6415092349052429,0.643392087817192
random_forest,89,112,0.6525812149047852,0.6593839627504349
random_forest,89,113,0.7339010834693909,0.647978692650795
random_forest,89,114,0.5988684892654419,0.7476676762104034
random_forest,89,115,0.6308344602584839,0.6593250763416291
random_forest,89,116,0.6721748113632202,0.706366348862648
random_forest,89,117,0.6599100828170776,0.6881454014778137
random_forest,89,118,0.7250273823738098,0.6710243445634841
random_forest,89,119,0.6642565727233887,0.7137455713748931
random_forest,89,120,0.6840301156044006,0.7058333283662797
random_forest,89,121,0.6609455943107605,0.7262006771564483
random_forest,89,122,0.7464350461959839,0.6979787486791611
random_forest,89,123,0.7519509792327881,0.7307451683282852
random_forest,89,124,0.7265868782997131,0.7220090436935425
random_forest,89,125,0.7311601042747498,0.7256265896558761
random_forest,89,126,0.7778970003128052,0.7357993233203888
random_forest,89,127,0.7111362218856812,0.7800299495458602
random_forest,89,128,0.7119879722595215,0.7293725889921189
random_forest,89,129,0.7952515482902527,0.7499131578207016
random_forest,89,130,0.769855260848999,0.7612034302949905
random_forest,89,131,0.7184503674507141,0.7185489714145661
random_forest,89,132,0.7828415632247925,0.7294731122255326
random_forest,89,133,0.710887610912323,0.7249108505249023
random_forest,89,134,0.7063195705413818,0.7471980094909668
random_forest,89,135,0.7375053763389587,0.7666764163970947
random_forest,89,136,0.7642602324485779,0.7680794352293014
random_forest,89,137,0.7055830955505371,0.778913660645485
random_forest,89,138,0.6707783937454224,0.7451091688871384
random_forest,89,139,0.8103830814361572,0.7445256471633911
random_forest,89,140,0.7585166096687317,0.7938170492649078
random_forest,89,141,0.7384516000747681,0.7316313636302948
random_forest,89,142,0.7130770087242126,0.7448346585035324
random_forest,89,143,0.7350602149963379,0.7146348160505295
random_forest,89,144,0.7407417297363281,0.7145459049940109
random_forest,89,145,0.6620668172836304,0.7420268881320954
random_forest,89,146,0.7088906168937683,0.7382480776309968
random_forest,89,147,0.7237987518310547,0.7091445690393448
random_forest,89,148,0.671690821647644,0.7384159886837005
random_forest,89,149,0.7446560263633728,0.6992480570077896
random_forest,89,150,0.698110044002533,0.7153975343704224
random_forest,89,151,0.6876136064529419,0.7078137946128845
random_forest,89,152,0.7127096652984619,0.6992034459114075
random_forest,89,153,0.65153968334198,0.6939044624567032
random_forest,89,154,0.6341022849082947,0.6727360588312149
random_forest,89,155,0.7521938681602478,0.6760518115758896
random_forest,89,156,0.716770350933075,0.735299117565155
random_forest,89,157,0.651128888130188,0.7234495329856873
random_forest,89,158,0.6056134104728699,0.6603693461418152
random_forest,89,159,0.6637197732925415,0.6552331811189651
random_forest,89,160,0.6169131398200989,0.6679235249757767
random_forest,89,161,0.5924158096313477,0.6376272028684616
random_forest,89,162,0.642462432384491,0.6448656719923019
random_forest,89,163,0.5382953882217407,0.6284197568893433
random_forest,89,164,0.6119303703308105,0.5939515215158463
random_forest,89,165,0.5988707542419434,0.6206432712078095
random_forest,89,166,0.6755095720291138,0.6274577951431275
random_forest,89,167,0.5954223871231079,0.5880010628700256
random_forest,89,168,0.6445056200027466,0.6342393189668656
random_forest,89,169,0.5973941087722778,0.6073886519670486
random_forest,89,170,0.5956493616104126,0.595570981502533
random_forest,89,171,0.5919643640518188,0.6177299892902375
random_forest,89,172,0.6197093725204468,0.6073068410158158
random_forest,89,173,0.6308521032333374,0.6057560342550278
random_forest,89,174,0.6006010174751282,0.5932415521144867
random_forest,89,175,0.6107159852981567,0.6059594702720642
random_forest,89,176,0.5668038725852966,0.6248263865709305
random_forest,89,177,0.614543616771698,0.5977468287944794
random_forest,89,178,0.5510438680648804,0.6316977155208587
random_forest,89,179,0.6221006512641907,0.5899680930376053
random_forest,89,180,0.5721461176872253,0.6113709217309952
random_forest,89,181,0.6122934222221375,0.604988643527031
random_forest,89,182,0.6154146790504456,0.6015614336729049
random_forest,89,183,0.609362006187439,0.6047005385160447
random_forest,89,184,0.5907938480377197,0.5991438764333725
random_forest,89,185,0.6146032214164734,0.6470187014341354
random_forest,89,186,0.6251978874206543,0.6092665481567383
random_forest,89,187,0.6336222290992737,0.6408554571866989
random_forest,89,188,0.5956703424453735,0.6137111288309097
random_forest,89,189,0.6346299052238464,0.647165201306343
random_forest,89,190,0.5946206450462341,0.6462546646595001
random_forest,89,191,0.6124820709228516,0.6296676403284073
random_forest,89,192,0.6484387516975403,0.6728819882869721
random_forest,89,193,0.6386327147483826,0.6279256081581116
random_forest,89,194,0.643302857875824,0.656777776479721
random_forest,89,195,0.6435179710388184,0.6369682568311691
random_forest,89,196,0.6279289126396179,0.6536350876092911
random_forest,89,197,0.6967033743858337,0.643326250910759
random_forest,89,198,0.6344754695892334,0.6750391680002212
random_forest,89,199,0.6918045282363892,0.6476738256216049
random_forest,89,200,0.648907482624054,0.671862261891365
random_forest,89,201,0.6431070566177368,0.6748010694980622
random_forest,89,202,0.6551094055175781,0.6722588455677032
random_forest,89,203,0.7387296557426453,0.6828933763504028
random_forest,89,204,0.6640247106552124,0.7308403807878494
random_forest,89,205,0.6875035166740417,0.6914376825094223
random_forest,89,206,0.7355799674987793,0.6905470448732376
random_forest,89,207,0.6957533955574036,0.7219944369792938
random_forest,89,208,0.6746392250061035,0.7220541840791702
random_forest,89,209,0.6755228638648987,0.7052251434326172
random_forest,89,210,0.7317195534706116,0.7013638496398926
random_forest,89,211,0.6939501166343689,0.7083810567855835
random_forest,89,212,0.6924976706504822,0.7031429892778397
random_forest,89,213,0.6972729563713074,0.6969723361730575
random_forest,89,214,0.7095788717269897,0.7060636299848556
random_forest,89,215,0.7107401490211487,0.7176389628648758
random_forest,89,216,0.6878702044487,0.7257034128904343
random_forest,89,217,0.6656911373138428,0.7174845087528229
random_forest,89,218,0.7452793121337891,0.7077140259742737
random_forest,89,219,0.7567055821418762,0.7123698079586029
random_forest,89,220,0.691582202911377,0.7472936272621155
random_forest,89,221,0.7031157612800598,0.6944871747493744
random_forest,89,222,0.7135738730430603,0.7094766300916672
random_forest,89,223,0.6676656603813171,0.7070600312948226
random_forest,89,224,0.6908913850784302,0.7050906264781952
random_forest,89,225,0.6837692856788635,0.6991351574659348
random_forest,89,226,0.7239206433296204,0.6853604757785797
random_forest,89,227,0.6921550631523132,0.7021300381422043
random_forest,89,228,0.667910099029541,0.7155223345756531
random_forest,89,229,0.6272876858711243,0.7006056195497513
random_forest,89,230,0.695351779460907,0.6909510499238968
random_forest,89,231,0.6694112420082092,0.6955641150474549
random_forest,89,232,0.5893073081970215,0.7002977329492569
random_forest,89,233,0.6549808979034424,0.6652394825220108
random_forest,89,234,0.6773619651794434,0.6850597828626632
random_forest,89,235,0.7049885392189026,0.6799634897708893
random_forest,89,236,0.6803512573242188,0.6499758321046829
random_forest,89,237,0.6439197659492493,0.6701825231313705
random_forest,89,238,0.6851246953010559,0.6585722720623016
random_forest,89,239,0.6006383299827576,0.6575219714641571
random_forest,89,240,0.6728043556213379,0.6228369146585464
random_forest,89,241,0.672329306602478,0.65456298828125
random_forest,89,242,0.6428269743919373,0.6285838884115219
random_forest,89,243,0.5656420588493347,0.6251436322927475
random_forest,89,244,0.4954441785812378,0.5860751271247864
random_forest,89,245,0.6535609364509583,0.5956937164068222
random_forest,89,246,0.5804906487464905,0.6302698546648026
random_forest,89,247,0.5617439150810242,0.5707311427593231
random_forest,89,248,0.5655233263969421,0.5841685956716538
random_forest,89,249,0.5856894850730896,0.5735468059778214
random_forest,89,250,0.4845431745052337,0.56679702013731
random_forest,89,251,0.5701554417610168,0.5456053903698921
random_forest,89,252,0.5612998008728027,0.5647661584615707
random_forest,89,253,0.5514215230941772,0.5354120942950249
random_forest,89,254,0.5428999066352844,0.5465767195820809
random_forest,89,255,0.4472806453704834,0.5342752686142922
random_forest,89,256,0.491934210062027,0.5012322419881821
random_forest,89,257,0.5396852493286133,0.5091703748703003
random_forest,89,258,0.4901108741760254,0.5222575578093529
random_forest,89,259,0.53181391954422,0.4719849586486816
random_forest,89,260,0.4942116439342499,0.5079066506028176
random_forest,89,261,0.4605900347232818,0.4704610371589661
random_forest,89,262,0.5105072855949402,0.4544807541370392
random_forest,89,263,0.4903048574924469,0.497747066617012
random_forest,89,264,0.5056160092353821,0.4585181984305382
random_forest,89,265,0.4768159389495849,0.46339016884565354
random_forest,89,266,0.3890278041362762,0.47383287191390994
random_forest,89,267,0.4254825413227081,0.41618244230747226
random_forest,89,268,0.3731625080108642,0.42972900658845903
random_forest,89,269,0.3675399124622345,0.42305931717157363
random_forest,89,270,0.4584473669528961,0.38282862037420273
random_forest,89,271,0.4118552207946777,0.4487476521730423
random_forest,89,272,0.3900935351848602,0.420096233189106
random_forest,89,273,0.3909298479557037,0.42496986359357836
random_forest,89,274,0.4575400054454803,0.378398472070694
random_forest,89,275,0.4256947040557861,0.4575415629148483
random_forest,89,276,0.4209008812904358,0.3868203398585319
random_forest,89,277,0.4184050559997558,0.36166499227285387
random_forest,89,278,0.3688554167747497,0.37397388070821763
random_forest,89,279,0.3164815306663513,0.36102032333612444
random_forest,89,280,0.3081099390983581,0.3606299203634262
random_forest,89,281,0.3964378237724304,0.34420811623334885
random_forest,89,282,0.4027194678783417,0.34085788667201994
random_forest,89,283,0.3526457548141479,0.3681254249811172
random_forest,89,284,0.3518548309803009,0.3602810126543045
random_forest,89,285,0.3413726091384887,0.35391380012035367
random_forest,89,286,0.3355242013931274,0.33860022529959677
random_forest,89,287,0.3580395877361297,0.3441354411840439
random_forest,89,288,0.3060476183891296,0.3148659974336624
random_forest,89,289,0.3745434880256653,0.3384409600496292
random_forest,90,0,0.3130016326904297,0.3154172998666763
random_forest,90,1,0.2476247102022171,0.31030538529157636
random_forest,90,2,0.3008928000926971,0.3097796787321567
random_forest,90,3,0.3469280898571014,0.31091835916042326
random_forest,90,4,0.2637799680233001,0.33506680026650426
random_forest,90,5,0.3314352929592132,0.3205615982413292
random_forest,90,6,0.2763629555702209,0.3287970641255379
random_forest,90,7,0.2711656093597412,0.3231929138302803
random_forest,90,8,0.3399376273155212,0.2967661541700363
random_forest,90,9,0.2498106807470321,0.31769851699471474
random_forest,90,10,0.2910193502902984,0.3084543859958649
random_forest,90,11,0.3611792027950287,0.310850635766983
random_forest,90,12,0.2995355129241943,0.34319286614656447
random_forest,90,13,0.2493032664060592,0.3255587288737297
random_forest,90,14,0.2799752056598663,0.3012522929906845
random_forest,90,15,0.3204881250858307,0.3444173893332481
random_forest,90,16,0.3663811981678009,0.3105148649215698
random_forest,90,17,0.2728736996650696,0.3599840235710144
random_forest,90,18,0.3309935629367828,0.34301764696836473
random_forest,90,19,0.338823527097702,0.311470730304718
random_forest,90,20,0.383003830909729,0.3394380757212639
random_forest,90,21,0.3597946166992187,0.3406630972027779
random_forest,90,22,0.3392016291618347,0.3444536760449409
random_forest,90,23,0.3366544842720032,0.32126632556319235
random_forest,90,24,0.3816987872123718,0.336005716919899
random_forest,90,25,0.3649412095546722,0.3601585850119591
random_forest,90,26,0.3537609279155731,0.34988620966672895
random_forest,90,27,0.3472160100936889,0.34470021098852155
random_forest,90,28,0.3998047709465027,0.3469185481965541
random_forest,90,29,0.3716340363025665,0.38148233115673064
random_forest,90,30,0.365989625453949,0.3324186244606972
random_forest,90,31,0.4288908839225769,0.33872597545385363
random_forest,90,32,0.4236489832401275,0.4087893983721733
random_forest,90,33,0.3896980285644531,0.40751015573740007
random_forest,90,34,0.4495064616203308,0.36666699677705766
random_forest,90,35,0.4756557941436767,0.46545802921056745
random_forest,90,36,0.4587243795394897,0.481173834502697
random_forest,90,37,0.5033104419708252,0.44710559368133546
random_forest,90,38,0.417276918888092,0.5022166830301285
random_forest,90,39,0.5485016703605652,0.38636147618293765
random_forest,90,40,0.4906663000583648,0.5061563110351562
random_forest,90,41,0.5296807885169983,0.4985803261399269
random_forest,90,42,0.4848453104496002,0.5123956021666527
random_forest,90,43,0.4723291099071502,0.4628996059298515
random_forest,90,44,0.5486615300178528,0.4485417830944061
random_forest,90,45,0.5411527156829834,0.5085109928250313
random_forest,90,46,0.5631936192512512,0.4924570298194885
random_forest,90,47,0.5039225816726685,0.5215600243210793
random_forest,90,48,0.5836449265480042,0.49284874081611635
random_forest,90,49,0.5818460583686829,0.529909393787384
random_forest,90,50,0.5502853393554688,0.5260748887062072
random_forest,90,51,0.5651896595954895,0.5182916495203972
random_forest,90,52,0.6056126952171326,0.5390284323692321
random_forest,90,53,0.5769334435462952,0.5620255008339882
random_forest,90,54,0.5531193614006042,0.5384867283701896
random_forest,90,55,0.6085405945777893,0.5330971485376358
random_forest,90,56,0.5486969351768494,0.5858184292912483
random_forest,90,57,0.5149018168449402,0.5586441287398338
random_forest,90,58,0.6433016657829285,0.4539064729213715
random_forest,90,59,0.5356877446174622,0.6685067194700242
random_forest,90,60,0.604463517665863,0.5271768045425415
random_forest,90,61,0.5883385539054871,0.5617238521575928
random_forest,90,62,0.5205448865890503,0.5487205281853675
random_forest,90,63,0.5811213254928589,0.4840594381093979
random_forest,90,64,0.5459907054901123,0.5642619818449021
random_forest,90,65,0.5397809743881226,0.5357670092582703
random_forest,90,66,0.5045042634010315,0.5355123549699783
random_forest,90,67,0.5554024577140808,0.4822626957297325
random_forest,90,68,0.5643861293792725,0.5580577573180199
random_forest,90,69,0.4815575778484344,0.5621440795063972
random_forest,90,70,0.5737772583961487,0.45316154181957247
random_forest,90,71,0.5393644571304321,0.5480208623409272
random_forest,90,72,0.4327236413955688,0.5272569131851196
random_forest,90,73,0.4228107929229736,0.43863324493169786
random_forest,90,74,0.5092533826828003,0.4404409363865852
random_forest,90,75,0.5019035935401917,0.5000113409757614
random_forest,90,76,0.5204012393951416,0.5102901610732079
random_forest,90,77,0.5050848722457886,0.5135539835691452
random_forest,90,78,0.5654336810112,0.46825840324163437
random_forest,90,79,0.5037232637405396,0.569748420715332
random_forest,90,80,0.527433454990387,0.4790953466296196
random_forest,90,81,0.581237256526947,0.4652559205889702
random_forest,90,82,0.5495600700378418,0.5625511765480041
random_forest,90,83,0.5452976226806641,0.5291385591030121
random_forest,90,84,0.5735050439834595,0.5283144694566727
random_forest,90,85,0.5894805788993835,0.5732969522476197
random_forest,90,86,0.600303590297699,0.5786072540283204
random_forest,90,87,0.5872182250022888,0.5774704188108444
random_forest,90,88,0.628265380859375,0.5570548313856125
random_forest,90,89,0.6470828652381897,0.6153278118371963
random_forest,90,90,0.6411404013633728,0.6593244397640228
random_forest,90,91,0.69374018907547,0.6270810562372208
random_forest,90,92,0.6572863459587097,0.6941431206464768
random_forest,90,93,0.6628108024597168,0.6508878660202027
random_forest,90,94,0.7102925777435303,0.6673469936847687
random_forest,90,95,0.6534723043441772,0.6983478462696076
random_forest,90,96,0.7145607471466064,0.6615643483400345
random_forest,90,97,0.7186945080757141,0.6882447117567062
random_forest,90,98,0.7180063724517822,0.7151248329877853
random_forest,90,99,0.7974584102630615,0.7051669228076934
random_forest,90,100,0.7634199857711792,0.7909551459550858
random_forest,90,101,0.7445045113563538,0.7474318861961364
random_forest,90,102,0.7542939782142639,0.7227135962247848
random_forest,90,103,0.7633641362190247,0.7130138736963272
random_forest,90,104,0.8071306347846985,0.741914204955101
random_forest,90,105,0.8034021854400635,0.7994263052940369
random_forest,90,106,0.7696965336799622,0.8056301200389862
random_forest,90,107,0.7573744058609009,0.7428033912181854
random_forest,90,108,0.7986889481544495,0.7441945827007294
random_forest,90,109,0.7295043468475342,0.8019896471500396
random_forest,90,110,0.8228309154510498,0.7087828862667084
random_forest,90,111,0.7877600789070129,0.7954296243190765
random_forest,90,112,0.769694447517395,0.7885696858167648
random_forest,90,113,0.8024245500564575,0.7340825372934341
random_forest,90,114,0.7944349050521851,0.8212704801559448
random_forest,90,115,0.7366538643836975,0.8061408358812332
random_forest,90,116,0.8648456931114197,0.733050810098648
random_forest,90,117,0.745818555355072,0.8353045010566711
random_forest,90,118,0.7582469582557678,0.7437245261669159
random_forest,90,119,0.8483989238739014,0.7549849319458007
random_forest,90,120,0.8260440826416016,0.8412052607536316
random_forest,90,121,0.7869054079055786,0.8395869946479797
random_forest,90,122,0.7797289490699768,0.7839522361755371
random_forest,90,123,0.8090881705284119,0.8114736413955689
random_forest,90,124,0.8541859984397888,0.831489822268486
random_forest,90,125,0.7814792990684509,0.8581823998689652
random_forest,90,126,0.8614181876182556,0.7698728424310685
random_forest,90,127,0.7972004413604736,0.823893426656723
random_forest,90,128,0.9001105427742004,0.7654796797037124
random_forest,90,129,0.9037732481956482,0.8793903422355652
random_forest,90,130,0.935633420944214,0.8926372057199479
random_forest,90,131,0.8822789788246155,0.9251747226715088
random_forest,90,132,0.8605706691741943,0.885652421116829
random_forest,90,133,0.8119955658912659,0.8338743478059769
random_forest,90,134,0.8381684422492981,0.845227113366127
random_forest,90,135,0.8457880020141602,0.7860734587907792
random_forest,90,136,0.828576922416687,0.8609302526712418
random_forest,90,137,0.8650622367858887,0.8162451207637786
random_forest,90,138,0.8053702116012573,0.8697265529632568
random_forest,90,139,0.7948145270347595,0.7674016922712326
random_forest,90,140,0.8137438297271729,0.7560313445329666
random_forest,90,141,0.8362837433815002,0.7793463963270187
random_forest,90,142,0.8234157562255859,0.8137060678005219
random_forest,90,143,0.8580568432807922,0.8321724677085877
random_forest,90,144,0.8126979470252991,0.8479705679416657
random_forest,90,145,0.8344330787658691,0.8033037227392197
random_forest,90,146,0.7454129457473755,0.8321999764442444
random_forest,90,147,0.8069086074829102,0.751646072268486
random_forest,90,148,0.7785924673080444,0.777274016737938
random_forest,90,149,0.7716875076293945,0.7658378881216049
random_forest,90,150,0.8132472634315491,0.7593154621124267
random_forest,90,151,0.7720576524734497,0.797004764676094
random_forest,90,152,0.7578611373901367,0.7268232434988022
random_forest,90,153,0.7363089323043823,0.7241357636451721
random_forest,90,154,0.7234805226325989,0.6841577696800232
random_forest,90,155,0.724012553691864,0.6761311656236648
random_forest,90,156,0.6928666830062866,0.6817319166660308
random_forest,90,157,0.7577572464942932,0.6619821631908417
random_forest,90,158,0.6334019303321838,0.7108822637796401
random_forest,90,159,0.724119246006012,0.652921571135521
random_forest,90,160,0.6810029149055481,0.6781788969039917
random_forest,90,161,0.6499387621879578,0.6281069082021713
random_forest,90,162,0.6591612696647644,0.6418120330572128
random_forest,90,163,0.6368424296379089,0.6256773537397384
random_forest,90,164,0.6628153324127197,0.6247391378879548
random_forest,90,165,0.6047764420509338,0.6262643831968308
random_forest,90,166,0.6630814671516418,0.6227098453044891
random_forest,90,167,0.6350459456443787,0.6397089248895645
random_forest,90,168,0.6146682500839233,0.6429594653844833
random_forest,90,169,0.6118284463882446,0.6249787247180939
random_forest,90,170,0.5962011218070984,0.6104445540904999
random_forest,90,171,0.6422713398933411,0.6237283170223236
random_forest,90,172,0.6220099329948425,0.6078976953029632
random_forest,90,173,0.6231095194816589,0.6055315190553665
random_forest,90,174,0.6679365038871765,0.5894108700752259
random_forest,90,175,0.6390184164047241,0.6393611037731171
random_forest,90,176,0.584955632686615,0.6057894241809845
random_forest,90,177,0.599650502204895,0.6133513867855072
random_forest,90,178,0.6481404304504395,0.6130726087093353
random_forest,90,179,0.6612107157707214,0.6361338853836059
random_forest,90,180,0.5953702926635742,0.6072057497501373
random_forest,90,181,0.5708991885185242,0.6286321806907654
random_forest,90,182,0.6209592223167419,0.601491914987564
random_forest,90,183,0.5334637761116028,0.5919798910617828
random_forest,90,184,0.6074930429458618,0.5955065089464188
random_forest,90,185,0.6222169995307922,0.6237910050153732
random_forest,90,186,0.5982764363288879,0.6446778839826584
random_forest,90,187,0.5136949419975281,0.625312768816948
random_forest,90,188,0.5992039442062378,0.5944412571191787
random_forest,90,189,0.6698620915412903,0.6409848880767822
random_forest,90,190,0.6059436798095703,0.6328191739320755
random_forest,90,191,0.6484359502792358,0.6493847304582596
random_forest,90,192,0.549525797367096,0.6266878771781922
random_forest,90,193,0.599639356136322,0.6392376708984375
random_forest,90,194,0.637165367603302,0.6360354501008988
random_forest,90,195,0.6252025961875916,0.6840598165988923
random_forest,90,196,0.641601026058197,0.6413205003738404
random_forest,90,197,0.6566566824913025,0.6600209653377533
random_forest,90,198,0.6021835207939148,0.6357208204269409
random_forest,90,199,0.6743676662445068,0.654608314037323
random_forest,90,200,0.6656115055084229,0.651889768242836
random_forest,90,201,0.657647967338562,0.6717831826210022
random_forest,90,202,0.711037278175354,0.687497838139534
random_forest,90,203,0.6951557993888855,0.7053298592567444
random_forest,90,204,0.6589398384094238,0.6943682128190994
random_forest,90,205,0.6664129495620728,0.6938689255714416
random_forest,90,206,0.7094324827194214,0.6780095970630646
random_forest,90,207,0.6796600818634033,0.7180167323350907
random_forest,90,208,0.6616643667221069,0.7077472597360611
random_forest,90,209,0.740674614906311,0.6928357380628586
random_forest,90,210,0.6859596967697144,0.7553310883045197
random_forest,90,211,0.6951183676719666,0.6951548272371292
random_forest,90,212,0.6628149151802063,0.6994446057081223
random_forest,90,213,0.7054175138473511,0.71134148478508
random_forest,90,214,0.6122881174087524,0.7214305555820465
random_forest,90,215,0.7140551805496216,0.7355355262756348
random_forest,90,216,0.7339272499084473,0.7229472756385803
random_forest,90,217,0.7178616523742676,0.6985679131746292
random_forest,90,218,0.713875949382782,0.7420539152622223
random_forest,90,219,0.7077434062957764,0.7116209393739701
random_forest,90,220,0.6785898208618164,0.7201079672574997
random_forest,90,221,0.671263575553894,0.6848057752847672
random_forest,90,222,0.6443526744842529,0.6955044555664063
random_forest,90,223,0.6400606632232666,0.7204135066270828
random_forest,90,224,0.7399051785469055,0.7244096285104752
random_forest,90,225,0.6681760549545288,0.7300311326980591
random_forest,90,226,0.7293381094932556,0.7276257854700089
random_forest,90,227,0.7325164079666138,0.7212185376882553
random_forest,90,228,0.7011709809303284,0.7334071999788284
random_forest,90,229,0.6666731238365173,0.6941285979747772
random_forest,90,230,0.6871426105499268,0.687730199098587
random_forest,90,231,0.6932126879692078,0.6731521260738372
random_forest,90,232,0.7471657991409302,0.7225024634599686
random_forest,90,233,0.6418532729148865,0.7305724370479584
random_forest,90,234,0.7047173976898193,0.6758943146467209
random_forest,90,235,0.710604190826416,0.6503430688381195
random_forest,90,236,0.6462116837501526,0.6433827382326126
random_forest,90,237,0.7038144469261169,0.6393540984392166
random_forest,90,238,0.6892520785331726,0.6806123381853104
random_forest,90,239,0.6610933542251587,0.6813494282960891
random_forest,90,240,0.6645122766494751,0.6187318485975265
random_forest,90,241,0.6528778672218323,0.6259485298395157
random_forest,90,242,0.6682102084159851,0.6240148043632507
random_forest,90,243,0.6161827445030212,0.6624725705385208
random_forest,90,244,0.5893492698669434,0.6297658455371856
random_forest,90,245,0.5773598551750183,0.5926730209589004
random_forest,90,246,0.5756586194038391,0.6004293429851532
random_forest,90,247,0.6254081130027771,0.6118847396969795
random_forest,90,248,0.5649414658546448,0.6423131251335144
random_forest,90,249,0.5317211747169495,0.5891969978809357
random_forest,90,250,0.5069265365600586,0.5620081484317779
random_forest,90,251,0.5506317615509033,0.528682866692543
random_forest,90,252,0.5617222785949707,0.5486217465996742
random_forest,90,253,0.4902506470680237,0.5512149196863174
random_forest,90,254,0.5003371834754944,0.536474894285202
random_forest,90,255,0.5229616761207581,0.5275781291723252
random_forest,90,256,0.4631811678409576,0.5028015983104706
random_forest,90,257,0.5050556063652039,0.5080521523952484
random_forest,90,258,0.5613412261009216,0.5173211613297463
random_forest,90,259,0.5077394247055054,0.49993946492671965
random_forest,90,260,0.5516061186790466,0.5332517716288566
random_forest,90,261,0.3975984752178192,0.512216911315918
random_forest,90,262,0.4352316260337829,0.45128632307052613
random_forest,90,263,0.4664890170097351,0.4712213006615638
random_forest,90,264,0.526466965675354,0.4464060243964195
random_forest,90,265,0.4369835555553436,0.4673455139994621
random_forest,90,266,0.4059149622917175,0.43595237135887144
random_forest,90,267,0.4644566774368286,0.4335040932893753
random_forest,90,268,0.398272305727005,0.4508741247653961
random_forest,90,269,0.41995769739151,0.4347689637541771
random_forest,90,270,0.4294015765190124,0.39961331903934477
random_forest,90,271,0.440412700176239,0.3943945536017418
random_forest,90,272,0.4175698161125183,0.39721533566713335
random_forest,90,273,0.4638152420520782,0.4080329981446266
random_forest,90,274,0.3587440848350525,0.4698987248539925
random_forest,90,275,0.3936045169830322,0.37435713559389117
random_forest,90,276,0.4080583155155182,0.3921319162845612
random_forest,90,277,0.3964468240737915,0.35228568702936175
random_forest,90,278,0.3805849552154541,0.3841838151216507
random_forest,90,279,0.3113827705383301,0.3524603402614593
random_forest,90,280,0.3418777287006378,0.34799074590206147
random_forest,90,281,0.3212239444255829,0.34639126539230347
random_forest,90,282,0.3406495451927185,0.3571240258216858
random_forest,90,283,0.3356865644454956,0.34607488214969634
random_forest,90,284,0.3043745458126068,0.34728717535734177
random_forest,90,285,0.2903254926204681,0.3400744438171387
random_forest,90,286,0.3258494436740875,0.359284398406744
random_forest,90,287,0.2791979610919952,0.34434404611587527
random_forest,90,288,0.3530560433864593,0.32506204456090926
random_forest,90,289,0.3771468698978424,0.3221445816755295
random_forest,91,0,0.3084191381931305,0.29973117977380753
random_forest,91,1,0.2669930160045624,0.3138842636346817
random_forest,91,2,0.2632984817028045,0.2974042049050331
random_forest,91,3,0.3579925298690796,0.3044669359922409
random_forest,91,4,0.3354243636131286,0.33983559519052503
random_forest,91,5,0.2743414342403412,0.33300181567668913
random_forest,91,6,0.2429990172386169,0.31441505640745165
random_forest,91,7,0.3487453162670135,0.3238826110959053
random_forest,91,8,0.3505622148513794,0.36206754863262175
random_forest,91,9,0.3129207789897918,0.3445711423456669
random_forest,91,10,0.2957097291946411,0.3267517352104187
random_forest,91,11,0.3550744652748108,0.3146032565832138
random_forest,91,12,0.4156660437583923,0.33735068172216415
random_forest,91,13,0.3705671727657318,0.38975167125463483
random_forest,91,14,0.3167724013328552,0.35037574142217637
random_forest,91,15,0.3331742882728576,0.3100626330077648
random_forest,91,16,0.2784624993801117,0.3697890564799308
random_forest,91,17,0.2220847308635711,0.32676722794771196
random_forest,91,18,0.3320984840393066,0.2973186531662941
random_forest,91,19,0.3169889152050018,0.33430358082056044
random_forest,91,20,0.4100715219974518,0.32259236320853235
random_forest,91,21,0.3317900598049164,0.3836760473251343
random_forest,91,22,0.3829200863838196,0.3265643829107285
random_forest,91,23,0.3756691813468933,0.36299385339021684
random_forest,91,24,0.2830285131931305,0.368817637860775
random_forest,91,25,0.3189952075481415,0.3338514605164528
random_forest,91,26,0.3250109255313873,0.32703796356916426
random_forest,91,27,0.2817829251289367,0.335777503401041
random_forest,91,28,0.3582001030445099,0.3569770461320877
random_forest,91,29,0.3407892882823944,0.3527300551533699
random_forest,91,30,0.3067612946033478,0.3412113043665886
random_forest,91,31,0.3511050939559936,0.3506579700112343
random_forest,91,32,0.3427651226520538,0.35134263038635255
random_forest,91,33,0.3642664551734924,0.35749562561511994
random_forest,91,34,0.3374345004558563,0.340030853152275
random_forest,91,35,0.3425380289554596,0.3544881954789162
random_forest,91,36,0.3559776842594147,0.3516659867763519
random_forest,91,37,0.3723601996898651,0.3648658737540245
random_forest,91,38,0.3562838435173034,0.3727354156970978
random_forest,91,39,0.4141734540462494,0.3728588616847992
random_forest,91,40,0.3779486715793609,0.39305434733629224
random_forest,91,41,0.3634898662567138,0.37290711998939513
random_forest,91,42,0.3469365239143371,0.35431246399879457
random_forest,91,43,0.2860951721668243,0.3691705882549286
random_forest,91,44,0.3401907980442047,0.37690462946891784
random_forest,91,45,0.3841101229190826,0.3736302688717842
random_forest,91,46,0.3910218179225921,0.3831270956993103
random_forest,91,47,0.4164753556251526,0.3627191463112831
random_forest,91,48,0.3731615543365478,0.4084728223085403
random_forest,91,49,0.4462390542030334,0.4128896501660347
random_forest,91,50,0.3051307797431946,0.4417420741915703
random_forest,91,51,0.4180608987808227,0.3800401371717453
random_forest,91,52,0.3495247662067413,0.4074172011017799
random_forest,91,53,0.4573302268981933,0.37879045724868776
random_forest,91,54,0.441006451845169,0.43206180512905124
random_forest,91,55,0.3776655793190002,0.4207088354229927
random_forest,91,56,0.3918103277683258,0.3896169924736023
random_forest,91,57,0.4637670218944549,0.41209345519542695
random_forest,91,58,0.4393591582775116,0.4768323874473572
random_forest,91,59,0.4334784150123596,0.4225426831841469
random_forest,91,60,0.4130063951015472,0.4397077119350433
random_forest,91,61,0.4655123353004455,0.4154387044906616
random_forest,91,62,0.4371185004711151,0.4128405770659447
random_forest,91,63,0.4431360065937042,0.4068349814414978
random_forest,91,64,0.430516242980957,0.41487110376358033
random_forest,91,65,0.4790579080581665,0.44203785836696624
random_forest,91,66,0.4713597893714905,0.492063148021698
random_forest,91,67,0.457400381565094,0.4325587597489357
random_forest,91,68,0.4590329527854919,0.43208769500255584
random_forest,91,69,0.4871533811092376,0.42872888952493665
random_forest,91,70,0.4664484858512878,0.47156369030475614
random_forest,91,71,0.5586315989494324,0.4011693629622459
random_forest,91,72,0.5395059585571289,0.5722089517116546
random_forest,91,73,0.5046220421791077,0.5166060590744018
random_forest,91,74,0.5964173674583435,0.49435694962739946
random_forest,91,75,0.4892167150974273,0.5628407311439514
random_forest,91,76,0.5707149505615234,0.43885833114385603
random_forest,91,77,0.5632394552230835,0.5796130579710007
random_forest,91,78,0.5415408611297607,0.5639807489514351
random_forest,91,79,0.612461268901825,0.5460126256942749
random_forest,91,80,0.5981330275535583,0.6329908090829849
random_forest,91,81,0.5922664999961853,0.5960940045118331
random_forest,91,82,0.6657041311264038,0.5828714191913604
random_forest,91,83,0.616202175617218,0.6948156195878983
random_forest,91,84,0.6231120824813843,0.6193595457077027
random_forest,91,85,0.6033904552459717,0.6224578857421875
random_forest,91,86,0.5875187516212463,0.5966533577442169
random_forest,91,87,0.6470299363136292,0.579864616394043
random_forest,91,88,0.5876970291137695,0.6510279893875122
random_forest,91,89,0.5944302082061768,0.5416692098975182
random_forest,91,90,0.6356450915336609,0.5960880154371262
random_forest,91,91,0.5637829303741455,0.661718122959137
random_forest,91,92,0.6539939641952515,0.5289275515079498
random_forest,91,93,0.6564199924468994,0.6433169728517533
random_forest,91,94,0.6742523312568665,0.6739126229286194
random_forest,91,95,0.6155137419700623,0.6821562230587006
random_forest,91,96,0.6379274129867554,0.610777695775032
random_forest,91,97,0.6163607239723206,0.6482784050703049
random_forest,91,98,0.6239795088768005,0.5945378613471984
random_forest,91,99,0.7148080468177795,0.6066403579711914
random_forest,91,100,0.6878741979598999,0.6903299111127853
random_forest,91,101,0.6500042676925659,0.6896924310922623
random_forest,91,102,0.6431980133056641,0.6060154205560684
random_forest,91,103,0.6787180304527283,0.6529285943508149
random_forest,91,104,0.6721157431602478,0.667620986700058
random_forest,91,105,0.6895940899848938,0.68365383207798
random_forest,91,106,0.7139521837234497,0.7009048175811767
random_forest,91,107,0.7515538334846497,0.7048104184865952
random_forest,91,108,0.7317988872528076,0.7693682044744492
random_forest,91,109,0.7652998566627502,0.7045306831598281
random_forest,91,110,0.7717673182487488,0.7263417416810989
random_forest,91,111,0.7383655309677124,0.7526508885622024
random_forest,91,112,0.671288013458252,0.7536511743068695
random_forest,91,113,0.6609769463539124,0.666230452656746
random_forest,91,114,0.7362765073776245,0.6494676840305328
random_forest,91,115,0.8019096255302429,0.7428196758031845
random_forest,91,116,0.7867714762687683,0.7952328789234161
random_forest,91,117,0.7817285656929016,0.7896104860305786
random_forest,91,118,0.74699866771698,0.7908152741193771
random_forest,91,119,0.7316478490829468,0.7142860645055771
random_forest,91,120,0.754915714263916,0.7104951012134552
random_forest,91,121,0.7096195816993713,0.7414275908470154
random_forest,91,122,0.7655578851699829,0.7167515617609024
random_forest,91,123,0.7808929681777954,0.7434094017744064
random_forest,91,124,0.7264884114265442,0.8162237077951431
random_forest,91,125,0.824468731880188,0.7399886327981949
random_forest,91,126,0.741415798664093,0.8029863840341568
random_forest,91,127,0.7967392206192017,0.7338559532165527
random_forest,91,128,0.8733353018760681,0.7583277386426925
random_forest,91,129,0.7680109739303589,0.8446518325805664
random_forest,91,130,0.7768831849098206,0.7656871569156647
random_forest,91,131,0.8003349304199219,0.7618485325574875
random_forest,91,132,0.7308499813079834,0.7894853287935257
random_forest,91,133,0.8124100565910339,0.7522145646810532
random_forest,91,134,0.7873653769493103,0.7591068619489669
random_forest,91,135,0.7670956254005432,0.788990996479988
random_forest,91,136,0.7746968865394592,0.7502228134870529
random_forest,91,137,0.7603226900100708,0.7839722335338593
random_forest,91,138,0.761994481086731,0.7490078848600388
random_forest,91,139,0.7925463914871216,0.734993792772293
random_forest,91,140,0.7648728489875793,0.789056481719017
random_forest,91,141,0.7849591374397278,0.7594138103723526
random_forest,91,142,0.7898789048194885,0.7666658073663711
random_forest,91,143,0.7447134256362915,0.7452910614013671
random_forest,91,144,0.8061725497245789,0.7089303183555603
random_forest,91,145,0.7605602741241455,0.7708882308006286
random_forest,91,146,0.8144825100898743,0.7368011975288391
random_forest,91,147,0.7557141780853271,0.8140064364671707
random_forest,91,148,0.7613011598587036,0.7231587815284729
random_forest,91,149,0.7724568247795105,0.7214545398950577
random_forest,91,150,0.7857146859169006,0.7411495923995972
random_forest,91,151,0.7806171774864197,0.7625353038311005
random_forest,91,152,0.7936757802963257,0.7308492600917816
random_forest,91,153,0.7815924286842346,0.7859045910835266
random_forest,91,154,0.7669194936752319,0.7558018755912781
random_forest,91,155,0.7486345767974854,0.7457352107763291
random_forest,91,156,0.778622031211853,0.7214794063568115
random_forest,91,157,0.7346300482749939,0.7671496564149857
random_forest,91,158,0.7959188222885132,0.675340296626091
random_forest,91,159,0.7326542735099792,0.7687032377719879
random_forest,91,160,0.7494902014732361,0.7123984205722809
random_forest,91,161,0.8063985705375671,0.7458834213018417
random_forest,91,162,0.7335032820701599,0.7726634585857391
random_forest,91,163,0.7558570504188538,0.7174417597055435
random_forest,91,164,0.7345919609069824,0.74900539457798
random_forest,91,165,0.7761393785476685,0.6726636183261872
random_forest,91,166,0.74997878074646,0.779068859219551
random_forest,91,167,0.7865310907363892,0.7167862510681152
random_forest,91,168,0.7727410197257996,0.7869266265630722
random_forest,91,169,0.7632182836532593,0.7502840423583984
random_forest,91,170,0.7510420680046082,0.7245867955684662
random_forest,91,171,0.7489790916442871,0.724539692401886
random_forest,91,172,0.7610465884208679,0.7221560901403428
random_forest,91,173,0.7238667011260986,0.7725506937503814
random_forest,91,174,0.7608855366706848,0.7190660458803176
random_forest,91,175,0.7539421916007996,0.7403010648488998
random_forest,91,176,0.7320656180381775,0.7507089477777481
random_forest,91,177,0.7281394004821777,0.7219900852441787
random_forest,91,178,0.7403769493103027,0.716354324221611
random_forest,91,179,0.726283848285675,0.7022312235832214
random_forest,91,180,0.7022027969360352,0.6891295748949051
random_forest,91,181,0.7616451978683472,0.6947802400588989
random_forest,91,182,0.7433286905288696,0.7637082582712174
random_forest,91,183,0.6997729539871216,0.7095796424150467
random_forest,91,184,0.7577304840087891,0.6886473399400711
random_forest,91,185,0.7149592638015747,0.7536995244026184
random_forest,91,186,0.7144057750701904,0.6940719866752625
random_forest,91,187,0.7365458011627197,0.67332888007164
random_forest,91,188,0.682927668094635,0.7180264621973038
random_forest,91,189,0.7064433693885803,0.6797691529989243
random_forest,91,190,0.7104227542877197,0.6955159336328507
random_forest,91,191,0.6858320236206055,0.7056835573911667
random_forest,91,192,0.7039591670036316,0.6635488170385361
random_forest,91,193,0.639439582824707,0.7454146099090576
random_forest,91,194,0.6787652969360352,0.6413431763648987
random_forest,91,195,0.6547344326972961,0.6569878530502319
random_forest,91,196,0.7131778001785278,0.6455439937114715
random_forest,91,197,0.7035949230194092,0.7015116661787033
random_forest,91,198,0.6017568707466125,0.6577524489164353
random_forest,91,199,0.6761091351509094,0.6523828220367431
random_forest,91,200,0.7420927286148071,0.6552414053678512
random_forest,91,201,0.6153482794761658,0.7456483376026154
random_forest,91,202,0.7265154719352722,0.6662093669176101
random_forest,91,203,0.6984158754348755,0.7229826384782791
random_forest,91,204,0.6765236258506775,0.6825548905134201
random_forest,91,205,0.7121729254722595,0.6885173058509827
random_forest,91,206,0.676689088344574,0.6975844830274582
random_forest,91,207,0.6886466145515442,0.6827781611680984
random_forest,91,208,0.618514895439148,0.7133704525232315
random_forest,91,209,0.712279736995697,0.6796256047487259
random_forest,91,210,0.681770920753479,0.7017157799005509
random_forest,91,211,0.6947018504142761,0.7057645237445831
random_forest,91,212,0.6902788281440735,0.7016413670778274
random_forest,91,213,0.7701029777526855,0.7050629168748855
random_forest,91,214,0.6827535629272461,0.7420602399110794
random_forest,91,215,0.7172455787658691,0.7057197457551956
random_forest,91,216,0.6589370369911194,0.7231462222337722
random_forest,91,217,0.7306041121482849,0.6984796571731567
random_forest,91,218,0.7176796197891235,0.7235601574182511
random_forest,91,219,0.7124735116958618,0.6937773042917251
random_forest,91,220,0.6590946316719055,0.7066758495569229
random_forest,91,221,0.6674041748046875,0.7114113700389862
random_forest,91,222,0.6633573174476624,0.718372848033905
random_forest,91,223,0.7297236323356628,0.7081064873933792
random_forest,91,224,0.7108008861541748,0.7186153507232667
random_forest,91,225,0.6802922487258911,0.70649160861969
random_forest,91,226,0.6869238615036011,0.6948979461193084
random_forest,91,227,0.729046642780304,0.7213196766376495
random_forest,91,228,0.7213093042373657,0.7061058783531189
random_forest,91,229,0.6882384419441223,0.6788869237899781
random_forest,91,230,0.6679533123970032,0.6800288724899292
random_forest,91,231,0.6823150515556335,0.6777352052927017
random_forest,91,232,0.6303983926773071,0.6737864589691163
random_forest,91,233,0.6593920588493347,0.6986196345090866
random_forest,91,234,0.6725261807441711,0.6786639368534089
random_forest,91,235,0.6426656246185303,0.6756239968538285
random_forest,91,236,0.7065532803535461,0.6413978123664856
random_forest,91,237,0.6421048641204834,0.6782525265216828
random_forest,91,238,0.6080282926559448,0.6445410770177841
random_forest,91,239,0.6529366970062256,0.6322975826263427
random_forest,91,240,0.6091981530189514,0.6433662921190262
random_forest,91,241,0.6529942154884338,0.6180063658952712
random_forest,91,242,0.6060858964920044,0.6434798288345337
random_forest,91,243,0.6101440191268921,0.6210958415269852
random_forest,91,244,0.624046266078949,0.6120032906532288
random_forest,91,245,0.6443890929222107,0.6146228760480881
random_forest,91,246,0.5775756239891052,0.6049758607149124
random_forest,91,247,0.5708217620849609,0.5785936349630356
random_forest,91,248,0.5896015167236328,0.5922424757480621
random_forest,91,249,0.6180625557899475,0.5850250023603439
random_forest,91,250,0.5506580471992493,0.5778462290763855
random_forest,91,251,0.5341492295265198,0.538171626329422
random_forest,91,252,0.5155346393585205,0.5521842852234841
random_forest,91,253,0.514782190322876,0.5212412881851196
random_forest,91,254,0.4641228914260864,0.5227394950389862
random_forest,91,255,0.575221836566925,0.5310714039206504
random_forest,91,256,0.5187193751335144,0.5456471821665764
random_forest,91,257,0.5185852646827698,0.4974821323156357
random_forest,91,258,0.5765758752822876,0.5123025283217431
random_forest,91,259,0.4993530213832855,0.535618405342102
random_forest,91,260,0.5118337869644165,0.49563206255435943
random_forest,91,261,0.4512732625007629,0.4978094494342804
random_forest,91,262,0.4687046408653259,0.45424357414245603
random_forest,91,263,0.4276250600814819,0.4452308613061905
random_forest,91,264,0.4948941171169281,0.45363327622413635
random_forest,91,265,0.3745935261249542,0.47370309323072435
random_forest,91,266,0.4215854406356811,0.45020957142114637
random_forest,91,267,0.4156372547149658,0.44771579951047896
random_forest,91,268,0.4236597418785095,0.4515361413359642
random_forest,91,269,0.4115851521492004,0.4042607718706131
random_forest,91,270,0.4145330786705017,0.4260978165268898
random_forest,91,271,0.4476468563079834,0.39387727916240695
random_forest,91,272,0.4035824239253998,0.422058921456337
random_forest,91,273,0.4745951294898987,0.3961649712920189
random_forest,91,274,0.4285796582698822,0.457929393351078
random_forest,91,275,0.3348197042942047,0.4140840524435043
random_forest,91,276,0.3637581765651703,0.3787504780292511
random_forest,91,277,0.3609562516212463,0.3699709740281105
random_forest,91,278,0.3255457878112793,0.37905177772045134
random_forest,91,279,0.3694737553596496,0.3343769884109497
random_forest,91,280,0.3677890598773956,0.33561631858348845
random_forest,91,281,0.239094465970993,0.35548483550548554
random_forest,91,282,0.2912425994873047,0.33418193995952605
random_forest,91,283,0.3792436420917511,0.3523640766739845
random_forest,91,284,0.3166014850139618,0.35433475822210314
random_forest,91,285,0.3166320025920868,0.33942503839731214
random_forest,91,286,0.3425616323947906,0.33460568100214005
random_forest,91,287,0.3724188208580017,0.33343398362398147
random_forest,91,288,0.3732556402683258,0.3319767791032791
random_forest,91,289,0.2920682430267334,0.33081367403268813
random_forest,92,0,0.3125549554824829,0.32415682956576347
random_forest,92,1,0.330889493227005,0.31884543046355246
random_forest,92,2,0.3036400079727173,0.31976506501436236
random_forest,92,3,0.3026585280895233,0.32285414546728136
random_forest,92,4,0.2908272445201874,0.31560810714960097
random_forest,92,5,0.329629123210907,0.31196941435337067
random_forest,92,6,0.3261440098285675,0.30930462718009943
random_forest,92,7,0.3050097227096557,0.3179577207565308
random_forest,92,8,0.3620617389678955,0.3243723848462105
random_forest,92,9,0.2968601882457733,0.3326338393986225
random_forest,92,10,0.3117637932300567,0.327096978276968
random_forest,92,11,0.3266074955463409,0.33764261797070505
random_forest,92,12,0.3800522983074188,0.2965604919195175
random_forest,92,13,0.3809046745300293,0.325246040225029
random_forest,92,14,0.4091017246246338,0.3369265654683113
random_forest,92,15,0.3750516772270202,0.3913422140479088
random_forest,92,16,0.362455815076828,0.3781099325418472
random_forest,92,17,0.4642214775085449,0.3573413732647896
random_forest,92,18,0.3854866921901703,0.4312152600288391
random_forest,92,19,0.4361954927444458,0.3429371902346611
random_forest,92,20,0.4803220629692077,0.4186743503808975
random_forest,92,21,0.4985918402671814,0.4973790916800499
random_forest,92,22,0.433571308851242,0.472255919277668
random_forest,92,23,0.4118295311927795,0.4179685395956039
random_forest,92,24,0.4761918187141418,0.3995244500041008
random_forest,92,25,0.5045685172080994,0.4716546630859375
random_forest,92,26,0.4724557399749756,0.47854413390159606
random_forest,92,27,0.4465276300907135,0.46373632311820984
random_forest,92,28,0.4976783394813537,0.44952486366033556
random_forest,92,29,0.4497480392456054,0.49856483221054076
random_forest,92,30,0.5517563819885254,0.4331963548064232
random_forest,92,31,0.6052811741828918,0.5188017264008522
random_forest,92,32,0.5216898322105408,0.5767648842930794
random_forest,92,33,0.564958393573761,0.4725509142875671
random_forest,92,34,0.5213345289230347,0.525731412768364
random_forest,92,35,0.5163261294364929,0.5058510607481003
random_forest,92,36,0.5441765785217285,0.499349547624588
random_forest,92,37,0.5395926237106323,0.4888567557930946
random_forest,92,38,0.5785166621208191,0.5160974031686782
random_forest,92,39,0.5386381149291992,0.5049013814330101
random_forest,92,40,0.5952948927879333,0.5236304393410682
random_forest,92,41,0.5482496619224548,0.5333060026168823
random_forest,92,42,0.5079012513160706,0.5099054318666458
random_forest,92,43,0.5652777552604675,0.4838009324669838
random_forest,92,44,0.5339775085449219,0.5110644415020943
random_forest,92,45,0.486946702003479,0.48673237025737764
random_forest,92,46,0.4833990633487701,0.4751368162035942
random_forest,92,47,0.4482929408550262,0.4590823858976364
random_forest,92,48,0.557784914970398,0.4403379899263382
random_forest,92,49,0.5171794891357422,0.5315751355886459
random_forest,92,50,0.527927577495575,0.49442874640226364
random_forest,92,51,0.5057052373886108,0.5117489749193191
random_forest,92,52,0.4330076575279236,0.479947597682476
random_forest,92,53,0.4852457344532013,0.40249292999506
random_forest,92,54,0.4663927555084228,0.4936429065465927
random_forest,92,55,0.4327657520771026,0.49242154240608216
random_forest,92,56,0.491736888885498,0.44217616230249407
random_forest,92,57,0.5176200866699219,0.4552254483103752
random_forest,92,58,0.5013279318809509,0.5087959545850754
random_forest,92,59,0.4590961337089538,0.5106642246246338
random_forest,92,60,0.4371730983257293,0.4464173185825348
random_forest,92,61,0.3615894317626953,0.3812300676107407
random_forest,92,62,0.4458281993865967,0.41293156147003174
random_forest,92,63,0.4647913575172424,0.4055774834752083
random_forest,92,64,0.4747113883495331,0.46773258626461023
random_forest,92,65,0.4756915271282196,0.44389299988746644
random_forest,92,66,0.4794052541255951,0.4807401981949806
random_forest,92,67,0.4509225189685821,0.46633232563734056
random_forest,92,68,0.4323678910732269,0.440810509622097
random_forest,92,69,0.4459791183471679,0.40672930955886843
random_forest,92,70,0.474371463060379,0.43199342042207717
random_forest,92,71,0.4794295728206634,0.47513711333274844
random_forest,92,72,0.408026248216629,0.46335367918014525
random_forest,92,73,0.4146957695484161,0.43609666764736177
random_forest,92,74,0.4500536918640136,0.4246493762731552
random_forest,92,75,0.4603323638439178,0.4507530814409256
random_forest,92,76,0.4595049321651459,0.4496489778161049
random_forest,92,77,0.4930683970451355,0.46753384441137313
random_forest,92,78,0.4425021409988403,0.4685079202055931
random_forest,92,79,0.4149848818778991,0.44928856283426283
random_forest,92,80,0.4922561645507812,0.437771055996418
random_forest,92,81,0.5042914152145386,0.4826688459515572
random_forest,92,82,0.4354115128517151,0.47899184972047804
random_forest,92,83,0.4420303106307983,0.466750813126564
random_forest,92,84,0.5056896209716797,0.4447716325521469
random_forest,92,85,0.470805287361145,0.5054324927926064
random_forest,92,86,0.4828558266162872,0.4620282083749771
random_forest,92,87,0.4199085831642151,0.47666182309389116
random_forest,92,88,0.4077431261539459,0.4756488737463951
random_forest,92,89,0.4405902028083801,0.4951283621788025
random_forest,92,90,0.4832122325897217,0.47730238378047946
random_forest,92,91,0.4773344099521637,0.5382351064682007
random_forest,92,92,0.5474831461906433,0.5192880767583847
random_forest,92,93,0.524526059627533,0.545366750061512
random_forest,92,94,0.4831506609916687,0.5026954618096352
random_forest,92,95,0.5599679946899414,0.5063632363080979
random_forest,92,96,0.4463838040828705,0.5460683861374855
random_forest,92,97,0.5284120440483093,0.5201487112045288
random_forest,92,98,0.5477383136749268,0.576207991540432
random_forest,92,99,0.5250158905982971,0.5749564015865326
random_forest,92,100,0.4536436796188354,0.5730532938241959
random_forest,92,101,0.5802217125892639,0.5274085813760757
random_forest,92,102,0.5970426201820374,0.5606251665949822
random_forest,92,103,0.5679214000701904,0.5793834096193313
random_forest,92,104,0.588396430015564,0.5836385208368301
random_forest,92,105,0.5564331412315369,0.6037224614620209
random_forest,92,106,0.6108783483505249,0.6120545864105225
random_forest,92,107,0.5988049507141113,0.6213366967439652
random_forest,92,108,0.6422048807144165,0.6465571314096451
random_forest,92,109,0.6571477651596069,0.6195892369747162
random_forest,92,110,0.5972982048988342,0.6508245611190796
random_forest,92,111,0.6413525938987732,0.6430812269449234
random_forest,92,112,0.6536284685134888,0.6170080548524857
random_forest,92,113,0.651150107383728,0.6406459128856659
random_forest,92,114,0.5556989908218384,0.666336042881012
random_forest,92,115,0.6555888056755066,0.6177380383014679
random_forest,92,116,0.6434580683708191,0.6598279047012329
random_forest,92,117,0.6846674084663391,0.6755055868625641
random_forest,92,118,0.7223020195960999,0.672519958615303
random_forest,92,119,0.6543990969657898,0.6973142981529236
random_forest,92,120,0.6564227938652039,0.7106473022699356
random_forest,92,121,0.7741261124610901,0.7256081533432007
random_forest,92,122,0.7170898914337158,0.8036891680955887
random_forest,92,123,0.6808886528015137,0.7279452842473983
random_forest,92,124,0.713467001914978,0.7234753519296646
random_forest,92,125,0.7499315142631531,0.7216085809469223
random_forest,92,126,0.7064972519874573,0.7482578808069229
random_forest,92,127,0.6902157664299011,0.7471930879354477
random_forest,92,128,0.721052885055542,0.7419159162044525
random_forest,92,129,0.7473689317703247,0.72424600481987
random_forest,92,130,0.7361505627632141,0.7179888319969178
random_forest,92,131,0.6914896368980408,0.7511588907241822
random_forest,92,132,0.7394295930862427,0.7523801469802857
random_forest,92,133,0.6653090715408325,0.7712035536766052
random_forest,92,134,0.7699266672134399,0.7416590481996537
random_forest,92,135,0.7324583530426025,0.7378741770982742
random_forest,92,136,0.7530220746994019,0.7261750155687332
random_forest,92,137,0.7542858719825745,0.7598680949211121
random_forest,92,138,0.7173731923103333,0.725941886305809
random_forest,92,139,0.7295317649841309,0.731558073759079
random_forest,92,140,0.7198168039321899,0.7455989170074463
random_forest,92,141,0.7401291131973267,0.7223624044656753
random_forest,92,142,0.7423326373100281,0.7466848933696747
random_forest,92,143,0.7369126081466675,0.7426948648691177
random_forest,92,144,0.6596702337265015,0.7359543913602828
random_forest,92,145,0.7571747899055481,0.7137555229663849
random_forest,92,146,0.7831240296363831,0.7323674356937409
random_forest,92,147,0.7397933602333069,0.7553545874357224
random_forest,92,148,0.6924680471420288,0.7312247657775879
random_forest,92,149,0.7124319672584534,0.7070783978700638
random_forest,92,150,0.7402715682983398,0.7117080074548722
random_forest,92,151,0.6862058043479919,0.6982557702064515
random_forest,92,152,0.6999684572219849,0.6988602781295776
random_forest,92,153,0.6965439319610596,0.7157948052883149
random_forest,92,154,0.6728085875511169,0.6883933126926423
random_forest,92,155,0.6998183727264404,0.6916907179355621
random_forest,92,156,0.6926833987236023,0.7077132743597031
random_forest,92,157,0.6806445121765137,0.681984196305275
random_forest,92,158,0.669566810131073,0.661211217045784
random_forest,92,159,0.6783827543258667,0.6383275192975998
random_forest,92,160,0.698540449142456,0.6541000324487686
random_forest,92,161,0.6500051617622375,0.6835859221220016
random_forest,92,162,0.6155052185058594,0.6421028554439545
random_forest,92,163,0.6286365985870361,0.6564784568548202
random_forest,92,164,0.639382004737854,0.6464949071407318
random_forest,92,165,0.6272913217544556,0.6468590438365937
random_forest,92,166,0.631189227104187,0.6379643338918686
random_forest,92,167,0.5939427614212036,0.6110093230009079
random_forest,92,168,0.5742772817611694,0.6018312692642211
random_forest,92,169,0.6125847101211548,0.6351543569564819
random_forest,92,170,0.645533561706543,0.6294720041751861
random_forest,92,171,0.6259866952896118,0.6370166611671447
random_forest,92,172,0.5973199009895325,0.6192024916410446
random_forest,92,173,0.6254288554191589,0.6057292872667313
random_forest,92,174,0.6465878486633301,0.6026392585039139
random_forest,92,175,0.5935615301132202,0.627245386838913
random_forest,92,176,0.5553452372550964,0.6086319273710251
random_forest,92,177,0.5808828473091125,0.6109025722742081
random_forest,92,178,0.6480839848518372,0.6148979026079178
random_forest,92,179,0.6529452204704285,0.6147532260417938
random_forest,92,180,0.6066171526908875,0.6290704488754273
random_forest,92,181,0.6143375039100647,0.5957697016000748
random_forest,92,182,0.5697445273399353,0.5978615820407868
random_forest,92,183,0.6166008114814758,0.5820674484968186
random_forest,92,184,0.6277559995651245,0.6274568861722947
random_forest,92,185,0.580108106136322,0.6389098310470581
random_forest,92,186,0.5887923836708069,0.5993032163381576
random_forest,92,187,0.6182952523231506,0.5946056926250458
random_forest,92,188,0.6377654671669006,0.6240884274244308
random_forest,92,189,0.6071164608001709,0.6436574667692184
random_forest,92,190,0.5782322287559509,0.6014588010311127
random_forest,92,191,0.6260243654251099,0.6553488844633102
random_forest,92,192,0.5837519764900208,0.6398845028877258
random_forest,92,193,0.6502257585525513,0.639576141834259
random_forest,92,194,0.6119853854179382,0.6480720138549805
random_forest,92,195,0.6823462247848511,0.6635359656810761
random_forest,92,196,0.7153211832046509,0.6634583097696304
random_forest,92,197,0.6464857459068298,0.6571563655138015
random_forest,92,198,0.6834482550621033,0.6776706743240356
random_forest,92,199,0.6904686093330383,0.658111788034439
random_forest,92,200,0.6102909445762634,0.6427347493171692
random_forest,92,201,0.6711696982383728,0.6719533008337021
random_forest,92,202,0.7300640344619751,0.6932067674398422
random_forest,92,203,0.720229983329773,0.7123397564888001
random_forest,92,204,0.7070738673210144,0.6932905697822571
random_forest,92,205,0.6847130060195923,0.7070253103971481
random_forest,92,206,0.6752402186393738,0.6909746539592743
random_forest,92,207,0.7324406504631042,0.6693411308526993
random_forest,92,208,0.6695543527603149,0.7056261605024338
random_forest,92,209,0.7272505164146423,0.6899419116973877
random_forest,92,210,0.7572809457778931,0.7099667614698411
random_forest,92,211,0.751184344291687,0.7586257153749466
random_forest,92,212,0.7218673229217529,0.7346274483203888
random_forest,92,213,0.6638355255126953,0.7308838188648223
random_forest,92,214,0.7158007621765137,0.6990212416648864
random_forest,92,215,0.7658156752586365,0.7167750859260559
random_forest,92,216,0.7479956150054932,0.7008854228258133
random_forest,92,217,0.7709173560142517,0.7242789351940155
random_forest,92,218,0.7576894164085388,0.7101237738132476
random_forest,92,219,0.7209943532943726,0.7303487491607666
random_forest,92,220,0.7282865643501282,0.718452672958374
random_forest,92,221,0.7278344631195068,0.7140998268127441
random_forest,92,222,0.722107470035553,0.7140488868951798
random_forest,92,223,0.7802086472511292,0.7391122204065322
random_forest,92,224,0.7246715426445007,0.7627826088666916
random_forest,92,225,0.7880830764770508,0.7174710690975189
random_forest,92,226,0.7403304576873779,0.7879246002435685
random_forest,92,227,0.7002586126327515,0.727369686961174
random_forest,92,228,0.7889419794082642,0.7164023208618164
random_forest,92,229,0.7435036897659302,0.7719409167766571
random_forest,92,230,0.7552477717399597,0.7235669696331024
random_forest,92,231,0.7633656859397888,0.7534858846664428
random_forest,92,232,0.7646224498748779,0.7731951689720153
random_forest,92,233,0.7464272975921631,0.747097390294075
random_forest,92,234,0.7113569974899292,0.7170309871435165
random_forest,92,235,0.7474701404571533,0.6678500056266785
random_forest,92,236,0.7646076679229736,0.7119161236286163
random_forest,92,237,0.7600948810577393,0.7703146260976791
random_forest,92,238,0.818465530872345,0.737390308380127
random_forest,92,239,0.7275264263153076,0.81973508477211
random_forest,92,240,0.7130575180053711,0.6925404447317124
random_forest,92,241,0.706713080406189,0.7064931982755661
random_forest,92,242,0.6655715107917786,0.6874496394395828
random_forest,92,243,0.6709607243537903,0.6463985306024551
random_forest,92,244,0.6347637176513672,0.6300703436136246
random_forest,92,245,0.6540298461914062,0.6059073120355606
random_forest,92,246,0.6353552937507629,0.6224426388740539
random_forest,92,247,0.6965526342391968,0.6082556426525116
random_forest,92,248,0.6627568602561951,0.6978202670812607
random_forest,92,249,0.6190190315246582,0.6302080929279328
random_forest,92,250,0.6050046682357788,0.5861436629295349
random_forest,92,251,0.6135818958282471,0.5697541466355324
random_forest,92,252,0.5919758677482605,0.5799320542812347
random_forest,92,253,0.5808786749839783,0.5390687441825867
random_forest,92,254,0.5897346138954163,0.5589594185352326
random_forest,92,255,0.5760746002197266,0.5639779856801033
random_forest,92,256,0.5405630469322205,0.5431856217980385
random_forest,92,257,0.5740175843238831,0.5209699696302414
random_forest,92,258,0.4735900461673736,0.5436375597119332
random_forest,92,259,0.5115355849266052,0.5145771205425262
random_forest,92,260,0.5010155439376831,0.49662124156951903
random_forest,92,261,0.4954988956451416,0.49002053052186967
random_forest,92,262,0.5248240232467651,0.4563479608297348
random_forest,92,263,0.4758586287498474,0.49347378075122833
random_forest,92,264,0.4773406982421875,0.46820113867521285
random_forest,92,265,0.4527903795242309,0.4798749941587448
random_forest,92,266,0.4363897144794464,0.4311788320541382
random_forest,92,267,0.4504190981388092,0.41482014566659925
random_forest,92,268,0.4713031649589538,0.44628418892621996
random_forest,92,269,0.4646706581115722,0.4343095961213112
random_forest,92,270,0.4731732904911041,0.37450651109218597
random_forest,92,271,0.3775933682918548,0.42765149801969526
random_forest,92,272,0.4309587180614471,0.39207492291927337
random_forest,92,273,0.4142498075962066,0.40384225904941556
random_forest,92,274,0.3467016220092773,0.3757661867141724
random_forest,92,275,0.3958741426467895,0.3764611119031906
random_forest,92,276,0.3713594377040863,0.37492887049913404
random_forest,92,277,0.4053693413734436,0.3853034046292305
random_forest,92,278,0.3528454899787903,0.37302357524633406
random_forest,92,279,0.3627774715423584,0.3436148887872696
random_forest,92,280,0.3684380948543548,0.370683892071247
random_forest,92,281,0.3965722918510437,0.3439821246266365
random_forest,92,282,0.3455111384391784,0.38950505912303923
random_forest,92,283,0.3647503554821014,0.39422632932662965
random_forest,92,284,0.3239858746528625,0.3772284045815468
random_forest,92,285,0.2677780389785766,0.35610762506723403
random_forest,92,286,0.4107605516910553,0.32374914646148684
random_forest,92,287,0.3867579102516174,0.35318957656621935
random_forest,92,288,0.3365193009376526,0.3659929257631302
random_forest,92,289,0.3157074749469757,0.33593812823295593
random_forest,93,0,0.3246715664863586,0.31416712924838064
random_forest,93,1,0.3072186112403869,0.312169393748045
random_forest,93,2,0.2695581912994385,0.28098387494683263
random_forest,93,3,0.411451518535614,0.3036332765221596
random_forest,93,4,0.2849099934101105,0.3784656262397766
random_forest,93,5,0.3005172908306122,0.29226584002375605
random_forest,93,6,0.3209386169910431,0.3291735532879829
random_forest,93,7,0.379187673330307,0.3289411897957325
random_forest,93,8,0.387524276971817,0.3380966445803642
random_forest,93,9,0.3481588661670685,0.3906282100081444
random_forest,93,10,0.3419484496116638,0.35131035700440405
random_forest,93,11,0.2633683085441589,0.3134536474943161
random_forest,93,12,0.350995123386383,0.31553560942411424
random_forest,93,13,0.2799334526062011,0.3279216432571411
random_forest,93,14,0.3843819200992584,0.30667848885059357
random_forest,93,15,0.2589358687400818,0.3444967928528786
random_forest,93,16,0.3864648938179016,0.32492887884378435
random_forest,93,17,0.3496066927909851,0.3588887695968151
random_forest,93,18,0.3758545517921448,0.34329899787902834
random_forest,93,19,0.4087136089801788,0.34950118869543073
random_forest,93,20,0.3966843783855438,0.36233870953321456
random_forest,93,21,0.2749979197978973,0.3748129349946976
random_forest,93,22,0.4271882176399231,0.32567960768938065
random_forest,93,23,0.417284607887268,0.43460725486278534
random_forest,93,24,0.3395081758499145,0.3927506545186043
random_forest,93,25,0.4412099719047546,0.3347547373175621
random_forest,93,26,0.3839943408966064,0.42023108392953873
random_forest,93,27,0.3663212060928345,0.3366435015201569
random_forest,93,28,0.4227142035961151,0.3467228823900223
random_forest,93,29,0.3872527480125427,0.42129453986883164
random_forest,93,30,0.3814188539981842,0.36779834717512133
random_forest,93,31,0.3814626038074493,0.3618122509121895
random_forest,93,32,0.4441110491752624,0.3618936261534691
random_forest,93,33,0.4685644209384918,0.4495224758982658
random_forest,93,34,0.4493121206760406,0.48349836766719817
random_forest,93,35,0.4924190044403076,0.4437463200092316
random_forest,93,36,0.3821598887443542,0.4924615967273712
random_forest,93,37,0.413445770740509,0.3793114376068115
random_forest,93,38,0.4915878772735595,0.4203420665860176
random_forest,93,39,0.4328081309795379,0.4846080246567726
random_forest,93,40,0.4537620842456817,0.4282295286655426
random_forest,93,41,0.5213326215744019,0.4444762945175171
random_forest,93,42,0.5279552340507507,0.4774069958925247
random_forest,93,43,0.4795304834842682,0.4868905198574066
random_forest,93,44,0.4746552407741546,0.4964421996474266
random_forest,93,45,0.4728211164474487,0.5118107244372367
random_forest,93,46,0.5007501840591431,0.4869974395632744
random_forest,93,47,0.5177371501922607,0.4561882600188255
random_forest,93,48,0.5239319205284119,0.49935677081346513
random_forest,93,49,0.462747186422348,0.502286191880703
random_forest,93,50,0.5490244030952454,0.4630021622776985
random_forest,93,51,0.4542916119098663,0.5215883013606072
random_forest,93,52,0.5233871936798096,0.44927065283060075
random_forest,93,53,0.47215336561203,0.5307355606555939
random_forest,93,54,0.5478606224060059,0.46330486238002777
random_forest,93,55,0.5764244794845581,0.555422335267067
random_forest,93,56,0.5222448110580444,0.537602826654911
random_forest,93,57,0.5838541984558105,0.502683864235878
random_forest,93,58,0.528579831123352,0.5280592221021653
random_forest,93,59,0.6128796339035034,0.5225008618831635
random_forest,93,60,0.5630875825881958,0.6137243455648422
random_forest,93,61,0.6162073612213135,0.5618991759419442
random_forest,93,62,0.5193185806274414,0.5978610986471176
random_forest,93,63,0.558316707611084,0.5105449077486992
random_forest,93,64,0.5583046078681946,0.5551553198695183
random_forest,93,65,0.5403078198432922,0.5858893430233002
random_forest,93,66,0.5609267354011536,0.5499834001064301
random_forest,93,67,0.5798018574714661,0.5586613848805427
random_forest,93,68,0.5989722013473511,0.5637477052211761
random_forest,93,69,0.5689849257469177,0.5835856163501739
random_forest,93,70,0.5520003437995911,0.5466109865903854
random_forest,93,71,0.5267742872238159,0.5363519912958146
random_forest,93,72,0.5480390787124634,0.478974886238575
random_forest,93,73,0.5351527333259583,0.5556322321295738
random_forest,93,74,0.5651351809501648,0.509352394938469
random_forest,93,75,0.6380947232246399,0.5609980356693268
random_forest,93,76,0.5779512524604797,0.631551964879036
random_forest,93,77,0.5903202295303345,0.5561652624607086
random_forest,93,78,0.5208715796470642,0.5658040201663971
random_forest,93,79,0.5374855995178223,0.4941146197915077
random_forest,93,80,0.5398553013801575,0.5221425268054009
random_forest,93,81,0.594731330871582,0.5316986513137817
random_forest,93,82,0.5205287337303162,0.6007107752561569
random_forest,93,83,0.6111792325973511,0.4904703205823898
random_forest,93,84,0.551971435546875,0.6154593878984451
random_forest,93,85,0.5322346687316895,0.5418424272537231
random_forest,93,86,0.5335198044776917,0.48138215631246567
random_forest,93,87,0.5717525482177734,0.476816291809082
random_forest,93,88,0.5017876029014587,0.550270809829235
random_forest,93,89,0.5408113598823547,0.5022379156947135
random_forest,93,90,0.5974142551422119,0.5158727902173996
random_forest,93,91,0.534713864326477,0.5928310364484787
random_forest,93,92,0.5675272345542908,0.5115623742341995
random_forest,93,93,0.6013309955596924,0.5315908449888229
random_forest,93,94,0.5603840351104736,0.5830507677793503
random_forest,93,95,0.594107985496521,0.5223428601026535
random_forest,93,96,0.6202180981636047,0.5998696053028106
random_forest,93,97,0.5761403441429138,0.5761040908098221
random_forest,93,98,0.6277679204940796,0.5412248018383979
random_forest,93,99,0.6164828538894653,0.5960016345977783
random_forest,93,100,0.5776507258415222,0.5816627901792526
random_forest,93,101,0.620549201965332,0.5633577570319176
random_forest,93,102,0.5542584657669067,0.6021317970752716
random_forest,93,103,0.561909556388855,0.6131013780832291
random_forest,93,104,0.5962015390396118,0.5932604902982712
random_forest,93,105,0.6266801357269287,0.653669940829277
random_forest,93,106,0.6346930265426636,0.6095894116163254
random_forest,93,107,0.6381461024284363,0.6760022962093353
random_forest,93,108,0.6820062398910522,0.6165290194749832
random_forest,93,109,0.69412761926651,0.6882028841972351
random_forest,93,110,0.6600255966186523,0.6744147753715515
random_forest,93,111,0.6710206270217896,0.6357391238212585
random_forest,93,112,0.6942763328552246,0.6765085333585739
random_forest,93,113,0.6655746102333069,0.6602045410871505
random_forest,93,114,0.7511836886405945,0.6828807425498963
random_forest,93,115,0.76773601770401,0.7489311534166336
random_forest,93,116,0.7666764855384827,0.7615025889873505
random_forest,93,117,0.7654839754104614,0.7573730576038361
random_forest,93,118,0.8420646786689758,0.7654402428865432
random_forest,93,119,0.793950080871582,0.8561084032058716
random_forest,93,120,0.8405903577804565,0.8074207174777984
random_forest,93,121,0.8867921829223633,0.8311897951364517
random_forest,93,122,0.8843991160392761,0.8555688840150834
random_forest,93,123,0.8884792923927307,0.8648365128040314
random_forest,93,124,0.9511812925338744,0.8523624551296234
random_forest,93,125,0.9120988845825196,0.9527159589529037
random_forest,93,126,0.9111210107803344,0.9060606455802918
random_forest,93,127,0.9408727288246156,0.9053582167625427
random_forest,93,128,0.9117013812065125,0.9361950212717056
random_forest,93,129,0.9184918403625488,0.915355566740036
random_forest,93,130,0.9453369975090028,0.9262550657987595
random_forest,93,131,1.0,0.9201521635055542
random_forest,93,132,0.9700133204460144,0.999108593215545
random_forest,93,133,0.9727442860603333,0.9531784629821778
random_forest,93,134,0.9975483417510986,0.9702242368459701
random_forest,93,135,0.9240598678588868,0.9372453692555428
random_forest,93,136,0.9669817090034484,0.8972669625282288
random_forest,93,137,0.9424473643302916,0.9216080802679062
random_forest,93,138,0.9443143606185912,0.9124468475580215
random_forest,93,139,0.8724431395530701,0.8963396215438842
random_forest,93,140,0.9116356372833252,0.8524925100803376
random_forest,93,141,0.9203338027000428,0.9119192880392074
random_forest,93,142,0.9182479977607728,0.8993998330831527
random_forest,93,143,0.8360729813575745,0.8965942686796189
random_forest,93,144,0.9079408049583436,0.7984607142210006
random_forest,93,145,0.920019507408142,0.889925794005394
random_forest,93,146,0.9197061061859132,0.9099602949619293
random_forest,93,147,0.9032829403877258,0.9089925348758697
random_forest,93,148,0.8952059745788574,0.8861298620700836
random_forest,93,149,0.9616492390632628,0.8916149133443833
random_forest,93,150,0.8679967522621155,0.9003632080554962
random_forest,93,151,0.9168244004249572,0.8669138193130493
random_forest,93,152,0.8647072911262512,0.8827105718851089
random_forest,93,153,0.8388491272926331,0.8408760660886765
random_forest,93,154,0.9067066311836244,0.8314004063606262
random_forest,93,155,0.905709743499756,0.8930977892875671
random_forest,93,156,0.8687098026275635,0.9301195240020752
random_forest,93,157,0.9084049463272096,0.8442187076807022
random_forest,93,158,0.846441388130188,0.8756744551658631
random_forest,93,159,0.8531013131141663,0.8583114981651306
random_forest,93,160,0.897523045539856,0.8608239042758942
random_forest,93,161,0.9393246173858644,0.9344787502288818
random_forest,93,162,0.9113783836364746,0.8892991435527802
random_forest,93,163,0.8657342791557312,0.876585282087326
random_forest,93,164,0.8087684512138367,0.8535629874467849
random_forest,93,165,0.7908570766448975,0.7950787699222565
random_forest,93,166,0.7806829214096069,0.7616389799118042
random_forest,93,167,0.8602012395858765,0.7463883548974991
random_forest,93,168,0.7881930470466614,0.8491107445955276
random_forest,93,169,0.8608314394950867,0.7899205231666565
random_forest,93,170,0.7578915953636169,0.8577290922403336
random_forest,93,171,0.7058851718902588,0.7709771198034286
random_forest,93,172,0.7490810751914978,0.6728390127420425
random_forest,93,173,0.7285450100898743,0.7352475482225418
random_forest,93,174,0.649836003780365,0.7161283886432648
random_forest,93,175,0.7335176467895508,0.6508802092075348
random_forest,93,176,0.663878321647644,0.7053486263751984
random_forest,93,177,0.7421642541885376,0.6192393273115158
random_forest,93,178,0.6207563877105713,0.722809870839119
random_forest,93,179,0.6312210559844971,0.6013474339246749
random_forest,93,180,0.6789365410804749,0.6087212759256363
random_forest,93,181,0.6573914885520935,0.6760190349817276
random_forest,93,182,0.6116635799407959,0.6419325351715088
random_forest,93,183,0.6779277920722961,0.605987092256546
random_forest,93,184,0.6455042362213135,0.6672714388370514
random_forest,93,185,0.6557747721672058,0.6397630178928375
random_forest,93,186,0.6194894313812256,0.6370149773359298
random_forest,93,187,0.6269788146018982,0.6241236561536789
random_forest,93,188,0.6646344065666199,0.5961609977483749
random_forest,93,189,0.5797130465507507,0.6415074163675308
random_forest,93,190,0.6049313545227051,0.6312352734804153
random_forest,93,191,0.6490410566329956,0.6443833643198014
random_forest,93,192,0.6565114855766296,0.6206068193912506
random_forest,93,193,0.6084153056144714,0.6670410591363907
random_forest,93,194,0.6626339554786682,0.6631506091356277
random_forest,93,195,0.6323467493057251,0.6562562507390975
random_forest,93,196,0.6614627838134766,0.6477954649925232
random_forest,93,197,0.630229651927948,0.6734555041790009
random_forest,93,198,0.6483802199363708,0.6565841811895371
random_forest,93,199,0.7142625451087952,0.665621652007103
random_forest,93,200,0.6178604364395142,0.6650388389825821
random_forest,93,201,0.6724156737327576,0.6568877744674683
random_forest,93,202,0.6138863563537598,0.6720771503448486
random_forest,93,203,0.7107008695602417,0.6899233788251877
random_forest,93,204,0.6120030879974365,0.7036090511083603
random_forest,93,205,0.6883769035339355,0.6841264045238495
random_forest,93,206,0.7061772346496582,0.6607828587293625
random_forest,93,207,0.6363153457641602,0.715288290977478
random_forest,93,208,0.7054921984672546,0.6706262880563736
random_forest,93,209,0.6513168215751648,0.7098504567146301
random_forest,93,210,0.6451990008354187,0.7149266755580902
random_forest,93,211,0.6671044230461121,0.7062337446212769
random_forest,93,212,0.6600446105003357,0.7238653528690339
random_forest,93,213,0.7645328044891357,0.6903286224603653
random_forest,93,214,0.6712592244148254,0.7574985188245773
random_forest,93,215,0.6928644180297852,0.704740297794342
random_forest,93,216,0.6986470222473145,0.7257926732301712
random_forest,93,217,0.6904273629188538,0.7261553853750229
random_forest,93,218,0.6825774312019348,0.6995365869998932
random_forest,93,219,0.697942316532135,0.7025369095802307
random_forest,93,220,0.734121561050415,0.7261514359712601
random_forest,93,221,0.7286681532859802,0.6682835960388184
random_forest,93,222,0.7717456221580505,0.7026233124732971
random_forest,93,223,0.7035379409790039,0.7442847108840942
random_forest,93,224,0.7818832397460938,0.7038929444551468
random_forest,93,225,0.729461133480072,0.7927460110187531
random_forest,93,226,0.7279280424118042,0.7225657832622528
random_forest,93,227,0.7437655925750732,0.6957849943637848
random_forest,93,228,0.7654086947441101,0.720700986981392
random_forest,93,229,0.6786015629768372,0.7575872910022735
random_forest,93,230,0.6568789482116699,0.6902928292751312
random_forest,93,231,0.6786521077156067,0.670410060286522
random_forest,93,232,0.6756248474121094,0.7001873791217804
random_forest,93,233,0.7246851325035095,0.6709187257289887
random_forest,93,234,0.6300336718559265,0.6881982886791229
random_forest,93,235,0.6600101590156555,0.6663190352916718
random_forest,93,236,0.664368748664856,0.647443808913231
random_forest,93,237,0.6110183596611023,0.6601294392347336
random_forest,93,238,0.6600955128669739,0.6299525237083435
random_forest,93,239,0.6462810039520264,0.6492117863893508
random_forest,93,240,0.5851793885231018,0.6427583640813828
random_forest,93,241,0.6662944555282593,0.616253233551979
random_forest,93,242,0.5598138570785522,0.6397864687442779
random_forest,93,243,0.628908097743988,0.6357990205287933
random_forest,93,244,0.6159567832946777,0.5911210411787033
random_forest,93,245,0.5193287134170532,0.603641831278801
random_forest,93,246,0.6042383313179016,0.5826149460673332
random_forest,93,247,0.6026129126548767,0.5839288747310638
random_forest,93,248,0.5649780035018921,0.5816215747594833
random_forest,93,249,0.5753042697906494,0.5829623711109161
random_forest,93,250,0.5542327761650085,0.5544046801328659
random_forest,93,251,0.5665407776832581,0.5434185898303986
random_forest,93,252,0.534710705280304,0.5597249698638916
random_forest,93,253,0.5367404222488403,0.5284868335723877
random_forest,93,254,0.4582786560058594,0.533212599158287
random_forest,93,255,0.5092834234237671,0.5019992145895958
random_forest,93,256,0.5199764370918274,0.5130570444464684
random_forest,93,257,0.4952562749385834,0.5083927485346794
random_forest,93,258,0.4656095206737518,0.5006029704213142
random_forest,93,259,0.4570486843585968,0.48441536784172057
random_forest,93,260,0.4696543216705322,0.4962517800927162
random_forest,93,261,0.3941805362701416,0.4852518948912621
random_forest,93,262,0.4829345643520355,0.46719991087913515
random_forest,93,263,0.4362332820892334,0.4736209261417389
random_forest,93,264,0.4842546880245209,0.44220359146595
random_forest,93,265,0.4402693212032318,0.4844969597458839
random_forest,93,266,0.4705670773983001,0.43469005525112153
random_forest,93,267,0.3919701278209686,0.4377881428599358
random_forest,93,268,0.4534683525562286,0.43533566504716875
random_forest,93,269,0.4315071105957031,0.39725426226854327
random_forest,93,270,0.4577511548995971,0.42471609383821485
random_forest,93,271,0.3837091326713562,0.40379239588975907
random_forest,93,272,0.3850222826004028,0.40681050628423693
random_forest,93,273,0.3761337101459503,0.3991027373075485
random_forest,93,274,0.4137390255928039,0.4138645640015602
random_forest,93,275,0.3430439233779907,0.3909794548153877
random_forest,93,276,0.3695440292358398,0.3698622494935989
random_forest,93,277,0.3537282645702362,0.38377323627471926
random_forest,93,278,0.4146186709403991,0.35897564977407453
random_forest,93,279,0.3576532006263733,0.37337854504585266
random_forest,93,280,0.3799569010734558,0.34279040455818177
random_forest,93,281,0.3051396012306213,0.3651624751091003
random_forest,93,282,0.3552770018577575,0.3422314977645874
random_forest,93,283,0.4116521179676056,0.3976191163063049
random_forest,93,284,0.3017443120479584,0.38749784797430037
random_forest,93,285,0.322290688753128,0.3399858881533146
random_forest,93,286,0.4201291501522064,0.34928385466337203
random_forest,93,287,0.344759464263916,0.3672660094499588
random_forest,93,288,0.3846639096736908,0.346872042119503
random_forest,93,289,0.3328503668308258,0.3523590520024299
random_forest,94,0,0.2495006024837494,0.3203050935268402
random_forest,94,1,0.3548376858234405,0.30642923891544344
random_forest,94,2,0.3614366948604584,0.326030081063509
random_forest,94,3,0.3365260362625122,0.31782752603292463
random_forest,94,4,0.3030116558074951,0.31836512982845305
random_forest,94,5,0.2628867924213409,0.3194658616185188
random_forest,94,6,0.3672299981117248,0.316186338365078
random_forest,94,7,0.324889063835144,0.32616554915905
random_forest,94,8,0.3256235122680664,0.3161510978639126
random_forest,94,9,0.3238775134086609,0.31217915922403333
random_forest,94,10,0.3258032202720642,0.3277832421660423
random_forest,94,11,0.3088614344596863,0.31960523635149
random_forest,94,12,0.3571118414402008,0.3174255445599556
random_forest,94,13,0.265837162733078,0.34229220122098925
random_forest,94,14,0.3174513280391693,0.31121026605367663
random_forest,94,15,0.2655582726001739,0.31154733017086983
random_forest,94,16,0.3067983388900757,0.3158772638440132
random_forest,94,17,0.3341214060783386,0.3152884590625763
random_forest,94,18,0.3522883951663971,0.3257572378218174
random_forest,94,19,0.2751322090625763,0.33722237750887873
random_forest,94,20,0.3372905850410461,0.3250973603129387
random_forest,94,21,0.2683822214603424,0.3286245959997177
random_forest,94,22,0.3476073741912842,0.32062232166528704
random_forest,94,23,0.3580464720726013,0.3599658279120922
random_forest,94,24,0.3303723931312561,0.35629792243242264
random_forest,94,25,0.3267540633678436,0.3144630953669548
random_forest,94,26,0.359754353761673,0.329136064350605
random_forest,94,27,0.3321475386619568,0.3412901881337166
random_forest,94,28,0.2857136130332947,0.32686307311058044
random_forest,94,29,0.3681200742721557,0.3521427026391029
random_forest,94,30,0.3138631582260132,0.36419127315282823
random_forest,94,31,0.35507732629776,0.36783381283283234
random_forest,94,32,0.357915461063385,0.35177166312932967
random_forest,94,33,0.3633271753787994,0.3457250013947487
random_forest,94,34,0.3168783783912658,0.352362859249115
random_forest,94,35,0.3915082812309265,0.3418672779202461
random_forest,94,36,0.3150481581687927,0.36199782460927965
random_forest,94,37,0.3117082715034485,0.3536645299196243
random_forest,94,38,0.2886289060115814,0.37164112597703935
random_forest,94,39,0.3998647034168243,0.39453149467706683
random_forest,94,40,0.4228975474834442,0.3840664732456207
random_forest,94,41,0.3656392693519592,0.41137062042951583
random_forest,94,42,0.3408117592334747,0.37885585337877276
random_forest,94,43,0.3909141719341278,0.3857727020978928
random_forest,94,44,0.3495940864086151,0.36236703515052787
random_forest,94,45,0.3873374164104461,0.3487326967716217
random_forest,94,46,0.4124954044818878,0.3774701952934265
random_forest,94,47,0.4107820689678192,0.4035926538705826
random_forest,94,48,0.3259154260158539,0.39378103137016296
random_forest,94,49,0.430097371339798,0.36281881868839266
random_forest,94,50,0.3491614162921905,0.4359873402118683
random_forest,94,51,0.3607107400894165,0.39399547010660174
random_forest,94,52,0.426375538110733,0.37075745820999145
random_forest,94,53,0.4356000125408172,0.41365016996860504
random_forest,94,54,0.3855431675910949,0.3882757237553596
random_forest,94,55,0.4208333194255829,0.4037328293919563
random_forest,94,56,0.358949214220047,0.40843617647886277
random_forest,94,57,0.4215672612190246,0.3904132479429245
random_forest,94,58,0.4082353115081787,0.3911377343535423
random_forest,94,59,0.4127233624458313,0.41273045390844343
random_forest,94,60,0.4689920842647552,0.4089553293585777
random_forest,94,61,0.480623334646225,0.4122087788581848
random_forest,94,62,0.404612123966217,0.4464123618602753
random_forest,94,63,0.4850811958312988,0.4012907800078392
random_forest,94,64,0.4571821093559265,0.44128315478563307
random_forest,94,65,0.4724390804767608,0.42283007442951204
random_forest,94,66,0.5314887762069702,0.43577140003442766
random_forest,94,67,0.5209657549858093,0.5135750046372414
random_forest,94,68,0.6066104769706726,0.5006819045543671
random_forest,94,69,0.5870649814605713,0.6058988666534424
random_forest,94,70,0.5850062370300293,0.5657558643817902
random_forest,94,71,0.5612890124320984,0.5872744253277778
random_forest,94,72,0.5229538679122925,0.5711913135647774
random_forest,94,73,0.5420928597450256,0.5144101026654243
random_forest,94,74,0.598616898059845,0.5308004114031791
random_forest,94,75,0.5398682951927185,0.5701286292076111
random_forest,94,76,0.6040031909942627,0.5246948236227036
random_forest,94,77,0.5978085994720459,0.6083569365739823
random_forest,94,78,0.6145445704460144,0.5681442141532898
random_forest,94,79,0.5884746313095093,0.6448551070690155
random_forest,94,80,0.65518718957901,0.5790745157003403
random_forest,94,81,0.6065388321876526,0.654277834892273
random_forest,94,82,0.5961768627166748,0.6132610303163528
random_forest,94,83,0.6442025303840637,0.5923310852050782
random_forest,94,84,0.6024585366249084,0.6180508291721344
random_forest,94,85,0.5742575526237488,0.5948915860056877
random_forest,94,86,0.5914384722709656,0.5689006975293159
random_forest,94,87,0.6072971820831299,0.5760638898611069
random_forest,94,88,0.5798770189285278,0.6060255235433578
random_forest,94,89,0.6225090026855469,0.5742932218313217
random_forest,94,90,0.5547228455543518,0.6221735519170761
random_forest,94,91,0.6250126361846924,0.5430814802646637
random_forest,94,92,0.6037471890449524,0.6201110082864761
random_forest,94,93,0.6406652331352234,0.5755450534820556
random_forest,94,94,0.5538895130157471,0.6189917182922363
random_forest,94,95,0.5645806193351746,0.5276460644602775
random_forest,94,96,0.6181133985519409,0.5661012214422226
random_forest,94,97,0.6209045648574829,0.6034088343381881
random_forest,94,98,0.6626489758491516,0.6100003641843795
random_forest,94,99,0.5933194756507874,0.6765026307106018
random_forest,94,100,0.6464690566062927,0.5823246467113495
random_forest,94,101,0.641746997833252,0.6443203037977219
random_forest,94,102,0.6443690657615662,0.6289340764284134
random_forest,94,103,0.6652278304100037,0.641474050283432
random_forest,94,104,0.586304247379303,0.6656167888641358
random_forest,94,105,0.6811628341674805,0.5903074795007706
random_forest,94,106,0.6688709259033203,0.6587293696403503
random_forest,94,107,0.7343367338180542,0.6341828846931458
random_forest,94,108,0.6967650651931763,0.7163503473997116
random_forest,94,109,0.7025543451309204,0.6921240490674972
random_forest,94,110,0.6891078352928162,0.7204433012008667
random_forest,94,111,0.7261163592338562,0.6842038232088089
random_forest,94,112,0.6741989850997925,0.742110350728035
random_forest,94,113,0.7437682151794434,0.6669222748279572
random_forest,94,114,0.7100553512573242,0.7326758313179016
random_forest,94,115,0.730129063129425,0.7229923737049103
random_forest,94,116,0.7306718826293945,0.745459434390068
random_forest,94,117,0.8010029792785645,0.7095347577333451
random_forest,94,118,0.7260934114456177,0.8068376988172531
random_forest,94,119,0.7431044578552246,0.6974859029054642
random_forest,94,120,0.7574804425239563,0.7371489757299423
random_forest,94,121,0.8093063831329346,0.7472571355104446
random_forest,94,122,0.8040898442268372,0.7849735856056214
random_forest,94,123,0.7768376469612122,0.8090578162670136
random_forest,94,124,0.8121075630187988,0.7832482552528381
random_forest,94,125,0.8131760954856873,0.8278099983930588
random_forest,94,126,0.7842423319816589,0.7999207305908204
random_forest,94,127,0.8246368765830994,0.7863156110048294
random_forest,94,128,0.8378872871398926,0.8504777979850769
random_forest,94,129,0.8811569213867188,0.801795847415924
random_forest,94,130,0.8270338177680969,0.8869666868448257
random_forest,94,131,0.8058237433433533,0.8210095351934433
random_forest,94,132,0.7982163429260254,0.8097518742084503
random_forest,94,133,0.8800639510154724,0.7873749774694443
random_forest,94,134,0.8085665702819824,0.849224938750267
random_forest,94,135,0.8133611679077148,0.7973891943693161
random_forest,94,136,0.8301153779029846,0.8000713193416595
random_forest,94,137,0.8324529528617859,0.8514044457674026
random_forest,94,138,0.7808137536048889,0.8423965108394623
random_forest,94,139,0.7819151878356934,0.7590979117155076
random_forest,94,140,0.8110761642456055,0.7625471365451812
random_forest,94,141,0.8386185765266418,0.7769776427745819
random_forest,94,142,0.7544658184051514,0.8118583381175994
random_forest,94,143,0.7458856701850891,0.7516154652833938
random_forest,94,144,0.7886478304862976,0.7462090796232224
random_forest,94,145,0.7934194803237915,0.7605904936790466
random_forest,94,146,0.7949913144111633,0.7630768740177154
random_forest,94,147,0.7625904679298401,0.7525012236833573
random_forest,94,148,0.7718669176101685,0.7331849163770676
random_forest,94,149,0.7019681334495544,0.7346230012178421
random_forest,94,150,0.7091026306152344,0.698194380402565
random_forest,94,151,0.7811046838760376,0.699768533706665
random_forest,94,152,0.6753173470497131,0.7568025451898575
random_forest,94,153,0.7397312521934509,0.6991978967189789
random_forest,94,154,0.683492124080658,0.7061594098806381
random_forest,94,155,0.7219659090042114,0.7128764462471008
random_forest,94,156,0.681483268737793,0.6805486452579498
random_forest,94,157,0.6351571083068848,0.6565108525753022
random_forest,94,158,0.6287434101104736,0.6623663401603699
random_forest,94,159,0.5878032445907593,0.6394158619642257
random_forest,94,160,0.6919384002685547,0.6554006284475327
random_forest,94,161,0.6835559606552124,0.6636441200971603
random_forest,94,162,0.7019528150558472,0.651404299736023
random_forest,94,163,0.6677934527397156,0.6468135100603104
random_forest,94,164,0.6881327629089355,0.6229841411113739
random_forest,94,165,0.6371153593063354,0.6677328497171402
random_forest,94,166,0.6777799129486084,0.6431593871116639
random_forest,94,167,0.6526976227760315,0.6485774010419846
random_forest,94,168,0.6561594605445862,0.6387380343675614
random_forest,94,169,0.6003594398498535,0.622572700381279
random_forest,94,170,0.6136775612831116,0.61194091796875
random_forest,94,171,0.6434464454650879,0.6125837361812592
random_forest,94,172,0.6372256278991699,0.6037909686565399
random_forest,94,173,0.6049898266792297,0.6256603163480758
random_forest,94,174,0.6416009664535522,0.6209540390968322
random_forest,94,175,0.6174536347389221,0.645081861615181
random_forest,94,176,0.6393635272979736,0.5788523948192597
random_forest,94,177,0.5893934369087219,0.6356059068441391
random_forest,94,178,0.6103256344795227,0.5982993984222412
random_forest,94,179,0.5847108364105225,0.6101319128274918
random_forest,94,180,0.5811426639556885,0.6195149713754654
random_forest,94,181,0.618285059928894,0.6115641832351685
random_forest,94,182,0.6126119494438171,0.6240507692098618
random_forest,94,183,0.6217118501663208,0.6222073870897293
random_forest,94,184,0.5967013835906982,0.6125377213954926
random_forest,94,185,0.5933943390846252,0.644108190536499
random_forest,94,186,0.5914286375045776,0.6230191755294799
random_forest,94,187,0.6382893323898315,0.6162732428312302
random_forest,94,188,0.6537161469459534,0.62287566781044
random_forest,94,189,0.5722804665565491,0.6206835752725601
random_forest,94,190,0.564632773399353,0.6203827303647995
random_forest,94,191,0.6382062435150146,0.6253201287984848
random_forest,94,192,0.6694722771644592,0.6449206084012985
random_forest,94,193,0.6184393167495728,0.6326536101102829
random_forest,94,194,0.6243293881416321,0.638245210647583
random_forest,94,195,0.6243403553962708,0.6445091986656188
random_forest,94,196,0.5689445734024048,0.6453146743774414
random_forest,94,197,0.6620643734931946,0.6479686176776887
random_forest,94,198,0.5880023241043091,0.6525048768520355
random_forest,94,199,0.5952878594398499,0.6582300448417664
random_forest,94,200,0.6292983889579773,0.6618608272075653
random_forest,94,201,0.66305011510849,0.6865164804458618
random_forest,94,202,0.6636836528778076,0.6820716947317124
random_forest,94,203,0.6468260884284973,0.6855366939306259
random_forest,94,204,0.6830796003341675,0.6849564492702485
random_forest,94,205,0.6993570923805237,0.6776387840509415
random_forest,94,206,0.6710405349731445,0.7049891996383667
random_forest,94,207,0.6571288108825684,0.6830219358205796
random_forest,94,208,0.7116026282310486,0.7025506556034088
random_forest,94,209,0.7408216595649719,0.703033481836319
random_forest,94,210,0.6765255331993103,0.7677443099021911
random_forest,94,211,0.709041178226471,0.7075885504484176
random_forest,94,212,0.7317638993263245,0.7210577183961868
random_forest,94,213,0.7186402678489685,0.7179817724227905
random_forest,94,214,0.6803514957427979,0.7031853288412094
random_forest,94,215,0.6713807582855225,0.7311718940734864
random_forest,94,216,0.732474684715271,0.6938741809129715
random_forest,94,217,0.6947522163391113,0.7351193314790726
random_forest,94,218,0.6966676712036133,0.7259718811511994
random_forest,94,219,0.6502791047096252,0.7177393811941147
random_forest,94,220,0.6777529716491699,0.7114919382333755
random_forest,94,221,0.6759297251701355,0.7319286572933197
random_forest,94,222,0.6947898268699646,0.7128005987405777
random_forest,94,223,0.7091979384422302,0.6984807574748992
random_forest,94,224,0.7226244807243347,0.7101725566387177
random_forest,94,225,0.6599442958831787,0.7163876175880433
random_forest,94,226,0.6350038647651672,0.6980249536037445
random_forest,94,227,0.7137457132339478,0.6927104467153549
random_forest,94,228,0.6964395046234131,0.6994774168729783
random_forest,94,229,0.7049262523651123,0.6985514479875564
random_forest,94,230,0.6517123579978943,0.6803877717256546
random_forest,94,231,0.6865109205245972,0.6801911437511444
random_forest,94,232,0.7764251232147217,0.7127611094713211
random_forest,94,233,0.6516753435134888,0.7550507420301438
random_forest,94,234,0.6456475853919983,0.6758818531036377
random_forest,94,235,0.6117298007011414,0.650821133852005
random_forest,94,236,0.6391457319259644,0.6639120000600814
random_forest,94,237,0.6395143270492554,0.667784314751625
random_forest,94,238,0.6835780143737793,0.6381881177425385
random_forest,94,239,0.5792533159255981,0.6686239725351334
random_forest,94,240,0.6324260234832764,0.6331328541040421
random_forest,94,241,0.5569707155227661,0.6509251630306244
random_forest,94,242,0.6686285734176636,0.6258072131872177
random_forest,94,243,0.7083990573883057,0.6288319087028503
random_forest,94,244,0.6503185033798218,0.6624639731645584
random_forest,94,245,0.6208716630935669,0.6197791236639023
random_forest,94,246,0.6533719897270203,0.5974642270803452
random_forest,94,247,0.5913439989089966,0.6685915839672089
random_forest,94,248,0.5375661253929138,0.5996565634012222
random_forest,94,249,0.5666689872741699,0.5683072370290756
random_forest,94,250,0.5954222679138184,0.5664763674139977
random_forest,94,251,0.5589916110038757,0.6009883609414101
random_forest,94,252,0.4995067715644836,0.545413518846035
random_forest,94,253,0.5143627524375916,0.5280331870913506
random_forest,94,254,0.5785099267959595,0.5244798067212105
random_forest,94,255,0.5559054613113403,0.5505183491110802
random_forest,94,256,0.5149500966072083,0.5072247767448426
random_forest,94,257,0.5207622051239014,0.5055138212442398
random_forest,94,258,0.5003244876861572,0.5122108203172684
random_forest,94,259,0.5483623147010803,0.4825465601682663
random_forest,94,260,0.5501776337623596,0.48311769783496855
random_forest,94,261,0.4980067908763885,0.5316775849461556
random_forest,94,262,0.4685383439064026,0.4706752020120621
random_forest,94,263,0.3685857951641083,0.4631685695052147
random_forest,94,264,0.4327739775180816,0.43277729243040086
random_forest,94,265,0.4642290771007538,0.4531764599680901
random_forest,94,266,0.4647073447704315,0.43046047776937485
random_forest,94,267,0.4200955629348755,0.4442567723989487
random_forest,94,268,0.368140161037445,0.4458498319983482
random_forest,94,269,0.3970993757247925,0.39510652601718904
random_forest,94,270,0.4231106340885162,0.4072192358970642
random_forest,94,271,0.4061662256717682,0.393770287334919
random_forest,94,272,0.42037433385849,0.4039603212475777
random_forest,94,273,0.3692140579223633,0.3818515571951866
random_forest,94,274,0.3830534517765045,0.37414482653141024
random_forest,94,275,0.3929747939109802,0.36934460639953615
random_forest,94,276,0.4200838208198547,0.39434877783060074
random_forest,94,277,0.3727080225944519,0.3668917137384415
random_forest,94,278,0.3522785604000091,0.3633882546424866
random_forest,94,279,0.4200895130634308,0.3680418246984482
random_forest,94,280,0.3698069453239441,0.38680018454790116
random_forest,94,281,0.2358854264020919,0.3323981449007988
random_forest,94,282,0.3184219598770141,0.33206015050411225
random_forest,94,283,0.3254613578319549,0.33626449421048166
random_forest,94,284,0.3311524987220764,0.343681652545929
random_forest,94,285,0.3275481462478637,0.34175445914268493
random_forest,94,286,0.3611052334308624,0.3251340748369694
random_forest,94,287,0.2637316286563873,0.3492079219222069
random_forest,94,288,0.29224693775177,0.3143531401455402
random_forest,94,289,0.3161104619503021,0.35376428470015525
random_forest,95,0,0.3876187801361084,0.355236157476902
random_forest,95,1,0.3968368172645569,0.3611457446217537
random_forest,95,2,0.4245177209377289,0.32858642131090166
random_forest,95,3,0.4098235666751861,0.4308443608880043
random_forest,95,4,0.3999482989311218,0.3874933072924614
random_forest,95,5,0.4484033584594726,0.38274786531925203
random_forest,95,6,0.4219630658626556,0.4510240417718887
random_forest,95,7,0.3817325830459595,0.4064226248860359
random_forest,95,8,0.5243738293647766,0.3896350637078285
random_forest,95,9,0.517249345779419,0.4934027802944183
random_forest,95,10,0.4284642934799194,0.5009595817327499
random_forest,95,11,0.4570837616920471,0.4099877667427063
random_forest,95,12,0.4720915257930755,0.44833570808172224
random_forest,95,13,0.5111368894577026,0.4610967069864273
random_forest,95,14,0.389793187379837,0.5042904090881347
random_forest,95,15,0.4545681476593017,0.37744576871395114
random_forest,95,16,0.492550790309906,0.47360107898712156
random_forest,95,17,0.4257385432720184,0.519336002767086
random_forest,95,18,0.4690454602241516,0.41723303467035294
random_forest,95,19,0.482744961977005,0.4844817140698433
random_forest,95,20,0.4790563285350799,0.48887975424528124
random_forest,95,21,0.459339439868927,0.4684667921066284
random_forest,95,22,0.5332358479499817,0.43096589744091035
random_forest,95,23,0.4762250483036041,0.5190039542317391
random_forest,95,24,0.5244836807250977,0.4689569807052612
random_forest,95,25,0.4837328493595123,0.5203044933080673
random_forest,95,26,0.5015226602554321,0.49725248128175736
random_forest,95,27,0.4793672859668731,0.48881155759096145
random_forest,95,28,0.5295770764350891,0.48182768255472186
random_forest,95,29,0.5035207867622375,0.51842141777277
random_forest,95,30,0.4575080275535583,0.4925382766127586
random_forest,95,31,0.5139416456222534,0.4467391723394394
random_forest,95,32,0.5795249938964844,0.4660846468806267
random_forest,95,33,0.4231183528900146,0.5409378865361214
random_forest,95,34,0.478628396987915,0.41984542459249496
random_forest,95,35,0.4794642031192779,0.4776828759908676
random_forest,95,36,0.4688598811626434,0.47695817053318024
random_forest,95,37,0.5047767758369446,0.45924890398979185
random_forest,95,38,0.4630218744277954,0.4846626102924347
random_forest,95,39,0.4960294961929321,0.469749775826931
random_forest,95,40,0.4857235252857208,0.5037088468670845
random_forest,95,41,0.4254644811153412,0.48738677412271497
random_forest,95,42,0.4184861481189728,0.38865815222263334
random_forest,95,43,0.5166766047477722,0.4073165887594223
random_forest,95,44,0.4444175064563751,0.48281107693910597
random_forest,95,45,0.4516607522964477,0.4634350109100342
random_forest,95,46,0.4996614456176758,0.43825368165969847
random_forest,95,47,0.4657657444477081,0.4824402317404747
random_forest,95,48,0.4178234338760376,0.4638923832774162
random_forest,95,49,0.4258229732513428,0.4059810748696327
random_forest,95,50,0.4727991223335266,0.4364703765511513
random_forest,95,51,0.4809135496616363,0.44153177410364153
random_forest,95,52,0.4191026389598846,0.49134278029203415
random_forest,95,53,0.4758602678775787,0.4090777862071991
random_forest,95,54,0.414368987083435,0.4829555684328079
random_forest,95,55,0.4328165352344513,0.385420164167881
random_forest,95,56,0.3796375691890716,0.430764841735363
random_forest,95,57,0.415983110666275,0.39636715143918994
random_forest,95,58,0.4404518604278564,0.40083089053630827
random_forest,95,59,0.4354696273803711,0.40930946588516237
random_forest,95,60,0.4478638768196106,0.3827381718158722
random_forest,95,61,0.3963966965675354,0.4747621065378189
random_forest,95,62,0.4144994914531708,0.4210015985369682
random_forest,95,63,0.418024867773056,0.4164548221230507
random_forest,95,64,0.4816659390926361,0.3994693723320961
random_forest,95,65,0.3799463510513305,0.4650255736708641
random_forest,95,66,0.4130702018737793,0.4188921383023262
random_forest,95,67,0.4199655055999756,0.42138510704040527
random_forest,95,68,0.5341663956642151,0.4460663482546806
random_forest,95,69,0.4478139877319336,0.5341481706500053
random_forest,95,70,0.4259694814682007,0.44935446232557297
random_forest,95,71,0.4313453733921051,0.42818527549505236
random_forest,95,72,0.3764570951461792,0.4296554213762283
random_forest,95,73,0.4369797110557556,0.4702186095714569
random_forest,95,74,0.4807125926017761,0.4663303011655808
random_forest,95,75,0.4310132563114166,0.43383675038814545
random_forest,95,76,0.4233631491661072,0.4424871879816055
random_forest,95,77,0.4316949248313904,0.4416298657655716
random_forest,95,78,0.474498450756073,0.4611854726076126
random_forest,95,79,0.4699262678623199,0.4517696198821068
random_forest,95,80,0.4913670718669891,0.4472122159600258
random_forest,95,81,0.4623765051364898,0.503053503036499
random_forest,95,82,0.4848329126834869,0.4841028812527657
random_forest,95,83,0.4312686324119568,0.474958598613739
random_forest,95,84,0.471184641122818,0.46235590785741804
random_forest,95,85,0.4312548637390136,0.4483866548538208
random_forest,95,86,0.4525030851364136,0.48134282529354094
random_forest,95,87,0.4481165409088135,0.4945325842499733
random_forest,95,88,0.4794577360153198,0.46743768841028216
random_forest,95,89,0.5263409614562988,0.49936742454767225
random_forest,95,90,0.508062481880188,0.5173663693666458
random_forest,95,91,0.4594265818595886,0.5038008311390877
random_forest,95,92,0.5253834128379822,0.5076955017447472
random_forest,95,93,0.5862358212471008,0.5158075499534607
random_forest,95,94,0.5623157620429993,0.5324823012948037
random_forest,95,95,0.5464099049568176,0.5355637446045876
random_forest,95,96,0.5696942210197449,0.5426549905538559
random_forest,95,97,0.5769482851028442,0.5809007450938225
random_forest,95,98,0.5521798729896545,0.5616526764631271
random_forest,95,99,0.5349294543266296,0.5459234634041786
random_forest,95,100,0.6267117857933044,0.5527372163534164
random_forest,95,101,0.5734302997589111,0.5957394903898239
random_forest,95,102,0.6127794981002808,0.5916841453313828
random_forest,95,103,0.5751216411590576,0.5900274240970611
random_forest,95,104,0.6576812863349915,0.5888713502883911
random_forest,95,105,0.4843261837959289,0.6647251266241073
random_forest,95,106,0.5875943899154663,0.5722970539331436
random_forest,95,107,0.5005092024803162,0.6272398859262467
random_forest,95,108,0.6705429553985596,0.5866682267189026
random_forest,95,109,0.5990878939628601,0.6363620901107788
random_forest,95,110,0.6711542010307312,0.6529895102977753
random_forest,95,111,0.6177409887313843,0.674279972910881
random_forest,95,112,0.6193151473999023,0.65585613489151
random_forest,95,113,0.6354990005493164,0.6551385778188705
random_forest,95,114,0.6476317048072815,0.6580040162801742
random_forest,95,115,0.707444429397583,0.6763040047883987
random_forest,95,116,0.6464609503746033,0.6981983649730682
random_forest,95,117,0.6125636100769043,0.702115490436554
random_forest,95,118,0.6727688908576965,0.6899898540973664
random_forest,95,119,0.7582204937934875,0.703694075345993
random_forest,95,120,0.7742676734924316,0.7324737828969955
random_forest,95,121,0.7058061361312866,0.8117957448959351
random_forest,95,122,0.6637864708900452,0.7255694013834
random_forest,95,123,0.658778190612793,0.7044392967224121
random_forest,95,124,0.7216968536376953,0.7057095158100128
random_forest,95,125,0.7303288578987122,0.7235695415735245
random_forest,95,126,0.694821298122406,0.7239064794778823
random_forest,95,127,0.7250260710716248,0.7328583264350891
random_forest,95,128,0.768729031085968,0.7441209328174591
random_forest,95,129,0.7312725782394409,0.7584599822759628
random_forest,95,130,0.7278377413749695,0.7441785728931427
random_forest,95,131,0.7619121670722961,0.7390225493907928
random_forest,95,132,0.7019034028053284,0.7399730402231216
random_forest,95,133,0.7489558458328247,0.7449761098623275
random_forest,95,134,0.7561932802200317,0.7581198573112488
random_forest,95,135,0.7449004650115967,0.7518049186468124
random_forest,95,136,0.7340328097343445,0.7516725021600723
random_forest,95,137,0.7428838014602661,0.7445524913072586
random_forest,95,138,0.7812895178794861,0.776533539891243
random_forest,95,139,0.6573084592819214,0.7367268216609955
random_forest,95,140,0.7738180160522461,0.7361368811130524
random_forest,95,141,0.7358691692352295,0.7829162013530732
random_forest,95,142,0.7158694863319397,0.7324681985378265
random_forest,95,143,0.7398059964179993,0.7047952908277512
random_forest,95,144,0.7514142394065857,0.7244449919462204
random_forest,95,145,0.7594339847564697,0.7665267688035965
random_forest,95,146,0.709439218044281,0.7141271764039994
random_forest,95,147,0.6916817426681519,0.7147572392225265
random_forest,95,148,0.7185551524162292,0.7054659032821655
random_forest,95,149,0.6764060258865356,0.7137736904621125
random_forest,95,150,0.7677104473114014,0.7128067249059677
random_forest,95,151,0.8347508907318115,0.7494447708129883
random_forest,95,152,0.6704164147377014,0.831832405924797
random_forest,95,153,0.7570804953575134,0.6880453217029572
random_forest,95,154,0.7196947336196899,0.7009681087732315
random_forest,95,155,0.6897854208946228,0.7459611529111863
random_forest,95,156,0.7215270400047302,0.6846281158924102
random_forest,95,157,0.7201254367828369,0.7200142514705657
random_forest,95,158,0.6963808536529541,0.6785445827245712
random_forest,95,159,0.6602797508239746,0.6759358435869217
random_forest,95,160,0.68592768907547,0.616408970952034
random_forest,95,161,0.6396373510360718,0.6715756767988205
random_forest,95,162,0.7018667459487915,0.6613129699230194
random_forest,95,163,0.6684595346450806,0.6712140160799026
random_forest,95,164,0.7153316140174866,0.6216598558425903
random_forest,95,165,0.683263897895813,0.6983035928010941
random_forest,95,166,0.6763482093811035,0.6294848304986954
random_forest,95,167,0.6532427668571472,0.5964159065485001
random_forest,95,168,0.7053411602973938,0.6226069098711013
random_forest,95,169,0.6970131397247314,0.6824935048818588
random_forest,95,170,0.6820983290672302,0.6804439294338226
random_forest,95,171,0.6956525444984436,0.6613688319921494
random_forest,95,172,0.7351335883140564,0.6733148401975632
random_forest,95,173,0.6998923420906067,0.7108974575996398
random_forest,95,174,0.6788058280944824,0.6932391113042832
random_forest,95,175,0.7408801317214966,0.6485022139549256
random_forest,95,176,0.7312631011009216,0.7282450878620148
random_forest,95,177,0.6838265061378479,0.720438284277916
random_forest,95,178,0.8369016051292419,0.6733997493982316
random_forest,95,179,0.7256131172180176,0.7968692249059677
random_forest,95,180,0.7487070560455322,0.705040054321289
random_forest,95,181,0.7051204442977905,0.7370881801843643
random_forest,95,182,0.7608861327171326,0.6874433690309525
random_forest,95,183,0.7486758232116699,0.7755733811855317
random_forest,95,184,0.7612264752388,0.7353851300477982
random_forest,95,185,0.7461246252059937,0.765766829252243
random_forest,95,186,0.778500497341156,0.7301728796958923
random_forest,95,187,0.7798460125923157,0.7537690323591232
random_forest,95,188,0.7824348211288452,0.7613164454698562
random_forest,95,189,0.7886325120925903,0.777001057267189
random_forest,95,190,0.7706713676452637,0.7868098241090774
random_forest,95,191,0.7526919841766357,0.7574519991874695
random_forest,95,192,0.8017653226852417,0.7360747200250626
random_forest,95,193,0.8912610411643982,0.7706657636165619
random_forest,95,194,0.848505437374115,0.914455081820488
random_forest,95,195,0.8154551982879639,0.8327420711517334
random_forest,95,196,0.7912987470626831,0.8174659776687622
random_forest,95,197,0.8298255801200867,0.7841526609659195
random_forest,95,198,0.8374653458595276,0.8469079530239105
random_forest,95,199,0.8317234516143799,0.8050446915626526
random_forest,95,200,0.8722150921821594,0.797675312757492
random_forest,95,201,0.8262931704521179,0.8698602312803269
random_forest,95,202,0.7827531099319458,0.8076410990953445
random_forest,95,203,0.8520821928977966,0.772940120100975
random_forest,95,204,0.7785780429840088,0.8587048172950744
random_forest,95,205,0.8255829215049744,0.8045034313201904
random_forest,95,206,0.7355042099952698,0.8023463708162307
random_forest,95,207,0.8477086424827576,0.7238763099908829
random_forest,95,208,0.7821963429450989,0.8231682294607162
random_forest,95,209,0.7875400185585022,0.7597666293382644
random_forest,95,210,0.794105052947998,0.822458034157753
random_forest,95,211,0.7642098069190979,0.7988812130689621
random_forest,95,212,0.8192116618156433,0.7434339034557342
random_forest,95,213,0.7956088185310364,0.8147867065668106
random_forest,95,214,0.7044200301170349,0.7953407543897629
random_forest,95,215,0.8345330357551575,0.7365112668275833
random_forest,95,216,0.8188014626502991,0.8548107028007508
random_forest,95,217,0.781805157661438,0.8227010643482209
random_forest,95,218,0.8292192220687866,0.7800640857219696
random_forest,95,219,0.7928176522254944,0.7964316135644913
random_forest,95,220,0.7437058091163635,0.7727221471071243
random_forest,95,221,0.7809867858886719,0.7217521488666534
random_forest,95,222,0.733482837677002,0.8023303109407425
random_forest,95,223,0.7238155603408813,0.7107386350631714
random_forest,95,224,0.7320456504821777,0.7291002267599106
random_forest,95,225,0.7112875580787659,0.717196660041809
random_forest,95,226,0.7774843573570251,0.7249027240276337
random_forest,95,227,0.7226092219352722,0.7584538197517395
random_forest,95,228,0.7244285345077515,0.7150024616718292
random_forest,95,229,0.7287985682487488,0.6954417389631271
random_forest,95,230,0.6976421475410461,0.7106068289279938
random_forest,95,231,0.7362532019615173,0.6936291933059693
random_forest,95,232,0.6932467818260193,0.69498514910539
random_forest,95,233,0.7288152575492859,0.6806848317384719
random_forest,95,234,0.7091369032859802,0.6862127649784088
random_forest,95,235,0.6840347647666931,0.6952378034591675
random_forest,95,236,0.7019057869911194,0.6828226310014724
random_forest,95,237,0.6634451746940613,0.6861316704750061
random_forest,95,238,0.7207057476043701,0.6584053146839142
random_forest,95,239,0.7052034139633179,0.6910427808761597
random_forest,95,240,0.6496315002441406,0.6822298085689544
random_forest,95,241,0.7026365995407104,0.6273186707496643
random_forest,95,242,0.6792566180229187,0.689603761434555
random_forest,95,243,0.6668760776519775,0.6424974966049194
random_forest,95,244,0.7424035668373108,0.6218771088123322
random_forest,95,245,0.7113808989524841,0.7326676374673844
random_forest,95,246,0.6776948571205139,0.6913092893362045
random_forest,95,247,0.6614408493041992,0.6563172006607055
random_forest,95,248,0.626747190952301,0.6105918574333191
random_forest,95,249,0.6328744292259216,0.5866681969165802
random_forest,95,250,0.6448937654495239,0.5895727425813675
random_forest,95,251,0.6699206829071045,0.594944167137146
random_forest,95,252,0.6399933099746704,0.6588248121738434
random_forest,95,253,0.5810590386390686,0.6357121914625168
random_forest,95,254,0.5652497410774231,0.5621081727743149
random_forest,95,255,0.5847007036209106,0.5510612565279007
random_forest,95,256,0.6050548553466797,0.5655051457881928
random_forest,95,257,0.6516940593719482,0.5703691864013671
random_forest,95,258,0.5282911062240601,0.6361211657524108
random_forest,95,259,0.5426739454269409,0.4818926000595093
random_forest,95,260,0.5531124472618103,0.5339184260368347
random_forest,95,261,0.5755435824394226,0.5340746700763702
random_forest,95,262,0.5367017984390259,0.5657743409276008
random_forest,95,263,0.5783792734146118,0.5359208798408508
random_forest,95,264,0.561007559299469,0.566511946618557
random_forest,95,265,0.5425078272819519,0.5233401411771774
random_forest,95,266,0.506976842880249,0.5248702391982079
random_forest,95,267,0.5394566655158997,0.47858421415090563
random_forest,95,268,0.5694281458854675,0.5599655550718308
random_forest,95,269,0.5498995780944824,0.5700548091530799
random_forest,95,270,0.4711554646492004,0.5054915830492973
random_forest,95,271,0.4654280245304107,0.4294550630450249
random_forest,95,272,0.5438863039016724,0.429089697599411
random_forest,95,273,0.4972075223922729,0.5506520563364029
random_forest,95,274,0.4600944221019745,0.4980312079191208
random_forest,95,275,0.4671022295951843,0.45762275636196137
random_forest,95,276,0.4796115159988403,0.4449518111348152
random_forest,95,277,0.5013704299926758,0.4531634858250618
random_forest,95,278,0.4484075307846069,0.48634755074977876
random_forest,95,279,0.4658257365226745,0.4146544635295868
random_forest,95,280,0.4414961636066437,0.43758228242397307
random_forest,95,281,0.4198991060256958,0.4148777362704277
random_forest,95,282,0.3885195255279541,0.38458103269338606
random_forest,95,283,0.4020622968673706,0.34606400012969973
random_forest,95,284,0.4519775211811065,0.3714476305246353
random_forest,95,285,0.471208393573761,0.412511488199234
random_forest,95,286,0.3584288358688354,0.4573516142368317
random_forest,95,287,0.3992282152175903,0.32389146864414214
random_forest,95,288,0.4440763294696808,0.3626252555847168
random_forest,95,289,0.3831159174442291,0.43418456554412843
random_forest,96,0,0.3791288137435913,0.3110745076835155
random_forest,96,1,0.3560290038585663,0.33068323984742165
random_forest,96,2,0.3683467507362366,0.2924619795382023
random_forest,96,3,0.3607681095600128,0.33170138210058214
random_forest,96,4,0.4410400688648224,0.30531022310256956
random_forest,96,5,0.3973099589347839,0.4374130168557167
random_forest,96,6,0.4254518151283264,0.3722300836443901
random_forest,96,7,0.3651840686798095,0.4422802394628525
random_forest,96,8,0.3945688903331756,0.3257622703909874
random_forest,96,9,0.45982226729393,0.37996574938297273
random_forest,96,10,0.4198861420154571,0.4621132090687752
random_forest,96,11,0.4594129920005798,0.4220581966638565
random_forest,96,12,0.3762776255607605,0.46177794963121416
random_forest,96,13,0.3679085373878479,0.32278433442115784
random_forest,96,14,0.4160381853580475,0.3396885272860527
random_forest,96,15,0.3659249246120453,0.40991622895002366
random_forest,96,16,0.3895350694656372,0.36336194694042206
random_forest,96,17,0.406088650226593,0.3787966525554657
random_forest,96,18,0.4428378939628601,0.39080306500196454
random_forest,96,19,0.3901657462120056,0.4675366711616516
random_forest,96,20,0.3717385232448578,0.3789617198705673
random_forest,96,21,0.3793553411960602,0.3673207688331604
random_forest,96,22,0.4106447994709015,0.34831076323986054
random_forest,96,23,0.3779006898403168,0.41377089828252794
random_forest,96,24,0.4201188385486603,0.34958891838788986
random_forest,96,25,0.3751491010189056,0.4232484194636345
random_forest,96,26,0.3514413237571716,0.40001563996076583
random_forest,96,27,0.3849468231201172,0.3562515479326248
random_forest,96,28,0.4046518504619598,0.32973694801330566
random_forest,96,29,0.4265406727790832,0.3905127117037773
random_forest,96,30,0.3408563435077667,0.4112099403142929
random_forest,96,31,0.3739396929740906,0.3447714675962925
random_forest,96,32,0.416374921798706,0.3396090629696846
random_forest,96,33,0.402086466550827,0.4025322163105011
random_forest,96,34,0.3754579722881317,0.36295112580060956
random_forest,96,35,0.3704767227172851,0.3442940679192543
random_forest,96,36,0.3941569924354553,0.3809766724705696
random_forest,96,37,0.3892119824886322,0.3514376768469811
random_forest,96,38,0.3933119177818298,0.3852222403883934
random_forest,96,39,0.4484614431858063,0.3649194583296776
random_forest,96,40,0.389215886592865,0.445604887008667
random_forest,96,41,0.347771942615509,0.3851981809735298
random_forest,96,42,0.3618078529834747,0.38069351613521574
random_forest,96,43,0.304910659790039,0.3716315811872482
random_forest,96,44,0.379018634557724,0.3655533313751221
random_forest,96,45,0.4061999917030334,0.35188204497098924
random_forest,96,46,0.3890133798122406,0.39452443093061446
random_forest,96,47,0.4159234762191772,0.3701052549481392
random_forest,96,48,0.4009312391281128,0.4027819111943245
random_forest,96,49,0.3474924266338348,0.349010084271431
random_forest,96,50,0.391784518957138,0.3956116136908531
random_forest,96,51,0.4343993365764618,0.3919301342964172
random_forest,96,52,0.4101631641387939,0.42586229264736175
random_forest,96,53,0.3799947202205658,0.40424851775169374
random_forest,96,54,0.3348545730113983,0.39390682846307756
random_forest,96,55,0.396548867225647,0.39820970863103866
random_forest,96,56,0.3852875530719757,0.3849001690745354
random_forest,96,57,0.3374497592449188,0.3894842538237572
random_forest,96,58,0.3922208249568939,0.40630116492509843
random_forest,96,59,0.4053263962268829,0.4248737296462059
random_forest,96,60,0.3986923396587372,0.41279592245817187
random_forest,96,61,0.3810211718082428,0.4134170415997505
random_forest,96,62,0.4028740227222442,0.4295508688688278
random_forest,96,63,0.3511945009231567,0.38927283316850664
random_forest,96,64,0.4380360841751098,0.3991139021515846
random_forest,96,65,0.3869564235210418,0.4047297692298889
random_forest,96,66,0.3821255266666412,0.42383806228637694
random_forest,96,67,0.4667347371578216,0.43091958463191987
random_forest,96,68,0.4356235861778259,0.4639548280835152
random_forest,96,69,0.4402360618114471,0.41886209428310395
random_forest,96,70,0.4117848873138428,0.4276752692461014
random_forest,96,71,0.4139135479927063,0.43014448791742327
random_forest,96,72,0.3970347940921783,0.4397693568468094
random_forest,96,73,0.4589150846004486,0.44260658890008925
random_forest,96,74,0.4127244055271148,0.4423713204264641
random_forest,96,75,0.4682216942310333,0.43223048746585846
random_forest,96,76,0.3992131948471069,0.4200457137823105
random_forest,96,77,0.3686195015907287,0.4286437875032425
random_forest,96,78,0.4777974784374237,0.4326289391517639
random_forest,96,79,0.4411299228668213,0.4483971419930458
random_forest,96,80,0.4561434984207153,0.4510766738653183
random_forest,96,81,0.4414598345756531,0.4843520736694336
random_forest,96,82,0.5157323479652405,0.45626584231853484
random_forest,96,83,0.4304796159267425,0.49982613027095796
random_forest,96,84,0.4872847199440002,0.46055560290813446
random_forest,96,85,0.5204660892486572,0.5148125445842743
random_forest,96,86,0.4606816470623016,0.4869002854824066
random_forest,96,87,0.4605681896209717,0.5059402996301651
random_forest,96,88,0.43172687292099,0.4853762182593346
random_forest,96,89,0.4820202589035034,0.4959056603908539
random_forest,96,90,0.4588560163974762,0.510881918668747
random_forest,96,91,0.4887974858283996,0.4903031125664711
random_forest,96,92,0.4655035734176636,0.5197080650925636
random_forest,96,93,0.5330556631088257,0.5074397066235542
random_forest,96,94,0.4674069881439209,0.4966429030895233
random_forest,96,95,0.5297778248786926,0.5112223488092422
random_forest,96,96,0.5233626961708069,0.5148204699158668
random_forest,96,97,0.5329996943473816,0.5550432541966438
random_forest,96,98,0.5076087117195129,0.5785627454519272
random_forest,96,99,0.5770987272262573,0.5306801480054856
random_forest,96,100,0.620714008808136,0.5964896050095558
random_forest,96,101,0.6229552626609802,0.5991454005241394
random_forest,96,102,0.511754035949707,0.5891349464654922
random_forest,96,103,0.5903624296188354,0.5862892556190491
random_forest,96,104,0.5196085572242737,0.581589218378067
random_forest,96,105,0.5627526640892029,0.5938347163796425
random_forest,96,106,0.5570393204689026,0.5900421571731568
random_forest,96,107,0.5596323609352112,0.5963924551010131
random_forest,96,108,0.5986132025718689,0.6425147068500519
random_forest,96,109,0.5921474099159241,0.6514271205663681
random_forest,96,110,0.6467300057411194,0.6701376515626908
random_forest,96,111,0.6273207664489746,0.6217800879478455
random_forest,96,112,0.6045811176300049,0.6358174723386765
random_forest,96,113,0.6580711603164673,0.6553652358055114
random_forest,96,114,0.6461248993873596,0.6577528876066208
random_forest,96,115,0.755862295627594,0.6712202197313308
random_forest,96,116,0.6894665956497192,0.762708888053894
random_forest,96,117,0.7036200165748596,0.6833821159601211
random_forest,96,118,0.6956741809844971,0.692523695230484
random_forest,96,119,0.7000607252120972,0.6638720953464508
random_forest,96,120,0.7233125567436218,0.713646478652954
random_forest,96,121,0.6730059385299683,0.696612902879715
random_forest,96,122,0.7131189703941345,0.6994868904352188
random_forest,96,123,0.7703647613525391,0.7178098398447037
random_forest,96,124,0.6382931470870972,0.7474431478977204
random_forest,96,125,0.7419889569282532,0.7155731773376465
random_forest,96,126,0.7196736335754395,0.7747769314050674
random_forest,96,127,0.7524746060371399,0.7380973839759827
random_forest,96,128,0.6695420145988464,0.7525381571054459
random_forest,96,129,0.7254701852798462,0.7500618469715118
random_forest,96,130,0.7192549109458923,0.7490654945373535
random_forest,96,131,0.7155501246452332,0.7266955399513244
random_forest,96,132,0.7701004147529602,0.7366717022657394
random_forest,96,133,0.7302318215370178,0.7229641646146774
random_forest,96,134,0.7550047039985657,0.7543742954730988
random_forest,96,135,0.7301108837127686,0.7505187153816223
random_forest,96,136,0.7570294141769409,0.7427451473474502
random_forest,96,137,0.7185784578323364,0.747035899758339
random_forest,96,138,0.7545444965362549,0.7440155637264252
random_forest,96,139,0.7227892279624939,0.7693934696912765
random_forest,96,140,0.7440776824951172,0.7571791487932206
random_forest,96,141,0.7652822732925415,0.7733324950933457
random_forest,96,142,0.6971791982650757,0.7378257590532303
random_forest,96,143,0.7415712475776672,0.7443382108211517
random_forest,96,144,0.8086178302764893,0.7305270326137543
random_forest,96,145,0.6902542114257812,0.7835307878255844
random_forest,96,146,0.6658042073249817,0.7120558255910874
random_forest,96,147,0.6525024771690369,0.6975798445940018
random_forest,96,148,0.6854822635650635,0.729913210272789
random_forest,96,149,0.6990675926208496,0.7213182306289673
random_forest,96,150,0.7112603187561035,0.7230625039339066
random_forest,96,151,0.7361248731613159,0.6959070718288421
random_forest,96,152,0.7365891933441162,0.6769591748714447
random_forest,96,153,0.6929845809936523,0.6776369911432266
random_forest,96,154,0.690951943397522,0.6847234463691712
random_forest,96,155,0.7130659818649292,0.6717599123716355
random_forest,96,156,0.6735466122627258,0.7195771622657776
random_forest,96,157,0.6748981475830078,0.6753281337022782
random_forest,96,158,0.6457603573799133,0.6611153399944305
random_forest,96,159,0.6949809193611145,0.6612040442228317
random_forest,96,160,0.6972025036811829,0.6428652507066727
random_forest,96,161,0.7144327759742737,0.6826942801475525
random_forest,96,162,0.6179876327514648,0.7301279908418655
random_forest,96,163,0.6986950635910034,0.6447550451755524
random_forest,96,164,0.6220559477806091,0.6849186271429062
random_forest,96,165,0.5666658878326416,0.6201806318759918
random_forest,96,166,0.6318556070327759,0.6284181678295135
random_forest,96,167,0.6143845915794373,0.6285274142026901
random_forest,96,168,0.5894022583961487,0.6191286861896514
random_forest,96,169,0.6519274711608887,0.6186460083723069
random_forest,96,170,0.6327512860298157,0.6466105836629867
random_forest,96,171,0.6534610390663147,0.6037571156024932
random_forest,96,172,0.5574979186058044,0.6289121562242508
random_forest,96,173,0.6063427329063416,0.5988540554046631
random_forest,96,174,0.598237931728363,0.620762637257576
random_forest,96,175,0.6058505773544312,0.5942992174625397
random_forest,96,176,0.6522606611251831,0.5870877188444138
random_forest,96,177,0.6065390110015869,0.6441631907224655
random_forest,96,178,0.6065024733543396,0.5965194499492645
random_forest,96,179,0.553949236869812,0.5881582850217819
random_forest,96,180,0.6583881378173828,0.6178483831882476
random_forest,96,181,0.600103497505188,0.6267144548892974
random_forest,96,182,0.5472254753112793,0.6088857132196427
random_forest,96,183,0.570259690284729,0.6057841491699218
random_forest,96,184,0.6073437929153442,0.6087394106388092
random_forest,96,185,0.6559447646141052,0.6070405602455139
random_forest,96,186,0.5624825954437256,0.6417271852493286
random_forest,96,187,0.5437207818031311,0.6299396967887878
random_forest,96,188,0.6346809267997742,0.6056390696763992
random_forest,96,189,0.6512898802757263,0.6362480717897415
random_forest,96,190,0.6208690404891968,0.6135231047868729
random_forest,96,191,0.6171233654022217,0.6257129585742951
random_forest,96,192,0.6491707563400269,0.63928739964962
random_forest,96,193,0.5950316190719604,0.6446086007356644
random_forest,96,194,0.6282901763916016,0.6381540369987487
random_forest,96,195,0.6273855566978455,0.6555389153957367
random_forest,96,196,0.6575219631195068,0.6455357134342193
random_forest,96,197,0.6345076560974121,0.6666238152980805
random_forest,96,198,0.6887493133544922,0.6188849663734436
random_forest,96,199,0.631507933139801,0.6776187324523926
random_forest,96,200,0.7495047450065613,0.6649907916784287
random_forest,96,201,0.6340248584747314,0.7226360189914703
random_forest,96,202,0.6838678121566772,0.6770602065324783
random_forest,96,203,0.6819612979888916,0.6903724271059036
random_forest,96,204,0.6698104739189148,0.6646343505382538
random_forest,96,205,0.7119765281677246,0.7030383270978927
random_forest,96,206,0.67385333776474,0.7212526428699494
random_forest,96,207,0.681268572807312,0.6921074271202088
random_forest,96,208,0.6870822906494141,0.693822500705719
random_forest,96,209,0.7007076144218445,0.7023856151103973
random_forest,96,210,0.6639550924301147,0.7096076214313507
random_forest,96,211,0.6675187349319458,0.7110316741466522
random_forest,96,212,0.7003066539764404,0.7170753651857376
random_forest,96,213,0.6705507040023804,0.7148404496908188
random_forest,96,214,0.7098188996315002,0.6999748617410659
random_forest,96,215,0.6918995976448059,0.7096431267261505
random_forest,96,216,0.7936023473739624,0.7200588047504425
random_forest,96,217,0.7304807901382446,0.779556622505188
random_forest,96,218,0.7333330512046814,0.7198136329650879
random_forest,96,219,0.6966711282730103,0.7139782929420471
random_forest,96,220,0.6724491715431213,0.7174663150310516
random_forest,96,221,0.6895288825035095,0.706020194888115
random_forest,96,222,0.7217519879341125,0.7155708116292954
random_forest,96,223,0.6684443354606628,0.736557377576828
random_forest,96,224,0.6822628378868103,0.7081368374824524
random_forest,96,225,0.7082154154777527,0.7000220519304275
random_forest,96,226,0.720015823841095,0.7205379438400269
random_forest,96,227,0.689630389213562,0.6991545969247818
random_forest,96,228,0.6983829736709595,0.7116387206315994
random_forest,96,229,0.6198907494544983,0.7047911387681961
random_forest,96,230,0.6450165510177612,0.694546080827713
random_forest,96,231,0.6213847398757935,0.6644933891296386
random_forest,96,232,0.6672523021697998,0.6855382949113846
random_forest,96,233,0.6444054841995239,0.6764610397815705
random_forest,96,234,0.6189947724342346,0.6524258923530578
random_forest,96,235,0.6608121991157532,0.6741952937841416
random_forest,96,236,0.6276694536209106,0.6562079012393951
random_forest,96,237,0.5896393060684204,0.6518257462978363
random_forest,96,238,0.5632802248001099,0.6707630205154419
random_forest,96,239,0.676236093044281,0.6342151033878326
random_forest,96,240,0.6575303077697754,0.6484758424758911
random_forest,96,241,0.6520234942436218,0.6240227699279786
random_forest,96,242,0.6122166514396667,0.6483334249258041
random_forest,96,243,0.6107376217842102,0.6247725927829743
random_forest,96,244,0.6277527213096619,0.6260727399587631
random_forest,96,245,0.5303844809532166,0.5995264226198196
random_forest,96,246,0.5808475613594055,0.5945750629901886
random_forest,96,247,0.5681518316268921,0.5757496625185012
random_forest,96,248,0.5448055863380432,0.5646976321935654
random_forest,96,249,0.5733972191810608,0.5547599279880524
random_forest,96,250,0.5957764983177185,0.5517713961005211
random_forest,96,251,0.5898151397705078,0.6159228157997131
random_forest,96,252,0.51971834897995,0.5961120003461837
random_forest,96,253,0.5814660787582397,0.529637448489666
random_forest,96,254,0.5065479278564453,0.5616669681668282
random_forest,96,255,0.4576235115528106,0.5118920430541039
random_forest,96,256,0.5040618181228638,0.497939387857914
random_forest,96,257,0.5605735778808594,0.5208953019976615
random_forest,96,258,0.5118532180786133,0.501969787478447
random_forest,96,259,0.4972338378429413,0.512513966858387
random_forest,96,260,0.5303787589073181,0.49519347459077834
random_forest,96,261,0.4690512716770172,0.5059630584716797
random_forest,96,262,0.4648602902889251,0.476691634953022
random_forest,96,263,0.4243594706058502,0.44637044906616213
random_forest,96,264,0.4520924389362335,0.4331861290335655
random_forest,96,265,0.4830300211906433,0.46125074982643127
random_forest,96,266,0.4027772545814514,0.45747865676879873
random_forest,96,267,0.4725358784198761,0.4579994389414787
random_forest,96,268,0.3954587280750274,0.46288911759853363
random_forest,96,269,0.4141933023929596,0.4187767019867897
random_forest,96,270,0.4115831553936004,0.41958611011505126
random_forest,96,271,0.390343427658081,0.4360238343477249
random_forest,96,272,0.3810839653015136,0.41014639228582384
random_forest,96,273,0.3664051592350006,0.3750530058145523
random_forest,96,274,0.3586024641990661,0.36775208652019503
random_forest,96,275,0.3883101940155029,0.39126349598169324
random_forest,96,276,0.3668795824050903,0.3654283902049065
random_forest,96,277,0.3389793634414673,0.3698376080393791
random_forest,96,278,0.3545420467853546,0.3690938627719879
random_forest,96,279,0.3719404339790344,0.3705391293764114
random_forest,96,280,0.3521953225135803,0.32353838115930555
random_forest,96,281,0.3224129676818847,0.3492214569449425
random_forest,96,282,0.3811310231685638,0.3444368451833725
random_forest,96,283,0.3390376567840576,0.3670778253674507
random_forest,96,284,0.2838951349258423,0.3712734070420265
random_forest,96,285,0.3510253429412842,0.367265003323555
random_forest,96,286,0.3456419706344604,0.3273842450976372
random_forest,96,287,0.2962798178195953,0.32832236915826796
random_forest,96,288,0.3138699233531952,0.3323829770088196
random_forest,96,289,0.3574512600898742,0.34418591946363447
random_forest,97,0,0.2519592344760895,0.3289917570352554
random_forest,97,1,0.2963059842586517,0.30253907591104506
random_forest,97,2,0.2734748125076294,0.3389688220620155
random_forest,97,3,0.3229557871818542,0.32913577526807786
random_forest,97,4,0.3433119654655456,0.32816983103752134
random_forest,97,5,0.302786111831665,0.3155400462448597
random_forest,97,6,0.2297942191362381,0.3141470354795456
random_forest,97,7,0.2502695024013519,0.2907779900729656
random_forest,97,8,0.3143091797828674,0.30999900892376897
random_forest,97,9,0.3618155121803283,0.31692728638648987
random_forest,97,10,0.3132060766220093,0.3302054938673973
random_forest,97,11,0.3119121789932251,0.33567332446575165
random_forest,97,12,0.3640396893024444,0.32691545367240904
random_forest,97,13,0.3321896195411682,0.35711964130401613
random_forest,97,14,0.3333155214786529,0.3095066487789154
random_forest,97,15,0.3109931647777557,0.33537496730685235
random_forest,97,16,0.3525279760360718,0.3238294431567192
random_forest,97,17,0.366970807313919,0.37467716544866564
random_forest,97,18,0.3014475107192993,0.3776584056019783
random_forest,97,19,0.3426007926464081,0.30288046449422834
random_forest,97,20,0.3402551114559173,0.31903274834156037
random_forest,97,21,0.300916463136673,0.30144903153181074
random_forest,97,22,0.2952424883842468,0.3433996748924255
random_forest,97,23,0.3336263597011566,0.32299883514642713
random_forest,97,24,0.3181400597095489,0.34986747056245804
random_forest,97,25,0.3272171914577484,0.3481668609380722
random_forest,97,26,0.3422469794750213,0.33786488950252536
random_forest,97,27,0.3612353801727295,0.3270776319503784
random_forest,97,28,0.2439923137426376,0.3288098767399788
random_forest,97,29,0.3530980050563812,0.3545813918113708
random_forest,97,30,0.3232917189598083,0.36408634126186373
random_forest,97,31,0.3333374857902527,0.3491276475787163
random_forest,97,32,0.3462713658809662,0.3432831904292107
random_forest,97,33,0.3240068554878235,0.36476438015699386
random_forest,97,34,0.3655286133289337,0.3618452349305153
random_forest,97,35,0.3210331797599792,0.3536427891254425
random_forest,97,36,0.3599691689014435,0.3632438197731972
random_forest,97,37,0.3565320968627929,0.3499808263778686
random_forest,97,38,0.3016510903835296,0.3510831847786903
random_forest,97,39,0.3827581405639648,0.38479828178882597
random_forest,97,40,0.3272883594036102,0.3696488881111145
random_forest,97,41,0.3335063457489013,0.37090991884469987
random_forest,97,42,0.3471446931362152,0.37460933446884154
random_forest,97,43,0.363042265176773,0.3522317945957184
random_forest,97,44,0.4037226438522339,0.37736228108406067
random_forest,97,45,0.3793257176876068,0.39498397618532183
random_forest,97,46,0.3766826689243316,0.35813689947128297
random_forest,97,47,0.3845118284225464,0.358764665722847
random_forest,97,48,0.3282665610313415,0.38954260110855105
random_forest,97,49,0.3371396660804748,0.3704530209302902
random_forest,97,50,0.4039525687694549,0.36613769084215164
random_forest,97,51,0.3722348511219024,0.41780264258384703
random_forest,97,52,0.3792891502380371,0.38987579822540286
random_forest,97,53,0.4117506742477417,0.40196291655302047
random_forest,97,54,0.4362683594226837,0.4054282936453819
random_forest,97,55,0.3397703468799591,0.4175719466805458
random_forest,97,56,0.387939304113388,0.3885695695877075
random_forest,97,57,0.3601416051387787,0.3835426208376884
random_forest,97,58,0.4061368405818939,0.40521598935127257
random_forest,97,59,0.3841311931610107,0.42186879336833955
random_forest,97,60,0.4192311763763428,0.41313688695430756
random_forest,97,61,0.3841533362865448,0.40512105911970137
random_forest,97,62,0.3905334770679474,0.39072170853614807
random_forest,97,63,0.3838010430335998,0.3979674750566482
random_forest,97,64,0.4037986695766449,0.42395547360181807
random_forest,97,65,0.3919692933559418,0.394300956428051
random_forest,97,66,0.4131175279617309,0.392517032623291
random_forest,97,67,0.3807815909385681,0.4223575785756111
random_forest,97,68,0.4502957761287689,0.41416168183088303
random_forest,97,69,0.4227578639984131,0.44292975693941117
random_forest,97,70,0.4325988888740539,0.40435139507055284
random_forest,97,71,0.4379720389842987,0.42293035447597505
random_forest,97,72,0.4514719843864441,0.4154688149690628
random_forest,97,73,0.4115940034389496,0.4422637191414833
random_forest,97,74,0.4418926239013672,0.42538144767284386
random_forest,97,75,0.4984909892082214,0.46576080173254014
random_forest,97,76,0.4334169328212738,0.4823303934931755
random_forest,97,77,0.4579548239707947,0.47978575170040133
random_forest,97,78,0.4340005815029144,0.4469051223993301
random_forest,97,79,0.4469972252845764,0.4539547488093376
random_forest,97,80,0.4199404716491699,0.44045032799243927
random_forest,97,81,0.4322001039981842,0.4528281232714653
random_forest,97,82,0.4755271673202514,0.47211442053318026
random_forest,97,83,0.5224902033805847,0.4524126425385475
random_forest,97,84,0.4789866209030151,0.4854550698399544
random_forest,97,85,0.4360318183898926,0.4877395287156105
random_forest,97,86,0.4635855555534363,0.4602159553766251
random_forest,97,87,0.4998995661735534,0.48947362422943114
random_forest,97,88,0.4786294102668762,0.4917267781496048
random_forest,97,89,0.4628373980522156,0.49345084488391877
random_forest,97,90,0.4877966344356537,0.499480245411396
random_forest,97,91,0.5130640864372253,0.5232137098908425
random_forest,97,92,0.5124402046203613,0.5357849711179733
random_forest,97,93,0.5581064820289612,0.5520774519443512
random_forest,97,94,0.575951099395752,0.5147347807884216
random_forest,97,95,0.6088359951972961,0.5457483133673668
random_forest,97,96,0.5889184474945068,0.60742760181427
random_forest,97,97,0.5390264987945557,0.5778343826532364
random_forest,97,98,0.5607776641845703,0.532007552087307
random_forest,97,99,0.6041308045387268,0.5757224199175834
random_forest,97,100,0.609178364276886,0.5990185683965683
random_forest,97,101,0.6197247505187988,0.5942145824432373
random_forest,97,102,0.6289528012275696,0.5916588461399078
random_forest,97,103,0.5020486116409302,0.5672916960716248
random_forest,97,104,0.6186594367027283,0.5614158180356026
random_forest,97,105,0.6140580177307129,0.6043923252820969
random_forest,97,106,0.5960038900375366,0.589360983967781
random_forest,97,107,0.6245052814483643,0.6373024535179138
random_forest,97,108,0.5968737602233887,0.6288474994897842
random_forest,97,109,0.5946517586708069,0.6500469768047332
random_forest,97,110,0.6425197720527649,0.6440470415353775
random_forest,97,111,0.5901207327842712,0.6296758234500885
random_forest,97,112,0.6573327779769897,0.6443355095386505
random_forest,97,113,0.6581162214279175,0.666751794219017
random_forest,97,114,0.688221275806427,0.6565363824367523
random_forest,97,115,0.6720920205116272,0.698631483912468
random_forest,97,116,0.6375203132629395,0.7062803673744201
random_forest,97,117,0.7365031242370605,0.6771288543939591
random_forest,97,118,0.6662959456443787,0.7491748487949371
random_forest,97,119,0.6961278915405273,0.6736485427618026
random_forest,97,120,0.6745209693908691,0.68548593044281
random_forest,97,121,0.708134651184082,0.7096025389432907
random_forest,97,122,0.7383592128753662,0.7185397028923035
random_forest,97,123,0.7277300357818604,0.7394913548231125
random_forest,97,124,0.7375231981277466,0.7357102310657502
random_forest,97,125,0.6448088884353638,0.746387512087822
random_forest,97,126,0.7860755324363708,0.6952152854204178
random_forest,97,127,0.7334197163581848,0.7901184296607972
random_forest,97,128,0.745583176612854,0.7427771723270417
random_forest,97,129,0.8070142865180969,0.7593632221221924
random_forest,97,130,0.6747047305107117,0.8088424104452133
random_forest,97,131,0.742059051990509,0.7450946402549744
random_forest,97,132,0.7619298696517944,0.7524500781297684
random_forest,97,133,0.7436699867248535,0.7417588776350021
random_forest,97,134,0.7473816871643066,0.7417143177986145
random_forest,97,135,0.8024333119392395,0.7333638781309127
random_forest,97,136,0.6937392950057983,0.7716423285007477
random_forest,97,137,0.8466776609420776,0.7492475807666779
random_forest,97,138,0.7440027594566345,0.8058908665180207
random_forest,97,139,0.7763617634773254,0.739312931895256
random_forest,97,140,0.734934389591217,0.7372881996631623
random_forest,97,141,0.7716816067695618,0.7494614559412003
random_forest,97,142,0.806876540184021,0.7535254311561584
random_forest,97,143,0.7461366057395935,0.7887684851884842
random_forest,97,144,0.7891677618026733,0.7300737506151199
random_forest,97,145,0.7004277110099792,0.7712041878700256
random_forest,97,146,0.7015472650527954,0.699801435470581
random_forest,97,147,0.7655442953109741,0.7105562990903854
random_forest,97,148,0.8495509624481201,0.7425571924448013
random_forest,97,149,0.7377217411994934,0.8530804079771042
random_forest,97,150,0.7210580110549927,0.6956524330377579
random_forest,97,151,0.7290616035461426,0.7059777909517289
random_forest,97,152,0.7023833394050598,0.6892274492979049
random_forest,97,153,0.772807240486145,0.673105840086937
random_forest,97,154,0.6893957853317261,0.740636277794838
random_forest,97,155,0.8005481362342834,0.6851541119813919
random_forest,97,156,0.7501811981201172,0.7885402184724808
random_forest,97,157,0.7324636578559875,0.7392486196756363
random_forest,97,158,0.7820594906806946,0.694770164489746
random_forest,97,159,0.6938431262969971,0.7535055375099182
random_forest,97,160,0.7810184955596924,0.6602315604686737
random_forest,97,161,0.7718573212623596,0.7657796436548233
random_forest,97,162,0.7204087972640991,0.7658569645881653
random_forest,97,163,0.8004406690597534,0.6823803889751434
random_forest,97,164,0.6918164491653442,0.7641990691423416
random_forest,97,165,0.7079468965530396,0.6711246830224991
random_forest,97,166,0.7318915128707886,0.6646475446224213
random_forest,97,167,0.6903805136680603,0.7100012129545212
random_forest,97,168,0.8436362147331238,0.6692000097036361
random_forest,97,169,0.7925236821174622,0.8204280662536622
random_forest,97,170,0.7518668174743652,0.8243505162000656
random_forest,97,171,0.7620856165885925,0.734378622174263
random_forest,97,172,0.6700423955917358,0.767345517873764
random_forest,97,173,0.7177200317382812,0.6176152408123017
random_forest,97,174,0.704410195350647,0.7093552780151368
random_forest,97,175,0.6510962247848511,0.7173804986476898
random_forest,97,176,0.7007716298103333,0.6555558723211289
random_forest,97,177,0.6773188710212708,0.7081336426734924
random_forest,97,178,0.6989867091178894,0.6377351009845733
random_forest,97,179,0.7847142815589905,0.7231141871213913
random_forest,97,180,0.6627028584480286,0.7471228259801864
random_forest,97,181,0.711593747138977,0.6179134553670883
random_forest,97,182,0.7277868390083313,0.6989627462625504
random_forest,97,183,0.7203888893127441,0.7226892518997192
random_forest,97,184,0.7676937580108643,0.7286435395479203
random_forest,97,185,0.6757211685180664,0.7760533976554871
random_forest,97,186,0.7311608791351318,0.683907225728035
random_forest,97,187,0.75642329454422,0.714167645573616
random_forest,97,188,0.6822155117988586,0.7623764210939408
random_forest,97,189,0.7008649706840515,0.6756561660766601
random_forest,97,190,0.7382549047470093,0.7300239783525467
random_forest,97,191,0.6851025819778442,0.728241046667099
random_forest,97,192,0.7227553725242615,0.6587112706899643
random_forest,97,193,0.7184408903121948,0.7076287478208542
random_forest,97,194,0.7321375608444214,0.720741748213768
random_forest,97,195,0.7420316934585571,0.7362035882472991
random_forest,97,196,0.7467273473739624,0.766063027381897
random_forest,97,197,0.6929988861083984,0.7276684844493866
random_forest,97,198,0.7049446702003479,0.6929433643817902
random_forest,97,199,0.6531329154968262,0.6608836859464645
random_forest,97,200,0.7634146213531494,0.6676822417974472
random_forest,97,201,0.6975274085998535,0.7751154720783233
random_forest,97,202,0.6951733231544495,0.6313741743564606
random_forest,97,203,0.7278262376785278,0.6760646975040436
random_forest,97,204,0.7545203566551208,0.71289834856987
random_forest,97,205,0.790539562702179,0.797881121635437
random_forest,97,206,0.6842795014381409,0.7503567558526992
random_forest,97,207,0.7496922612190247,0.6874757665395737
random_forest,97,208,0.7376833558082581,0.6830441492795944
random_forest,97,209,0.6975736021995544,0.7177789443731308
random_forest,97,210,0.6968421936035156,0.6931579661369324
random_forest,97,211,0.7278618812561035,0.7185801666975021
random_forest,97,212,0.7533484101295471,0.7030166900157928
random_forest,97,213,0.6923345923423767,0.7750683033466339
random_forest,97,214,0.7252259850502014,0.6929733550548554
random_forest,97,215,0.7200977206230164,0.7370630699396133
random_forest,97,216,0.7498475909233093,0.7176037782430649
random_forest,97,217,0.7138345241546631,0.7200132358074188
random_forest,97,218,0.6631834506988525,0.7118911838531494
random_forest,97,219,0.7737390398979187,0.7204582649469375
random_forest,97,220,0.757041871547699,0.7976213532686234
random_forest,97,221,0.7348988652229309,0.7300489300489426
random_forest,97,222,0.7228065729141235,0.7154662066698074
random_forest,97,223,0.7874475717544556,0.6914962309598923
random_forest,97,224,0.7319516539573669,0.7860746330022812
random_forest,97,225,0.6625758409500122,0.7467914408445359
random_forest,97,226,0.6526052951812744,0.6810293501615524
random_forest,97,227,0.7073284387588501,0.7064032977819443
random_forest,97,228,0.7360735535621643,0.7046643900871277
random_forest,97,229,0.6601088047027588,0.7210884660482406
random_forest,97,230,0.6788966059684753,0.6976940768957138
random_forest,97,231,0.6535307765007019,0.6884095668792725
random_forest,97,232,0.682296633720398,0.6775098276138306
random_forest,97,233,0.6678760647773743,0.6952843236923217
random_forest,97,234,0.6436439156532288,0.6947488707304
random_forest,97,235,0.6669417023658752,0.6548435020446778
random_forest,97,236,0.6440983414649963,0.6622820979356766
random_forest,97,237,0.6761545538902283,0.6297098022699356
random_forest,97,238,0.6078945994377136,0.661538052558899
random_forest,97,239,0.6347536444664001,0.6386409652233124
random_forest,97,240,0.6574151515960693,0.632388065457344
random_forest,97,241,0.6849278807640076,0.6317071825265884
random_forest,97,242,0.6356636881828308,0.6736247807741165
random_forest,97,243,0.6660596132278442,0.6327117639780044
random_forest,97,244,0.61516934633255,0.6322214382886887
random_forest,97,245,0.463775098323822,0.5974192482233047
random_forest,97,246,0.5907142162322998,0.5360125532746315
random_forest,97,247,0.6275177597999573,0.6120361429452896
random_forest,97,248,0.6096348166465759,0.576442357301712
random_forest,97,249,0.5732287168502808,0.5755581966042519
random_forest,97,250,0.5001904368400574,0.5518620392680168
random_forest,97,251,0.5351134538650513,0.5438775178790093
random_forest,97,252,0.4879767596721649,0.5490757241845131
random_forest,97,253,0.5032883882522583,0.5228780215978622
random_forest,97,254,0.5845337510108948,0.5323845705389977
random_forest,97,255,0.4798104763031006,0.5562742593884468
random_forest,97,256,0.5108422040939331,0.5307348388433456
random_forest,97,257,0.5159651041030884,0.49527950048446656
random_forest,97,258,0.5083356499671936,0.5087847146391868
random_forest,97,259,0.500489354133606,0.4914913386106491
random_forest,97,260,0.4732385575771332,0.5106124588847161
random_forest,97,261,0.4207465946674347,0.49179976403713227
random_forest,97,262,0.403998464345932,0.4670607361197472
random_forest,97,263,0.4818935692310333,0.46572725027799605
random_forest,97,264,0.4263339638710022,0.4550281411409378
random_forest,97,265,0.4635081887245178,0.453063862323761
random_forest,97,266,0.415725976228714,0.4171536582708359
random_forest,97,267,0.4113725125789642,0.4362250065803528
random_forest,97,268,0.4621129930019378,0.456900050342083
random_forest,97,269,0.4006384909152984,0.4431749066710472
random_forest,97,270,0.4167140424251556,0.42326867550611497
random_forest,97,271,0.4239511787891388,0.4139083966612816
random_forest,97,272,0.4176854193210602,0.3928177407383919
random_forest,97,273,0.4107857644557953,0.38611252456903455
random_forest,97,274,0.3334346413612366,0.3706576213240623
random_forest,97,275,0.403422087430954,0.3778901582956314
random_forest,97,276,0.366811603307724,0.37604974329471585
random_forest,97,277,0.3674441277980804,0.3684307599067688
random_forest,97,278,0.3674739301204681,0.3614814358949661
random_forest,97,279,0.3432473540306091,0.3663667523860931
random_forest,97,280,0.2690850794315338,0.3566961327195168
random_forest,97,281,0.3633090555667877,0.3353437402844429
random_forest,97,282,0.3354794681072235,0.3850303164124489
random_forest,97,283,0.3491747379302978,0.3579676643013954
random_forest,97,284,0.3689718246459961,0.3444403490424156
random_forest,97,285,0.3127134442329407,0.34903894275426867
random_forest,97,286,0.3500805795192718,0.33038799583911893
random_forest,97,287,0.3551312685012817,0.3501207861304283
random_forest,97,288,0.3270505368709564,0.3214510223269463
random_forest,97,289,0.3289807438850403,0.3060651181638241
random_forest,98,0,0.4736390113830566,0.3272732931375504
random_forest,98,1,0.3788112103939056,0.46200649231672286
random_forest,98,2,0.516171932220459,0.31522752687335015
random_forest,98,3,0.3804955184459686,0.5016067779064178
random_forest,98,4,0.4629805088043213,0.3519294214248657
random_forest,98,5,0.4264709651470184,0.4573893910646439
random_forest,98,6,0.4156748354434967,0.43337303459644316
random_forest,98,7,0.4420420825481415,0.37089942455291747
random_forest,98,8,0.3805055916309356,0.44115873128175737
random_forest,98,9,0.5253375172615051,0.3492861381173134
random_forest,98,10,0.5055944323539734,0.4834921470284462
random_forest,98,11,0.4805147349834442,0.4806330159306526
random_forest,98,12,0.476109892129898,0.49688334614038465
random_forest,98,13,0.5534148216247559,0.45930430352687834
random_forest,98,14,0.4397242963314056,0.5165131202340126
random_forest,98,15,0.5229984521865845,0.42078711062669755
random_forest,98,16,0.4872120320796966,0.5075870615243911
random_forest,98,17,0.4867848753929138,0.49121939182281493
random_forest,98,18,0.4874393045902252,0.47825307548046114
random_forest,98,19,0.4712285101413727,0.49130272299051286
random_forest,98,20,0.4606994092464447,0.484365194439888
random_forest,98,21,0.4733313024044037,0.4338738626241684
random_forest,98,22,0.4262847900390625,0.4725115180015564
random_forest,98,23,0.4961898922920227,0.4490200674533844
random_forest,98,24,0.5077304244041443,0.4964253452420235
random_forest,98,25,0.5257107615470886,0.5001839661598205
random_forest,98,26,0.4829608201980591,0.5180264657735825
random_forest,98,27,0.4640228450298309,0.49149418830871583
random_forest,98,28,0.472743809223175,0.4514185667037964
random_forest,98,29,0.4223733246326446,0.4631456047296524
random_forest,98,30,0.4882501065731048,0.41203984022140505
random_forest,98,31,0.4765442311763763,0.4771514868736267
random_forest,98,32,0.4589785635471344,0.48751764863729474
random_forest,98,33,0.4148363471031189,0.4333756324648857
random_forest,98,34,0.428359717130661,0.41148379385471345
random_forest,98,35,0.4447622299194336,0.374237899184227
random_forest,98,36,0.4915724396705627,0.4567561587691307
random_forest,98,37,0.4715999960899353,0.4862710151076317
random_forest,98,38,0.4293586909770965,0.47506014347076414
random_forest,98,39,0.4811665713787079,0.3752146545052528
random_forest,98,40,0.4503794908523559,0.5084147813916207
random_forest,98,41,0.4391627311706543,0.4580681976675987
random_forest,98,42,0.4529400765895843,0.4214677694439888
random_forest,98,43,0.5119304656982422,0.44823082655668256
random_forest,98,44,0.5116751194000244,0.4979907375574112
random_forest,98,45,0.5705364346504211,0.5337863597273826
random_forest,98,46,0.5299270153045654,0.5192835745215416
random_forest,98,47,0.5340457558631897,0.4943729504942894
random_forest,98,48,0.4827328622341156,0.49288299173116684
random_forest,98,49,0.5019895434379578,0.44850922882556915
random_forest,98,50,0.4942253530025482,0.48432165652513504
random_forest,98,51,0.5433468222618103,0.5213107523322106
random_forest,98,52,0.50873863697052,0.5029859918355942
random_forest,98,53,0.5535591244697571,0.47803209513425826
random_forest,98,54,0.4458649158477783,0.5646368366479874
random_forest,98,55,0.5388414263725281,0.41999121725559235
random_forest,98,56,0.5875481963157654,0.5123957660794258
random_forest,98,57,0.5719628930091858,0.5442333427071572
random_forest,98,58,0.5245214700698853,0.5433171281218528
random_forest,98,59,0.5802670121192932,0.4998152458667755
random_forest,98,60,0.5184736251831055,0.5647991499304772
random_forest,98,61,0.559737503528595,0.5141893297433853
random_forest,98,62,0.4730138480663299,0.5756540128588676
random_forest,98,63,0.5470907092094421,0.4783357483148575
random_forest,98,64,0.4612188935279846,0.5561517709493637
random_forest,98,65,0.4539452791213989,0.436776964366436
random_forest,98,66,0.5129055976867676,0.42476134836673735
random_forest,98,67,0.5531477928161621,0.4906954479217529
random_forest,98,68,0.4842354357242584,0.5677702575922012
random_forest,98,69,0.453937828540802,0.46253363519907
random_forest,98,70,0.5019807815551758,0.43714152127504347
random_forest,98,71,0.4296365082263946,0.47194804251194
random_forest,98,72,0.5201123356819153,0.4428515517711639
random_forest,98,73,0.5253587961196899,0.49792747646570207
random_forest,98,74,0.4527624249458313,0.5015905728936195
random_forest,98,75,0.4829888939857483,0.43423299461603165
random_forest,98,76,0.5229490399360657,0.44230451464653014
random_forest,98,77,0.4389472901821136,0.49261179476976397
random_forest,98,78,0.4479747116565704,0.4431146442890167
random_forest,98,79,0.491432636976242,0.4498934060335159
random_forest,98,80,0.4670443832874298,0.5062303140759468
random_forest,98,81,0.4521136283874511,0.45768141448497773
random_forest,98,82,0.4584217965602875,0.4568301302194595
random_forest,98,83,0.5126170516014099,0.4382527133822441
random_forest,98,84,0.4537525475025177,0.5003664085268974
random_forest,98,85,0.5547951459884644,0.5053350865840912
random_forest,98,86,0.4974526762962341,0.5456246203184127
random_forest,98,87,0.4588685035705566,0.49778627932071684
random_forest,98,88,0.4320845305919647,0.5012542483210564
random_forest,98,89,0.4608370065689087,0.4917571726441383
random_forest,98,90,0.4816646873950958,0.46582570374011995
random_forest,98,91,0.5026698708534241,0.5080752122402191
random_forest,98,92,0.5378788709640503,0.5395731619000435
random_forest,98,93,0.4834473729133606,0.5222065040469169
random_forest,98,94,0.4700516164302826,0.5239004066586495
random_forest,98,95,0.5448175072669983,0.5282874128222466
random_forest,98,96,0.5405008792877197,0.5193900886178017
random_forest,98,97,0.5159720182418823,0.5479707583785057
random_forest,98,98,0.5196834206581116,0.544819768667221
random_forest,98,99,0.5176867842674255,0.5767985114455223
random_forest,98,100,0.6284042000770569,0.5503031700849533
random_forest,98,101,0.5099387168884277,0.6094995218515397
random_forest,98,102,0.5222236514091492,0.5668979164958
random_forest,98,103,0.5894520282745361,0.5743536239862442
random_forest,98,104,0.4844835698604584,0.5838253784179688
random_forest,98,105,0.6064448952674866,0.5619792550802231
random_forest,98,106,0.5692882537841797,0.6053137809038163
random_forest,98,107,0.607763946056366,0.6106777304410934
random_forest,98,108,0.6325076818466187,0.6528109335899352
random_forest,98,109,0.6191918849945068,0.636732485294342
random_forest,98,110,0.6552001237869263,0.6302116918563843
random_forest,98,111,0.632358729839325,0.6731715488433838
random_forest,98,112,0.6057285666465759,0.6160093152523041
random_forest,98,113,0.5566733479499817,0.626094810962677
random_forest,98,114,0.6795437335968018,0.6328754091262817
random_forest,98,115,0.7249428033828735,0.6625759261846542
random_forest,98,116,0.6634782552719116,0.6431314718723297
random_forest,98,117,0.6588120460510254,0.678816813826561
random_forest,98,118,0.6130203008651733,0.6834851610660553
random_forest,98,119,0.755459725856781,0.6814908051490783
random_forest,98,120,0.6998289823532104,0.7413229948282242
random_forest,98,121,0.7119983434677124,0.7177357113361359
random_forest,98,122,0.6784924864768982,0.7099635231494904
random_forest,98,123,0.7429600358009338,0.7219128894805908
random_forest,98,124,0.6952356696128845,0.7769452857971192
random_forest,98,125,0.740587592124939,0.726630294919014
random_forest,98,126,0.7091513872146606,0.7466456216573715
random_forest,98,127,0.6914148926734924,0.7211702233552932
random_forest,98,128,0.7818991541862488,0.7431498432159424
random_forest,98,129,0.7028915286064148,0.7595023477077484
random_forest,98,130,0.7719087600708008,0.7341485345363616
random_forest,98,131,0.7807868123054504,0.7572964352369308
random_forest,98,132,0.7376362085342407,0.7661208820343017
random_forest,98,133,0.7339840531349182,0.7665799689292908
random_forest,98,134,0.7593420147895813,0.7494400715827942
random_forest,98,135,0.7469087243080139,0.7699069219827652
random_forest,98,136,0.7680423855781555,0.7224093943834304
random_forest,98,137,0.7418798208236694,0.745282711982727
random_forest,98,138,0.7860676646232605,0.7464365422725677
random_forest,98,139,0.7625696063041687,0.7707683962583541
random_forest,98,140,0.7433796525001526,0.7700463140010834
random_forest,98,141,0.7098017334938049,0.7836353069543839
random_forest,98,142,0.7547472715377808,0.7107431584596634
random_forest,98,143,0.7416882514953613,0.7417295968532562
random_forest,98,144,0.7512046098709106,0.7523328042030335
random_forest,98,145,0.7624855041503906,0.7495080775022507
random_forest,98,146,0.7724108695983887,0.7384730792045593
random_forest,98,147,0.7523325085639954,0.7309040492773056
random_forest,98,148,0.7414045333862305,0.7347350347042084
random_forest,98,149,0.7219128012657166,0.6965638762712478
random_forest,98,150,0.7385384440422058,0.7262834119796753
random_forest,98,151,0.6814117431640625,0.6986315840482712
random_forest,98,152,0.7778367400169373,0.6876845020055771
random_forest,98,153,0.726490318775177,0.7685936921834946
random_forest,98,154,0.6882385015487671,0.6972221070528031
random_forest,98,155,0.6715608239173889,0.6762108319997787
random_forest,98,156,0.7363566160202026,0.6821198171377182
random_forest,98,157,0.7495898008346558,0.680239474773407
random_forest,98,158,0.7795451283454895,0.7444941222667694
random_forest,98,159,0.7420428395271301,0.7623632782697678
random_forest,98,160,0.8016734719276428,0.6987595415115356
random_forest,98,161,0.7554928660392761,0.7890331703424454
random_forest,98,162,0.8266294598579407,0.7452214348316193
random_forest,98,163,0.7499259114265442,0.8214475840330124
random_forest,98,164,0.7977199554443359,0.7096076601743698
random_forest,98,165,0.7949168682098389,0.7599059510231018
random_forest,98,166,0.7812827825546265,0.7607795417308807
random_forest,98,167,0.7826758623123169,0.7293482267856598
random_forest,98,168,0.7585078477859497,0.7355616140365601
random_forest,98,169,0.7242783904075623,0.7382807570695877
random_forest,98,170,0.7722223401069641,0.6914790707826615
random_forest,98,171,0.7942418456077576,0.7752795934677124
random_forest,98,172,0.7198044657707214,0.7957429379224777
random_forest,98,173,0.750629186630249,0.7349601393938064
random_forest,98,174,0.7498219609260559,0.7322496831417084
random_forest,98,175,0.7708017826080322,0.7334915119409561
random_forest,98,176,0.8117174506187439,0.7419052410125733
random_forest,98,177,0.7539085149765015,0.8160897022485734
random_forest,98,178,0.7925355434417725,0.7494512611627578
random_forest,98,179,0.7865269780158997,0.7889493894577027
random_forest,98,180,0.7575436234474182,0.7716650080680847
random_forest,98,181,0.7968611121177673,0.7143632978200912
random_forest,98,182,0.7227457165718079,0.7706453919410705
random_forest,98,183,0.7348630428314209,0.7114335381984711
random_forest,98,184,0.7980238795280457,0.6956429678201675
random_forest,98,185,0.7008748054504395,0.7768620252609253
random_forest,98,186,0.7145453095436096,0.7147428494691849
random_forest,98,187,0.7468096613883972,0.6953017926216125
random_forest,98,188,0.7401921153068542,0.7170561790466309
random_forest,98,189,0.7142598032951355,0.7303426420688629
random_forest,98,190,0.7031517028808594,0.6792469465732575
random_forest,98,191,0.6592960953712463,0.7186672902107238
random_forest,98,192,0.7432756423950195,0.6317417550086976
random_forest,98,193,0.6719423532485962,0.7322053158283234
random_forest,98,194,0.6835258603096008,0.6407761281728744
random_forest,98,195,0.6926563382148743,0.6641243088245392
random_forest,98,196,0.6871032118797302,0.6597875481843949
random_forest,98,197,0.7137114405632019,0.6789880818128586
random_forest,98,198,0.7138339281082153,0.6444819778203964
random_forest,98,199,0.6827421188354492,0.6424052810668945
random_forest,98,200,0.6694730520248413,0.6648796272277832
random_forest,98,201,0.6697919368743896,0.6797051131725311
random_forest,98,202,0.7110186219215393,0.6818558871746063
random_forest,98,203,0.7155635952949524,0.7019721746444703
random_forest,98,204,0.6648595333099365,0.692235141992569
random_forest,98,205,0.6684927344322205,0.7081752616167069
random_forest,98,206,0.7094082832336426,0.6708356457948684
random_forest,98,207,0.7268223762512207,0.7100522494316102
random_forest,98,208,0.6495248079299927,0.7193301206827164
random_forest,98,209,0.7790272235870361,0.6982840287685395
random_forest,98,210,0.6817408800125122,0.7807282483577729
random_forest,98,211,0.6943850517272949,0.7143315809965134
random_forest,98,212,0.6832714080810547,0.7007116639614105
random_forest,98,213,0.6721374988555908,0.6951620703935624
random_forest,98,214,0.681108832359314,0.6976179307699204
random_forest,98,215,0.7692126631736755,0.6922194230556488
random_forest,98,216,0.7292567491531372,0.7086990952491761
random_forest,98,217,0.7201287746429443,0.7324757933616638
random_forest,98,218,0.7439188957214355,0.7203589552640914
random_forest,98,219,0.7138600945472717,0.7135095691680908
random_forest,98,220,0.727994441986084,0.7093992537260055
random_forest,98,221,0.6675564646720886,0.7116283017396927
random_forest,98,222,0.6808457374572754,0.7135652852058411
random_forest,98,223,0.6668577790260315,0.7256359922885894
random_forest,98,224,0.7094470262527466,0.7014077788591385
random_forest,98,225,0.6560508012771606,0.7128063583374024
random_forest,98,226,0.7141962051391602,0.6908534681797027
random_forest,98,227,0.6780372262001038,0.7218935251235962
random_forest,98,228,0.7230591177940369,0.6977830982208252
random_forest,98,229,0.6700477600097656,0.6822325730323792
random_forest,98,230,0.6617251038551331,0.6870418357849121
random_forest,98,231,0.6639087200164795,0.6779267114400863
random_forest,98,232,0.6792045831680298,0.668577651977539
random_forest,98,233,0.6406064629554749,0.6887738925218582
random_forest,98,234,0.6096593141555786,0.6667337083816528
random_forest,98,235,0.6526637077331543,0.676802573800087
random_forest,98,236,0.620964527130127,0.6664358800649643
random_forest,98,237,0.6374190449714661,0.6387801539897918
random_forest,98,238,0.6541830897331238,0.6278429120779038
random_forest,98,239,0.6107735633850098,0.6824003714323044
random_forest,98,240,0.6099767088890076,0.6455603206157684
random_forest,98,241,0.6239323019981384,0.6358279448747635
random_forest,98,242,0.6847800612449646,0.6493908447027207
random_forest,98,243,0.5371139645576477,0.6708717834949494
random_forest,98,244,0.5697590112686157,0.606772363781929
random_forest,98,245,0.5666037797927856,0.575115641951561
random_forest,98,246,0.5861017107963562,0.5832539290189743
random_forest,98,247,0.5581086874008179,0.5884147399663925
random_forest,98,248,0.6157258749008179,0.5698062556982041
random_forest,98,249,0.5696588754653931,0.5976794672012329
random_forest,98,250,0.5806643962860107,0.6008954194188117
random_forest,98,251,0.538384199142456,0.5765730971097947
random_forest,98,252,0.5989879965782166,0.5725711798667907
random_forest,98,253,0.6319746971130371,0.551716202199459
random_forest,98,254,0.4877690076828003,0.598200301527977
random_forest,98,255,0.5115979909896851,0.5151090896129609
random_forest,98,256,0.521579921245575,0.5159904956817627
random_forest,98,257,0.452767014503479,0.5107826310396194
random_forest,98,258,0.512201726436615,0.4925496381521225
random_forest,98,259,0.4720625579357147,0.48801353573799133
random_forest,98,260,0.523227334022522,0.5137978795170784
random_forest,98,261,0.4357999563217163,0.48556743264198304
random_forest,98,262,0.4610878527164459,0.452843579351902
random_forest,98,263,0.4330941438674927,0.45274506717920304
random_forest,98,264,0.4067510962486267,0.43751999765634536
random_forest,98,265,0.4475959241390228,0.434908843934536
random_forest,98,266,0.4688661694526672,0.43677391797304155
random_forest,98,267,0.398899644613266,0.43020565420389173
random_forest,98,268,0.366223931312561,0.44652626425027847
random_forest,98,269,0.4041619002819061,0.3904341411590576
random_forest,98,270,0.4461075067520141,0.4209087577462196
random_forest,98,271,0.4075385928153991,0.41641335606575014
random_forest,98,272,0.3816253244876861,0.39350352257490157
random_forest,98,273,0.4156859219074249,0.3976816010475159
random_forest,98,274,0.3966563940048218,0.3808957749605179
random_forest,98,275,0.4627545177936554,0.3866251704096794
random_forest,98,276,0.4271025061607361,0.45250755369663237
random_forest,98,277,0.3367102444171905,0.4029521495103836
random_forest,98,278,0.4118764698505401,0.3711859625577927
random_forest,98,279,0.317676693201065,0.37472183734178544
random_forest,98,280,0.4182767570018768,0.3453616255521774
random_forest,98,281,0.3744233846664428,0.4068263229727745
random_forest,98,282,0.3327618837356567,0.3663353031873703
random_forest,98,283,0.3725249171257019,0.3390402016043663
random_forest,98,284,0.3027822375297546,0.3350941815972328
random_forest,98,285,0.3785594403743744,0.35108098536729815
random_forest,98,286,0.3737797737121582,0.34549414128065103
random_forest,98,287,0.3114427924156189,0.34080113261938094
random_forest,98,288,0.3550772964954376,0.3321780098974705
random_forest,98,289,0.3229065835475921,0.31365091443061827
random_forest,99,0,0.5068700909614563,0.3800712813436985
random_forest,99,1,0.4452753961086273,0.4867961573600769
random_forest,99,2,0.4285410940647125,0.4224755945801735
random_forest,99,3,0.4289696812629699,0.41316393673419954
random_forest,99,4,0.4254032075405121,0.41630376011133197
random_forest,99,5,0.456011027097702,0.4291796493530273
random_forest,99,6,0.4872322082519531,0.4459585225582123
random_forest,99,7,0.4323075711727142,0.5018060654401779
random_forest,99,8,0.4344507157802582,0.41338224828243253
random_forest,99,9,0.471279501914978,0.47573049038648607
random_forest,99,10,0.4523752927780151,0.48936022132635115
random_forest,99,11,0.4934735596179962,0.4550462448596954
random_forest,99,12,0.3969652354717254,0.4908576515316963
random_forest,99,13,0.4875061810016632,0.38040493696928024
random_forest,99,14,0.4462868869304657,0.49638364046812056
random_forest,99,15,0.4334726631641388,0.45109924376010896
random_forest,99,16,0.3785217702388763,0.420469408929348
random_forest,99,17,0.4525811970233917,0.34836046427488326
random_forest,99,18,0.4527609050273895,0.444362730383873
random_forest,99,19,0.4816277325153351,0.4287058314681053
random_forest,99,20,0.4848707318305969,0.5042953372001648
random_forest,99,21,0.4202027320861816,0.48764764696359636
random_forest,99,22,0.5122648477554321,0.4255122849345207
random_forest,99,23,0.4060324728488922,0.513881942331791
random_forest,99,24,0.4400457441806793,0.3917634969949722
random_forest,99,25,0.3950598835945129,0.4171178036928177
random_forest,99,26,0.3617792427539825,0.37708874106407164
random_forest,99,27,0.4076639115810394,0.33926686495542524
random_forest,99,28,0.4297774732112884,0.3791923001408577
random_forest,99,29,0.4561933577060699,0.4033807602524757
random_forest,99,30,0.3943213224411011,0.43634651839733124
random_forest,99,31,0.4307110607624054,0.37348900496959686
random_forest,99,32,0.4389752447605133,0.4530133044719696
random_forest,99,33,0.4132052063941955,0.43130086213350294
random_forest,99,34,0.4103221297264099,0.4230529052019119
random_forest,99,35,0.3596886694431305,0.37277720361948014
random_forest,99,36,0.4258232712745666,0.3555707287788391
random_forest,99,37,0.3847809731960296,0.4176589959859848
random_forest,99,38,0.3779942095279693,0.3800803253054619
random_forest,99,39,0.4424033164978027,0.3712675505876541
random_forest,99,40,0.4514256715774536,0.471603699028492
random_forest,99,41,0.3856963217258453,0.43858697861433027
random_forest,99,42,0.3447031080722809,0.3728052082657814
random_forest,99,43,0.4574782848358154,0.35275423973798753
random_forest,99,44,0.4313910007476806,0.4414569956064224
random_forest,99,45,0.3785613775253296,0.4241478565335274
random_forest,99,46,0.3974676728248596,0.3615198370814323
random_forest,99,47,0.4302020072937011,0.4092133742570877
random_forest,99,48,0.4536812007427215,0.4475412145256996
random_forest,99,49,0.3932814002037048,0.4403414970636368
random_forest,99,50,0.3979149162769317,0.3984486591815948
random_forest,99,51,0.3958125114440918,0.3652881708741188
random_forest,99,52,0.3943336308002472,0.37284730225801466
random_forest,99,53,0.422461450099945,0.4093617510795593
random_forest,99,54,0.4025402367115021,0.40011555820703504
random_forest,99,55,0.4482655227184295,0.3998281148076057
random_forest,99,56,0.4063190817832947,0.41476270735263826
random_forest,99,57,0.469307005405426,0.379067015349865
random_forest,99,58,0.3644441068172455,0.4790537098050118
random_forest,99,59,0.4269549548625946,0.38996523022651675
random_forest,99,60,0.4393332004547119,0.40300307095050814
random_forest,99,61,0.4000812172889709,0.41369640856981277
random_forest,99,62,0.4146108031272888,0.4153693225979805
random_forest,99,63,0.3806372582912445,0.39669948756694795
random_forest,99,64,0.4101079404354095,0.428508069217205
random_forest,99,65,0.3158904910087585,0.41478798270225525
random_forest,99,66,0.4235090613365173,0.4319703358411789
random_forest,99,67,0.4576030969619751,0.4167068499326706
random_forest,99,68,0.4634507894515991,0.453969164788723
random_forest,99,69,0.4115446507930755,0.45579299062490464
random_forest,99,70,0.4522956609725952,0.4342217555642128
random_forest,99,71,0.4380531907081604,0.4392276981472969
random_forest,99,72,0.4694962203502655,0.44313163191080096
random_forest,99,73,0.4983924031257629,0.45795436322689054
random_forest,99,74,0.4800027012825012,0.48060485363006594
random_forest,99,75,0.4734677672386169,0.44934669852256776
random_forest,99,76,0.516348659992218,0.476332525908947
random_forest,99,77,0.4171941876411438,0.5147087359428406
random_forest,99,78,0.5396168828010559,0.4298597711324692
random_forest,99,79,0.5137578248977661,0.514268499314785
random_forest,99,80,0.4836399555206299,0.4627132359147072
random_forest,99,81,0.4503381252288818,0.4431306228041649
random_forest,99,82,0.5215868949890137,0.47319586157798765
random_forest,99,83,0.4851136207580566,0.47983234852552414
random_forest,99,84,0.5455212593078613,0.5198601979017258
random_forest,99,85,0.5319848656654358,0.5328562107682228
random_forest,99,86,0.5588585734367371,0.48792351424694064
random_forest,99,87,0.5995990633964539,0.5611385217308998
random_forest,99,88,0.6187523007392883,0.573447647690773
random_forest,99,89,0.5986717939376831,0.6064265114068985
random_forest,99,90,0.6032177209854126,0.6032519537210465
random_forest,99,91,0.591701328754425,0.5926115918159485
random_forest,99,92,0.6809089183807373,0.5758640703558922
random_forest,99,93,0.6701590418815613,0.6931408202648163
random_forest,99,94,0.6971912384033203,0.6697350335121155
random_forest,99,95,0.6916425824165344,0.6666256719827652
random_forest,99,96,0.6581177711486816,0.657276354432106
random_forest,99,97,0.6658413410186768,0.6822786396741867
random_forest,99,98,0.6981238126754761,0.6679318571090698
random_forest,99,99,0.6979373693466187,0.6814570170640946
random_forest,99,100,0.7026229500770569,0.7026083952188492
random_forest,99,101,0.7008880376815796,0.7000428807735443
random_forest,99,102,0.6575659513473511,0.7169554907083512
random_forest,99,103,0.7190299034118652,0.6525186061859131
random_forest,99,104,0.7456193566322327,0.6962452805042267
random_forest,99,105,0.7132726311683655,0.7281542211771012
random_forest,99,106,0.7188045978546143,0.6855741649866104
random_forest,99,107,0.8307624459266663,0.7106405317783355
random_forest,99,108,0.8168708682060242,0.8171085155010224
random_forest,99,109,0.7091184854507446,0.8346567517518997
random_forest,99,110,0.7810574173927307,0.6835959720611572
random_forest,99,111,0.6780919432640076,0.7660081452131271
random_forest,99,112,0.8154520392417908,0.6862949591875076
random_forest,99,113,0.8246258497238159,0.8010464906692505
random_forest,99,114,0.7961737513542175,0.7889518284797669
random_forest,99,115,0.8993815183639526,0.7920372903347015
random_forest,99,116,0.8536235690116882,0.8911138713359833
random_forest,99,117,0.7804837226867676,0.8514064633846283
random_forest,99,118,0.8553836941719055,0.7788920921087265
random_forest,99,119,0.932076334953308,0.8353273320198059
random_forest,99,120,0.8246750831604004,0.9121146917343139
random_forest,99,121,0.8244259357452393,0.8059312856197357
random_forest,99,122,0.8660996556282043,0.8392512965202331
random_forest,99,123,0.8588576912879944,0.8657953655719757
random_forest,99,124,0.8239790201187134,0.8601406294107438
random_forest,99,125,0.8305315971374512,0.8085186582803726
random_forest,99,126,0.9072688221931458,0.8218748128414154
random_forest,99,127,0.8317418694496155,0.8850556266307831
random_forest,99,128,0.7919946908950806,0.8384289979934693
random_forest,99,129,0.7880150675773621,0.7918629086017609
random_forest,99,130,0.7692354917526245,0.7870604455471039
random_forest,99,131,0.7709078192710876,0.7406286704540253
random_forest,99,132,0.8089554309844971,0.7257905602455139
random_forest,99,133,0.7665504217147827,0.8067991989850998
random_forest,99,134,0.867414116859436,0.7510240805149079
random_forest,99,135,0.8421656489372253,0.8529828602075576
random_forest,99,136,0.7940047383308411,0.8279949927330017
random_forest,99,137,0.7514509558677673,0.7607401770353317
random_forest,99,138,0.828460693359375,0.7426871144771576
random_forest,99,139,0.8094317317008972,0.8063820642232895
random_forest,99,140,0.8174357414245605,0.7873167449235916
random_forest,99,141,0.8180891275405884,0.8032425945997238
random_forest,99,142,0.786771833896637,0.7916607147455216
random_forest,99,143,0.7718466520309448,0.7689560514688492
random_forest,99,144,0.7454224228858948,0.7640552079677582
random_forest,99,145,0.6980093717575073,0.7277165389060974
random_forest,99,146,0.7738738059997559,0.7175083011388779
random_forest,99,147,0.7728186845779419,0.7503063178062439
random_forest,99,148,0.687355101108551,0.751197618842125
random_forest,99,149,0.6804909110069275,0.7139736485481262
random_forest,99,150,0.7392265200614929,0.6902626043558121
random_forest,99,151,0.7048901319503784,0.6969095885753631
random_forest,99,152,0.6778436899185181,0.6759728318452836
random_forest,99,153,0.6380543112754822,0.7006748193502426
random_forest,99,154,0.6830199360847473,0.679791853427887
random_forest,99,155,0.6606274843215942,0.6764642697572708
random_forest,99,156,0.6333040595054626,0.6717760670185089
random_forest,99,157,0.7088971138000488,0.6810154926776886
random_forest,99,158,0.642670214176178,0.6921432840824128
random_forest,99,159,0.6467349529266357,0.6614121216535568
random_forest,99,160,0.7053689956665039,0.6756708711385727
random_forest,99,161,0.6530011296272278,0.6841486638784409
random_forest,99,162,0.6517410278320312,0.6310485309362411
random_forest,99,163,0.6289222240447998,0.6511418265104294
random_forest,99,164,0.6077983379364014,0.6281803286075592
random_forest,99,165,0.616686999797821,0.6335354125499726
random_forest,99,166,0.6093988418579102,0.6399053543806076
random_forest,99,167,0.6316442489624023,0.6203474366664886
random_forest,99,168,0.5677979588508606,0.6067982774972915
random_forest,99,169,0.5613358616828918,0.6232555723190307
random_forest,99,170,0.6176418662071228,0.6228483462333679
random_forest,99,171,0.597392201423645,0.6199599945545197
random_forest,99,172,0.5952383875846863,0.5832599765062332
random_forest,99,173,0.5904342532157898,0.6166276949644088
random_forest,99,174,0.6075925827026367,0.6334758657217026
random_forest,99,175,0.587557852268219,0.6045724052190781
random_forest,99,176,0.6205413937568665,0.6040384238958358
random_forest,99,177,0.641588568687439,0.5855238181352616
random_forest,99,178,0.5394099354743958,0.6456783217191696
random_forest,99,179,0.6237860321998596,0.6159525412321091
random_forest,99,180,0.5450835824012756,0.6165688920021057
random_forest,99,181,0.562372088432312,0.606783013343811
random_forest,99,182,0.4782840013504028,0.5793892788887024
random_forest,99,183,0.677160918712616,0.5434902119636535
random_forest,99,184,0.5774165391921997,0.6928342527151108
random_forest,99,185,0.6507319808006287,0.61024768948555
random_forest,99,186,0.6190319657325745,0.6291602748632431
random_forest,99,187,0.5925551652908325,0.5997254210710525
random_forest,99,188,0.5820781588554382,0.6218968576192856
random_forest,99,189,0.6080214977264404,0.6373321783542633
random_forest,99,190,0.7137178778648376,0.6279035335779191
random_forest,99,191,0.6293584108352661,0.7178971326351166
random_forest,99,192,0.5854761004447937,0.6360788017511367
random_forest,99,193,0.6400689482688904,0.6321065151691436
random_forest,99,194,0.7015727162361145,0.645958349108696
random_forest,99,195,0.6727657318115234,0.6943882364034653
random_forest,99,196,0.6527581214904785,0.6491069114208221
random_forest,99,197,0.6394945979118347,0.6686869859695435
random_forest,99,198,0.5883110165596008,0.6567774724960327
random_forest,99,199,0.6326178312301636,0.6501335722208023
random_forest,99,200,0.6496340036392212,0.6611114156246185
random_forest,99,201,0.6879106760025024,0.6863295531272888
random_forest,99,202,0.6571691632270813,0.6651303261518479
random_forest,99,203,0.6872302889823914,0.688787258863449
random_forest,99,204,0.711810290813446,0.6583133143186569
random_forest,99,205,0.6840884685516357,0.7063685685396195
random_forest,99,206,0.7221442461013794,0.6820153021812438
random_forest,99,207,0.6740842461585999,0.701061372756958
random_forest,99,208,0.6922594308853149,0.6863052368164062
random_forest,99,209,0.6951298117637634,0.697924125790596
random_forest,99,210,0.6567512154579163,0.6995791190862656
random_forest,99,211,0.6979339122772217,0.7168279594182968
random_forest,99,212,0.7538992166519165,0.7028946965932846
random_forest,99,213,0.6872395873069763,0.7235262608528137
random_forest,99,214,0.7049557566642761,0.723292715549469
random_forest,99,215,0.656211256980896,0.733155671954155
random_forest,99,216,0.6080474257469177,0.7255790448188781
random_forest,99,217,0.6766037344932556,0.7192582529783249
random_forest,99,218,0.6984132528305054,0.7195798498392105
random_forest,99,219,0.750468909740448,0.7185511016845703
random_forest,99,220,0.7120658159255981,0.7078902405500412
random_forest,99,221,0.737769603729248,0.7103122311830521
random_forest,99,222,0.690700113773346,0.7268772971630096
random_forest,99,223,0.715548574924469,0.7225801694393158
random_forest,99,224,0.7237924337387085,0.7221914148330688
random_forest,99,225,0.6808393597602844,0.6999908369779587
random_forest,99,226,0.7080712914466858,0.6877912908792496
random_forest,99,227,0.6856387257575989,0.7148584204912186
random_forest,99,228,0.7261193990707397,0.702235569357872
random_forest,99,229,0.6668145656585693,0.7001387798786163
random_forest,99,230,0.6651067137718201,0.6865933936834335
random_forest,99,231,0.6413595080375671,0.6704531562328339
random_forest,99,232,0.6227565407752991,0.6680876559019089
random_forest,99,233,0.6141325831413269,0.6963211995363235
random_forest,99,234,0.7549430131912231,0.6898753404617309
random_forest,99,235,0.6794644594192505,0.7410442149639129
random_forest,99,236,0.6530987024307251,0.6565833061933517
random_forest,99,237,0.6557767391204834,0.6693770664930344
random_forest,99,238,0.5867668986320496,0.6560244202613831
random_forest,99,239,0.643028199672699,0.6531992536783219
random_forest,99,240,0.6135520935058594,0.6350140953063965
random_forest,99,241,0.6220250725746155,0.6240660500526428
random_forest,99,242,0.6816188097000122,0.6265495002269745
random_forest,99,243,0.5688322186470032,0.6490249311923981
random_forest,99,244,0.5097177028656006,0.5825647038221359
random_forest,99,245,0.6090282797813416,0.5801406198740006
random_forest,99,246,0.580043375492096,0.6002687209844589
random_forest,99,247,0.6120970249176025,0.5748966413736344
random_forest,99,248,0.525709867477417,0.5768952184915542
random_forest,99,249,0.5163512825965881,0.5648001515865326
random_forest,99,250,0.5836725234985352,0.5387389299273491
random_forest,99,251,0.5349780917167664,0.5749302077293396
random_forest,99,252,0.559455156326294,0.5587186500430107
random_forest,99,253,0.5466001033782959,0.5638269600272179
random_forest,99,254,0.5622321963310242,0.5246452727913856
random_forest,99,255,0.4834780097007751,0.49541788548231125
random_forest,99,256,0.5460588932037354,0.5429696890711785
random_forest,99,257,0.5098129510879517,0.5043289914727211
random_forest,99,258,0.43731889128685,0.4904457002878189
random_forest,99,259,0.5077757239341736,0.5022471717000008
random_forest,99,260,0.5727607607841492,0.48296388059854506
random_forest,99,261,0.4609474241733551,0.59741485029459
random_forest,99,262,0.4665864109992981,0.44990320891141894
random_forest,99,263,0.4855824112892151,0.45690992325544355
random_forest,99,264,0.4487336277961731,0.47367824405431747
random_forest,99,265,0.4599733650684356,0.42080172210931777
random_forest,99,266,0.4242542386054992,0.4123327335715294
random_forest,99,267,0.4757291674613952,0.42667433589696885
random_forest,99,268,0.3961732685565948,0.4927145493030548
random_forest,99,269,0.4254208207130432,0.4306075567007065
random_forest,99,270,0.3811981379985809,0.3849665385484695
random_forest,99,271,0.4034192562103271,0.3979066240787506
random_forest,99,272,0.393973559141159,0.41605869978666304
random_forest,99,273,0.4344525933265686,0.38800115764141085
random_forest,99,274,0.4810823798179626,0.39665708065032956
random_forest,99,275,0.3281728029251098,0.47615653663873675
random_forest,99,276,0.426228791475296,0.38120316445827485
random_forest,99,277,0.3924162089824676,0.4028246715664864
random_forest,99,278,0.377240926027298,0.35602234601974486
random_forest,99,279,0.3425644934177398,0.3638816487789154
random_forest,99,280,0.3168130218982696,0.34462002635002137
random_forest,99,281,0.3692187666893005,0.3448254880309105
random_forest,99,282,0.3893482983112335,0.3466712909936905
random_forest,99,283,0.3385381698608398,0.34404959112405775
random_forest,99,284,0.3731054365634918,0.35604614168405535
random_forest,99,285,0.3719497621059418,0.34648498296737673
random_forest,99,286,0.3730955123901367,0.33528903871774673
random_forest,99,287,0.3515556752681732,0.34504944771528245
random_forest,99,288,0.2590629756450653,0.32920834571123125
random_forest,99,289,0.3215076923370361,0.3409987008571625
